tool net total_wl #pins 
drt: ispd_clk 8243.1 1985
drt: rst 492.08 24
drt: x_in_0_0 6.76 3
drt: x_in_0_1 14.55 5
drt: x_in_0_10 24.56 5
drt: x_in_0_11 26.27 5
drt: x_in_0_12 30.51 5
drt: x_in_0_13 34.47 5
drt: x_in_0_14 31.87 5
drt: x_in_0_15 8.35 3
drt: x_in_0_2 21.6 5
drt: x_in_0_3 16.25 5
drt: x_in_0_4 17.15 5
drt: x_in_0_5 17.19 5
drt: x_in_0_6 22.68 5
drt: x_in_0_7 22.91 5
drt: x_in_0_8 21.52 5
drt: x_in_0_9 24.03 5
drt: x_in_10_0 12.95 3
drt: x_in_10_1 33.63 6
drt: x_in_10_10 42.52 5
drt: x_in_10_11 73.23 5
drt: x_in_10_12 41.27 5
drt: x_in_10_13 43.7 5
drt: x_in_10_14 24.55 5
drt: x_in_10_15 11.15 3
drt: x_in_10_2 39.75 5
drt: x_in_10_3 67.71 5
drt: x_in_10_4 37.28 5
drt: x_in_10_5 42.95 5
drt: x_in_10_6 38.55 5
drt: x_in_10_7 94.63 5
drt: x_in_10_8 42.35 5
drt: x_in_10_9 45.27 5
drt: x_in_11_0 7.19 3
drt: x_in_11_1 19.39 8
drt: x_in_11_10 45.71 10
drt: x_in_11_11 55.76 11
drt: x_in_11_12 41.19 8
drt: x_in_11_13 54.31 10
drt: x_in_11_14 34.6 8
drt: x_in_11_15 27.88 6
drt: x_in_11_2 27.24 8
drt: x_in_11_3 56.97 11
drt: x_in_11_4 35.27 11
drt: x_in_11_5 33.8 12
drt: x_in_11_6 44.88 10
drt: x_in_11_7 42.73 9
drt: x_in_11_8 50.84 9
drt: x_in_11_9 48.91 10
drt: x_in_12_0 102.27 2
drt: x_in_12_1 54.55 6
drt: x_in_12_10 48.95 5
drt: x_in_12_11 54.87 5
drt: x_in_12_12 58.19 5
drt: x_in_12_13 217.43 5
drt: x_in_12_14 56.95 5
drt: x_in_12_15 52.07 5
drt: x_in_12_2 49.35 5
drt: x_in_12_3 49.31 5
drt: x_in_12_4 38.76 5
drt: x_in_12_5 36.8 5
drt: x_in_12_6 33.91 5
drt: x_in_12_7 41.68 7
drt: x_in_12_8 47.55 5
drt: x_in_12_9 48.55 5
drt: x_in_13_0 42.15 5
drt: x_in_13_1 49.91 7
drt: x_in_13_10 45.69 9
drt: x_in_13_11 61.63 12
drt: x_in_13_12 46.88 11
drt: x_in_13_13 36.35 8
drt: x_in_13_14 28.23 7
drt: x_in_13_15 21.84 5
drt: x_in_13_2 69.79 11
drt: x_in_13_3 70.61 12
drt: x_in_13_4 68.24 8
drt: x_in_13_5 32.51 10
drt: x_in_13_6 54.23 8
drt: x_in_13_7 35.95 9
drt: x_in_13_8 23.31 9
drt: x_in_13_9 48.63 10
drt: x_in_14_0 68.39 3
drt: x_in_14_1 79.8 6
drt: x_in_14_10 144.39 5
drt: x_in_14_11 143.83 5
drt: x_in_14_12 147.71 5
drt: x_in_14_13 160.67 5
drt: x_in_14_14 167.83 5
drt: x_in_14_15 168.57 5
drt: x_in_14_2 87.48 5
drt: x_in_14_3 107.07 5
drt: x_in_14_4 124 5
drt: x_in_14_5 137.58 5
drt: x_in_14_6 133.09 5
drt: x_in_14_7 143.39 7
drt: x_in_14_8 64.92 5
drt: x_in_14_9 65.99 5
drt: x_in_15_0 66.8 5
drt: x_in_15_1 79.11 6
drt: x_in_15_10 120.2 12
drt: x_in_15_11 117.49 12
drt: x_in_15_12 96.83 10
drt: x_in_15_13 109.83 9
drt: x_in_15_14 113.07 8
drt: x_in_15_15 121.99 7
drt: x_in_15_2 227.23 8
drt: x_in_15_3 97.76 7
drt: x_in_15_4 125.31 10
drt: x_in_15_5 123.79 10
drt: x_in_15_6 125.47 10
drt: x_in_15_7 141.83 10
drt: x_in_15_8 134.17 9
drt: x_in_15_9 141.06 11
drt: x_in_16_0 16.15 3
drt: x_in_16_1 30.88 6
drt: x_in_16_10 54.27 5
drt: x_in_16_11 169.15 5
drt: x_in_16_12 189.15 5
drt: x_in_16_13 174.07 5
drt: x_in_16_14 166.95 5
drt: x_in_16_15 125.51 3
drt: x_in_16_2 26.27 5
drt: x_in_16_3 30.47 5
drt: x_in_16_4 37.39 5
drt: x_in_16_5 27.11 5
drt: x_in_16_6 25.67 5
drt: x_in_16_7 31 5
drt: x_in_16_8 33.15 5
drt: x_in_16_9 56.04 5
drt: x_in_17_0 14.87 7
drt: x_in_17_1 33.11 10
drt: x_in_17_10 82.4 17
drt: x_in_17_11 87.94 13
drt: x_in_17_12 211.47 13
drt: x_in_17_13 197.22 17
drt: x_in_17_14 192.83 11
drt: x_in_17_15 73.37 9
drt: x_in_17_2 46.12 11
drt: x_in_17_3 45.44 12
drt: x_in_17_4 66.56 17
drt: x_in_17_5 58.22 14
drt: x_in_17_6 66.58 17
drt: x_in_17_7 68.42 15
drt: x_in_17_8 78.44 16
drt: x_in_17_9 75.73 16
drt: x_in_18_0 211.15 3
drt: x_in_18_1 182.44 6
drt: x_in_18_10 59.96 5
drt: x_in_18_11 54.75 5
drt: x_in_18_12 64.07 5
drt: x_in_18_13 68.24 5
drt: x_in_18_14 80.12 5
drt: x_in_18_15 60.47 3
drt: x_in_18_2 185.51 5
drt: x_in_18_3 203.19 5
drt: x_in_18_4 201.69 5
drt: x_in_18_5 210.55 5
drt: x_in_18_6 212.08 5
drt: x_in_18_7 204.51 5
drt: x_in_18_8 86.19 5
drt: x_in_18_9 65.72 5
drt: x_in_19_0 230.91 6
drt: x_in_19_1 90.47 8
drt: x_in_19_10 191.67 13
drt: x_in_19_11 64.32 17
drt: x_in_19_12 53.75 14
drt: x_in_19_13 55.57 13
drt: x_in_19_14 23.87 10
drt: x_in_19_15 20.07 8
drt: x_in_19_2 205.86 10
drt: x_in_19_3 201.24 9
drt: x_in_19_4 222.69 13
drt: x_in_19_5 210.33 12
drt: x_in_19_6 183.26 15
drt: x_in_19_7 161.8 10
drt: x_in_19_8 177.66 13
drt: x_in_19_9 193.05 12
drt: x_in_1_0 14.55 5
drt: x_in_1_1 24.15 6
drt: x_in_1_10 29.37 6
drt: x_in_1_11 33.27 6
drt: x_in_1_12 42.55 6
drt: x_in_1_13 45.48 6
drt: x_in_1_14 30.71 6
drt: x_in_1_15 9.15 3
drt: x_in_1_2 10.07 6
drt: x_in_1_3 16.37 6
drt: x_in_1_4 13.79 6
drt: x_in_1_5 21.76 6
drt: x_in_1_6 21.15 6
drt: x_in_1_7 20.31 6
drt: x_in_1_8 26.19 6
drt: x_in_1_9 24.71 6
drt: x_in_20_0 180.11 3
drt: x_in_20_1 41.59 6
drt: x_in_20_10 49.39 5
drt: x_in_20_11 66.79 5
drt: x_in_20_12 67.07 5
drt: x_in_20_13 77.2 4
drt: x_in_20_14 84.39 5
drt: x_in_20_15 109.95 5
drt: x_in_20_2 193.12 5
drt: x_in_20_3 53.95 5
drt: x_in_20_4 44.07 5
drt: x_in_20_5 49.91 5
drt: x_in_20_6 48.03 5
drt: x_in_20_7 55.67 5
drt: x_in_20_8 46.51 5
drt: x_in_20_9 44.99 5
drt: x_in_21_0 23.47 9
drt: x_in_21_1 37.53 11
drt: x_in_21_10 47.71 9
drt: x_in_21_11 50.05 10
drt: x_in_21_12 42.17 9
drt: x_in_21_13 59.94 13
drt: x_in_21_14 26.95 7
drt: x_in_21_15 31.67 9
drt: x_in_21_2 61.27 13
drt: x_in_21_3 64.96 16
drt: x_in_21_4 44.76 10
drt: x_in_21_5 57.14 14
drt: x_in_21_6 69.42 14
drt: x_in_21_7 52.44 13
drt: x_in_21_8 63.04 10
drt: x_in_21_9 54.1 12
drt: x_in_22_0 21.87 3
drt: x_in_22_1 30.55 6
drt: x_in_22_10 196.75 5
drt: x_in_22_11 207.88 5
drt: x_in_22_12 211.03 5
drt: x_in_22_13 217.47 5
drt: x_in_22_14 216.59 5
drt: x_in_22_15 221.15 5
drt: x_in_22_2 16.75 5
drt: x_in_22_3 28.76 5
drt: x_in_22_4 20.19 5
drt: x_in_22_5 19.99 5
drt: x_in_22_6 38.47 5
drt: x_in_22_7 35.91 5
drt: x_in_22_8 50.59 5
drt: x_in_22_9 149.03 5
drt: x_in_23_0 25.87 5
drt: x_in_23_1 43.57 6
drt: x_in_23_10 225.16 12
drt: x_in_23_11 232.74 12
drt: x_in_23_12 219.52 10
drt: x_in_23_13 213.37 9
drt: x_in_23_14 212.75 7
drt: x_in_23_15 224.52 7
drt: x_in_23_2 43.05 8
drt: x_in_23_3 40.88 7
drt: x_in_23_4 58.24 10
drt: x_in_23_5 67.51 10
drt: x_in_23_6 58.13 9
drt: x_in_23_7 76.09 11
drt: x_in_23_8 213.4 10
drt: x_in_23_9 223.51 10
drt: x_in_24_0 69.09 3
drt: x_in_24_1 78.56 6
drt: x_in_24_10 111.79 5
drt: x_in_24_11 115.75 5
drt: x_in_24_12 111.67 5
drt: x_in_24_13 119.95 5
drt: x_in_24_14 123.48 4
drt: x_in_24_15 22.55 4
drt: x_in_24_2 80.11 4
drt: x_in_24_3 168.59 5
drt: x_in_24_4 160.19 5
drt: x_in_24_5 53.59 5
drt: x_in_24_6 53.79 5
drt: x_in_24_7 40.52 5
drt: x_in_24_8 45.39 5
drt: x_in_24_9 113.08 5
drt: x_in_25_0 74.11 5
drt: x_in_25_1 78.27 8
drt: x_in_25_10 92.11 15
drt: x_in_25_11 97.73 16
drt: x_in_25_12 77.24 16
drt: x_in_25_13 189.66 13
drt: x_in_25_14 43.28 9
drt: x_in_25_15 81.84 14
drt: x_in_25_2 80.71 8
drt: x_in_25_3 95.14 15
drt: x_in_25_4 102.73 15
drt: x_in_25_5 98.17 13
drt: x_in_25_6 93.76 14
drt: x_in_25_7 109.24 15
drt: x_in_25_8 95.67 15
drt: x_in_25_9 93.16 17
drt: x_in_26_0 34.95 3
drt: x_in_26_1 66.47 6
drt: x_in_26_10 124.21 5
drt: x_in_26_11 128.23 5
drt: x_in_26_12 140.23 5
drt: x_in_26_13 140.51 5
drt: x_in_26_14 142.91 5
drt: x_in_26_15 104.15 3
drt: x_in_26_2 74.32 5
drt: x_in_26_3 84.47 5
drt: x_in_26_4 88.11 5
drt: x_in_26_5 82.23 5
drt: x_in_26_6 91.39 5
drt: x_in_26_7 114.28 5
drt: x_in_26_8 117.51 5
drt: x_in_26_9 131.07 5
drt: x_in_27_0 61.59 3
drt: x_in_27_1 94.4 10
drt: x_in_27_10 137.7 11
drt: x_in_27_11 154.22 13
drt: x_in_27_12 144.99 9
drt: x_in_27_13 132.21 10
drt: x_in_27_14 170.43 7
drt: x_in_27_15 145.45 7
drt: x_in_27_2 100.67 8
drt: x_in_27_3 278.27 12
drt: x_in_27_4 120.4 13
drt: x_in_27_5 129.28 13
drt: x_in_27_6 138 11
drt: x_in_27_7 146.55 12
drt: x_in_27_8 150.16 11
drt: x_in_27_9 141.87 11
drt: x_in_28_0 16.47 3
drt: x_in_28_1 54.11 4
drt: x_in_28_10 29.51 5
drt: x_in_28_11 27.99 5
drt: x_in_28_12 38.67 5
drt: x_in_28_13 46.83 5
drt: x_in_28_14 50.19 5
drt: x_in_28_15 42.39 3
drt: x_in_28_2 18.99 5
drt: x_in_28_3 19.27 5
drt: x_in_28_4 22.07 5
drt: x_in_28_5 19.59 5
drt: x_in_28_6 22.95 5
drt: x_in_28_7 18.08 5
drt: x_in_28_8 33.27 5
drt: x_in_28_9 28.91 5
drt: x_in_29_0 29.39 6
drt: x_in_29_1 31.6 8
drt: x_in_29_10 44.03 9
drt: x_in_29_11 29.79 7
drt: x_in_29_12 31.27 8
drt: x_in_29_13 23.56 8
drt: x_in_29_14 26.75 7
drt: x_in_29_15 18.15 6
drt: x_in_29_2 65.03 10
drt: x_in_29_3 64.04 10
drt: x_in_29_4 51.89 8
drt: x_in_29_5 47.96 8
drt: x_in_29_6 37.16 7
drt: x_in_29_7 69.31 9
drt: x_in_29_8 78.23 9
drt: x_in_29_9 24.1 9
drt: x_in_2_0 18.87 3
drt: x_in_2_1 43.27 6
drt: x_in_2_10 24.39 5
drt: x_in_2_11 28.87 5
drt: x_in_2_12 29.75 5
drt: x_in_2_13 39.3 5
drt: x_in_2_14 32.91 5
drt: x_in_2_15 31.55 3
drt: x_in_2_2 30.31 5
drt: x_in_2_3 33.27 5
drt: x_in_2_4 35.51 5
drt: x_in_2_5 44.95 5
drt: x_in_2_6 39.08 5
drt: x_in_2_7 36.91 5
drt: x_in_2_8 27.83 5
drt: x_in_2_9 21.87 5
drt: x_in_30_0 3.75 2
drt: x_in_30_1 214.39 6
drt: x_in_30_10 56.76 5
drt: x_in_30_11 63.88 5
drt: x_in_30_12 110.27 5
drt: x_in_30_13 246.64 5
drt: x_in_30_14 98.27 5
drt: x_in_30_15 98.91 5
drt: x_in_30_2 198.23 5
drt: x_in_30_3 211.84 5
drt: x_in_30_4 59.23 5
drt: x_in_30_5 61.8 5
drt: x_in_30_6 58.19 5
drt: x_in_30_7 66.91 5
drt: x_in_30_8 59.27 5
drt: x_in_30_9 109.74 5
drt: x_in_31_0 42.07 5
drt: x_in_31_1 44.47 6
drt: x_in_31_10 113.75 12
drt: x_in_31_11 106.16 12
drt: x_in_31_12 84.27 10
drt: x_in_31_13 97.35 9
drt: x_in_31_14 80.17 7
drt: x_in_31_15 89.14 7
drt: x_in_31_2 75.05 9
drt: x_in_31_3 55.95 7
drt: x_in_31_4 72.51 9
drt: x_in_31_5 235.12 11
drt: x_in_31_6 250.21 9
drt: x_in_31_7 119.55 11
drt: x_in_31_8 115.63 10
drt: x_in_31_9 115.51 10
drt: x_in_32_0 187.35 3
drt: x_in_32_1 205.28 6
drt: x_in_32_10 85.43 5
drt: x_in_32_11 84.43 5
drt: x_in_32_12 212.11 5
drt: x_in_32_13 205.84 6
drt: x_in_32_14 200.64 5
drt: x_in_32_15 51.19 3
drt: x_in_32_2 199.11 5
drt: x_in_32_3 203.52 5
drt: x_in_32_4 221.39 5
drt: x_in_32_5 226.99 5
drt: x_in_32_6 181.11 5
drt: x_in_32_7 187.11 5
drt: x_in_32_8 198.43 5
drt: x_in_32_9 88.91 5
drt: x_in_33_0 40.79 7
drt: x_in_33_1 47 10
drt: x_in_33_10 83.38 15
drt: x_in_33_11 87.82 15
drt: x_in_33_12 91.69 16
drt: x_in_33_13 70.14 9
drt: x_in_33_14 88.63 10
drt: x_in_33_15 60.2 6
drt: x_in_33_2 50.08 10
drt: x_in_33_3 44.79 10
drt: x_in_33_4 74.26 17
drt: x_in_33_5 61.76 12
drt: x_in_33_6 85.67 17
drt: x_in_33_7 86.65 16
drt: x_in_33_8 67.7 15
drt: x_in_33_9 79.29 16
drt: x_in_34_0 14.35 3
drt: x_in_34_1 18.47 6
drt: x_in_34_10 85.11 5
drt: x_in_34_11 171.83 5
drt: x_in_34_12 92.11 5
drt: x_in_34_13 177.07 5
drt: x_in_34_14 101.83 5
drt: x_in_34_15 156.87 3
drt: x_in_34_2 87.47 5
drt: x_in_34_3 95.91 5
drt: x_in_34_4 43.28 5
drt: x_in_34_5 48.44 5
drt: x_in_34_6 52.95 5
drt: x_in_34_7 72.07 5
drt: x_in_34_8 164.63 5
drt: x_in_34_9 172.03 5
drt: x_in_35_0 37.59 5
drt: x_in_35_1 59.4 12
drt: x_in_35_10 51.26 12
drt: x_in_35_11 49.26 12
drt: x_in_35_12 39.11 12
drt: x_in_35_13 56.28 16
drt: x_in_35_14 38.67 8
drt: x_in_35_15 29 9
drt: x_in_35_2 61.48 11
drt: x_in_35_3 63 11
drt: x_in_35_4 61.23 17
drt: x_in_35_5 77.71 15
drt: x_in_35_6 69 9
drt: x_in_35_7 57.1 12
drt: x_in_35_8 49.7 12
drt: x_in_35_9 51.7 14
drt: x_in_36_0 112.33 3
drt: x_in_36_1 126.59 6
drt: x_in_36_10 214.95 5
drt: x_in_36_11 207.72 5
drt: x_in_36_12 161.63 7
drt: x_in_36_13 150.91 6
drt: x_in_36_14 144.71 6
drt: x_in_36_15 140.35 4
drt: x_in_36_2 136.55 5
drt: x_in_36_3 152.31 5
drt: x_in_36_4 155.95 5
drt: x_in_36_5 171.79 5
drt: x_in_36_6 210.27 5
drt: x_in_36_7 213.79 6
drt: x_in_36_8 192.59 5
drt: x_in_36_9 191.83 5
drt: x_in_37_0 159.15 10
drt: x_in_37_1 173.48 11
drt: x_in_37_10 173.6 14
drt: x_in_37_11 156.19 10
drt: x_in_37_12 182.24 10
drt: x_in_37_13 155.6 8
drt: x_in_37_14 152.36 11
drt: x_in_37_15 146.99 7
drt: x_in_37_2 187.26 13
drt: x_in_37_3 206.25 15
drt: x_in_37_4 193.77 13
drt: x_in_37_5 193.17 11
drt: x_in_37_6 203.75 14
drt: x_in_37_7 219.6 15
drt: x_in_37_8 215.64 12
drt: x_in_37_9 182.8 11
drt: x_in_38_0 47.99 3
drt: x_in_38_1 87.23 6
drt: x_in_38_10 89.32 5
drt: x_in_38_11 107.91 5
drt: x_in_38_12 115.28 5
drt: x_in_38_13 137.03 5
drt: x_in_38_14 142.31 5
drt: x_in_38_15 136.11 3
drt: x_in_38_2 71.67 5
drt: x_in_38_3 111.29 5
drt: x_in_38_4 111.48 5
drt: x_in_38_5 103.51 5
drt: x_in_38_6 97.72 5
drt: x_in_38_7 79.99 5
drt: x_in_38_8 76.83 5
drt: x_in_38_9 92.35 5
drt: x_in_39_0 79.59 3
drt: x_in_39_1 81.27 3
drt: x_in_39_10 136.36 8
drt: x_in_39_11 163.32 9
drt: x_in_39_12 140.83 5
drt: x_in_39_13 163.4 7
drt: x_in_39_14 156.8 6
drt: x_in_39_15 209.68 5
drt: x_in_39_2 123.43 7
drt: x_in_39_3 106.35 5
drt: x_in_39_4 135.35 10
drt: x_in_39_5 115.04 9
drt: x_in_39_6 136.95 8
drt: x_in_39_7 140.43 9
drt: x_in_39_8 149.03 9
drt: x_in_39_9 154.76 9
drt: x_in_3_0 17.67 6
drt: x_in_3_1 39.62 11
drt: x_in_3_10 62.99 13
drt: x_in_3_11 67.48 17
drt: x_in_3_12 44.08 8
drt: x_in_3_13 61.6 14
drt: x_in_3_14 42.65 11
drt: x_in_3_15 23.31 7
drt: x_in_3_2 42.63 11
drt: x_in_3_3 54.88 9
drt: x_in_3_4 54.42 13
drt: x_in_3_5 47.27 11
drt: x_in_3_6 58.69 13
drt: x_in_3_7 45.11 11
drt: x_in_3_8 56.62 13
drt: x_in_3_9 49.68 12
drt: x_in_40_0 56.19 3
drt: x_in_40_1 69.91 6
drt: x_in_40_10 228.6 5
drt: x_in_40_11 141.07 5
drt: x_in_40_12 200.87 5
drt: x_in_40_13 209.15 5
drt: x_in_40_14 146.21 5
drt: x_in_40_15 136.83 5
drt: x_in_40_2 64.2 5
drt: x_in_40_3 58.47 5
drt: x_in_40_4 56.68 5
drt: x_in_40_5 46.27 5
drt: x_in_40_6 61.84 5
drt: x_in_40_7 76.71 5
drt: x_in_40_8 238.55 5
drt: x_in_40_9 244.23 5
drt: x_in_41_0 96.16 5
drt: x_in_41_1 268.51 7
drt: x_in_41_10 73.8 9
drt: x_in_41_11 71.39 11
drt: x_in_41_12 79.86 13
drt: x_in_41_13 55.19 6
drt: x_in_41_14 60.44 8
drt: x_in_41_15 87.25 12
drt: x_in_41_2 91.91 6
drt: x_in_41_3 99.56 9
drt: x_in_41_4 95.99 11
drt: x_in_41_5 107.95 14
drt: x_in_41_6 91.87 10
drt: x_in_41_7 76.43 11
drt: x_in_41_8 74.6 11
drt: x_in_41_9 81.11 9
drt: x_in_42_0 135.59 3
drt: x_in_42_1 71.71 6
drt: x_in_42_10 179.11 5
drt: x_in_42_11 186.37 5
drt: x_in_42_12 207.07 5
drt: x_in_42_13 212.19 5
drt: x_in_42_14 227.35 5
drt: x_in_42_15 113.27 3
drt: x_in_42_2 60.24 5
drt: x_in_42_3 52.99 5
drt: x_in_42_4 138.73 5
drt: x_in_42_5 144.83 5
drt: x_in_42_6 162.37 5
drt: x_in_42_7 168.44 5
drt: x_in_42_8 171.87 5
drt: x_in_42_9 178.31 5
drt: x_in_43_0 7.75 3
drt: x_in_43_1 26.59 8
drt: x_in_43_10 226.21 11
drt: x_in_43_11 256.2 13
drt: x_in_43_12 213.87 9
drt: x_in_43_13 230.79 10
drt: x_in_43_14 227.04 8
drt: x_in_43_15 216.39 7
drt: x_in_43_2 32.11 8
drt: x_in_43_3 56.73 11
drt: x_in_43_4 196.45 12
drt: x_in_43_5 195.82 13
drt: x_in_43_6 92.61 11
drt: x_in_43_7 221.16 11
drt: x_in_43_8 202.44 12
drt: x_in_43_9 194.67 12
drt: x_in_44_0 74.51 2
drt: x_in_44_1 137.84 6
drt: x_in_44_10 78.63 5
drt: x_in_44_11 66.59 5
drt: x_in_44_12 159.4 5
drt: x_in_44_13 159.28 5
drt: x_in_44_14 161.31 5
drt: x_in_44_15 158.99 5
drt: x_in_44_2 133.83 5
drt: x_in_44_3 238.35 5
drt: x_in_44_4 225.71 5
drt: x_in_44_5 216.83 5
drt: x_in_44_6 211.59 5
drt: x_in_44_7 208.87 5
drt: x_in_44_8 195.99 5
drt: x_in_44_9 189.51 5
drt: x_in_45_0 28.36 6
drt: x_in_45_1 37.82 12
drt: x_in_45_10 62.75 8
drt: x_in_45_11 45.07 8
drt: x_in_45_12 41.19 8
drt: x_in_45_13 31.15 5
drt: x_in_45_14 121.55 8
drt: x_in_45_15 121.23 7
drt: x_in_45_2 31.88 9
drt: x_in_45_3 34.72 7
drt: x_in_45_4 35.83 10
drt: x_in_45_5 42.99 9
drt: x_in_45_6 46.88 8
drt: x_in_45_7 58.36 9
drt: x_in_45_8 70.4 9
drt: x_in_45_9 64.08 10
drt: x_in_46_0 84.87 2
drt: x_in_46_1 201.8 6
drt: x_in_46_10 206.55 5
drt: x_in_46_11 95.27 5
drt: x_in_46_12 103.4 5
drt: x_in_46_13 195.75 5
drt: x_in_46_14 94.39 5
drt: x_in_46_15 88.11 5
drt: x_in_46_2 217.35 5
drt: x_in_46_3 49.12 5
drt: x_in_46_4 54.59 5
drt: x_in_46_5 221.59 5
drt: x_in_46_6 226.83 5
drt: x_in_46_7 68.59 5
drt: x_in_46_8 66.59 5
drt: x_in_46_9 210.43 5
drt: x_in_47_0 49.27 5
drt: x_in_47_1 46.63 6
drt: x_in_47_10 247.06 12
drt: x_in_47_11 106.66 12
drt: x_in_47_12 109.55 10
drt: x_in_47_13 233.22 9
drt: x_in_47_14 113.03 8
drt: x_in_47_15 90.56 7
drt: x_in_47_2 111.76 9
drt: x_in_47_3 56.63 7
drt: x_in_47_4 74.93 9
drt: x_in_47_5 77.83 11
drt: x_in_47_6 83.95 9
drt: x_in_47_7 227.91 11
drt: x_in_47_8 82.19 10
drt: x_in_47_9 93.27 10
drt: x_in_48_0 172.99 3
drt: x_in_48_1 231.14 6
drt: x_in_48_10 133.99 5
drt: x_in_48_11 141.43 5
drt: x_in_48_12 133.39 5
drt: x_in_48_13 151.76 6
drt: x_in_48_14 278.51 5
drt: x_in_48_15 91.11 3
drt: x_in_48_2 176.47 5
drt: x_in_48_3 175.71 5
drt: x_in_48_4 165.8 5
drt: x_in_48_5 158.44 5
drt: x_in_48_6 149.43 5
drt: x_in_48_7 148.79 5
drt: x_in_48_8 146.55 5
drt: x_in_48_9 145.23 5
drt: x_in_49_0 94.11 6
drt: x_in_49_1 108.63 11
drt: x_in_49_10 260.52 11
drt: x_in_49_11 242.36 10
drt: x_in_49_12 253.73 9
drt: x_in_49_13 241.59 8
drt: x_in_49_14 245.22 12
drt: x_in_49_15 261.92 9
drt: x_in_49_2 116.16 10
drt: x_in_49_3 118.48 11
drt: x_in_49_4 124.93 11
drt: x_in_49_5 130.04 10
drt: x_in_49_6 157.32 11
drt: x_in_49_7 163.98 13
drt: x_in_49_8 143.83 8
drt: x_in_49_9 183.27 10
drt: x_in_4_0 168.87 3
drt: x_in_4_1 200.6 5
drt: x_in_4_10 173.67 5
drt: x_in_4_11 255.35 5
drt: x_in_4_12 164.95 7
drt: x_in_4_13 165.23 7
drt: x_in_4_14 173.24 6
drt: x_in_4_15 155.39 4
drt: x_in_4_2 197.6 5
drt: x_in_4_3 216.71 5
drt: x_in_4_4 226.52 5
drt: x_in_4_5 235.59 5
drt: x_in_4_6 219.68 5
drt: x_in_4_7 216.91 5
drt: x_in_4_8 266.43 5
drt: x_in_4_9 254.04 5
drt: x_in_50_0 31.67 3
drt: x_in_50_1 41.55 6
drt: x_in_50_10 95.64 5
drt: x_in_50_11 94.79 5
drt: x_in_50_12 76.76 5
drt: x_in_50_13 69.19 5
drt: x_in_50_14 59.79 5
drt: x_in_50_15 14.87 3
drt: x_in_50_2 55.19 5
drt: x_in_50_3 58.91 5
drt: x_in_50_4 57.67 5
drt: x_in_50_5 64.59 5
drt: x_in_50_6 76.31 5
drt: x_in_50_7 77.67 5
drt: x_in_50_8 79.15 5
drt: x_in_50_9 95.23 5
drt: x_in_51_0 87.59 7
drt: x_in_51_1 96.55 10
drt: x_in_51_10 63.96 14
drt: x_in_51_11 83.92 21
drt: x_in_51_12 64.81 12
drt: x_in_51_13 62.12 11
drt: x_in_51_14 53.23 10
drt: x_in_51_15 33.96 8
drt: x_in_51_2 108.32 15
drt: x_in_51_3 98.41 11
drt: x_in_51_4 96.86 17
drt: x_in_51_5 92.38 16
drt: x_in_51_6 85.85 15
drt: x_in_51_7 146.7 18
drt: x_in_51_8 88.68 15
drt: x_in_51_9 88.72 19
drt: x_in_52_0 9.27 3
drt: x_in_52_1 19.2 6
drt: x_in_52_10 269.17 5
drt: x_in_52_11 258.39 5
drt: x_in_52_12 233.79 5
drt: x_in_52_13 106.24 7
drt: x_in_52_14 104.87 7
drt: x_in_52_15 98.08 5
drt: x_in_52_2 16.15 5
drt: x_in_52_3 15.87 5
drt: x_in_52_4 33.35 5
drt: x_in_52_5 35.59 5
drt: x_in_52_6 52.31 5
drt: x_in_52_7 47.83 5
drt: x_in_52_8 51.32 5
drt: x_in_52_9 41.87 5
drt: x_in_53_0 32.31 9
drt: x_in_53_1 48.71 10
drt: x_in_53_10 64.38 15
drt: x_in_53_11 42.96 13
drt: x_in_53_12 69.71 14
drt: x_in_53_13 84.35 17
drt: x_in_53_14 66.01 15
drt: x_in_53_15 35 7
drt: x_in_53_2 46.77 12
drt: x_in_53_3 62.73 16
drt: x_in_53_4 59.36 13
drt: x_in_53_5 67.02 15
drt: x_in_53_6 58.66 13
drt: x_in_53_7 55.33 13
drt: x_in_53_8 50.48 13
drt: x_in_53_9 48.55 13
drt: x_in_54_0 114.75 3
drt: x_in_54_1 245.07 6
drt: x_in_54_10 157.95 5
drt: x_in_54_11 162.67 5
drt: x_in_54_12 170.79 5
drt: x_in_54_13 172.19 5
drt: x_in_54_14 179.27 5
drt: x_in_54_15 174.87 5
drt: x_in_54_2 219.57 5
drt: x_in_54_3 118.08 5
drt: x_in_54_4 129.03 5
drt: x_in_54_5 128.43 5
drt: x_in_54_6 138.84 5
drt: x_in_54_7 134.19 5
drt: x_in_54_8 127.56 5
drt: x_in_54_9 222.95 5
drt: x_in_55_0 222.67 5
drt: x_in_55_1 226.81 6
drt: x_in_55_10 315.82 12
drt: x_in_55_11 294.92 12
drt: x_in_55_12 290.44 10
drt: x_in_55_13 296.48 9
drt: x_in_55_14 261.12 7
drt: x_in_55_15 170.4 7
drt: x_in_55_2 222.07 8
drt: x_in_55_3 246.59 7
drt: x_in_55_4 260.79 10
drt: x_in_55_5 270.99 10
drt: x_in_55_6 271.79 9
drt: x_in_55_7 298.83 11
drt: x_in_55_8 287.91 10
drt: x_in_55_9 281.75 10
drt: x_in_56_0 55.53 3
drt: x_in_56_1 90.79 6
drt: x_in_56_10 115.63 5
drt: x_in_56_11 112.81 5
drt: x_in_56_12 83.36 5
drt: x_in_56_13 75.07 5
drt: x_in_56_14 90.27 5
drt: x_in_56_15 85.28 5
drt: x_in_56_2 67.55 5
drt: x_in_56_3 219.31 5
drt: x_in_56_4 83.19 5
drt: x_in_56_5 86.59 5
drt: x_in_56_6 100.59 5
drt: x_in_56_7 107.67 5
drt: x_in_56_8 128.03 5
drt: x_in_56_9 136.04 5
drt: x_in_57_0 69.97 6
drt: x_in_57_1 142 6
drt: x_in_57_10 141.53 11
drt: x_in_57_11 139.04 12
drt: x_in_57_12 146.9 12
drt: x_in_57_13 131.67 9
drt: x_in_57_14 139.57 12
drt: x_in_57_15 139.85 11
drt: x_in_57_2 98.51 10
drt: x_in_57_3 111.23 15
drt: x_in_57_4 111.54 12
drt: x_in_57_5 110.48 9
drt: x_in_57_6 121.55 13
drt: x_in_57_7 140.06 12
drt: x_in_57_8 142.48 13
drt: x_in_57_9 212.57 11
drt: x_in_58_0 3.55 2
drt: x_in_58_1 120.71 6
drt: x_in_58_10 164.39 5
drt: x_in_58_11 174.99 5
drt: x_in_58_12 238.11 5
drt: x_in_58_13 230.43 5
drt: x_in_58_14 176.19 5
drt: x_in_58_15 190.95 3
drt: x_in_58_2 114.87 5
drt: x_in_58_3 126.35 5
drt: x_in_58_4 128.79 5
drt: x_in_58_5 141.87 5
drt: x_in_58_6 148.27 5
drt: x_in_58_7 152.59 5
drt: x_in_58_8 162.72 5
drt: x_in_58_9 166.28 5
drt: x_in_59_0 112.87 4
drt: x_in_59_1 43.88 9
drt: x_in_59_10 65 11
drt: x_in_59_11 65.48 13
drt: x_in_59_12 188.59 11
drt: x_in_59_13 177.83 11
drt: x_in_59_14 186.99 9
drt: x_in_59_15 271.23 9
drt: x_in_59_2 50.68 11
drt: x_in_59_3 62.74 15
drt: x_in_59_4 66.22 16
drt: x_in_59_5 61.95 15
drt: x_in_59_6 60.27 12
drt: x_in_59_7 55.23 9
drt: x_in_59_8 62.51 10
drt: x_in_59_9 80.01 13
drt: x_in_5_0 196.03 5
drt: x_in_5_1 200.99 5
drt: x_in_5_10 269.71 11
drt: x_in_5_11 269.14 12
drt: x_in_5_12 273.44 11
drt: x_in_5_13 285.43 11
drt: x_in_5_14 274.1 12
drt: x_in_5_15 213.66 14
drt: x_in_5_2 201.63 5
drt: x_in_5_3 219.95 10
drt: x_in_5_4 229.76 9
drt: x_in_5_5 247.28 11
drt: x_in_5_6 261.99 11
drt: x_in_5_7 264.5 14
drt: x_in_5_8 126.12 11
drt: x_in_5_9 128.27 11
drt: x_in_60_0 2.67 2
drt: x_in_60_1 19.75 6
drt: x_in_60_10 44.03 5
drt: x_in_60_11 43.39 5
drt: x_in_60_12 49.15 5
drt: x_in_60_13 48.31 6
drt: x_in_60_14 45.79 5
drt: x_in_60_15 29.47 3
drt: x_in_60_2 18.67 5
drt: x_in_60_3 17.83 5
drt: x_in_60_4 18.47 5
drt: x_in_60_5 30.47 5
drt: x_in_60_6 27.23 5
drt: x_in_60_7 39.99 5
drt: x_in_60_8 48.27 5
drt: x_in_60_9 40.6 5
drt: x_in_61_0 33.96 8
drt: x_in_61_1 44.46 14
drt: x_in_61_10 88.39 15
drt: x_in_61_11 72.4 14
drt: x_in_61_12 51.58 13
drt: x_in_61_13 45.31 12
drt: x_in_61_14 40.54 12
drt: x_in_61_15 23.76 9
drt: x_in_61_2 54.44 13
drt: x_in_61_3 55.41 15
drt: x_in_61_4 75.41 17
drt: x_in_61_5 53.6 12
drt: x_in_61_6 59.39 13
drt: x_in_61_7 69.18 14
drt: x_in_61_8 76.75 16
drt: x_in_61_9 65.61 15
drt: x_in_62_0 130.23 2
drt: x_in_62_1 200.15 6
drt: x_in_62_10 158.24 5
drt: x_in_62_11 166.59 5
drt: x_in_62_12 129.32 5
drt: x_in_62_13 115.63 5
drt: x_in_62_14 188.35 5
drt: x_in_62_15 110.32 5
drt: x_in_62_2 90.19 5
drt: x_in_62_3 93.59 5
drt: x_in_62_4 207.75 5
drt: x_in_62_5 102.67 5
drt: x_in_62_6 110.36 5
drt: x_in_62_7 180.2 5
drt: x_in_62_8 191.11 5
drt: x_in_62_9 166.71 5
drt: x_in_63_0 96.43 5
drt: x_in_63_1 115.08 6
drt: x_in_63_10 145.16 12
drt: x_in_63_11 154.26 12
drt: x_in_63_12 135.03 10
drt: x_in_63_13 272.11 9
drt: x_in_63_14 126.71 8
drt: x_in_63_15 133.32 7
drt: x_in_63_2 277.83 8
drt: x_in_63_3 106.43 7
drt: x_in_63_4 310.84 10
drt: x_in_63_5 132.55 10
drt: x_in_63_6 140.59 9
drt: x_in_63_7 151.47 11
drt: x_in_63_8 147.95 10
drt: x_in_63_9 165.24 10
drt: x_in_6_0 48.75 3
drt: x_in_6_1 62.43 6
drt: x_in_6_10 84.75 5
drt: x_in_6_11 84.91 5
drt: x_in_6_12 181.07 5
drt: x_in_6_13 92.15 5
drt: x_in_6_14 109.15 5
drt: x_in_6_15 174.07 3
drt: x_in_6_2 73.63 5
drt: x_in_6_3 77.79 5
drt: x_in_6_4 76.04 5
drt: x_in_6_5 94.83 5
drt: x_in_6_6 101.67 5
drt: x_in_6_7 118.32 9
drt: x_in_6_8 89.11 5
drt: x_in_6_9 202.44 5
drt: x_in_7_0 63.44 6
drt: x_in_7_1 85.89 9
drt: x_in_7_10 128.94 12
drt: x_in_7_11 133.58 13
drt: x_in_7_12 141.15 12
drt: x_in_7_13 124.68 11
drt: x_in_7_14 115.31 10
drt: x_in_7_15 107.23 8
drt: x_in_7_2 86.72 10
drt: x_in_7_3 77.63 9
drt: x_in_7_4 100.05 12
drt: x_in_7_5 106.79 12
drt: x_in_7_6 105.63 10
drt: x_in_7_7 113.31 10
drt: x_in_7_8 114.43 11
drt: x_in_7_9 114.29 11
drt: x_in_8_0 23.75 2
drt: x_in_8_1 39.07 6
drt: x_in_8_10 102.87 5
drt: x_in_8_11 120.03 5
drt: x_in_8_12 134.19 5
drt: x_in_8_13 121.33 5
drt: x_in_8_14 106.43 5
drt: x_in_8_15 96.35 3
drt: x_in_8_2 40.31 5
drt: x_in_8_3 124.57 5
drt: x_in_8_4 107.23 5
drt: x_in_8_5 45.47 5
drt: x_in_8_6 58.27 5
drt: x_in_8_7 83.59 5
drt: x_in_8_8 96.87 5
drt: x_in_8_9 122.55 5
drt: x_in_9_0 46.27 6
drt: x_in_9_1 52.1 8
drt: x_in_9_10 117.23 6
drt: x_in_9_11 105.66 7
drt: x_in_9_12 120.63 9
drt: x_in_9_13 120.83 9
drt: x_in_9_14 110.07 6
drt: x_in_9_15 107.11 8
drt: x_in_9_2 39.67 3
drt: x_in_9_3 70.68 5
drt: x_in_9_4 63.96 9
drt: x_in_9_5 60.97 6
drt: x_in_9_6 80.84 6
drt: x_in_9_7 91.11 6
drt: x_in_9_8 106.27 6
drt: x_in_9_9 118.16 6
drt: x_out_0_0 45.06 3
drt: x_out_0_1 53.75 3
drt: x_out_0_10 19.9 3
drt: x_out_0_11 16.57 3
drt: x_out_0_12 33.9 3
drt: x_out_0_13 26.42 3
drt: x_out_0_14 21.08 3
drt: x_out_0_15 35.06 3
drt: x_out_0_2 19.34 3
drt: x_out_0_3 21.1 3
drt: x_out_0_4 13.2 3
drt: x_out_0_5 36.94 3
drt: x_out_0_6 10.22 3
drt: x_out_0_7 13.9 3
drt: x_out_0_8 16.87 3
drt: x_out_0_9 29.03 3
drt: x_out_10_0 27.43 3
drt: x_out_10_1 38.36 3
drt: x_out_10_10 58.27 3
drt: x_out_10_11 57.37 3
drt: x_out_10_12 88.9 3
drt: x_out_10_13 76.47 3
drt: x_out_10_14 83.34 3
drt: x_out_10_15 169.99 3
drt: x_out_10_18 89.02 3
drt: x_out_10_19 93.66 3
drt: x_out_10_2 99.02 3
drt: x_out_10_20 37.14 3
drt: x_out_10_21 72.82 3
drt: x_out_10_22 33.94 3
drt: x_out_10_23 38.79 3
drt: x_out_10_24 38.5 3
drt: x_out_10_25 50.99 3
drt: x_out_10_26 52.75 3
drt: x_out_10_27 51.22 3
drt: x_out_10_28 52.46 3
drt: x_out_10_29 66.34 3
drt: x_out_10_3 33.34 3
drt: x_out_10_30 51.02 3
drt: x_out_10_31 53.5 3
drt: x_out_10_32 57.38 3
drt: x_out_10_33 58.55 3
drt: x_out_10_4 168.08 3
drt: x_out_10_5 44.14 3
drt: x_out_10_6 46.23 3
drt: x_out_10_7 52.22 3
drt: x_out_10_8 52.95 3
drt: x_out_10_9 34.91 3
drt: x_out_11_0 14.12 3
drt: x_out_11_1 12.02 3
drt: x_out_11_10 52.3 3
drt: x_out_11_11 35.17 3
drt: x_out_11_12 51.42 3
drt: x_out_11_13 55.58 3
drt: x_out_11_14 69.34 3
drt: x_out_11_15 55.57 3
drt: x_out_11_18 9.7 3
drt: x_out_11_19 13.42 3
drt: x_out_11_2 6.82 3
drt: x_out_11_20 10.94 3
drt: x_out_11_21 21.15 3
drt: x_out_11_22 39.95 3
drt: x_out_11_23 29.15 3
drt: x_out_11_24 12.7 3
drt: x_out_11_25 27.65 3
drt: x_out_11_26 55.82 3
drt: x_out_11_27 45.86 3
drt: x_out_11_28 36.14 3
drt: x_out_11_29 53.59 3
drt: x_out_11_3 18.27 3
drt: x_out_11_30 74.9 3
drt: x_out_11_31 47.94 3
drt: x_out_11_32 48.94 3
drt: x_out_11_33 43.62 3
drt: x_out_11_4 5.7 3
drt: x_out_11_5 18.9 3
drt: x_out_11_6 17.42 3
drt: x_out_11_7 25.14 3
drt: x_out_11_8 40.79 3
drt: x_out_11_9 29.62 3
drt: x_out_12_0 3.05 3
drt: x_out_12_1 44.27 3
drt: x_out_12_10 33.62 3
drt: x_out_12_11 42.54 3
drt: x_out_12_12 49.96 3
drt: x_out_12_13 53.19 3
drt: x_out_12_14 48.07 3
drt: x_out_12_15 51.51 3
drt: x_out_12_18 44.34 3
drt: x_out_12_19 50.83 3
drt: x_out_12_2 39.54 3
drt: x_out_12_20 31.17 3
drt: x_out_12_21 39.09 3
drt: x_out_12_22 34.26 3
drt: x_out_12_23 35.34 3
drt: x_out_12_24 22.3 3
drt: x_out_12_25 45.6 3
drt: x_out_12_26 30.34 3
drt: x_out_12_27 37.95 3
drt: x_out_12_28 24.42 3
drt: x_out_12_29 41.42 3
drt: x_out_12_3 32.5 3
drt: x_out_12_30 47.47 3
drt: x_out_12_31 53.9 3
drt: x_out_12_32 52.46 3
drt: x_out_12_33 47.27 3
drt: x_out_12_4 53.34 3
drt: x_out_12_5 21.63 3
drt: x_out_12_6 33.87 3
drt: x_out_12_7 73.9 3
drt: x_out_12_8 31.7 3
drt: x_out_12_9 34.3 3
drt: x_out_13_0 137.34 3
drt: x_out_13_1 130.98 3
drt: x_out_13_10 76.89 3
drt: x_out_13_11 71.18 3
drt: x_out_13_12 66.49 3
drt: x_out_13_13 56.59 3
drt: x_out_13_14 50.19 3
drt: x_out_13_15 49.86 3
drt: x_out_13_18 44.04 3
drt: x_out_13_19 137.98 3
drt: x_out_13_2 127.19 3
drt: x_out_13_20 117.82 3
drt: x_out_13_21 35.45 3
drt: x_out_13_22 107.23 3
drt: x_out_13_23 43.07 3
drt: x_out_13_24 97.7 3
drt: x_out_13_25 41.22 3
drt: x_out_13_26 78.06 3
drt: x_out_13_27 49.47 3
drt: x_out_13_28 64.89 3
drt: x_out_13_29 44.43 3
drt: x_out_13_3 136.19 3
drt: x_out_13_30 45.66 3
drt: x_out_13_31 54.91 3
drt: x_out_13_32 53.79 3
drt: x_out_13_33 48.38 3
drt: x_out_13_4 130.7 3
drt: x_out_13_5 125.46 3
drt: x_out_13_6 103.08 3
drt: x_out_13_7 105.89 3
drt: x_out_13_8 99.67 3
drt: x_out_13_9 93.65 3
drt: x_out_14_0 8.42 3
drt: x_out_14_1 29.62 3
drt: x_out_14_10 24.62 3
drt: x_out_14_11 21.74 3
drt: x_out_14_12 49.19 3
drt: x_out_14_13 38.66 3
drt: x_out_14_14 41.71 3
drt: x_out_14_15 47.54 3
drt: x_out_14_18 61.82 3
drt: x_out_14_19 49.94 3
drt: x_out_14_2 11.1 3
drt: x_out_14_20 48.74 3
drt: x_out_14_21 34.05 3
drt: x_out_14_22 38.07 3
drt: x_out_14_23 61.74 3
drt: x_out_14_24 44.42 3
drt: x_out_14_25 40.23 3
drt: x_out_14_26 63.1 3
drt: x_out_14_27 24.17 3
drt: x_out_14_28 33.94 3
drt: x_out_14_29 26.94 3
drt: x_out_14_3 9.7 3
drt: x_out_14_30 31.51 3
drt: x_out_14_31 23.94 3
drt: x_out_14_32 8.7 3
drt: x_out_14_33 11.62 3
drt: x_out_14_4 38.07 3
drt: x_out_14_5 30.06 3
drt: x_out_14_6 9.22 3
drt: x_out_14_7 32 3
drt: x_out_14_8 31.21 3
drt: x_out_14_9 24.98 3
drt: x_out_15_0 4.1 3
drt: x_out_15_1 3.62 3
drt: x_out_15_10 40.94 3
drt: x_out_15_11 34.74 3
drt: x_out_15_12 36.05 3
drt: x_out_15_13 31.31 3
drt: x_out_15_14 48.42 3
drt: x_out_15_15 46.62 3
drt: x_out_15_18 5.9 3
drt: x_out_15_19 9.05 3
drt: x_out_15_2 2.1 3
drt: x_out_15_20 39.22 3
drt: x_out_15_21 52.99 3
drt: x_out_15_22 25.62 3
drt: x_out_15_23 20.82 3
drt: x_out_15_24 48.74 3
drt: x_out_15_25 24.7 3
drt: x_out_15_26 38.47 3
drt: x_out_15_27 34.62 3
drt: x_out_15_28 43.87 3
drt: x_out_15_29 47.87 3
drt: x_out_15_3 10.02 3
drt: x_out_15_30 50.14 3
drt: x_out_15_31 43.94 3
drt: x_out_15_32 40.38 3
drt: x_out_15_33 44.79 3
drt: x_out_15_4 15.39 3
drt: x_out_15_5 9.1 3
drt: x_out_15_6 22.9 3
drt: x_out_15_7 20.82 3
drt: x_out_15_8 46.87 3
drt: x_out_15_9 44.91 3
drt: x_out_16_0 19.55 3
drt: x_out_16_1 101.39 3
drt: x_out_16_10 46.7 3
drt: x_out_16_11 29.97 3
drt: x_out_16_12 22.5 3
drt: x_out_16_13 33.34 3
drt: x_out_16_14 24.42 3
drt: x_out_16_15 40.21 3
drt: x_out_16_18 14.55 3
drt: x_out_16_19 37.94 3
drt: x_out_16_2 24.11 3
drt: x_out_16_20 23.45 3
drt: x_out_16_21 75.74 3
drt: x_out_16_22 45.14 3
drt: x_out_16_23 38.88 3
drt: x_out_16_24 47.93 3
drt: x_out_16_25 29.42 3
drt: x_out_16_26 56.59 3
drt: x_out_16_27 36.45 3
drt: x_out_16_28 27.15 3
drt: x_out_16_29 31.95 3
drt: x_out_16_3 43.74 3
drt: x_out_16_30 29.1 3
drt: x_out_16_31 26.9 3
drt: x_out_16_32 27.27 3
drt: x_out_16_33 26.42 3
drt: x_out_16_4 26.34 3
drt: x_out_16_5 44.14 3
drt: x_out_16_6 73.67 3
drt: x_out_16_7 67.54 3
drt: x_out_16_8 30.67 3
drt: x_out_16_9 17.85 3
drt: x_out_17_0 66.42 3
drt: x_out_17_1 77.02 3
drt: x_out_17_10 163.95 3
drt: x_out_17_11 179.42 3
drt: x_out_17_12 163.34 3
drt: x_out_17_13 86.42 3
drt: x_out_17_14 151.54 3
drt: x_out_17_15 143.62 3
drt: x_out_17_18 17.22 3
drt: x_out_17_19 95.81 3
drt: x_out_17_2 86.5 3
drt: x_out_17_20 80.86 3
drt: x_out_17_21 111.11 3
drt: x_out_17_22 86.39 3
drt: x_out_17_23 86.38 3
drt: x_out_17_24 82.28 3
drt: x_out_17_25 32.18 3
drt: x_out_17_26 100.3 3
drt: x_out_17_27 113.22 3
drt: x_out_17_28 74.02 3
drt: x_out_17_29 132.98 3
drt: x_out_17_3 75.9 3
drt: x_out_17_30 61.42 3
drt: x_out_17_31 54.79 3
drt: x_out_17_32 60.79 3
drt: x_out_17_33 89.06 3
drt: x_out_17_4 122.26 3
drt: x_out_17_5 108.1 3
drt: x_out_17_6 125.84 3
drt: x_out_17_7 135.66 3
drt: x_out_17_8 75.56 3
drt: x_out_17_9 39.05 3
drt: x_out_18_0 55.47 3
drt: x_out_18_1 62.07 3
drt: x_out_18_10 59.65 3
drt: x_out_18_11 48.03 3
drt: x_out_18_12 48.11 3
drt: x_out_18_13 93.14 3
drt: x_out_18_14 70.09 3
drt: x_out_18_15 72.43 3
drt: x_out_18_18 2.7 3
drt: x_out_18_19 67.7 3
drt: x_out_18_2 68.02 3
drt: x_out_18_20 75.27 3
drt: x_out_18_21 61.34 3
drt: x_out_18_22 49.62 3
drt: x_out_18_23 56.65 3
drt: x_out_18_24 68.9 3
drt: x_out_18_25 59.14 3
drt: x_out_18_26 73.19 3
drt: x_out_18_27 67.63 3
drt: x_out_18_28 88.07 3
drt: x_out_18_29 87.71 3
drt: x_out_18_3 66.63 3
drt: x_out_18_30 73.22 3
drt: x_out_18_31 65.28 3
drt: x_out_18_32 71.59 3
drt: x_out_18_33 73.22 3
drt: x_out_18_4 69.71 3
drt: x_out_18_5 69.05 3
drt: x_out_18_6 82.99 3
drt: x_out_18_7 69.82 3
drt: x_out_18_8 55.9 3
drt: x_out_18_9 54.42 3
drt: x_out_19_0 9.42 3
drt: x_out_19_1 31.5 3
drt: x_out_19_10 108.19 3
drt: x_out_19_11 124.48 3
drt: x_out_19_12 73.97 3
drt: x_out_19_13 86.07 3
drt: x_out_19_14 62.66 3
drt: x_out_19_15 124.11 3
drt: x_out_19_18 96.08 3
drt: x_out_19_19 71.82 3
drt: x_out_19_2 35.52 3
drt: x_out_19_20 71.98 3
drt: x_out_19_21 84.06 3
drt: x_out_19_22 82.7 3
drt: x_out_19_23 52.75 3
drt: x_out_19_24 73.94 3
drt: x_out_19_25 37.65 3
drt: x_out_19_26 63.82 3
drt: x_out_19_27 65.67 3
drt: x_out_19_28 69.13 3
drt: x_out_19_29 10.35 3
drt: x_out_19_3 39.62 3
drt: x_out_19_30 38.42 3
drt: x_out_19_31 18.82 3
drt: x_out_19_32 34.3 3
drt: x_out_19_33 40.13 3
drt: x_out_19_4 39.02 3
drt: x_out_19_5 50.03 3
drt: x_out_19_6 55.45 3
drt: x_out_19_7 88.63 3
drt: x_out_19_8 143.4 3
drt: x_out_19_9 93.51 3
drt: x_out_1_0 11.15 3
drt: x_out_1_1 75.03 3
drt: x_out_1_10 89.74 3
drt: x_out_1_11 88.54 3
drt: x_out_1_12 82.34 3
drt: x_out_1_13 76.87 3
drt: x_out_1_14 106.19 3
drt: x_out_1_15 73.83 3
drt: x_out_1_18 8.5 3
drt: x_out_1_19 29.63 3
drt: x_out_1_2 78.14 3
drt: x_out_1_20 43.66 3
drt: x_out_1_21 37.17 3
drt: x_out_1_22 36.82 3
drt: x_out_1_23 41.57 3
drt: x_out_1_24 47.59 3
drt: x_out_1_25 53.19 3
drt: x_out_1_26 39.1 3
drt: x_out_1_27 45.27 3
drt: x_out_1_28 47.02 3
drt: x_out_1_29 48.02 3
drt: x_out_1_3 86.3 3
drt: x_out_1_30 47.82 3
drt: x_out_1_31 96.34 3
drt: x_out_1_32 76.49 3
drt: x_out_1_33 81.86 3
drt: x_out_1_4 79.66 3
drt: x_out_1_5 77.5 3
drt: x_out_1_6 83.22 3
drt: x_out_1_7 86.37 3
drt: x_out_1_8 77.5 3
drt: x_out_1_9 78.9 3
drt: x_out_20_0 7.02 3
drt: x_out_20_1 9.28 3
drt: x_out_20_10 24.2 3
drt: x_out_20_11 31.62 3
drt: x_out_20_12 46.03 3
drt: x_out_20_13 17.05 3
drt: x_out_20_14 15.7 3
drt: x_out_20_15 19.87 3
drt: x_out_20_2 19.43 3
drt: x_out_20_3 22.9 3
drt: x_out_20_4 36.87 3
drt: x_out_20_5 22.9 3
drt: x_out_20_6 23.45 3
drt: x_out_20_7 49.86 3
drt: x_out_20_8 26.25 3
drt: x_out_20_9 22.65 3
drt: x_out_21_0 35.54 3
drt: x_out_21_1 70.39 3
drt: x_out_21_10 88.5 3
drt: x_out_21_11 96.26 3
drt: x_out_21_12 117.15 3
drt: x_out_21_13 116.9 3
drt: x_out_21_14 176.87 3
drt: x_out_21_15 109.21 3
drt: x_out_21_18 80.07 3
drt: x_out_21_19 6.15 3
drt: x_out_21_2 59.83 3
drt: x_out_21_20 13.62 3
drt: x_out_21_21 8.65 3
drt: x_out_21_22 33.27 3
drt: x_out_21_23 53.42 3
drt: x_out_21_24 62.5 3
drt: x_out_21_25 70.34 3
drt: x_out_21_26 78.55 3
drt: x_out_21_27 80.34 3
drt: x_out_21_28 81.9 3
drt: x_out_21_29 58.05 3
drt: x_out_21_3 100.5 3
drt: x_out_21_30 42.77 3
drt: x_out_21_31 9.7 3
drt: x_out_21_32 4.1 3
drt: x_out_21_33 8.1 3
drt: x_out_21_4 42.67 3
drt: x_out_21_5 43.87 3
drt: x_out_21_6 52.31 3
drt: x_out_21_7 65.34 3
drt: x_out_21_8 73.98 3
drt: x_out_21_9 80.63 3
drt: x_out_22_0 29.01 3
drt: x_out_22_1 26.47 3
drt: x_out_22_10 86.23 3
drt: x_out_22_11 67.94 3
drt: x_out_22_12 78.74 3
drt: x_out_22_13 75.62 3
drt: x_out_22_14 69.22 3
drt: x_out_22_15 75 3
drt: x_out_22_18 74.74 3
drt: x_out_22_19 73.82 3
drt: x_out_22_2 27.7 3
drt: x_out_22_20 52.46 3
drt: x_out_22_21 85.78 3
drt: x_out_22_22 97.06 3
drt: x_out_22_23 65.06 3
drt: x_out_22_24 79.15 3
drt: x_out_22_25 64.63 3
drt: x_out_22_26 54.15 3
drt: x_out_22_27 61.5 3
drt: x_out_22_28 58.54 3
drt: x_out_22_29 42.22 3
drt: x_out_22_3 62.14 3
drt: x_out_22_30 6.67 3
drt: x_out_22_31 56.99 3
drt: x_out_22_32 8.88 3
drt: x_out_22_33 19.95 3
drt: x_out_22_4 69.62 3
drt: x_out_22_5 51.22 3
drt: x_out_22_6 45.18 3
drt: x_out_22_7 47.27 3
drt: x_out_22_8 59.06 3
drt: x_out_22_9 64.73 3
drt: x_out_23_0 4.71 3
drt: x_out_23_1 6.19 3
drt: x_out_23_10 123.34 3
drt: x_out_23_11 105.3 3
drt: x_out_23_12 97.87 3
drt: x_out_23_13 82.65 3
drt: x_out_23_14 90.94 3
drt: x_out_23_15 96.42 3
drt: x_out_23_18 3.9 3
drt: x_out_23_19 5.67 3
drt: x_out_23_2 10.3 3
drt: x_out_23_20 8.7 3
drt: x_out_23_21 6.16 3
drt: x_out_23_22 11.57 3
drt: x_out_23_23 12.5 3
drt: x_out_23_24 10.1 3
drt: x_out_23_25 15.87 3
drt: x_out_23_26 5.82 3
drt: x_out_23_27 10.09 3
drt: x_out_23_28 4.1 3
drt: x_out_23_29 11.02 3
drt: x_out_23_3 8.7 3
drt: x_out_23_30 6.05 3
drt: x_out_23_31 100.14 3
drt: x_out_23_32 98.71 3
drt: x_out_23_33 95.5 3
drt: x_out_23_4 20.47 3
drt: x_out_23_5 32.14 3
drt: x_out_23_6 34.31 3
drt: x_out_23_7 38.79 3
drt: x_out_23_8 43.62 3
drt: x_out_23_9 104.48 3
drt: x_out_24_0 45.87 3
drt: x_out_24_1 92.62 3
drt: x_out_24_10 104.39 3
drt: x_out_24_11 75.5 3
drt: x_out_24_12 101.03 3
drt: x_out_24_13 90.14 3
drt: x_out_24_14 96.87 3
drt: x_out_24_15 195.17 3
drt: x_out_24_18 31.95 3
drt: x_out_24_19 89.79 3
drt: x_out_24_2 105.62 3
drt: x_out_24_20 94.03 3
drt: x_out_24_21 13.71 3
drt: x_out_24_22 17.16 3
drt: x_out_24_23 14.3 3
drt: x_out_24_24 70.34 3
drt: x_out_24_25 69.82 3
drt: x_out_24_26 77.95 3
drt: x_out_24_27 94.89 3
drt: x_out_24_28 185.17 3
drt: x_out_24_29 104.74 3
drt: x_out_24_3 100.56 3
drt: x_out_24_30 84.37 3
drt: x_out_24_31 81.62 3
drt: x_out_24_32 89.34 3
drt: x_out_24_33 83.14 3
drt: x_out_24_4 107.54 3
drt: x_out_24_5 109.9 3
drt: x_out_24_6 110.45 3
drt: x_out_24_7 104.59 3
drt: x_out_24_8 149.2 3
drt: x_out_24_9 86.42 3
drt: x_out_25_0 30.32 3
drt: x_out_25_1 50.55 3
drt: x_out_25_10 73.95 3
drt: x_out_25_11 77.02 3
drt: x_out_25_12 89.97 3
drt: x_out_25_13 94.91 3
drt: x_out_25_14 115.27 3
drt: x_out_25_15 98.99 3
drt: x_out_25_18 58.94 3
drt: x_out_25_19 55.02 3
drt: x_out_25_2 52.46 3
drt: x_out_25_20 53.07 3
drt: x_out_25_21 48.59 3
drt: x_out_25_22 50.91 3
drt: x_out_25_23 62.39 3
drt: x_out_25_24 78.98 3
drt: x_out_25_25 75.51 3
drt: x_out_25_26 77.63 3
drt: x_out_25_27 75.07 3
drt: x_out_25_28 85.22 3
drt: x_out_25_29 88.38 3
drt: x_out_25_3 59.31 3
drt: x_out_25_30 77.02 3
drt: x_out_25_31 121.34 3
drt: x_out_25_32 119.85 3
drt: x_out_25_33 145.54 3
drt: x_out_25_4 62.62 3
drt: x_out_25_5 54.83 3
drt: x_out_25_6 73.19 3
drt: x_out_25_7 56.23 3
drt: x_out_25_8 51.82 3
drt: x_out_25_9 56.62 3
drt: x_out_26_0 9.27 3
drt: x_out_26_1 15.25 3
drt: x_out_26_10 85.01 3
drt: x_out_26_11 87.14 3
drt: x_out_26_12 94.74 3
drt: x_out_26_13 107.1 3
drt: x_out_26_14 106.34 3
drt: x_out_26_15 120.82 3
drt: x_out_26_18 39.07 3
drt: x_out_26_19 38.3 3
drt: x_out_26_2 18.7 3
drt: x_out_26_20 20.02 3
drt: x_out_26_21 39.86 3
drt: x_out_26_22 14.82 3
drt: x_out_26_23 28.94 3
drt: x_out_26_24 34.62 3
drt: x_out_26_25 79.7 3
drt: x_out_26_26 47.9 3
drt: x_out_26_27 54.1 3
drt: x_out_26_28 77.02 3
drt: x_out_26_29 91.1 3
drt: x_out_26_3 13.5 3
drt: x_out_26_30 87.27 3
drt: x_out_26_31 5.82 3
drt: x_out_26_32 8.02 3
drt: x_out_26_33 5.22 3
drt: x_out_26_4 10.7 3
drt: x_out_26_5 12.15 3
drt: x_out_26_6 21.9 3
drt: x_out_26_7 23.02 3
drt: x_out_26_8 17.11 3
drt: x_out_26_9 80.14 3
drt: x_out_27_0 34.42 3
drt: x_out_27_1 116.14 3
drt: x_out_27_10 97.11 3
drt: x_out_27_11 97.27 3
drt: x_out_27_12 113.07 3
drt: x_out_27_13 122.9 3
drt: x_out_27_14 123.87 3
drt: x_out_27_15 126.47 3
drt: x_out_27_18 68.26 3
drt: x_out_27_19 113.19 3
drt: x_out_27_2 109.39 3
drt: x_out_27_20 119.31 3
drt: x_out_27_21 153.93 3
drt: x_out_27_22 123.34 3
drt: x_out_27_23 125.02 3
drt: x_out_27_24 132.14 3
drt: x_out_27_25 203.03 3
drt: x_out_27_26 119.31 3
drt: x_out_27_27 162.04 3
drt: x_out_27_28 120.94 3
drt: x_out_27_29 122.42 3
drt: x_out_27_3 119.87 3
drt: x_out_27_30 121.5 3
drt: x_out_27_31 44.07 3
drt: x_out_27_32 46.3 3
drt: x_out_27_33 119.02 3
drt: x_out_27_4 129.02 3
drt: x_out_27_5 110.26 3
drt: x_out_27_6 111.3 3
drt: x_out_27_7 97.66 3
drt: x_out_27_8 98.62 3
drt: x_out_27_9 101.1 3
drt: x_out_28_0 125.3 3
drt: x_out_28_1 57.62 3
drt: x_out_28_10 49.23 3
drt: x_out_28_11 53.83 3
drt: x_out_28_12 54.79 3
drt: x_out_28_13 58.22 3
drt: x_out_28_14 134.28 3
drt: x_out_28_15 139.38 3
drt: x_out_28_18 45.1 3
drt: x_out_28_19 116.71 3
drt: x_out_28_2 53.25 3
drt: x_out_28_20 63.34 3
drt: x_out_28_21 46.47 3
drt: x_out_28_22 117.32 3
drt: x_out_28_23 47.15 3
drt: x_out_28_24 75.5 3
drt: x_out_28_25 53.06 3
drt: x_out_28_26 133.27 3
drt: x_out_28_27 55.14 3
drt: x_out_28_28 86.34 3
drt: x_out_28_29 40.7 3
drt: x_out_28_3 105.9 3
drt: x_out_28_30 75.22 3
drt: x_out_28_31 7.82 3
drt: x_out_28_32 7.85 3
drt: x_out_28_33 49.5 3
drt: x_out_28_4 73.17 3
drt: x_out_28_5 76.22 3
drt: x_out_28_6 65.34 3
drt: x_out_28_7 78.06 3
drt: x_out_28_8 64.7 3
drt: x_out_28_9 58.82 3
drt: x_out_29_0 43.91 3
drt: x_out_29_1 53.29 3
drt: x_out_29_10 88.02 3
drt: x_out_29_11 81.1 3
drt: x_out_29_12 118.65 3
drt: x_out_29_13 106.94 3
drt: x_out_29_14 111.82 3
drt: x_out_29_15 137.85 3
drt: x_out_29_18 29.22 3
drt: x_out_29_19 34.1 3
drt: x_out_29_2 112.47 3
drt: x_out_29_20 36.14 3
drt: x_out_29_21 39.9 3
drt: x_out_29_22 24.35 3
drt: x_out_29_23 32.69 3
drt: x_out_29_24 52.74 3
drt: x_out_29_25 57.75 3
drt: x_out_29_26 46.14 3
drt: x_out_29_27 51.02 3
drt: x_out_29_28 45.82 3
drt: x_out_29_29 54.82 3
drt: x_out_29_3 44.54 3
drt: x_out_29_30 63.42 3
drt: x_out_29_31 68.82 3
drt: x_out_29_32 9.7 3
drt: x_out_29_33 13.94 3
drt: x_out_29_4 46.65 3
drt: x_out_29_5 49.67 3
drt: x_out_29_6 82.11 3
drt: x_out_29_7 66.3 3
drt: x_out_29_8 78.59 3
drt: x_out_29_9 62.23 3
drt: x_out_2_0 9.1 3
drt: x_out_2_1 15.15 3
drt: x_out_2_10 31.42 3
drt: x_out_2_11 38.14 3
drt: x_out_2_12 62.86 3
drt: x_out_2_13 141.14 3
drt: x_out_2_14 123.94 3
drt: x_out_2_15 78.26 3
drt: x_out_2_18 45.29 3
drt: x_out_2_19 61.65 3
drt: x_out_2_2 8.02 3
drt: x_out_2_20 19.75 3
drt: x_out_2_21 18.39 3
drt: x_out_2_22 31.3 3
drt: x_out_2_23 21.42 3
drt: x_out_2_24 33.67 3
drt: x_out_2_25 22.1 3
drt: x_out_2_26 23.25 3
drt: x_out_2_27 32.22 3
drt: x_out_2_28 35.85 3
drt: x_out_2_29 35.26 3
drt: x_out_2_3 14.62 3
drt: x_out_2_30 41.17 3
drt: x_out_2_31 34.07 3
drt: x_out_2_32 55.62 3
drt: x_out_2_33 19.62 3
drt: x_out_2_4 15.94 3
drt: x_out_2_5 16.62 3
drt: x_out_2_6 18.5 3
drt: x_out_2_7 18.9 3
drt: x_out_2_8 22.87 3
drt: x_out_2_9 30.71 3
drt: x_out_30_0 43.14 3
drt: x_out_30_1 63.39 3
drt: x_out_30_10 44.67 3
drt: x_out_30_11 50.9 3
drt: x_out_30_12 63.7 3
drt: x_out_30_13 68.66 3
drt: x_out_30_14 54.47 3
drt: x_out_30_15 56.87 3
drt: x_out_30_18 9.15 3
drt: x_out_30_19 32.07 3
drt: x_out_30_2 67.19 3
drt: x_out_30_20 43.26 3
drt: x_out_30_21 10.3 3
drt: x_out_30_22 33.62 3
drt: x_out_30_23 14.95 3
drt: x_out_30_24 17.74 3
drt: x_out_30_25 21.22 3
drt: x_out_30_26 15.54 3
drt: x_out_30_27 36.42 3
drt: x_out_30_28 22.15 3
drt: x_out_30_29 16.91 3
drt: x_out_30_3 68.82 3
drt: x_out_30_30 12.42 3
drt: x_out_30_31 23.02 3
drt: x_out_30_32 10.51 3
drt: x_out_30_33 13.5 3
drt: x_out_30_4 62.14 3
drt: x_out_30_5 53.74 3
drt: x_out_30_6 73.66 3
drt: x_out_30_7 48.7 3
drt: x_out_30_8 56.42 3
drt: x_out_30_9 55.22 3
drt: x_out_31_0 44.12 3
drt: x_out_31_1 74.06 3
drt: x_out_31_10 181.95 3
drt: x_out_31_11 199.79 3
drt: x_out_31_12 178.51 3
drt: x_out_31_13 183.03 3
drt: x_out_31_14 127.62 3
drt: x_out_31_15 151.54 3
drt: x_out_31_18 28.34 3
drt: x_out_31_19 87.15 3
drt: x_out_31_2 78.35 3
drt: x_out_31_20 81.02 3
drt: x_out_31_21 74.22 3
drt: x_out_31_22 81.84 3
drt: x_out_31_23 98.42 3
drt: x_out_31_24 102.3 3
drt: x_out_31_25 82.63 3
drt: x_out_31_26 101.86 3
drt: x_out_31_27 100.67 3
drt: x_out_31_28 94.59 3
drt: x_out_31_29 78.7 3
drt: x_out_31_3 85.63 3
drt: x_out_31_30 84.78 3
drt: x_out_31_31 22.7 3
drt: x_out_31_32 18.35 3
drt: x_out_31_33 12.82 3
drt: x_out_31_4 85.98 3
drt: x_out_31_5 85.54 3
drt: x_out_31_6 89.81 3
drt: x_out_31_7 134.31 3
drt: x_out_31_8 130.01 3
drt: x_out_31_9 118.58 3
drt: x_out_32_0 50.1 3
drt: x_out_32_1 34.35 3
drt: x_out_32_10 29.98 3
drt: x_out_32_11 24.57 3
drt: x_out_32_12 44.63 3
drt: x_out_32_13 27.5 3
drt: x_out_32_14 48.25 3
drt: x_out_32_15 23.32 3
drt: x_out_32_2 5.1 3
drt: x_out_32_3 19.75 3
drt: x_out_32_4 30.1 3
drt: x_out_32_5 8.85 3
drt: x_out_32_6 19.65 3
drt: x_out_32_7 38.02 3
drt: x_out_32_8 18.79 3
drt: x_out_32_9 27.58 3
drt: x_out_33_0 6.7 3
drt: x_out_33_1 76.11 3
drt: x_out_33_10 73.99 3
drt: x_out_33_11 74.07 3
drt: x_out_33_12 76.51 3
drt: x_out_33_13 79.73 3
drt: x_out_33_14 82.1 3
drt: x_out_33_15 68.6 3
drt: x_out_33_18 11.62 3
drt: x_out_33_19 33.29 3
drt: x_out_33_2 92.36 3
drt: x_out_33_20 51.54 3
drt: x_out_33_21 35.94 3
drt: x_out_33_22 44.7 3
drt: x_out_33_23 40.39 3
drt: x_out_33_24 47.23 3
drt: x_out_33_25 52.87 3
drt: x_out_33_26 39.54 3
drt: x_out_33_27 44.7 3
drt: x_out_33_28 57.77 3
drt: x_out_33_29 44.02 3
drt: x_out_33_3 95.1 3
drt: x_out_33_30 55.9 3
drt: x_out_33_31 5.9 3
drt: x_out_33_32 8.7 3
drt: x_out_33_33 6.82 3
drt: x_out_33_4 76.35 3
drt: x_out_33_5 80.3 3
drt: x_out_33_6 93.94 3
drt: x_out_33_7 80.7 3
drt: x_out_33_8 80.38 3
drt: x_out_33_9 75.95 3
drt: x_out_34_0 7.82 3
drt: x_out_34_1 8.11 3
drt: x_out_34_10 29.9 3
drt: x_out_34_11 34.34 3
drt: x_out_34_12 63.22 3
drt: x_out_34_13 102.97 3
drt: x_out_34_14 94.99 3
drt: x_out_34_15 90.02 3
drt: x_out_34_18 53.74 3
drt: x_out_34_19 66.43 3
drt: x_out_34_2 19.74 3
drt: x_out_34_20 38.08 3
drt: x_out_34_21 19.82 3
drt: x_out_34_22 68.66 3
drt: x_out_34_23 27.9 3
drt: x_out_34_24 39.98 3
drt: x_out_34_25 23.7 3
drt: x_out_34_26 32.82 3
drt: x_out_34_27 25.94 3
drt: x_out_34_28 72.9 3
drt: x_out_34_29 34.74 3
drt: x_out_34_3 7.83 3
drt: x_out_34_30 44.82 3
drt: x_out_34_31 39.05 3
drt: x_out_34_32 24.25 3
drt: x_out_34_33 28.1 3
drt: x_out_34_4 14.22 3
drt: x_out_34_5 9.3 3
drt: x_out_34_6 21.62 3
drt: x_out_34_7 22.97 3
drt: x_out_34_8 28.74 3
drt: x_out_34_9 30.62 3
drt: x_out_35_0 55.54 3
drt: x_out_35_1 131.09 3
drt: x_out_35_10 56.1 3
drt: x_out_35_11 53.71 3
drt: x_out_35_12 60.58 3
drt: x_out_35_13 58.79 3
drt: x_out_35_14 85.45 3
drt: x_out_35_15 59.19 3
drt: x_out_35_18 47.07 3
drt: x_out_35_19 54.66 3
drt: x_out_35_2 132.5 3
drt: x_out_35_20 49.85 3
drt: x_out_35_21 92.61 3
drt: x_out_35_22 169.62 3
drt: x_out_35_23 161.86 3
drt: x_out_35_24 167.66 3
drt: x_out_35_25 155.22 3
drt: x_out_35_26 149.99 3
drt: x_out_35_27 147.34 3
drt: x_out_35_28 153.47 3
drt: x_out_35_29 123.54 3
drt: x_out_35_3 62.23 3
drt: x_out_35_30 112.23 3
drt: x_out_35_31 119.14 3
drt: x_out_35_32 74.27 3
drt: x_out_35_33 81.1 3
drt: x_out_35_4 51.7 3
drt: x_out_35_5 76.13 3
drt: x_out_35_6 58.57 3
drt: x_out_35_7 57.42 3
drt: x_out_35_8 57.34 3
drt: x_out_35_9 58.43 3
drt: x_out_36_0 19.02 3
drt: x_out_36_1 42.07 3
drt: x_out_36_10 98.34 3
drt: x_out_36_11 123.62 3
drt: x_out_36_12 236.66 3
drt: x_out_36_13 138.03 3
drt: x_out_36_14 134.61 3
drt: x_out_36_15 160.94 3
drt: x_out_36_18 26.55 3
drt: x_out_36_19 45.85 3
drt: x_out_36_2 36.42 3
drt: x_out_36_20 52.1 3
drt: x_out_36_21 46.5 3
drt: x_out_36_22 26.22 3
drt: x_out_36_23 46.55 3
drt: x_out_36_24 50.87 3
drt: x_out_36_25 57.15 3
drt: x_out_36_26 96.94 3
drt: x_out_36_27 56.55 3
drt: x_out_36_28 57.82 3
drt: x_out_36_29 56.51 3
drt: x_out_36_3 33.02 3
drt: x_out_36_30 56.07 3
drt: x_out_36_31 79.35 3
drt: x_out_36_32 24.45 3
drt: x_out_36_33 26.9 3
drt: x_out_36_4 38.49 3
drt: x_out_36_5 35.9 3
drt: x_out_36_6 44.39 3
drt: x_out_36_7 68.47 3
drt: x_out_36_8 72.82 3
drt: x_out_36_9 87.17 3
drt: x_out_37_0 5.1 3
drt: x_out_37_1 9.82 3
drt: x_out_37_10 88.22 3
drt: x_out_37_11 111.31 3
drt: x_out_37_12 88.5 3
drt: x_out_37_13 76.94 3
drt: x_out_37_14 63.49 3
drt: x_out_37_15 69.74 3
drt: x_out_37_18 26.05 3
drt: x_out_37_19 52.97 3
drt: x_out_37_2 10.5 3
drt: x_out_37_20 44.9 3
drt: x_out_37_21 42.95 3
drt: x_out_37_22 39.45 3
drt: x_out_37_23 33.16 3
drt: x_out_37_24 51.63 3
drt: x_out_37_25 18.75 3
drt: x_out_37_26 11.3 3
drt: x_out_37_27 11.1 3
drt: x_out_37_28 13.02 3
drt: x_out_37_29 18.29 3
drt: x_out_37_3 14.34 3
drt: x_out_37_30 24.42 3
drt: x_out_37_31 17.82 3
drt: x_out_37_32 43.67 3
drt: x_out_37_33 33.02 3
drt: x_out_37_4 6.67 3
drt: x_out_37_5 6.7 3
drt: x_out_37_6 11.16 3
drt: x_out_37_7 42.74 3
drt: x_out_37_8 50.35 3
drt: x_out_37_9 95.73 3
drt: x_out_38_0 57.42 3
drt: x_out_38_1 104.22 3
drt: x_out_38_10 42.34 3
drt: x_out_38_11 43.23 3
drt: x_out_38_12 66.74 3
drt: x_out_38_13 42.31 3
drt: x_out_38_14 37.42 3
drt: x_out_38_15 37.03 3
drt: x_out_38_18 89.39 3
drt: x_out_38_19 108.39 3
drt: x_out_38_2 139.07 3
drt: x_out_38_20 105.67 3
drt: x_out_38_21 115.94 3
drt: x_out_38_22 113.54 3
drt: x_out_38_23 120.91 3
drt: x_out_38_24 103.74 3
drt: x_out_38_25 100.18 3
drt: x_out_38_26 89.02 3
drt: x_out_38_27 86.23 3
drt: x_out_38_28 78.87 3
drt: x_out_38_29 76.2 3
drt: x_out_38_3 124.71 3
drt: x_out_38_30 84.9 3
drt: x_out_38_31 116.59 3
drt: x_out_38_32 99.86 3
drt: x_out_38_33 92.89 3
drt: x_out_38_4 101.82 3
drt: x_out_38_5 101.22 3
drt: x_out_38_6 43.11 3
drt: x_out_38_7 77.31 3
drt: x_out_38_8 80.94 3
drt: x_out_38_9 73.06 3
drt: x_out_39_0 56.26 3
drt: x_out_39_1 97.19 3
drt: x_out_39_10 73.9 3
drt: x_out_39_11 84.67 3
drt: x_out_39_12 44.11 3
drt: x_out_39_13 32.05 3
drt: x_out_39_14 30.86 3
drt: x_out_39_15 29.42 3
drt: x_out_39_18 8.91 3
drt: x_out_39_19 80.62 3
drt: x_out_39_2 62.19 3
drt: x_out_39_20 39.34 3
drt: x_out_39_21 32.95 3
drt: x_out_39_22 37.02 3
drt: x_out_39_23 147.46 3
drt: x_out_39_24 36.19 3
drt: x_out_39_25 46.47 3
drt: x_out_39_26 46.42 3
drt: x_out_39_27 39.1 3
drt: x_out_39_28 50.66 3
drt: x_out_39_29 69.24 3
drt: x_out_39_3 139.67 3
drt: x_out_39_30 65.02 3
drt: x_out_39_31 17.65 3
drt: x_out_39_32 26.5 3
drt: x_out_39_33 11.22 3
drt: x_out_39_4 112.26 3
drt: x_out_39_5 154.78 3
drt: x_out_39_6 48.85 3
drt: x_out_39_7 59.27 3
drt: x_out_39_8 78.27 3
drt: x_out_39_9 81.22 3
drt: x_out_3_0 55.21 3
drt: x_out_3_1 156.74 3
drt: x_out_3_10 62.49 3
drt: x_out_3_11 71.51 3
drt: x_out_3_12 62.51 3
drt: x_out_3_13 80.07 3
drt: x_out_3_14 87.35 3
drt: x_out_3_15 82.71 3
drt: x_out_3_18 48.22 3
drt: x_out_3_19 49.74 3
drt: x_out_3_2 122.27 3
drt: x_out_3_20 43.65 3
drt: x_out_3_21 89.22 3
drt: x_out_3_22 187.09 3
drt: x_out_3_23 164.14 3
drt: x_out_3_24 163.29 3
drt: x_out_3_25 80.03 3
drt: x_out_3_26 80.55 3
drt: x_out_3_27 81.74 3
drt: x_out_3_28 59.43 3
drt: x_out_3_29 43.91 3
drt: x_out_3_3 74.41 3
drt: x_out_3_30 30.47 3
drt: x_out_3_31 26.74 3
drt: x_out_3_32 21.27 3
drt: x_out_3_33 16.91 3
drt: x_out_3_4 66.69 3
drt: x_out_3_5 62.33 3
drt: x_out_3_6 72.37 3
drt: x_out_3_7 51.57 3
drt: x_out_3_8 57.54 3
drt: x_out_3_9 65.92 3
drt: x_out_40_0 14.31 3
drt: x_out_40_1 72.79 3
drt: x_out_40_10 105.57 3
drt: x_out_40_11 107.46 3
drt: x_out_40_12 116.39 3
drt: x_out_40_13 102.25 3
drt: x_out_40_14 109.18 3
drt: x_out_40_15 125.5 3
drt: x_out_40_18 36.59 3
drt: x_out_40_19 77.83 3
drt: x_out_40_2 71.47 3
drt: x_out_40_20 61.39 3
drt: x_out_40_21 66.98 3
drt: x_out_40_22 61.87 3
drt: x_out_40_23 64.91 3
drt: x_out_40_24 67.5 3
drt: x_out_40_25 70.62 3
drt: x_out_40_26 90.14 3
drt: x_out_40_27 81.42 3
drt: x_out_40_28 95.75 3
drt: x_out_40_29 96.91 3
drt: x_out_40_3 80.34 3
drt: x_out_40_30 96.26 3
drt: x_out_40_31 98.27 3
drt: x_out_40_32 105.22 3
drt: x_out_40_33 103.67 3
drt: x_out_40_4 93.42 3
drt: x_out_40_5 102.31 3
drt: x_out_40_6 113.15 3
drt: x_out_40_7 101.42 3
drt: x_out_40_8 104.77 3
drt: x_out_40_9 107.07 3
drt: x_out_41_0 53.22 3
drt: x_out_41_1 67.98 3
drt: x_out_41_10 141.3 3
drt: x_out_41_11 119.14 3
drt: x_out_41_12 98.26 3
drt: x_out_41_13 82.91 3
drt: x_out_41_14 113.15 3
drt: x_out_41_15 70.62 3
drt: x_out_41_18 44.7 3
drt: x_out_41_19 63.34 3
drt: x_out_41_2 69.02 3
drt: x_out_41_20 65.95 3
drt: x_out_41_21 77.77 3
drt: x_out_41_22 97.34 3
drt: x_out_41_23 99.94 3
drt: x_out_41_24 100.5 3
drt: x_out_41_25 89.78 3
drt: x_out_41_26 81.65 3
drt: x_out_41_27 89.86 3
drt: x_out_41_28 83.57 3
drt: x_out_41_29 85.26 3
drt: x_out_41_3 76.54 3
drt: x_out_41_30 89.58 3
drt: x_out_41_31 120.95 3
drt: x_out_41_32 86.47 3
drt: x_out_41_33 88.75 3
drt: x_out_41_4 139.47 3
drt: x_out_41_5 149.3 3
drt: x_out_41_6 111.62 3
drt: x_out_41_7 150.3 3
drt: x_out_41_8 127.29 3
drt: x_out_41_9 112.82 3
drt: x_out_42_0 30.42 3
drt: x_out_42_1 32.85 3
drt: x_out_42_10 45.34 3
drt: x_out_42_11 75.34 3
drt: x_out_42_12 78.62 3
drt: x_out_42_13 69.82 3
drt: x_out_42_14 69.62 3
drt: x_out_42_15 133.86 3
drt: x_out_42_18 97.7 3
drt: x_out_42_19 94.41 3
drt: x_out_42_2 34.22 3
drt: x_out_42_20 103.26 3
drt: x_out_42_21 75.55 3
drt: x_out_42_22 88.02 3
drt: x_out_42_23 40.78 3
drt: x_out_42_24 44.51 3
drt: x_out_42_25 62.39 3
drt: x_out_42_26 49.22 3
drt: x_out_42_27 66.5 3
drt: x_out_42_28 53.32 3
drt: x_out_42_29 127.78 3
drt: x_out_42_3 35.47 3
drt: x_out_42_30 59.26 3
drt: x_out_42_31 58.58 3
drt: x_out_42_32 56.17 3
drt: x_out_42_33 130.69 3
drt: x_out_42_4 40.58 3
drt: x_out_42_5 47.9 3
drt: x_out_42_6 39.87 3
drt: x_out_42_7 53.54 3
drt: x_out_42_8 39.34 3
drt: x_out_42_9 39.02 3
drt: x_out_43_0 5.59 3
drt: x_out_43_1 12.77 3
drt: x_out_43_10 41.87 3
drt: x_out_43_11 43.59 3
drt: x_out_43_12 58.34 3
drt: x_out_43_13 72.02 3
drt: x_out_43_14 65.35 3
drt: x_out_43_15 69.57 3
drt: x_out_43_18 8.87 3
drt: x_out_43_19 21.9 3
drt: x_out_43_2 11.87 3
drt: x_out_43_20 17.42 3
drt: x_out_43_21 15.9 3
drt: x_out_43_22 23.37 3
drt: x_out_43_23 22.27 3
drt: x_out_43_24 14.9 3
drt: x_out_43_25 23.02 3
drt: x_out_43_26 47.43 3
drt: x_out_43_27 49.27 3
drt: x_out_43_28 41.14 3
drt: x_out_43_29 55.99 3
drt: x_out_43_3 26.07 3
drt: x_out_43_30 51.98 3
drt: x_out_43_31 61.15 3
drt: x_out_43_32 65.77 3
drt: x_out_43_33 56.91 3
drt: x_out_43_4 21.34 3
drt: x_out_43_5 30.39 3
drt: x_out_43_6 21.42 3
drt: x_out_43_7 26.9 3
drt: x_out_43_8 34.28 3
drt: x_out_43_9 37.62 3
drt: x_out_44_0 3.45 3
drt: x_out_44_1 41.65 3
drt: x_out_44_10 64.78 3
drt: x_out_44_11 44.87 3
drt: x_out_44_12 50.94 3
drt: x_out_44_13 55.51 3
drt: x_out_44_14 58.42 3
drt: x_out_44_15 56.86 3
drt: x_out_44_18 42.68 3
drt: x_out_44_19 45.82 3
drt: x_out_44_2 38.34 3
drt: x_out_44_20 43.51 3
drt: x_out_44_21 42.62 3
drt: x_out_44_22 32.59 3
drt: x_out_44_23 29.5 3
drt: x_out_44_24 20.82 3
drt: x_out_44_25 29.88 3
drt: x_out_44_26 23.22 3
drt: x_out_44_27 22.95 3
drt: x_out_44_28 36.22 3
drt: x_out_44_29 56.23 3
drt: x_out_44_3 42.9 3
drt: x_out_44_30 42.42 3
drt: x_out_44_31 55.06 3
drt: x_out_44_32 45.7 3
drt: x_out_44_33 48.77 3
drt: x_out_44_4 23.45 3
drt: x_out_44_5 14.86 3
drt: x_out_44_6 29.1 3
drt: x_out_44_7 33.17 3
drt: x_out_44_8 27.17 3
drt: x_out_44_9 47.55 3
drt: x_out_45_0 131.35 3
drt: x_out_45_1 133.96 3
drt: x_out_45_10 70.99 3
drt: x_out_45_11 71.79 3
drt: x_out_45_12 53.46 3
drt: x_out_45_13 60.28 3
drt: x_out_45_14 68.62 3
drt: x_out_45_15 67.27 3
drt: x_out_45_18 43.74 3
drt: x_out_45_19 132.85 3
drt: x_out_45_2 128.84 3
drt: x_out_45_20 139.25 3
drt: x_out_45_21 117.18 3
drt: x_out_45_22 117.86 3
drt: x_out_45_23 122.06 3
drt: x_out_45_24 107.77 3
drt: x_out_45_25 93.65 3
drt: x_out_45_26 89.29 3
drt: x_out_45_27 82.54 3
drt: x_out_45_28 66.87 3
drt: x_out_45_29 54.19 3
drt: x_out_45_3 143.03 3
drt: x_out_45_30 60.12 3
drt: x_out_45_31 62.79 3
drt: x_out_45_32 41.1 3
drt: x_out_45_33 49.9 3
drt: x_out_45_4 139.07 3
drt: x_out_45_5 112.68 3
drt: x_out_45_6 138.71 3
drt: x_out_45_7 123.02 3
drt: x_out_45_8 122.86 3
drt: x_out_45_9 120.42 3
drt: x_out_46_0 11.7 3
drt: x_out_46_1 52.27 3
drt: x_out_46_10 31.14 3
drt: x_out_46_11 38.3 3
drt: x_out_46_12 39.67 3
drt: x_out_46_13 40.82 3
drt: x_out_46_14 69.34 3
drt: x_out_46_15 36.42 3
drt: x_out_46_18 62.91 3
drt: x_out_46_19 70.11 3
drt: x_out_46_2 54.1 3
drt: x_out_46_20 51.27 3
drt: x_out_46_21 45.27 3
drt: x_out_46_22 44.82 3
drt: x_out_46_23 48.6 3
drt: x_out_46_24 37.59 3
drt: x_out_46_25 64.22 3
drt: x_out_46_26 51.07 3
drt: x_out_46_27 44.94 3
drt: x_out_46_28 33.3 3
drt: x_out_46_29 28.46 3
drt: x_out_46_3 7.9 3
drt: x_out_46_30 32.91 3
drt: x_out_46_31 27.22 3
drt: x_out_46_32 17.83 3
drt: x_out_46_33 15.91 3
drt: x_out_46_4 57.35 3
drt: x_out_46_5 14.54 3
drt: x_out_46_6 41.41 3
drt: x_out_46_7 21.65 3
drt: x_out_46_8 23.82 3
drt: x_out_46_9 28.54 3
drt: x_out_47_0 6.82 3
drt: x_out_47_1 11.82 3
drt: x_out_47_10 28.7 3
drt: x_out_47_11 35.28 3
drt: x_out_47_12 41.5 3
drt: x_out_47_13 50.4 3
drt: x_out_47_14 45.15 3
drt: x_out_47_15 37.54 3
drt: x_out_47_18 7.82 3
drt: x_out_47_19 24.3 3
drt: x_out_47_2 20.22 3
drt: x_out_47_20 19.82 3
drt: x_out_47_21 26.19 3
drt: x_out_47_22 18.42 3
drt: x_out_47_23 21.35 3
drt: x_out_47_24 23.75 3
drt: x_out_47_25 42.14 3
drt: x_out_47_26 26.27 3
drt: x_out_47_27 33.45 3
drt: x_out_47_28 35.74 3
drt: x_out_47_29 38.83 3
drt: x_out_47_3 18.69 3
drt: x_out_47_30 40.62 3
drt: x_out_47_31 46.25 3
drt: x_out_47_32 39.31 3
drt: x_out_47_33 46.7 3
drt: x_out_47_4 17.3 3
drt: x_out_47_5 18.9 3
drt: x_out_47_6 21.97 3
drt: x_out_47_7 45.1 3
drt: x_out_47_8 43.94 3
drt: x_out_47_9 38.39 3
drt: x_out_48_0 15.74 3
drt: x_out_48_1 61.3 3
drt: x_out_48_10 21.02 3
drt: x_out_48_11 16.02 3
drt: x_out_48_12 47.3 3
drt: x_out_48_13 30.49 3
drt: x_out_48_14 44.83 3
drt: x_out_48_15 33.99 3
drt: x_out_48_18 8.15 3
drt: x_out_48_19 15.97 3
drt: x_out_48_2 26.1 3
drt: x_out_48_20 16.65 3
drt: x_out_48_21 16.67 3
drt: x_out_48_22 34.5 3
drt: x_out_48_23 56.35 3
drt: x_out_48_24 39.67 3
drt: x_out_48_25 40.9 3
drt: x_out_48_26 34.3 3
drt: x_out_48_27 44.72 3
drt: x_out_48_28 29.75 3
drt: x_out_48_29 31.15 3
drt: x_out_48_3 40.63 3
drt: x_out_48_30 29.7 3
drt: x_out_48_31 33.66 3
drt: x_out_48_32 28.02 3
drt: x_out_48_33 32.02 3
drt: x_out_48_4 77.22 3
drt: x_out_48_5 68.42 3
drt: x_out_48_6 51.15 3
drt: x_out_48_7 27.5 3
drt: x_out_48_8 46.26 3
drt: x_out_48_9 24.47 3
drt: x_out_49_0 64.38 3
drt: x_out_49_1 80.26 3
drt: x_out_49_10 169.59 3
drt: x_out_49_11 176.07 3
drt: x_out_49_12 173.31 3
drt: x_out_49_13 170.9 3
drt: x_out_49_14 165.38 3
drt: x_out_49_15 149.7 3
drt: x_out_49_18 15.07 3
drt: x_out_49_19 26.27 3
drt: x_out_49_2 93.87 3
drt: x_out_49_20 94.31 3
drt: x_out_49_21 94.01 3
drt: x_out_49_22 32.17 3
drt: x_out_49_23 90.96 3
drt: x_out_49_24 87.42 3
drt: x_out_49_25 91.22 3
drt: x_out_49_26 136.51 3
drt: x_out_49_27 125.46 3
drt: x_out_49_28 80.07 3
drt: x_out_49_29 173.59 3
drt: x_out_49_3 99.07 3
drt: x_out_49_30 171.86 3
drt: x_out_49_31 56.89 3
drt: x_out_49_32 59.26 3
drt: x_out_49_33 62.02 3
drt: x_out_49_4 35.65 3
drt: x_out_49_5 127.62 3
drt: x_out_49_6 131.11 3
drt: x_out_49_7 79.29 3
drt: x_out_49_8 166.94 3
drt: x_out_49_9 137.34 3
drt: x_out_4_0 22.02 3
drt: x_out_4_1 25.7 3
drt: x_out_4_10 92.5 3
drt: x_out_4_11 139.74 3
drt: x_out_4_12 179.82 3
drt: x_out_4_13 128.73 3
drt: x_out_4_14 138.42 3
drt: x_out_4_15 113.3 3
drt: x_out_4_18 25.07 3
drt: x_out_4_19 46.9 3
drt: x_out_4_2 29.75 3
drt: x_out_4_20 49.84 3
drt: x_out_4_21 54.22 3
drt: x_out_4_22 31.7 3
drt: x_out_4_23 51.88 3
drt: x_out_4_24 47.22 3
drt: x_out_4_25 54.02 3
drt: x_out_4_26 67.3 3
drt: x_out_4_27 100.83 3
drt: x_out_4_28 51.27 3
drt: x_out_4_29 50.1 3
drt: x_out_4_3 30.02 3
drt: x_out_4_30 59.09 3
drt: x_out_4_31 48.82 3
drt: x_out_4_32 140.34 3
drt: x_out_4_33 131.71 3
drt: x_out_4_4 37.74 3
drt: x_out_4_5 37.94 3
drt: x_out_4_6 91.47 3
drt: x_out_4_7 67.67 3
drt: x_out_4_8 76.54 3
drt: x_out_4_9 87.82 3
drt: x_out_50_0 54.94 3
drt: x_out_50_1 71.71 3
drt: x_out_50_10 44.67 3
drt: x_out_50_11 50.79 3
drt: x_out_50_12 90.78 3
drt: x_out_50_13 56.9 3
drt: x_out_50_14 86.34 3
drt: x_out_50_15 67.15 3
drt: x_out_50_18 3.1 3
drt: x_out_50_19 63.34 3
drt: x_out_50_2 65.7 3
drt: x_out_50_20 101.47 3
drt: x_out_50_21 57.37 3
drt: x_out_50_22 60.26 3
drt: x_out_50_23 57.94 3
drt: x_out_50_24 68.51 3
drt: x_out_50_25 64.78 3
drt: x_out_50_26 71.74 3
drt: x_out_50_27 66.79 3
drt: x_out_50_28 74.46 3
drt: x_out_50_29 97.63 3
drt: x_out_50_3 77.46 3
drt: x_out_50_30 85.3 3
drt: x_out_50_31 48.35 3
drt: x_out_50_32 51.39 3
drt: x_out_50_33 76.75 3
drt: x_out_50_4 81.02 3
drt: x_out_50_5 72.99 3
drt: x_out_50_6 76.5 3
drt: x_out_50_7 71.43 3
drt: x_out_50_8 70.46 3
drt: x_out_50_9 78.23 3
drt: x_out_51_0 11.22 3
drt: x_out_51_1 33.42 3
drt: x_out_51_10 102.63 3
drt: x_out_51_11 106.67 3
drt: x_out_51_12 76.69 3
drt: x_out_51_13 71.86 3
drt: x_out_51_14 139.84 3
drt: x_out_51_15 54.34 3
drt: x_out_51_18 58.7 3
drt: x_out_51_19 137.39 3
drt: x_out_51_2 37.68 3
drt: x_out_51_20 85.57 3
drt: x_out_51_21 51.54 3
drt: x_out_51_22 64.92 3
drt: x_out_51_23 81.38 3
drt: x_out_51_24 79.78 3
drt: x_out_51_25 74.39 3
drt: x_out_51_26 75.87 3
drt: x_out_51_27 16.34 3
drt: x_out_51_28 64.82 3
drt: x_out_51_29 14.47 3
drt: x_out_51_3 40.02 3
drt: x_out_51_30 7.7 3
drt: x_out_51_31 12.62 3
drt: x_out_51_32 9.05 3
drt: x_out_51_33 18.96 3
drt: x_out_51_4 37.11 3
drt: x_out_51_5 116.62 3
drt: x_out_51_6 55.7 3
drt: x_out_51_7 85.83 3
drt: x_out_51_8 76.07 3
drt: x_out_51_9 94.22 3
drt: x_out_52_0 3.87 3
drt: x_out_52_1 13.05 3
drt: x_out_52_10 35.7 3
drt: x_out_52_11 39.88 3
drt: x_out_52_12 96.3 3
drt: x_out_52_13 39.02 3
drt: x_out_52_14 27.05 3
drt: x_out_52_15 24.82 3
drt: x_out_52_2 23.27 3
drt: x_out_52_3 27.5 3
drt: x_out_52_4 30.51 3
drt: x_out_52_5 93.5 3
drt: x_out_52_6 30.82 3
drt: x_out_52_7 36.55 3
drt: x_out_52_8 79.62 3
drt: x_out_52_9 40.61 3
drt: x_out_53_0 154.06 3
drt: x_out_53_1 60.9 3
drt: x_out_53_10 86.62 3
drt: x_out_53_11 96.14 3
drt: x_out_53_12 104.79 3
drt: x_out_53_13 111.44 3
drt: x_out_53_14 230.06 3
drt: x_out_53_15 233.27 3
drt: x_out_53_18 127.02 3
drt: x_out_53_19 130.86 3
drt: x_out_53_2 52.02 3
drt: x_out_53_20 33.99 3
drt: x_out_53_21 159.89 3
drt: x_out_53_22 175.7 3
drt: x_out_53_23 193.18 3
drt: x_out_53_24 221.43 3
drt: x_out_53_25 209.08 3
drt: x_out_53_26 89.06 3
drt: x_out_53_27 162.15 3
drt: x_out_53_28 190.59 3
drt: x_out_53_29 201.06 3
drt: x_out_53_3 171.78 3
drt: x_out_53_30 48.42 3
drt: x_out_53_31 102.31 3
drt: x_out_53_32 11.42 3
drt: x_out_53_33 5.62 3
drt: x_out_53_4 163.3 3
drt: x_out_53_5 168.14 3
drt: x_out_53_6 186.37 3
drt: x_out_53_7 149.87 3
drt: x_out_53_8 196.62 3
drt: x_out_53_9 208.06 3
drt: x_out_54_0 19.27 3
drt: x_out_54_1 24.44 3
drt: x_out_54_10 95.46 3
drt: x_out_54_11 92.89 3
drt: x_out_54_12 90.49 3
drt: x_out_54_13 120.7 3
drt: x_out_54_14 105.7 3
drt: x_out_54_15 100.03 3
drt: x_out_54_18 110.86 3
drt: x_out_54_19 51.25 3
drt: x_out_54_2 32.03 3
drt: x_out_54_20 48.79 3
drt: x_out_54_21 79.14 3
drt: x_out_54_22 58.86 3
drt: x_out_54_23 61.66 3
drt: x_out_54_24 59.5 3
drt: x_out_54_25 80.99 3
drt: x_out_54_26 55.1 3
drt: x_out_54_27 90.46 3
drt: x_out_54_28 65.3 3
drt: x_out_54_29 184.54 3
drt: x_out_54_3 71.3 3
drt: x_out_54_30 83.57 3
drt: x_out_54_31 32.46 3
drt: x_out_54_32 24.31 3
drt: x_out_54_33 9.22 3
drt: x_out_54_4 71.62 3
drt: x_out_54_5 55.93 3
drt: x_out_54_6 60.05 3
drt: x_out_54_7 41.57 3
drt: x_out_54_8 50.38 3
drt: x_out_54_9 105.74 3
drt: x_out_55_0 14.42 3
drt: x_out_55_1 61.7 3
drt: x_out_55_10 191.38 3
drt: x_out_55_11 106.11 3
drt: x_out_55_12 94.54 3
drt: x_out_55_13 95.64 3
drt: x_out_55_14 101.86 3
drt: x_out_55_15 97.06 3
drt: x_out_55_18 39.05 3
drt: x_out_55_19 66.3 3
drt: x_out_55_2 52.29 3
drt: x_out_55_20 51.54 3
drt: x_out_55_21 69.78 3
drt: x_out_55_22 47.45 3
drt: x_out_55_23 52.3 3
drt: x_out_55_24 43.79 3
drt: x_out_55_25 54.42 3
drt: x_out_55_26 82.22 3
drt: x_out_55_27 77.54 3
drt: x_out_55_28 59.37 3
drt: x_out_55_29 68.46 3
drt: x_out_55_3 60.57 3
drt: x_out_55_30 18.38 3
drt: x_out_55_31 4.15 3
drt: x_out_55_32 60.7 3
drt: x_out_55_33 55.5 3
drt: x_out_55_4 27.54 3
drt: x_out_55_5 45.91 3
drt: x_out_55_6 94.65 3
drt: x_out_55_7 89.91 3
drt: x_out_55_8 105.67 3
drt: x_out_55_9 199.5 3
drt: x_out_56_0 11.3 3
drt: x_out_56_1 80.59 3
drt: x_out_56_10 93.82 3
drt: x_out_56_11 88.3 3
drt: x_out_56_12 90.99 3
drt: x_out_56_13 96.02 3
drt: x_out_56_14 100.7 3
drt: x_out_56_15 176.23 3
drt: x_out_56_18 30.14 3
drt: x_out_56_19 97.94 3
drt: x_out_56_2 50.29 3
drt: x_out_56_20 88.14 3
drt: x_out_56_21 45.75 3
drt: x_out_56_22 61.19 3
drt: x_out_56_23 75.22 3
drt: x_out_56_24 78.19 3
drt: x_out_56_25 104.74 3
drt: x_out_56_26 154.32 3
drt: x_out_56_27 159.63 3
drt: x_out_56_28 106.82 3
drt: x_out_56_29 102.19 3
drt: x_out_56_3 107.51 3
drt: x_out_56_30 105.35 3
drt: x_out_56_31 99.22 3
drt: x_out_56_32 92.59 3
drt: x_out_56_33 90.66 3
drt: x_out_56_4 52.19 3
drt: x_out_56_5 78.54 3
drt: x_out_56_6 80.15 3
drt: x_out_56_7 132.9 3
drt: x_out_56_8 164.59 3
drt: x_out_56_9 109.91 3
drt: x_out_57_0 30.11 3
drt: x_out_57_1 49.98 3
drt: x_out_57_10 77.22 3
drt: x_out_57_11 77.39 3
drt: x_out_57_12 98.06 3
drt: x_out_57_13 96.46 3
drt: x_out_57_14 106.04 3
drt: x_out_57_15 107.18 3
drt: x_out_57_18 13.94 3
drt: x_out_57_19 48.79 3
drt: x_out_57_2 54.37 3
drt: x_out_57_20 41.67 3
drt: x_out_57_21 60.46 3
drt: x_out_57_22 56.48 3
drt: x_out_57_23 60.76 3
drt: x_out_57_24 71.54 3
drt: x_out_57_25 90.9 3
drt: x_out_57_26 75.81 3
drt: x_out_57_27 77.46 3
drt: x_out_57_28 73.67 3
drt: x_out_57_29 78.51 3
drt: x_out_57_3 66.14 3
drt: x_out_57_30 88.67 3
drt: x_out_57_31 120.86 3
drt: x_out_57_32 114.31 3
drt: x_out_57_33 114.91 3
drt: x_out_57_4 68.98 3
drt: x_out_57_5 67.67 3
drt: x_out_57_6 70.9 3
drt: x_out_57_7 56.99 3
drt: x_out_57_8 59.62 3
drt: x_out_57_9 68.56 3
drt: x_out_58_0 9.91 3
drt: x_out_58_1 21.62 3
drt: x_out_58_10 79.77 3
drt: x_out_58_11 88.22 3
drt: x_out_58_12 115.39 3
drt: x_out_58_13 90.02 3
drt: x_out_58_14 136.9 3
drt: x_out_58_15 95.63 3
drt: x_out_58_18 36.82 3
drt: x_out_58_19 18.5 3
drt: x_out_58_2 6.47 3
drt: x_out_58_20 15.42 3
drt: x_out_58_21 41.22 3
drt: x_out_58_22 40.15 3
drt: x_out_58_23 42.57 3
drt: x_out_58_24 52.22 3
drt: x_out_58_25 91.7 3
drt: x_out_58_26 86.48 3
drt: x_out_58_27 82.57 3
drt: x_out_58_28 82.1 3
drt: x_out_58_29 103.82 3
drt: x_out_58_3 8.65 3
drt: x_out_58_30 110.66 3
drt: x_out_58_31 102.05 3
drt: x_out_58_32 12.67 3
drt: x_out_58_33 10.3 3
drt: x_out_58_4 21.14 3
drt: x_out_58_5 11.67 3
drt: x_out_58_6 41.82 3
drt: x_out_58_7 17.02 3
drt: x_out_58_8 28.08 3
drt: x_out_58_9 75.87 3
drt: x_out_59_0 31.22 3
drt: x_out_59_1 107.62 3
drt: x_out_59_10 96.43 3
drt: x_out_59_11 105.22 3
drt: x_out_59_12 104.27 3
drt: x_out_59_13 108.5 3
drt: x_out_59_14 101.82 3
drt: x_out_59_15 108.02 3
drt: x_out_59_18 68.48 3
drt: x_out_59_19 112.87 3
drt: x_out_59_2 111.14 3
drt: x_out_59_20 121.79 3
drt: x_out_59_21 203.19 3
drt: x_out_59_22 121.91 3
drt: x_out_59_23 154.9 3
drt: x_out_59_24 155.99 3
drt: x_out_59_25 154.78 3
drt: x_out_59_26 146.55 3
drt: x_out_59_27 156.68 3
drt: x_out_59_28 151.06 3
drt: x_out_59_29 119.85 3
drt: x_out_59_3 135.24 3
drt: x_out_59_30 132.47 3
drt: x_out_59_31 117.3 3
drt: x_out_59_32 112.68 3
drt: x_out_59_33 114.02 3
drt: x_out_59_4 97.69 3
drt: x_out_59_5 89.42 3
drt: x_out_59_6 98.06 3
drt: x_out_59_7 182.86 3
drt: x_out_59_8 102.33 3
drt: x_out_59_9 91.75 3
drt: x_out_5_0 9.5 3
drt: x_out_5_1 10.37 3
drt: x_out_5_10 68.23 3
drt: x_out_5_11 83.9 3
drt: x_out_5_12 71.54 3
drt: x_out_5_13 67.99 3
drt: x_out_5_14 75.37 3
drt: x_out_5_15 54.43 3
drt: x_out_5_18 9.62 3
drt: x_out_5_19 38.95 3
drt: x_out_5_2 11.07 3
drt: x_out_5_20 31.72 3
drt: x_out_5_21 28.06 3
drt: x_out_5_22 36.42 3
drt: x_out_5_23 26.22 3
drt: x_out_5_24 23.39 3
drt: x_out_5_25 22.51 3
drt: x_out_5_26 11.9 3
drt: x_out_5_27 12.7 3
drt: x_out_5_28 14.91 3
drt: x_out_5_29 20.22 3
drt: x_out_5_3 7.7 3
drt: x_out_5_30 31.74 3
drt: x_out_5_31 24.5 3
drt: x_out_5_32 20.74 3
drt: x_out_5_33 35.9 3
drt: x_out_5_4 10.87 3
drt: x_out_5_5 12.9 3
drt: x_out_5_6 25.1 3
drt: x_out_5_7 39.19 3
drt: x_out_5_8 47.68 3
drt: x_out_5_9 58.19 3
drt: x_out_60_0 96.79 3
drt: x_out_60_1 54.22 3
drt: x_out_60_10 59.86 3
drt: x_out_60_11 56.62 3
drt: x_out_60_12 82.67 3
drt: x_out_60_13 79.1 3
drt: x_out_60_14 79.74 3
drt: x_out_60_15 132.82 3
drt: x_out_60_18 46.82 3
drt: x_out_60_19 127.26 3
drt: x_out_60_2 63.7 3
drt: x_out_60_20 66.23 3
drt: x_out_60_21 80.78 3
drt: x_out_60_22 87.55 3
drt: x_out_60_23 85.35 3
drt: x_out_60_24 56.54 3
drt: x_out_60_25 60.35 3
drt: x_out_60_26 67.7 3
drt: x_out_60_27 97.35 3
drt: x_out_60_28 148.55 3
drt: x_out_60_29 51.82 3
drt: x_out_60_3 100.99 3
drt: x_out_60_30 54.1 3
drt: x_out_60_31 48.12 3
drt: x_out_60_32 51.62 3
drt: x_out_60_33 61.62 3
drt: x_out_60_4 67.18 3
drt: x_out_60_5 83.62 3
drt: x_out_60_6 87.34 3
drt: x_out_60_7 79.3 3
drt: x_out_60_8 55.57 3
drt: x_out_60_9 53.88 3
drt: x_out_61_0 37.22 3
drt: x_out_61_1 43.63 3
drt: x_out_61_10 61.39 3
drt: x_out_61_11 94.81 3
drt: x_out_61_12 159.71 3
drt: x_out_61_13 100.47 3
drt: x_out_61_14 143.66 3
drt: x_out_61_15 84.3 3
drt: x_out_61_18 29.28 3
drt: x_out_61_19 31.27 3
drt: x_out_61_2 47.83 3
drt: x_out_61_20 55.42 3
drt: x_out_61_21 75.51 3
drt: x_out_61_22 36.98 3
drt: x_out_61_23 52.79 3
drt: x_out_61_24 68.22 3
drt: x_out_61_25 52.1 3
drt: x_out_61_26 57.22 3
drt: x_out_61_27 47.19 3
drt: x_out_61_28 44.02 3
drt: x_out_61_29 95.9 3
drt: x_out_61_3 51.67 3
drt: x_out_61_30 34.82 3
drt: x_out_61_31 88.82 3
drt: x_out_61_32 25.1 3
drt: x_out_61_33 73.99 3
drt: x_out_61_4 45.42 3
drt: x_out_61_5 62.54 3
drt: x_out_61_6 56.34 3
drt: x_out_61_7 50.88 3
drt: x_out_61_8 50.57 3
drt: x_out_61_9 55.34 3
drt: x_out_62_0 44.15 3
drt: x_out_62_1 31.02 3
drt: x_out_62_10 56.82 3
drt: x_out_62_11 65.74 3
drt: x_out_62_12 59.1 3
drt: x_out_62_13 69.75 3
drt: x_out_62_14 68.75 3
drt: x_out_62_15 60.31 3
drt: x_out_62_18 110.87 3
drt: x_out_62_19 32.07 3
drt: x_out_62_2 69.34 3
drt: x_out_62_20 33.82 3
drt: x_out_62_21 25.43 3
drt: x_out_62_22 25.7 3
drt: x_out_62_23 21.3 3
drt: x_out_62_24 18.02 3
drt: x_out_62_25 11.9 3
drt: x_out_62_26 10.34 3
drt: x_out_62_27 17.7 3
drt: x_out_62_28 15.42 3
drt: x_out_62_29 16.7 3
drt: x_out_62_3 86.67 3
drt: x_out_62_30 16.15 3
drt: x_out_62_31 18.91 3
drt: x_out_62_32 9.95 3
drt: x_out_62_33 11.62 3
drt: x_out_62_4 66.06 3
drt: x_out_62_5 61.31 3
drt: x_out_62_6 70.34 3
drt: x_out_62_7 60.5 3
drt: x_out_62_8 43.7 3
drt: x_out_62_9 45.59 3
drt: x_out_63_0 38.59 3
drt: x_out_63_1 79.7 3
drt: x_out_63_10 170.67 3
drt: x_out_63_11 139.51 3
drt: x_out_63_12 115.74 3
drt: x_out_63_13 100.7 3
drt: x_out_63_14 111.27 3
drt: x_out_63_15 97.02 3
drt: x_out_63_18 32.63 3
drt: x_out_63_19 89.91 3
drt: x_out_63_2 75.54 3
drt: x_out_63_20 124.26 3
drt: x_out_63_21 100.62 3
drt: x_out_63_22 106.09 3
drt: x_out_63_23 114.09 3
drt: x_out_63_24 88.71 3
drt: x_out_63_25 107.62 3
drt: x_out_63_26 105.82 3
drt: x_out_63_27 99.46 3
drt: x_out_63_28 99.11 3
drt: x_out_63_29 112.51 3
drt: x_out_63_3 74.39 3
drt: x_out_63_30 105.14 3
drt: x_out_63_31 48.57 3
drt: x_out_63_32 19.9 3
drt: x_out_63_33 74.78 3
drt: x_out_63_4 90.14 3
drt: x_out_63_5 94.74 3
drt: x_out_63_6 89.07 3
drt: x_out_63_7 109.47 3
drt: x_out_63_8 154.7 3
drt: x_out_63_9 111.67 3
drt: x_out_6_0 44.54 3
drt: x_out_6_1 61.63 3
drt: x_out_6_10 37.5 3
drt: x_out_6_11 29.79 3
drt: x_out_6_12 37.39 3
drt: x_out_6_13 28.28 3
drt: x_out_6_14 37.82 3
drt: x_out_6_15 43.54 3
drt: x_out_6_18 43.99 3
drt: x_out_6_19 58.51 3
drt: x_out_6_2 82.83 3
drt: x_out_6_20 81.51 3
drt: x_out_6_21 64.74 3
drt: x_out_6_22 90.47 3
drt: x_out_6_23 94.45 3
drt: x_out_6_24 47.66 3
drt: x_out_6_25 43.31 3
drt: x_out_6_26 32.89 3
drt: x_out_6_27 37.87 3
drt: x_out_6_28 38.14 3
drt: x_out_6_29 44.99 3
drt: x_out_6_3 62.38 3
drt: x_out_6_30 35.34 3
drt: x_out_6_31 50.37 3
drt: x_out_6_32 37.02 3
drt: x_out_6_33 24.7 3
drt: x_out_6_4 58.07 3
drt: x_out_6_5 64.06 3
drt: x_out_6_6 50.22 3
drt: x_out_6_7 47.82 3
drt: x_out_6_8 51.22 3
drt: x_out_6_9 49.64 3
drt: x_out_7_0 56.03 3
drt: x_out_7_1 113.7 3
drt: x_out_7_10 78.77 3
drt: x_out_7_11 83.87 3
drt: x_out_7_12 49.87 3
drt: x_out_7_13 18.45 3
drt: x_out_7_14 28.88 3
drt: x_out_7_15 13.7 3
drt: x_out_7_18 65.54 3
drt: x_out_7_19 65.34 3
drt: x_out_7_2 89.35 3
drt: x_out_7_20 132.87 3
drt: x_out_7_21 37.42 3
drt: x_out_7_22 38.42 3
drt: x_out_7_23 35.45 3
drt: x_out_7_24 29.07 3
drt: x_out_7_25 42.23 3
drt: x_out_7_26 40.07 3
drt: x_out_7_27 42.42 3
drt: x_out_7_28 50.31 3
drt: x_out_7_29 70.17 3
drt: x_out_7_3 62.26 3
drt: x_out_7_30 61.59 3
drt: x_out_7_31 19.9 3
drt: x_out_7_32 11.74 3
drt: x_out_7_33 18.22 3
drt: x_out_7_4 57.63 3
drt: x_out_7_5 54.22 3
drt: x_out_7_6 63.02 3
drt: x_out_7_7 69.82 3
drt: x_out_7_8 82.62 3
drt: x_out_7_9 80.5 3
drt: x_out_8_0 12.99 3
drt: x_out_8_1 70.35 3
drt: x_out_8_10 116.23 3
drt: x_out_8_11 109.25 3
drt: x_out_8_12 102.72 3
drt: x_out_8_13 108.75 3
drt: x_out_8_14 100.22 3
drt: x_out_8_15 97.14 3
drt: x_out_8_18 42.35 3
drt: x_out_8_19 76.35 3
drt: x_out_8_2 66.06 3
drt: x_out_8_20 95.7 3
drt: x_out_8_21 63.02 3
drt: x_out_8_22 58.71 3
drt: x_out_8_23 63.29 3
drt: x_out_8_24 70.47 3
drt: x_out_8_25 74.64 3
drt: x_out_8_26 85.19 3
drt: x_out_8_27 93.66 3
drt: x_out_8_28 95.46 3
drt: x_out_8_29 100.23 3
drt: x_out_8_3 75.14 3
drt: x_out_8_30 102.82 3
drt: x_out_8_31 99.02 3
drt: x_out_8_32 99.39 3
drt: x_out_8_33 102.87 3
drt: x_out_8_4 75.03 3
drt: x_out_8_5 156.1 3
drt: x_out_8_6 153.41 3
drt: x_out_8_7 164.94 3
drt: x_out_8_8 197.19 3
drt: x_out_8_9 141.37 3
drt: x_out_9_0 45.19 3
drt: x_out_9_1 65.95 3
drt: x_out_9_10 140.09 3
drt: x_out_9_11 127.79 3
drt: x_out_9_12 95.22 3
drt: x_out_9_13 92.98 3
drt: x_out_9_14 69.75 3
drt: x_out_9_15 81.72 3
drt: x_out_9_18 46.5 3
drt: x_out_9_19 59.1 3
drt: x_out_9_2 120.86 3
drt: x_out_9_20 67.51 3
drt: x_out_9_21 81.74 3
drt: x_out_9_22 122.78 3
drt: x_out_9_23 121.43 3
drt: x_out_9_24 80.39 3
drt: x_out_9_25 88.96 3
drt: x_out_9_26 99.78 3
drt: x_out_9_27 86.67 3
drt: x_out_9_28 72.62 3
drt: x_out_9_29 81.7 3
drt: x_out_9_3 116.79 3
drt: x_out_9_30 87.5 3
drt: x_out_9_31 101.99 3
drt: x_out_9_32 83.3 3
drt: x_out_9_33 79.58 3
drt: x_out_9_4 134.34 3
drt: x_out_9_5 98.87 3
drt: x_out_9_6 123.02 3
drt: x_out_9_7 134.63 3
drt: x_out_9_8 132.25 3
drt: x_out_9_9 145.38 3
drt: FE_OFN0_n_17395 3.8 2
drt: FE_OFN1000_n_17200 9.92 2
drt: FE_OFN1001_n_17200 31.12 2
drt: FE_OFN1002_n_19855 3.72 2
drt: FE_OFN1003_n_19855 5.12 2
drt: FE_OFN1004_n_23624 2.2 2
drt: FE_OFN1005_n_23624 2.2 2
drt: FE_OFN1006_n_24950 1.4 2
drt: FE_OFN1007_n_24950 3.24 2
drt: FE_OFN1008_n_27881 2 2
drt: FE_OFN1009_n_27881 1.8 2
drt: FE_OFN100_n_27449 370.51 21
drt: FE_OFN1010_n_28328 11.4 2
drt: FE_OFN1011_n_28328 5.92 2
drt: FE_OFN1012_n_28629 1.44 2
drt: FE_OFN1014_n_16571 5.12 2
drt: FE_OFN1015_n_16571 7.41 4
drt: FE_OFN1016_n_17433 2.8 2
drt: FE_OFN1017_n_17433 9.64 5
drt: FE_OFN1018_n_22081 10.61 2
drt: FE_OFN1019_n_22081 35.32 2
drt: FE_OFN101_n_27449 381.69 19
drt: FE_OFN1020_n_28703 4 2
drt: FE_OFN1021_n_28703 4.2 2
drt: FE_OFN1028_n_14570 3.72 2
drt: FE_OFN1029_n_14570 8.32 4
drt: FE_OFN102_n_27449 507.54 19
drt: FE_OFN1030_n_19666 3.2 2
drt: FE_OFN1031_n_19666 9.6 4
drt: FE_OFN1034_n_21194 7.84 2
drt: FE_OFN1035_n_21194 7.12 2
drt: FE_OFN1036_n_26168 4 2
drt: FE_OFN1037_n_26168 14.64 2
drt: FE_OFN1038_n_27890 9.6 2
drt: FE_OFN1039_n_27890 6.8 2
drt: FE_OFN103_n_27449 9.45 5
drt: FE_OFN1044_n_26162 9.96 2
drt: FE_OFN1045_n_26162 5.8 2
drt: FE_OFN1046_n_27057 30.72 2
drt: FE_OFN1047_n_27057 10.6 2
drt: FE_OFN104_n_27449 336.44 20
drt: FE_OFN1054_n_25805 0.8 2
drt: FE_OFN1055_n_25805 7.84 2
drt: FE_OFN1056_n_18817 1.4 2
drt: FE_OFN1057_n_18817 4.72 2
drt: FE_OFN1058_n_18610 3.4 2
drt: FE_OFN1059_n_18610 19.4 4
drt: FE_OFN105_n_27449 403.2 20
drt: FE_OFN1060_n_19587 3.8 2
drt: FE_OFN1061_n_19587 24.8 5
drt: FE_OFN106_n_27449 1.92 2
drt: FE_OFN1073_n_6399 17.32 6
drt: FE_OFN107_n_27449 5.61 3
drt: FE_OFN1080_n_14273 4.32 2
drt: FE_OFN1081_n_14273 6.2 4
drt: FE_OFN1082_n_8877 5.4 2
drt: FE_OFN1083_n_8877 9.21 5
drt: FE_OFN1084_n_14427 1.6 2
drt: FE_OFN1085_n_14427 8.52 5
drt: FE_OFN1086_n_8974 1.84 2
drt: FE_OFN1087_n_8974 8.64 6
drt: FE_OFN1088_n_8985 0.6 2
drt: FE_OFN1089_n_8985 8.84 5
drt: FE_OFN108_n_27449 412.94 17
drt: FE_OFN1090_n_8621 1.6 2
drt: FE_OFN1091_n_8621 26.2 7
drt: FE_OFN109_n_27449 2.6 4
drt: FE_OFN10_n_29204 0.81 3
drt: FE_OFN1100_n_12369 3.92 2
drt: FE_OFN1101_n_12369 8.44 4
drt: FE_OFN1102_rst 79.76 5
drt: FE_OFN1103_rst 61.44 7
drt: FE_OFN1104_rst 2.22 4
drt: FE_OFN1105_rst 0.81 3
drt: FE_OFN1106_rst 320.98 19
drt: FE_OFN1107_rst 6.2 2
drt: FE_OFN1108_rst 590.2 23
drt: FE_OFN1109_rst 383.88 19
drt: FE_OFN1110_rst 465.65 21
drt: FE_OFN1111_rst 423.12 21
drt: FE_OFN1112_rst 388.18 26
drt: FE_OFN1113_rst 461.65 18
drt: FE_OFN1114_rst 414 21
drt: FE_OFN1115_rst 501.58 16
drt: FE_OFN1117_rst 418.46 18
drt: FE_OFN1118_rst 378.52 9
drt: FE_OFN1119_rst 351.56 19
drt: FE_OFN111_n_27449 6.8 3
drt: FE_OFN1120_rst 308.25 18
drt: FE_OFN1121_rst 545.86 23
drt: FE_OFN1122_rst 3.01 3
drt: FE_OFN1123_rst 354.74 18
drt: FE_OFN1124_rst 334.87 16
drt: FE_OFN1125_n_29632 7.84 2
drt: FE_OFN1126_n_29632 3.92 2
drt: FE_OFN1127_n_29567 5.92 2
drt: FE_OFN1128_n_29567 11.32 2
drt: FE_OFN1129_n_6399 13.36 3
drt: FE_OFN1130_n_27986 3.4 2
drt: FE_OFN1131_n_28629 2.04 2
drt: FE_OFN1132_n_28627 53.81 2
drt: FE_OFN1133_n_28782 10.72 2
drt: FE_OFN1134_n_28627 10.12 2
drt: FE_OFN1135_n_28794 5.4 2
drt: FE_OFN1136_n_28794 9.32 2
drt: FE_OFN1137_n_28938 3.72 2
drt: FE_OFN1138_n_28938 2 2
drt: FE_OFN1139_n_27012 7.8 3
drt: FE_OFN113_n_27449 302.1 18
drt: FE_OFN1140_n_27012 5.12 2
drt: FE_OFN1141_n_27012 3.2 2
drt: FE_OFN1142_n_27012 2.8 3
drt: FE_OFN1143_n_27012 308.93 15
drt: FE_OFN1144_n_27012 1.6 2
drt: FE_OFN1145_n_4860 5.64 3
drt: FE_OFN1146_n_4860 203.29 8
drt: FE_OFN1147_n_4860 5.4 2
drt: FE_OFN1148_n_6525 0.8 2
drt: FE_OFN1149_n_6525 2.6 2
drt: FE_OFN114_n_27449 276.35 17
drt: FE_OFN1150_n_3069 13.44 3
drt: FE_OFN1151_n_3069 10.73 3
drt: FE_OFN1152_n_3069 23.93 4
drt: FE_OFN1153_n_14586 37.32 3
drt: FE_OFN1154_n_14586 94 2
drt: FE_OFN1155_n_14586 100.77 3
drt: FE_OFN1156_n_26184 10.4 2
drt: FE_OFN1157_n_26184 30.04 2
drt: FE_OFN1158_n_26184 11.13 3
drt: FE_OFN1159_n_26184 2.84 2
drt: FE_OFN115_n_27449 252.89 17
drt: FE_OFN1160_n_26184 44.04 2
drt: FE_OFN1161_n_5003 5 2
drt: FE_OFN1162_n_5003 294.32 6
drt: FE_OFN1163_n_4162 13.04 3
drt: FE_OFN1164_n_4162 1.01 3
drt: FE_OFN1165_n_4162 7.92 3
drt: FE_OFN1166_n_4162 17.04 3
drt: FE_OFN1167_n_4162 3.56 3
drt: FE_OFN1168_n_4162 0.32 2
drt: FE_OFN1169_n_4860 3.4 3
drt: FE_OFN116_n_27449 445.05 25
drt: FE_OFN1170_n_4860 5.2 3
drt: FE_OFN1171_n_4860 355.05 11
drt: FE_OFN1172_n_4860 119.13 4
drt: FE_OFN1173_n_4860 0.32 2
drt: FE_OFN1174_n_4860 436.87 23
drt: FE_OFN1175_n_28597 6.2 3
drt: FE_OFN1176_n_28597 117.08 3
drt: FE_OFN1177_n_28597 1.4 2
drt: FE_OFN1178_n_17184 39.44 2
drt: FE_OFN1179_n_17184 46 2
drt: FE_OFN117_n_27449 120.76 4
drt: FE_OFN1180_rst 13.52 3
drt: FE_OFN1181_rst 214.35 13
drt: FE_OFN1182_rst 201.16 9
drt: FE_OFN1183_n_6701 3 2
drt: FE_OFN1184_n_6701 7.25 5
drt: FE_OFN1185_n_12201 4.2 2
drt: FE_OFN1186_n_12201 10.64 5
drt: FE_OFN1187_n_5249 1.64 2
drt: FE_OFN1188_n_5249 9.24 6
drt: FE_OFN1189_n_13090 7 2
drt: FE_OFN118_n_27449 4.12 3
drt: FE_OFN1190_n_13090 6.8 5
drt: FE_OFN1191_n_11896 0.6 2
drt: FE_OFN1192_n_11896 5.84 4
drt: FE_OFN1193_n_12908 0.6 2
drt: FE_OFN1194_n_12908 2.44 3
drt: FE_OFN1195_n_12016 1.6 2
drt: FE_OFN1196_n_12016 10.4 4
drt: FE_OFN1197_n_13003 4.24 2
drt: FE_OFN1198_n_13003 7.8 5
drt: FE_OFN1199_n_10340 0.6 2
drt: FE_OFN119_n_27449 252.73 13
drt: FE_OFN11_n_29204 309.52 8
drt: FE_OFN1200_n_10340 5.6 4
drt: FE_OFN1201_n_5312 7.2 2
drt: FE_OFN1202_n_5312 7.52 4
drt: FE_OFN1203_n_11679 2 2
drt: FE_OFN1204_n_11679 5.8 4
drt: FE_OFN1205_n_9308 0.6 2
drt: FE_OFN1206_n_9308 7 4
drt: FE_OFN1207_n_10456 0.61 2
drt: FE_OFN1208_n_10456 7.92 5
drt: FE_OFN1209_n_10458 1.8 2
drt: FE_OFN120_n_27449 0.8 2
drt: FE_OFN1210_n_10458 7.6 5
drt: FE_OFN1211_n_10465 7.6 2
drt: FE_OFN1212_n_10465 7.2 5
drt: FE_OFN1213_n_10469 3.32 2
drt: FE_OFN1214_n_10469 11.76 5
drt: FE_OFN1215_n_12761 0.6 2
drt: FE_OFN1216_n_12761 10 5
drt: FE_OFN1217_n_13369 3.8 2
drt: FE_OFN1218_n_13369 15.88 5
drt: FE_OFN1219_n_8798 7.04 2
drt: FE_OFN121_n_27449 0.6 2
drt: FE_OFN1220_n_8798 9.8 4
drt: FE_OFN1221_n_6089 2.2 2
drt: FE_OFN1222_n_6089 8.64 4
drt: FE_OFN1223_n_29433 7.8 2
drt: FE_OFN1224_n_29433 11.96 5
drt: FE_OFN1225_n_10183 5.04 2
drt: FE_OFN1226_n_10183 6.4 4
drt: FE_OFN1227_n_23261 3 2
drt: FE_OFN1228_n_23261 3.52 2
drt: FE_OFN1229_n_24166 3.4 2
drt: FE_OFN122_n_27449 423.57 22
drt: FE_OFN1230_n_24166 9.2 3
drt: FE_OFN1231_n_12068 1.2 2
drt: FE_OFN1232_n_12068 12.28 5
drt: FE_OFN1233_n_4979 0.8 2
drt: FE_OFN1234_n_4979 10.12 5
drt: FE_OFN1235_n_16615 7.8 2
drt: FE_OFN1236_n_16615 6.16 4
drt: FE_OFN1237_n_10491 5.4 2
drt: FE_OFN1238_n_10491 5.01 5
drt: FE_OFN1239_n_10499 0.32 2
drt: FE_OFN123_n_27449 10.81 4
drt: FE_OFN1240_n_10499 8.8 4
drt: FE_OFN1241_n_29553 3 2
drt: FE_OFN1242_n_29553 2.8 2
drt: FE_OFN1243_n_12940 8.32 2
drt: FE_OFN1244_n_12940 11.01 5
drt: FE_OFN1245_n_4900 1.4 2
drt: FE_OFN1246_n_4900 11.97 5
drt: FE_OFN1247_n_8470 0.6 2
drt: FE_OFN1248_n_8470 7.73 5
drt: FE_OFN1249_n_5334 1 2
drt: FE_OFN124_n_27449 363.74 19
drt: FE_OFN1250_n_5334 11.25 5
drt: FE_OFN1251_n_25296 1.4 2
drt: FE_OFN1252_n_25296 17.6 4
drt: FE_OFN1253_n_12186 0.6 2
drt: FE_OFN1254_n_12186 9.2 5
drt: FE_OFN1255_n_10520 4.2 2
drt: FE_OFN1256_n_10520 8.44 5
drt: FE_OFN1257_n_4905 0.6 2
drt: FE_OFN1258_n_4905 4.2 4
drt: FE_OFN1259_n_6178 3.8 2
drt: FE_OFN125_n_27449 395.84 25
drt: FE_OFN1260_n_6178 7.32 4
drt: FE_OFN1261_n_6197 2 2
drt: FE_OFN1262_n_6197 5.52 4
drt: FE_OFN1263_n_29354 6.6 2
drt: FE_OFN1264_n_29354 1.64 2
drt: FE_OFN1265_n_16620 1.8 2
drt: FE_OFN1266_n_16620 6.6 4
drt: FE_OFN1267_n_29314 2.04 2
drt: FE_OFN1268_n_29314 8.01 4
drt: FE_OFN1269_n_29015 0.4 2
drt: FE_OFN126_n_27449 0.6 2
drt: FE_OFN1270_n_29015 6 3
drt: FE_OFN1271_n_9600 1.6 2
drt: FE_OFN1272_n_9600 5.41 5
drt: FE_OFN1273_n_8977 2.6 2
drt: FE_OFN1274_n_8977 16.09 6
drt: FE_OFN1275_n_12754 3.8 2
drt: FE_OFN1276_n_12754 7.92 5
drt: FE_OFN1277_n_6116 1.8 2
drt: FE_OFN1278_n_6116 5.44 4
drt: FE_OFN1279_n_8068 5.8 2
drt: FE_OFN127_n_27449 302.42 18
drt: FE_OFN1280_n_8068 12.12 4
drt: FE_OFN128_n_27449 325.48 17
drt: FE_OFN129_n_27449 308.72 21
drt: FE_OFN12_n_29204 348.33 6
drt: FE_OFN130_n_27449 266.18 21
drt: FE_OFN131_n_27449 323.98 19
drt: FE_OFN133_n_27449 238.8 17
drt: FE_OFN134_n_27449 946.24 56
drt: FE_OFN135_n_27449 120.66 16
drt: FE_OFN136_n_27449 268.85 28
drt: FE_OFN138_n_27449 292.32 17
drt: FE_OFN139_n_27449 210.93 17
drt: FE_OFN13_n_29068 15.32 3
drt: FE_OFN141_n_27449 339.01 16
drt: FE_OFN142_n_27449 292.54 21
drt: FE_OFN143_n_7361 1.8 2
drt: FE_OFN144_n_7361 89.08 4
drt: FE_OFN145_n_2667 0.6 2
drt: FE_OFN146_n_2667 192.89 5
drt: FE_OFN147_n_25677 26.56 4
drt: FE_OFN148_n_25677 275.29 6
drt: FE_OFN149_n_25677 134.06 6
drt: FE_OFN14_n_29068 271.69 6
drt: FE_OFN150_n_25677 88.8 6
drt: FE_OFN151_n_22615 2.2 2
drt: FE_OFN152_n_22615 341.88 7
drt: FE_OFN153_n_22615 5.6 2
drt: FE_OFN154_n_22615 48.08 4
drt: FE_OFN155_n_28014 15.32 4
drt: FE_OFN156_n_28014 364.72 8
drt: FE_OFN157_n_28014 261.53 7
drt: FE_OFN158_n_28014 32.24 3
drt: FE_OFN159_n_28014 7.6 2
drt: FE_OFN15_n_29068 73.48 4
drt: FE_OFN160_n_28014 38.88 3
drt: FE_OFN161_n_26454 7 2
drt: FE_OFN162_n_26454 229.84 5
drt: FE_OFN164_n_29269 9.32 3
drt: FE_OFN165_n_29269 194.25 4
drt: FE_OFN166_n_29269 412.68 9
drt: FE_OFN169_n_22948 398.34 8
drt: FE_OFN16_n_29617 8.6 3
drt: FE_OFN170_n_22948 234.65 5
drt: FE_OFN171_n_22948 226 5
drt: FE_OFN172_n_22948 41.28 2
drt: FE_OFN173_n_22948 66.44 3
drt: FE_OFN174_n_26184 0.32 2
drt: FE_OFN175_n_26184 364.93 7
drt: FE_OFN177_n_27681 56.96 4
drt: FE_OFN179_n_27681 28.72 3
drt: FE_OFN17_n_29617 264.22 8
drt: FE_OFN180_n_27681 137.73 5
drt: FE_OFN181_n_27681 254.85 5
drt: FE_OFN182_n_29402 3.6 3
drt: FE_OFN183_n_29402 460.76 8
drt: FE_OFN184_n_29402 308.28 9
drt: FE_OFN185_n_29496 45.32 3
drt: FE_OFN186_n_29496 200.81 5
drt: FE_OFN187_n_29496 220.31 5
drt: FE_OFN188_n_28362 15.72 3
drt: FE_OFN189_n_28362 81.84 2
drt: FE_OFN18_n_29617 6.92 2
drt: FE_OFN190_n_28362 311 9
drt: FE_OFN191_n_28928 21.52 3
drt: FE_OFN192_n_28928 57.64 3
drt: FE_OFN193_n_28928 186.28 6
drt: FE_OFN195_n_5003 1.2 2
drt: FE_OFN196_n_5003 8 2
drt: FE_OFN197_n_29637 3.13 3
drt: FE_OFN198_n_29637 359 9
drt: FE_OFN199_n_29637 332.13 6
drt: FE_OFN19_n_27452 23.04 3
drt: FE_OFN1_n_17395 5.32 2
drt: FE_OFN200_n_29637 3.52 2
drt: FE_OFN201_n_29637 187.28 5
drt: FE_OFN202_n_28771 2.2 3
drt: FE_OFN203_n_28771 98.48 4
drt: FE_OFN204_n_28771 312.56 5
drt: FE_OFN205_n_28771 0.32 2
drt: FE_OFN206_n_28771 181.16 5
drt: FE_OFN207_n_29661 8.6 3
drt: FE_OFN208_n_29661 321.45 8
drt: FE_OFN209_n_29661 18.68 3
drt: FE_OFN20_n_27452 167.77 5
drt: FE_OFN210_n_29661 52.8 3
drt: FE_OFN211_n_29661 228.68 6
drt: FE_OFN212_n_29661 74.96 4
drt: FE_OFN213_n_29687 1.4 2
drt: FE_OFN214_n_29687 328.52 8
drt: FE_OFN215_n_29687 1.2 2
drt: FE_OFN217_n_29687 398.18 6
drt: FE_OFN218_n_23315 0.6 2
drt: FE_OFN219_n_23315 371.92 8
drt: FE_OFN21_n_27452 204.4 7
drt: FE_OFN220_n_23315 1.2 2
drt: FE_OFN221_n_23315 253.37 5
drt: FE_OFN222_n_21642 12.8 4
drt: FE_OFN223_n_21642 493.81 10
drt: FE_OFN224_n_21642 164.81 5
drt: FE_OFN225_n_21642 103.12 4
drt: FE_OFN226_n_4162 3.36 3
drt: FE_OFN227_n_4162 8 3
drt: FE_OFN228_n_4162 3 2
drt: FE_OFN230_n_4162 525.89 19
drt: FE_OFN231_n_4162 11.4 3
drt: FE_OFN232_n_4162 6.2 2
drt: FE_OFN234_n_4162 607.85 22
drt: FE_OFN235_n_4162 533.18 20
drt: FE_OFN236_n_4162 463.26 17
drt: FE_OFN237_n_4162 3.13 3
drt: FE_OFN238_n_4162 2.2 2
drt: FE_OFN239_n_4162 366.42 24
drt: FE_OFN23_n_26609 146.12 5
drt: FE_OFN240_n_4162 426.46 18
drt: FE_OFN242_n_4162 2.2 3
drt: FE_OFN243_n_4162 2.6 2
drt: FE_OFN244_n_4162 455.76 19
drt: FE_OFN247_n_4162 562.58 18
drt: FE_OFN248_n_4162 441.73 18
drt: FE_OFN249_n_4162 359.52 19
drt: FE_OFN24_n_11489 0.6 2
drt: FE_OFN251_n_4162 454.38 20
drt: FE_OFN252_n_4280 84.36 8
drt: FE_OFN253_n_4280 273.17 22
drt: FE_OFN254_n_4280 409.06 20
drt: FE_OFN256_n_4280 548.05 21
drt: FE_OFN257_n_4280 548.28 17
drt: FE_OFN258_n_4280 391.03 21
drt: FE_OFN259_n_4280 489.87 19
drt: FE_OFN25_n_11489 86.32 4
drt: FE_OFN260_n_4280 305.01 20
drt: FE_OFN261_n_4280 30.72 6
drt: FE_OFN262_n_4280 5.8 2
drt: FE_OFN264_n_4280 450.47 19
drt: FE_OFN265_n_4280 439.7 23
drt: FE_OFN266_n_4280 449.45 18
drt: FE_OFN267_n_4280 359.76 18
drt: FE_OFN268_n_4280 398.65 16
drt: FE_OFN269_n_4280 493.1 19
drt: FE_OFN26_n_13676 89.16 5
drt: FE_OFN270_n_16028 4.6 2
drt: FE_OFN271_n_16028 424.13 11
drt: FE_OFN272_n_16893 13.8 3
drt: FE_OFN273_n_16893 210.36 4
drt: FE_OFN274_n_16893 383.8 6
drt: FE_OFN275_n_16893 2.81 3
drt: FE_OFN276_n_16893 28.72 3
drt: FE_OFN277_n_16893 331.28 4
drt: FE_OFN278_n_16656 34.92 3
drt: FE_OFN279_n_16656 352.33 6
drt: FE_OFN27_n_13676 298.41 5
drt: FE_OFN280_n_16656 433.05 8
drt: FE_OFN281_n_7349 4.12 2
drt: FE_OFN282_n_7349 100.05 6
drt: FE_OFN283_n_29266 14.33 3
drt: FE_OFN284_n_29266 14.48 3
drt: FE_OFN285_n_29266 330.36 5
drt: FE_OFN286_n_29266 315.93 8
drt: FE_OFN287_n_29266 243.08 5
drt: FE_OFN288_n_29266 226.48 6
drt: FE_OFN289_n_27194 1.6 2
drt: FE_OFN28_n_13676 134.93 3
drt: FE_OFN290_n_27194 413.4 11
drt: FE_OFN291_n_3069 60.45 9
drt: FE_OFN292_n_3069 360.01 13
drt: FE_OFN293_n_3069 346.89 22
drt: FE_OFN294_n_3069 314.65 19
drt: FE_OFN295_n_3069 428.47 25
drt: FE_OFN296_n_3069 498.37 23
drt: FE_OFN297_n_3069 456.86 20
drt: FE_OFN298_n_3069 0.8 2
drt: FE_OFN299_n_3069 314.24 18
drt: FE_OFN29_n_13676 135.08 3
drt: FE_OFN2_n_28682 16 3
drt: FE_OFN300_n_3069 350.13 19
drt: FE_OFN301_n_3069 3.01 4
drt: FE_OFN302_n_3069 2 3
drt: FE_OFN303_n_3069 598.95 21
drt: FE_OFN304_n_3069 1.6 3
drt: FE_OFN305_n_3069 1.61 3
drt: FE_OFN306_n_3069 360.33 23
drt: FE_OFN307_n_3069 361.92 22
drt: FE_OFN308_n_3069 414.92 23
drt: FE_OFN309_n_3069 347.63 18
drt: FE_OFN30_n_13676 132.72 4
drt: FE_OFN310_n_3069 495.67 17
drt: FE_OFN311_n_3069 474.8 22
drt: FE_OFN312_n_3069 463.36 25
drt: FE_OFN313_n_3069 345.62 22
drt: FE_OFN314_n_3069 461.66 21
drt: FE_OFN315_n_26999 8.12 2
drt: FE_OFN316_n_26999 10.2 3
drt: FE_OFN317_n_27400 1.6 2
drt: FE_OFN318_n_27400 448.52 6
drt: FE_OFN320_n_4860 2.44 2
drt: FE_OFN321_n_4860 2.81 4
drt: FE_OFN322_n_4860 6.12 3
drt: FE_OFN324_n_4860 459.59 25
drt: FE_OFN325_n_4860 0.6 2
drt: FE_OFN326_n_4860 454.69 20
drt: FE_OFN327_n_4860 2.41 3
drt: FE_OFN329_n_4860 388.78 18
drt: FE_OFN32_n_27986 2.4 2
drt: FE_OFN330_n_4860 453.04 20
drt: FE_OFN331_n_4860 233.64 8
drt: FE_OFN332_n_4860 0.32 2
drt: FE_OFN334_n_4860 42.34 4
drt: FE_OFN335_n_4860 420.57 22
drt: FE_OFN336_n_4860 633.54 29
drt: FE_OFN337_n_4860 1.8 2
drt: FE_OFN338_n_4860 0.6 2
drt: FE_OFN339_n_4860 2.93 4
drt: FE_OFN33_n_15183 33.96 3
drt: FE_OFN340_n_4860 9.92 3
drt: FE_OFN341_n_4860 1 2
drt: FE_OFN342_n_4860 13.6 3
drt: FE_OFN343_n_4860 2.2 2
drt: FE_OFN344_n_4860 2.2 3
drt: FE_OFN345_n_4860 9.32 3
drt: FE_OFN347_n_4860 680.13 25
drt: FE_OFN349_n_4860 406.11 14
drt: FE_OFN34_n_15183 342.6 6
drt: FE_OFN350_n_4860 490.01 24
drt: FE_OFN352_n_4860 516.04 26
drt: FE_OFN353_n_4860 535.37 23
drt: FE_OFN355_n_4860 381.99 29
drt: FE_OFN357_n_4860 517.49 24
drt: FE_OFN358_n_4860 487.53 18
drt: FE_OFN359_n_4860 0.8 2
drt: FE_OFN35_n_15183 47.76 3
drt: FE_OFN360_n_4860 403.13 26
drt: FE_OFN361_n_4860 490.51 25
drt: FE_OFN363_n_4860 211.36 10
drt: FE_OFN364_n_4860 374.7 15
drt: FE_OFN368_n_26312 274.84 4
drt: FE_OFN369_n_26312 231.16 4
drt: FE_OFN370_n_15817 7.61 2
drt: FE_OFN371_n_15817 26.32 3
drt: FE_OFN372_n_15853 1.64 2
drt: FE_OFN373_n_15853 4.04 3
drt: FE_OFN374_n_14224 6.8 2
drt: FE_OFN375_n_14224 45.56 3
drt: FE_OFN376_n_14285 4.44 2
drt: FE_OFN377_n_14285 20.92 3
drt: FE_OFN378_n_13985 4 2
drt: FE_OFN379_n_13985 73.12 3
drt: FE_OFN37_n_17184 242.32 6
drt: FE_OFN380_n_16289 13.61 3
drt: FE_OFN381_n_16289 93.52 3
drt: FE_OFN382_n_16289 408.83 5
drt: FE_OFN383_n_16289 230.4 4
drt: FE_OFN384_n_16289 194.44 4
drt: FE_OFN385_n_16289 76.4 3
drt: FE_OFN386_n_17236 3.2 2
drt: FE_OFN387_n_17236 9.6 3
drt: FE_OFN388_n_16991 5 2
drt: FE_OFN389_n_16991 3.6 2
drt: FE_OFN38_n_17184 90.76 4
drt: FE_OFN390_n_15554 5.8 2
drt: FE_OFN391_n_15554 3.2 2
drt: FE_OFN392_n_14663 0.6 2
drt: FE_OFN393_n_14663 12.32 3
drt: FE_OFN394_n_14720 8.2 2
drt: FE_OFN396_n_14720 17.88 3
drt: FE_OFN397_n_8616 5.6 2
drt: FE_OFN398_n_8616 22.8 3
drt: FE_OFN399_n_28303 66.09 8
drt: FE_OFN39_n_25450 3.8 2
drt: FE_OFN3_n_28682 108.08 4
drt: FE_OFN400_n_28303 443.27 18
drt: FE_OFN402_n_28303 460.29 16
drt: FE_OFN404_n_28303 334.9 18
drt: FE_OFN405_n_28303 371.15 20
drt: FE_OFN406_n_28303 520.44 30
drt: FE_OFN407_n_28303 14 4
drt: FE_OFN408_n_28303 32.2 4
drt: FE_OFN409_n_28303 449.98 21
drt: FE_OFN40_n_25450 5.14 4
drt: FE_OFN410_n_28303 643.07 22
drt: FE_OFN411_n_28303 379.4 21
drt: FE_OFN412_n_28303 434.56 19
drt: FE_OFN413_n_28303 390.36 17
drt: FE_OFN414_n_28303 453.88 17
drt: FE_OFN416_n_28303 396.53 17
drt: FE_OFN417_n_28303 366.2 20
drt: FE_OFN419_n_16909 420.18 7
drt: FE_OFN41_n_26563 7.6 2
drt: FE_OFN420_n_16909 6.44 3
drt: FE_OFN421_n_16909 332.28 5
drt: FE_OFN422_n_16909 339.45 6
drt: FE_OFN423_n_16296 7.2 2
drt: FE_OFN424_n_16296 3.4 2
drt: FE_OFN425_n_23661 1.4 2
drt: FE_OFN426_n_23661 5.6 2
drt: FE_OFN427_n_17707 3.44 2
drt: FE_OFN428_n_17707 4.2 2
drt: FE_OFN429_n_26458 7.6 2
drt: FE_OFN42_n_26563 54.04 4
drt: FE_OFN430_n_26458 3.4 2
drt: FE_OFN431_n_20518 1.8 2
drt: FE_OFN432_n_20518 4.52 2
drt: FE_OFN433_n_23637 4.8 2
drt: FE_OFN434_n_23637 14.2 2
drt: FE_OFN435_n_26167 1.4 2
drt: FE_OFN436_n_26167 9.12 2
drt: FE_OFN437_n_27889 3 2
drt: FE_OFN438_n_27889 14.72 2
drt: FE_OFN43_n_25810 2.92 2
drt: FE_OFN443_n_19118 0.6 2
drt: FE_OFN444_n_19118 3.72 2
drt: FE_OFN445_n_24948 8.24 2
drt: FE_OFN446_n_24948 24.88 2
drt: FE_OFN449_n_17680 8 2
drt: FE_OFN44_n_25810 59.44 4
drt: FE_OFN450_n_17680 7.36 4
drt: FE_OFN451_n_23152 2.44 2
drt: FE_OFN452_n_23152 3.52 2
drt: FE_OFN453_n_24837 5.12 2
drt: FE_OFN454_n_24837 5.8 3
drt: FE_OFN455_n_8508 0.32 2
drt: FE_OFN456_n_8508 10.52 5
drt: FE_OFN457_n_5621 3.72 2
drt: FE_OFN458_n_5621 8.4 6
drt: FE_OFN459_n_13371 0.6 2
drt: FE_OFN45_n_17233 1.8 2
drt: FE_OFN460_n_13371 4 2
drt: FE_OFN461_n_21334 1.6 2
drt: FE_OFN462_n_21334 1.8 2
drt: FE_OFN46_n_17233 11 4
drt: FE_OFN473_n_5257 1.4 2
drt: FE_OFN474_n_5257 1 2
drt: FE_OFN477_n_11170 4.6 2
drt: FE_OFN478_n_11170 5.6 4
drt: FE_OFN479_n_12184 9.04 2
drt: FE_OFN47_n_17099 4.32 2
drt: FE_OFN480_n_12184 7.6 5
drt: FE_OFN481_n_13520 3.6 2
drt: FE_OFN482_n_13520 12.44 5
drt: FE_OFN483_n_12038 4.6 2
drt: FE_OFN484_n_12038 4.8 5
drt: FE_OFN485_n_17500 1.6 2
drt: FE_OFN486_n_17500 1.8 2
drt: FE_OFN487_n_27256 1.4 2
drt: FE_OFN488_n_27256 6.12 2
drt: FE_OFN489_n_20516 3 2
drt: FE_OFN48_n_17099 12.32 4
drt: FE_OFN490_n_20516 3 2
drt: FE_OFN491_n_28765 0.32 2
drt: FE_OFN492_n_28765 10.4 5
drt: FE_OFN493_n_18414 4.52 2
drt: FE_OFN494_n_18414 3.12 2
drt: FE_OFN495_n_21648 10.4 2
drt: FE_OFN496_n_21648 10.56 2
drt: FE_OFN497_n_20677 11.6 2
drt: FE_OFN498_n_20677 9.53 4
drt: FE_OFN4_n_28682 239.4 7
drt: FE_OFN507_n_22083 2.8 2
drt: FE_OFN508_n_22083 12.36 2
drt: FE_OFN511_n_19847 6.04 2
drt: FE_OFN512_n_19847 5.6 2
drt: FE_OFN513_n_23620 4 2
drt: FE_OFN514_n_23620 4.92 2
drt: FE_OFN515_n_28406 13.04 2
drt: FE_OFN516_n_28406 7 2
drt: FE_OFN517_n_20894 3.2 2
drt: FE_OFN518_n_20894 10.4 2
drt: FE_OFN519_n_22315 26.16 2
drt: FE_OFN51_n_27012 3.04 3
drt: FE_OFN520_n_22315 35.52 2
drt: FE_OFN521_n_25685 5.32 2
drt: FE_OFN522_n_25685 2 2
drt: FE_OFN523_n_21282 5.4 2
drt: FE_OFN524_n_21282 4.84 2
drt: FE_OFN529_n_16938 4.84 2
drt: FE_OFN530_n_16938 1.64 2
drt: FE_OFN531_n_12317 6.12 2
drt: FE_OFN532_n_12317 6.24 2
drt: FE_OFN533_n_13775 3.6 2
drt: FE_OFN534_n_13775 13.32 2
drt: FE_OFN535_n_17798 0.32 2
drt: FE_OFN536_n_17798 6.6 2
drt: FE_OFN537_n_10328 5.6 2
drt: FE_OFN538_n_10328 6.72 2
drt: FE_OFN539_n_17809 0.32 2
drt: FE_OFN540_n_17809 1.4 2
drt: FE_OFN541_n_23570 14.56 2
drt: FE_OFN542_n_23570 31.53 8
drt: FE_OFN543_n_9030 2.4 2
drt: FE_OFN544_n_9030 9.52 5
drt: FE_OFN545_n_9036 3.2 2
drt: FE_OFN546_n_9036 5.2 5
drt: FE_OFN547_n_10452 0.6 2
drt: FE_OFN548_n_10452 13.25 6
drt: FE_OFN549_n_6072 1.8 2
drt: FE_OFN54_n_27012 6.25 3
drt: FE_OFN550_n_6072 6 4
drt: FE_OFN551_n_9482 3.61 2
drt: FE_OFN552_n_9482 15.2 6
drt: FE_OFN553_n_9468 3.2 2
drt: FE_OFN554_n_9468 11.44 6
drt: FE_OFN555_n_23580 5.24 2
drt: FE_OFN556_n_23580 9.4 2
drt: FE_OFN557_n_26546 7.32 2
drt: FE_OFN558_n_26546 2.8 2
drt: FE_OFN56_n_27012 684.43 18
drt: FE_OFN571_n_12800 3.84 2
drt: FE_OFN572_n_12800 11.52 5
drt: FE_OFN573_n_10137 4.2 2
drt: FE_OFN574_n_10137 10.24 4
drt: FE_OFN575_n_10136 5.72 2
drt: FE_OFN576_n_10136 5 4
drt: FE_OFN577_n_6424 5.12 2
drt: FE_OFN578_n_6424 11 4
drt: FE_OFN579_n_19119 9.12 2
drt: FE_OFN57_n_27012 0.81 3
drt: FE_OFN580_n_19119 5 2
drt: FE_OFN583_n_18103 13.52 2
drt: FE_OFN584_n_18103 6.6 2
drt: FE_OFN585_n_19447 3.92 2
drt: FE_OFN586_n_19447 5.4 2
drt: FE_OFN589_n_20904 0.6 2
drt: FE_OFN58_n_27012 1 2
drt: FE_OFN590_n_20904 4.12 2
drt: FE_OFN595_n_16896 26.6 2
drt: FE_OFN596_n_16896 11.4 2
drt: FE_OFN597_n_17615 1.8 2
drt: FE_OFN598_n_17615 6.2 2
drt: FE_OFN599_n_16000 3.4 2
drt: FE_OFN5_n_28597 9 3
drt: FE_OFN600_n_16000 7.61 4
drt: FE_OFN601_n_17761 8.8 2
drt: FE_OFN602_n_17761 27.88 4
drt: FE_OFN603_n_21535 20.48 2
drt: FE_OFN604_n_21535 16.48 4
drt: FE_OFN605_n_25225 15.6 2
drt: FE_OFN606_n_25225 18.64 4
drt: FE_OFN60_n_27012 577.66 19
drt: FE_OFN611_n_5698 3.72 2
drt: FE_OFN612_n_5698 16.2 6
drt: FE_OFN613_n_20110 5.2 2
drt: FE_OFN614_n_20110 2 2
drt: FE_OFN61_n_27012 11.04 6
drt: FE_OFN623_n_17378 1.8 2
drt: FE_OFN624_n_17378 1.6 2
drt: FE_OFN625_n_26697 3 2
drt: FE_OFN626_n_26697 3.12 2
drt: FE_OFN627_n_15605 3.04 2
drt: FE_OFN628_n_15605 44.36 4
drt: FE_OFN629_n_19358 0.8 2
drt: FE_OFN62_n_27012 1.81 3
drt: FE_OFN630_n_19358 16.24 4
drt: FE_OFN631_n_21154 12.69 2
drt: FE_OFN632_n_21154 11.33 4
drt: FE_OFN633_n_27731 6.12 2
drt: FE_OFN634_n_27731 98.01 8
drt: FE_OFN635_n_26260 1.8 2
drt: FE_OFN636_n_26260 8.25 4
drt: FE_OFN63_n_27012 614.49 25
drt: FE_OFN641_n_12432 6.52 2
drt: FE_OFN642_n_12432 7 5
drt: FE_OFN645_n_6732 3.32 2
drt: FE_OFN646_n_6732 8.92 4
drt: FE_OFN647_n_22008 3.24 2
drt: FE_OFN648_n_22008 2.92 2
drt: FE_OFN649_n_23576 3 2
drt: FE_OFN64_n_27012 333.44 17
drt: FE_OFN650_n_23576 8.52 2
drt: FE_OFN655_n_10503 5.2 2
drt: FE_OFN656_n_10503 9.64 5
drt: FE_OFN657_n_10424 8.8 2
drt: FE_OFN658_n_10424 9.48 5
drt: FE_OFN659_n_19445 11.52 2
drt: FE_OFN65_n_27012 373.65 19
drt: FE_OFN660_n_19445 6.72 2
drt: FE_OFN661_n_27899 7.32 2
drt: FE_OFN662_n_27899 4.2 2
drt: FE_OFN663_n_22027 1.2 2
drt: FE_OFN664_n_22027 4.72 2
drt: FE_OFN665_n_26759 2.2 2
drt: FE_OFN666_n_26759 2.44 2
drt: FE_OFN671_n_17494 5.48 2
drt: FE_OFN672_n_17494 12.32 5
drt: FE_OFN673_n_6720 8.4 2
drt: FE_OFN674_n_6720 7.8 5
drt: FE_OFN675_n_6824 2.8 2
drt: FE_OFN676_n_6824 10.4 6
drt: FE_OFN679_n_9691 6.8 2
drt: FE_OFN680_n_9691 4.32 2
drt: FE_OFN681_n_18155 2.4 2
drt: FE_OFN682_n_18155 4.24 2
drt: FE_OFN683_n_22025 1.2 2
drt: FE_OFN684_n_22025 3.8 2
drt: FE_OFN685_n_22968 8.2 2
drt: FE_OFN686_n_22968 6 2
drt: FE_OFN687_n_20109 11.6 2
drt: FE_OFN688_n_20109 6.8 2
drt: FE_OFN689_n_16216 1.4 2
drt: FE_OFN68_n_27012 738.13 23
drt: FE_OFN690_n_16216 12.92 5
drt: FE_OFN691_n_6708 1.4 2
drt: FE_OFN692_n_6708 6.2 5
drt: FE_OFN695_n_19853 4.4 2
drt: FE_OFN696_n_19853 1.8 2
drt: FE_OFN697_n_22333 11.64 2
drt: FE_OFN698_n_22333 7.84 2
drt: FE_OFN69_n_27012 426.82 17
drt: FE_OFN6_n_28597 42.24 2
drt: FE_OFN703_n_10462 0.8 2
drt: FE_OFN704_n_10462 9.84 5
drt: FE_OFN705_n_6444 2.6 2
drt: FE_OFN706_n_6444 7.44 4
drt: FE_OFN707_n_8059 1.4 2
drt: FE_OFN708_n_8059 10 4
drt: FE_OFN709_n_20192 2.84 2
drt: FE_OFN710_n_20192 2.2 2
drt: FE_OFN715_n_29187 8.4 2
drt: FE_OFN716_n_29187 15.04 5
drt: FE_OFN717_n_18993 1.6 2
drt: FE_OFN718_n_18993 3.12 2
drt: FE_OFN719_n_20807 4 2
drt: FE_OFN71_n_27012 4.53 4
drt: FE_OFN720_n_20807 9.52 2
drt: FE_OFN721_n_17438 2.2 2
drt: FE_OFN722_n_17438 10.4 5
drt: FE_OFN723_n_19019 1.6 2
drt: FE_OFN724_n_19019 14.36 5
drt: FE_OFN725_n_5240 1.2 2
drt: FE_OFN726_n_5240 16.53 7
drt: FE_OFN727_n_23636 2 2
drt: FE_OFN728_n_23636 1.72 2
drt: FE_OFN729_n_27888 1.6 2
drt: FE_OFN72_n_27012 432.58 20
drt: FE_OFN730_n_27888 6.92 2
drt: FE_OFN733_n_22952 2.2 2
drt: FE_OFN734_n_22952 6.72 2
drt: FE_OFN739_n_20195 1.4 2
drt: FE_OFN740_n_20195 4 2
drt: FE_OFN741_n_24025 3 2
drt: FE_OFN742_n_24025 8.4 2
drt: FE_OFN743_n_25732 6 2
drt: FE_OFN744_n_25732 1.8 2
drt: FE_OFN745_n_26604 13.04 2
drt: FE_OFN746_n_26604 3.8 2
drt: FE_OFN747_n_16529 3.24 2
drt: FE_OFN748_n_16529 9.44 4
drt: FE_OFN749_n_20252 23.52 3
drt: FE_OFN74_n_27012 492.79 22
drt: FE_OFN750_n_20252 53.16 2
drt: FE_OFN751_n_20252 3.2 3
drt: FE_OFN752_n_22913 10.2 2
drt: FE_OFN753_n_22913 13.16 3
drt: FE_OFN75_n_27012 46.68 4
drt: FE_OFN760_n_9661 1 2
drt: FE_OFN761_n_9661 13.24 4
drt: FE_OFN762_n_8501 0.8 2
drt: FE_OFN763_n_8501 7.25 5
drt: FE_OFN764_n_5707 0.32 2
drt: FE_OFN765_n_5707 10.29 6
drt: FE_OFN766_n_20476 9.72 2
drt: FE_OFN767_n_20476 1.8 2
drt: FE_OFN768_n_17379 2 2
drt: FE_OFN769_n_17379 9.92 2
drt: FE_OFN76_n_27012 466.61 24
drt: FE_OFN770_n_20323 2.92 2
drt: FE_OFN771_n_20323 3.52 2
drt: FE_OFN772_n_26698 3 2
drt: FE_OFN773_n_26698 3.84 2
drt: FE_OFN778_n_12158 2.4 2
drt: FE_OFN779_n_12158 9.92 5
drt: FE_OFN77_n_27012 412.55 18
drt: FE_OFN782_n_10771 6.4 2
drt: FE_OFN783_n_10771 10.4 4
drt: FE_OFN784_n_10198 7.32 2
drt: FE_OFN785_n_10198 5.44 4
drt: FE_OFN786_n_8855 0.32 2
drt: FE_OFN787_n_8855 23.44 6
drt: FE_OFN788_n_20913 1.4 2
drt: FE_OFN789_n_20913 1.4 2
drt: FE_OFN78_n_27012 684.11 22
drt: FE_OFN790_n_28272 1.4 2
drt: FE_OFN791_n_28272 3.24 2
drt: FE_OFN7_n_28597 465.65 8
drt: FE_OFN800_n_6782 0.6 2
drt: FE_OFN801_n_6782 14.37 4
drt: FE_OFN802_n_6771 2.92 2
drt: FE_OFN803_n_6771 7.84 4
drt: FE_OFN806_n_23617 1.6 2
drt: FE_OFN807_n_23617 2 2
drt: FE_OFN808_n_24927 3 2
drt: FE_OFN809_n_24927 5.84 2
drt: FE_OFN80_n_27012 376.32 14
drt: FE_OFN810_n_12878 5.92 2
drt: FE_OFN811_n_12878 2.92 2
drt: FE_OFN812_n_15982 13.24 2
drt: FE_OFN813_n_15982 10.8 2
drt: FE_OFN814_n_12310 2.6 2
drt: FE_OFN815_n_12310 16.64 5
drt: FE_OFN816_n_13135 1.2 2
drt: FE_OFN817_n_13135 11.44 4
drt: FE_OFN818_n_20821 13.4 4
drt: FE_OFN819_n_20821 7 2
drt: FE_OFN81_n_6529 0.6 2
drt: FE_OFN820_n_24644 8.2 2
drt: FE_OFN821_n_24644 23.72 2
drt: FE_OFN826_n_3772 0.6 2
drt: FE_OFN827_n_3772 1.8 2
drt: FE_OFN828_n_8424 1 2
drt: FE_OFN829_n_8424 3.21 2
drt: FE_OFN82_n_6529 4 2
drt: FE_OFN830_n_14863 9 2
drt: FE_OFN831_n_14863 7.52 2
drt: FE_OFN834_n_16760 10 3
drt: FE_OFN835_n_16760 4.04 2
drt: FE_OFN83_n_11673 3.12 2
drt: FE_OFN842_n_10412 2.84 2
drt: FE_OFN843_n_10412 10.16 5
drt: FE_OFN844_n_7616 2.4 2
drt: FE_OFN845_n_7616 13.88 6
drt: FE_OFN846_n_22340 8.04 2
drt: FE_OFN847_n_22340 3.12 2
drt: FE_OFN848_n_23567 13.72 2
drt: FE_OFN849_n_23567 4.2 2
drt: FE_OFN84_n_11673 1.8 2
drt: FE_OFN850_n_27728 6 2
drt: FE_OFN851_n_27728 9.32 2
drt: FE_OFN852_n_27880 3.2 2
drt: FE_OFN853_n_27880 5.12 2
drt: FE_OFN856_n_12565 6.12 2
drt: FE_OFN857_n_12565 4.84 2
drt: FE_OFN858_n_14125 14.6 2
drt: FE_OFN859_n_14125 8.12 2
drt: FE_OFN85_n_14586 1.4 2
drt: FE_OFN860_n_10492 1.6 2
drt: FE_OFN861_n_10492 9.81 5
drt: FE_OFN862_n_10495 3.4 2
drt: FE_OFN863_n_10495 6.81 5
drt: FE_OFN864_n_10501 3.8 2
drt: FE_OFN865_n_10501 5.6 4
drt: FE_OFN866_n_6151 0.32 2
drt: FE_OFN867_n_6151 5.2 4
drt: FE_OFN868_n_10506 6 2
drt: FE_OFN869_n_10506 11.6 4
drt: FE_OFN86_n_14586 81.56 5
drt: FE_OFN870_n_6154 2.2 2
drt: FE_OFN871_n_6154 6.72 4
drt: FE_OFN872_n_8070 0.6 2
drt: FE_OFN873_n_8070 10.56 4
drt: FE_OFN874_n_6157 3.4 2
drt: FE_OFN875_n_6157 11.32 4
drt: FE_OFN876_n_22329 27.56 2
drt: FE_OFN877_n_22329 6.8 2
drt: FE_OFN878_n_28229 1.2 2
drt: FE_OFN879_n_28229 1.4 2
drt: FE_OFN87_n_27449 102.85 16
drt: FE_OFN884_n_28405 29.64 2
drt: FE_OFN885_n_28405 6.92 2
drt: FE_OFN888_n_18291 0.8 2
drt: FE_OFN889_n_18291 8.4 2
drt: FE_OFN88_n_27449 2.2 2
drt: FE_OFN890_n_22165 4.44 2
drt: FE_OFN891_n_22165 2.2 2
drt: FE_OFN892_n_20806 4.32 2
drt: FE_OFN893_n_20806 1.64 2
drt: FE_OFN894_n_15923 2.6 2
drt: FE_OFN895_n_15923 33.76 5
drt: FE_OFN896_n_15930 7.6 2
drt: FE_OFN897_n_15930 43.98 4
drt: FE_OFN898_n_19332 13.4 2
drt: FE_OFN899_n_19332 36.96 4
drt: FE_OFN89_n_27449 354.17 19
drt: FE_OFN8_n_11667 0.32 2
drt: FE_OFN900_n_26098 22.84 2
drt: FE_OFN901_n_26098 33.65 3
drt: FE_OFN902_n_20903 0.8 2
drt: FE_OFN903_n_20903 4 2
drt: FE_OFN904_n_24967 2.84 2
drt: FE_OFN905_n_24967 3.12 2
drt: FE_OFN90_n_27449 240.53 20
drt: FE_OFN910_n_19850 3 2
drt: FE_OFN911_n_19850 5.32 2
drt: FE_OFN912_n_28409 0.32 2
drt: FE_OFN913_n_28409 3.4 2
drt: FE_OFN916_n_19297 6.8 2
drt: FE_OFN917_n_19297 6.92 2
drt: FE_OFN918_n_19575 8.84 4
drt: FE_OFN919_n_19575 2 2
drt: FE_OFN91_n_27449 419.56 24
drt: FE_OFN920_n_22498 21.92 2
drt: FE_OFN921_n_22498 9.6 2
drt: FE_OFN922_n_24430 2.4 2
drt: FE_OFN923_n_24430 11.72 5
drt: FE_OFN92_n_27449 324.7 21
drt: FE_OFN930_n_4898 3.2 2
drt: FE_OFN931_n_4898 16.32 5
drt: FE_OFN932_n_4950 4.8 2
drt: FE_OFN933_n_4950 14.12 5
drt: FE_OFN934_n_22317 2.84 2
drt: FE_OFN935_n_22317 6.12 2
drt: FE_OFN936_n_27359 2.8 2
drt: FE_OFN937_n_27359 5.92 2
drt: FE_OFN938_n_21084 1.8 2
drt: FE_OFN939_n_21084 2.2 2
drt: FE_OFN93_n_27449 422.51 20
drt: FE_OFN940_n_23815 0.32 2
drt: FE_OFN941_n_23815 8.12 2
drt: FE_OFN942_n_24127 12.72 4
drt: FE_OFN943_n_24127 8.72 2
drt: FE_OFN944_n_27398 3 2
drt: FE_OFN945_n_27398 36.56 4
drt: FE_OFN94_n_27449 468.49 20
drt: FE_OFN952_n_13421 4.32 2
drt: FE_OFN953_n_13421 6.04 4
drt: FE_OFN956_n_13438 4.8 2
drt: FE_OFN957_n_13438 8.64 4
drt: FE_OFN95_n_27449 576.52 19
drt: FE_OFN962_n_9280 0.6 2
drt: FE_OFN963_n_9280 13 5
drt: FE_OFN964_n_9283 2.72 2
drt: FE_OFN965_n_9283 7.24 5
drt: FE_OFN966_n_9286 2.6 2
drt: FE_OFN967_n_9286 6.45 5
drt: FE_OFN96_n_27449 536.41 17
drt: FE_OFN970_n_6854 2 2
drt: FE_OFN971_n_6854 12.64 7
drt: FE_OFN972_n_6822 3 2
drt: FE_OFN973_n_6822 16.64 6
drt: FE_OFN978_n_12566 2 2
drt: FE_OFN979_n_12566 6.4 2
drt: FE_OFN980_n_16353 2.4 2
drt: FE_OFN981_n_16353 8.12 2
drt: FE_OFN986_n_12804 1.24 2
drt: FE_OFN987_n_12804 6.6 5
drt: FE_OFN988_n_13374 4 2
drt: FE_OFN989_n_13374 8.41 5
drt: FE_OFN98_n_27449 379.57 18
drt: FE_OFN990_n_5720 1.4 2
drt: FE_OFN991_n_5720 4.24 4
drt: FE_OFN992_n_16934 2.6 2
drt: FE_OFN993_n_16934 5.72 2
drt: FE_OFN994_n_22325 2.6 2
drt: FE_OFN995_n_22325 13.8 2
drt: FE_OFN996_n_23622 12.52 2
drt: FE_OFN997_n_23622 3.52 2
drt: FE_OFN998_n_28782 14.64 2
drt: FE_OFN99_n_27449 301 19
drt: FE_OFN9_n_11667 3.6 2
drt: n_0 3.8 2
drt: n_1 0.6 2
drt: n_10 5.4 2
drt: n_100 0.8 2
drt: n_1000 3.12 2
drt: n_10000 2.2 2
drt: n_10001 14.84 5
drt: n_10002 9.28 3
drt: n_10003 1 2
drt: n_10004 10.44 5
drt: n_10005 3.96 3
drt: n_10006 2.84 2
drt: n_10007 11.72 5
drt: n_10008 5.64 3
drt: n_10009 4.72 2
drt: n_1001 10.92 2
drt: n_10010 9.61 5
drt: n_10011 6.22 3
drt: n_10012 1.8 2
drt: n_10013 18.85 5
drt: n_10014 3.52 3
drt: n_10015 2 2
drt: n_10016 9.52 4
drt: n_10017 11.6 5
drt: n_10018 3 3
drt: n_10019 1.4 2
drt: n_1002 3.72 2
drt: n_10020 13.08 5
drt: n_10021 2.84 3
drt: n_10022 1.4 2
drt: n_10023 4.97 4
drt: n_10024 8 5
drt: n_10025 1.8 3
drt: n_10026 1 2
drt: n_10027 12.08 5
drt: n_10028 7.32 3
drt: n_10029 2.8 2
drt: n_1003 1.2 2
drt: n_10030 13.93 5
drt: n_10031 4.24 3
drt: n_10032 2.92 2
drt: n_10033 7.4 5
drt: n_10034 5.2 3
drt: n_10035 1.4 2
drt: n_10036 7.32 5
drt: n_10037 6 3
drt: n_10038 1.2 2
drt: n_10039 2.6 3
drt: n_1004 4.8 2
drt: n_10040 2.2 2
drt: n_10041 11.52 4
drt: n_10042 18.56 5
drt: n_10043 7 3
drt: n_10044 1 2
drt: n_10045 14 5
drt: n_10046 2.4 3
drt: n_10047 2.2 2
drt: n_10048 9.8 4
drt: n_10049 1.4 2
drt: n_1005 2.96 2
drt: n_10050 5.6 4
drt: n_10051 1.2 2
drt: n_10052 6.93 4
drt: n_10053 10.72 5
drt: n_10054 3.6 3
drt: n_10055 1 2
drt: n_10056 7.2 3
drt: n_10057 7.6 4
drt: n_10058 2 2
drt: n_10059 8.76 4
drt: n_1006 2.32 2
drt: n_10060 2.4 3
drt: n_10061 3.6 3
drt: n_10062 2.2 3
drt: n_10063 12.81 4
drt: n_10064 5.22 3
drt: n_10065 7.53 3
drt: n_10066 8.4 3
drt: n_10067 3.24 2
drt: n_10068 1.4 2
drt: n_10069 12.41 4
drt: n_1007 2 2
drt: n_10070 5.62 3
drt: n_10071 11.52 4
drt: n_10072 10.52 3
drt: n_10073 5.04 4
drt: n_10074 4.73 3
drt: n_10075 12.8 4
drt: n_10076 3.6 3
drt: n_10077 6.52 3
drt: n_10078 2 2
drt: n_10079 8.6 3
drt: n_1008 3.8 2
drt: n_10080 2.6 3
drt: n_10081 5.52 3
drt: n_10082 4.6 3
drt: n_10083 5.92 3
drt: n_10084 1.2 2
drt: n_10085 4.24 4
drt: n_10086 3.8 3
drt: n_10087 1.4 2
drt: n_10088 6.6 3
drt: n_10089 2.21 3
drt: n_1009 5.24 2
drt: n_10090 1.2 2
drt: n_10091 1.61 3
drt: n_10092 3.2 3
drt: n_10093 7.27 3
drt: n_10094 4.73 3
drt: n_10095 5 3
drt: n_10096 5.36 3
drt: n_10097 8.32 4
drt: n_10098 2.8 3
drt: n_10099 3.4 3
drt: n_101 6.8 2
drt: n_1010 6.12 2
drt: n_10100 5.4 3
drt: n_10101 6.6 4
drt: n_10102 5.6 3
drt: n_10103 3.41 4
drt: n_10104 6.44 3
drt: n_10105 6.72 4
drt: n_10106 5.24 3
drt: n_10107 5.45 4
drt: n_10108 7.4 3
drt: n_10109 8.44 4
drt: n_1011 2.64 2
drt: n_10110 4.2 3
drt: n_10111 11.2 4
drt: n_10112 8.2 3
drt: n_10113 4.44 4
drt: n_10114 3.96 3
drt: n_10115 4.84 4
drt: n_10116 3.84 3
drt: n_10117 4.38 4
drt: n_10118 3.6 3
drt: n_10119 6.72 4
drt: n_1012 4.64 2
drt: n_10120 4.4 3
drt: n_10121 6.76 4
drt: n_10122 4.64 3
drt: n_10123 2.24 2
drt: n_10124 1.35 2
drt: n_10125 6.75 2
drt: n_10126 14.44 4
drt: n_10127 8.35 2
drt: n_10128 7.16 4
drt: n_10129 3.52 2
drt: n_1013 7.4 2
drt: n_10130 7.72 4
drt: n_10131 2.47 2
drt: n_10132 4.04 2
drt: n_10133 15.42 4
drt: n_10134 11.13 4
drt: n_10135 4 3
drt: n_10136 0.55 2
drt: n_10137 3.44 2
drt: n_10138 5.04 3
drt: n_10139 16.68 4
drt: n_1014 7.6 2
drt: n_10140 9 4
drt: n_10141 1.8 3
drt: n_10142 30.04 6
drt: n_10143 9.85 4
drt: n_10144 17.8 5
drt: n_10145 17.19 4
drt: n_10146 14.4 4
drt: n_10147 4.8 3
drt: n_10148 12.04 3
drt: n_10149 5 3
drt: n_1015 2.84 2
drt: n_10150 2 3
drt: n_10151 10.72 4
drt: n_10152 8.33 3
drt: n_10153 9.32 4
drt: n_10154 13.4 4
drt: n_10155 8.8 4
drt: n_10156 9.04 4
drt: n_10157 12.73 4
drt: n_10158 6.8 4
drt: n_10159 6.36 4
drt: n_1016 9.8 2
drt: n_10160 10.27 3
drt: n_10161 3.8 2
drt: n_10162 5.6 3
drt: n_10163 0.4 2
drt: n_10164 3.12 2
drt: n_10165 2.2 3
drt: n_10166 6.92 4
drt: n_10167 6.04 3
drt: n_10168 12.6 3
drt: n_10169 8.72 3
drt: n_1017 2.6 2
drt: n_10170 3.81 3
drt: n_10171 8.4 3
drt: n_10172 6.2 3
drt: n_10173 5.6 3
drt: n_10174 9.52 3
drt: n_10175 3.2 3
drt: n_10176 4.72 3
drt: n_10177 10.52 3
drt: n_10178 2.2 3
drt: n_10179 5.55 3
drt: n_1018 3.32 2
drt: n_10180 2.6 2
drt: n_10181 1 2
drt: n_10182 2.2 2
drt: n_10183 2.35 2
drt: n_10184 9.92 4
drt: n_10185 2 2
drt: n_10186 4.12 2
drt: n_10187 3 2
drt: n_10188 6.35 4
drt: n_10189 12.84 4
drt: n_1019 1.4 2
drt: n_10190 2.2 2
drt: n_10191 5.45 3
drt: n_10192 1.64 2
drt: n_10193 3.6 2
drt: n_10194 10.04 5
drt: n_10195 4.85 3
drt: n_10196 2 2
drt: n_10197 2.6 2
drt: n_10198 4.67 2
drt: n_10199 7.2 4
drt: n_102 4.6 2
drt: n_1020 6 2
drt: n_10200 2.04 2
drt: n_10201 3.24 2
drt: n_10202 3.4 2
drt: n_10203 2.6 2
drt: n_10204 4.72 2
drt: n_10205 2.35 3
drt: n_10206 1.4 2
drt: n_10207 11.72 3
drt: n_10208 6.8 4
drt: n_10209 3.8 2
drt: n_1021 2.2 2
drt: n_10210 1 2
drt: n_10211 0.4 2
drt: n_10212 31.4 7
drt: n_10213 5 2
drt: n_10214 17.21 6
drt: n_10215 1.2 2
drt: n_10216 7.08 5
drt: n_10217 0.6 2
drt: n_10218 13.76 6
drt: n_10219 6.52 2
drt: n_1022 2.2 2
drt: n_10220 38.28 7
drt: n_10221 2.4 2
drt: n_10222 17.81 6
drt: n_10223 1 2
drt: n_10224 25.92 6
drt: n_10225 2.6 2
drt: n_10226 9.84 4
drt: n_10227 1.4 2
drt: n_10228 6.8 5
drt: n_10229 4.2 3
drt: n_1023 1.84 2
drt: n_10230 1 2
drt: n_10231 5.36 4
drt: n_10232 6.07 3
drt: n_10233 1.4 2
drt: n_10234 6.64 3
drt: n_10235 8.44 3
drt: n_10236 11.96 5
drt: n_10237 8.57 3
drt: n_10238 3.72 2
drt: n_10239 12 5
drt: n_1024 3 2
drt: n_10240 3.15 3
drt: n_10241 1.4 2
drt: n_10242 5.13 3
drt: n_10243 1.8 2
drt: n_10244 6.6 4
drt: n_10245 2.95 3
drt: n_10246 1.2 2
drt: n_10247 11.4 4
drt: n_10248 4.35 3
drt: n_10249 1 2
drt: n_1025 4.92 2
drt: n_10250 10.73 4
drt: n_10251 5.55 3
drt: n_10252 1.4 2
drt: n_10253 5.6 2
drt: n_10254 1.4 2
drt: n_10255 10.04 4
drt: n_10256 5.35 3
drt: n_10257 2.6 2
drt: n_10258 12.12 4
drt: n_10259 8.41 3
drt: n_1026 2.84 2
drt: n_10260 3.2 2
drt: n_10261 7.4 4
drt: n_10262 6.15 3
drt: n_10263 1 2
drt: n_10264 8.04 4
drt: n_10265 4.19 3
drt: n_10266 1 2
drt: n_10267 4.41 4
drt: n_10268 7.15 3
drt: n_10269 1 2
drt: n_1027 4.92 2
drt: n_10270 6.84 4
drt: n_10271 8.19 3
drt: n_10272 2.6 2
drt: n_10273 11.24 4
drt: n_10274 4.75 3
drt: n_10275 2.2 2
drt: n_10276 14.92 4
drt: n_10277 10.92 3
drt: n_10278 1.2 2
drt: n_10279 7.52 4
drt: n_1028 2.72 2
drt: n_10280 5.35 3
drt: n_10281 1.2 2
drt: n_10282 8.53 4
drt: n_10283 4.75 3
drt: n_10284 1 2
drt: n_10285 7.6 4
drt: n_10286 3.12 3
drt: n_10287 1.4 2
drt: n_10288 5.25 4
drt: n_10289 6.48 3
drt: n_1029 1.6 2
drt: n_10290 1.6 2
drt: n_10291 3.35 3
drt: n_10292 4.04 3
drt: n_10293 10.6 4
drt: n_10294 6.22 3
drt: n_10295 6.84 2
drt: n_10296 7.49 4
drt: n_10297 5.35 3
drt: n_10298 2 2
drt: n_10299 8.64 5
drt: n_103 3 2
drt: n_1030 2 2
drt: n_10300 2.6 3
drt: n_10301 1.8 2
drt: n_10302 6.72 4
drt: n_10303 3.95 3
drt: n_10304 2.2 2
drt: n_10305 7.44 4
drt: n_10306 5.79 3
drt: n_10307 3.64 2
drt: n_10308 11.72 4
drt: n_10309 6.2 3
drt: n_1031 3.8 2
drt: n_10310 1.4 2
drt: n_10311 7.04 4
drt: n_10312 4.96 3
drt: n_10313 1 2
drt: n_10314 4 3
drt: n_10315 6.8 3
drt: n_10316 9 4
drt: n_10317 4.92 3
drt: n_10318 1.4 2
drt: n_10319 9.6 2
drt: n_1032 1.6 2
drt: n_10320 10.2 2
drt: n_10321 3.2 2
drt: n_10322 4.6 2
drt: n_10323 1.64 2
drt: n_10324 6.2 2
drt: n_10325 4.64 3
drt: n_10326 2.44 2
drt: n_10327 1 2
drt: n_10328 2.6 2
drt: n_10329 8.12 3
drt: n_1033 7.4 2
drt: n_10330 0.6 2
drt: n_10331 3.95 3
drt: n_10332 4.4 2
drt: n_10333 2.92 2
drt: n_10334 5 3
drt: n_10335 2.8 3
drt: n_10336 4.12 2
drt: n_10337 3.2 3
drt: n_10338 2.4 2
drt: n_10339 2.2 2
drt: n_1034 4.92 2
drt: n_10340 6.6 2
drt: n_10341 2.6 2
drt: n_10342 3.4 3
drt: n_10343 7.15 3
drt: n_10344 4.6 3
drt: n_10345 4.2 3
drt: n_10346 2.61 3
drt: n_10347 1.6 2
drt: n_10348 5.84 3
drt: n_10349 4.12 2
drt: n_1035 3 2
drt: n_10350 12.12 4
drt: n_10351 15.2 4
drt: n_10352 1.8 2
drt: n_10353 2.6 2
drt: n_10354 13.86 4
drt: n_10355 14.12 4
drt: n_10356 5.12 3
drt: n_10357 1 2
drt: n_10358 5.53 3
drt: n_10359 2.72 2
drt: n_1036 2.92 2
drt: n_10360 0.6 2
drt: n_10361 3.32 2
drt: n_10362 2.96 3
drt: n_10363 2 2
drt: n_10364 3.8 2
drt: n_10365 4.44 3
drt: n_10366 1.84 2
drt: n_10367 20.75 5
drt: n_10368 9.04 5
drt: n_10369 12 4
drt: n_1037 1.6 2
drt: n_10370 11 4
drt: n_10371 2.2 3
drt: n_10372 2.6 2
drt: n_10373 0.8 2
drt: n_10374 4.76 3
drt: n_10375 2.44 2
drt: n_10376 1.61 3
drt: n_10377 1.4 2
drt: n_10378 2.25 3
drt: n_10379 1.8 2
drt: n_1038 6.12 2
drt: n_10380 3.6 3
drt: n_10381 1.8 2
drt: n_10382 2.81 3
drt: n_10383 2.4 2
drt: n_10384 2 2
drt: n_10385 47.84 5
drt: n_10386 3 3
drt: n_10387 7.52 3
drt: n_10388 7.93 4
drt: n_10389 5.12 2
drt: n_1039 2.8 2
drt: n_10390 10.6 5
drt: n_10391 9.4 5
drt: n_10392 3.2 3
drt: n_10393 3.92 3
drt: n_10394 1 2
drt: n_10395 9.6 4
drt: n_10396 5.35 4
drt: n_10397 8.92 4
drt: n_10398 11.32 4
drt: n_10399 1.2 2
drt: n_104 3.72 2
drt: n_1040 10.8 2
drt: n_10400 7.67 5
drt: n_10401 13.32 5
drt: n_10402 5.6 2
drt: n_10403 4.2 3
drt: n_10404 9.61 5
drt: n_10405 9.73 5
drt: n_10406 11.19 5
drt: n_10407 10.33 5
drt: n_10408 2.44 2
drt: n_10409 7.24 3
drt: n_1041 2 2
drt: n_10410 6.4 2
drt: n_10411 10.2 5
drt: n_10412 6.8 2
drt: n_10413 19.28 4
drt: n_10414 10.6 4
drt: n_10415 2 2
drt: n_10416 2.2 2
drt: n_10417 5.24 3
drt: n_10418 3.93 3
drt: n_10419 5.45 4
drt: n_1042 9.48 2
drt: n_10420 6.85 3
drt: n_10421 5.56 3
drt: n_10422 2 2
drt: n_10423 7.44 2
drt: n_10424 4 2
drt: n_10425 7.44 5
drt: n_10426 4.53 3
drt: n_10427 3.6 3
drt: n_10428 1.4 2
drt: n_10429 5.72 3
drt: n_1043 1.6 2
drt: n_10430 4.04 3
drt: n_10431 8.32 4
drt: n_10432 7.75 4
drt: n_10433 7.6 3
drt: n_10434 4.76 3
drt: n_10435 11.67 5
drt: n_10436 9.64 5
drt: n_10437 13.89 5
drt: n_10438 9.92 5
drt: n_10439 2.4 2
drt: n_1044 5.04 2
drt: n_10440 1 2
drt: n_10441 4 2
drt: n_10442 12.39 4
drt: n_10443 5.52 4
drt: n_10444 9.27 4
drt: n_10445 20.77 4
drt: n_10446 17.14 5
drt: n_10447 17.92 5
drt: n_10448 1 2
drt: n_10449 10.24 5
drt: n_1045 2.44 2
drt: n_10450 4.92 2
drt: n_10451 1.8 2
drt: n_10452 2.12 2
drt: n_10453 2.6 2
drt: n_10454 6.24 3
drt: n_10455 6.12 3
drt: n_10456 4.35 2
drt: n_10457 22.05 5
drt: n_10458 5.4 2
drt: n_10459 7.04 5
drt: n_1046 1.8 2
drt: n_10460 1.6 2
drt: n_10461 10.72 5
drt: n_10462 2.55 2
drt: n_10463 8.8 5
drt: n_10464 3.72 2
drt: n_10465 1.8 2
drt: n_10466 17.84 5
drt: n_10467 3.72 2
drt: n_10468 12.29 5
drt: n_10469 2.12 2
drt: n_1047 8.8 2
drt: n_10470 1.2 2
drt: n_10471 7.92 4
drt: n_10472 10.75 4
drt: n_10473 2.2 2
drt: n_10474 12.09 5
drt: n_10475 13.92 4
drt: n_10476 9.64 4
drt: n_10477 53.49 14
drt: n_10478 9.84 5
drt: n_10479 9.21 5
drt: n_1048 4.2 2
drt: n_10480 3.92 3
drt: n_10481 2.44 2
drt: n_10482 4.6 3
drt: n_10483 3.64 2
drt: n_10484 3.72 2
drt: n_10485 2 2
drt: n_10486 20.61 8
drt: n_10487 5.4 2
drt: n_10488 5.64 3
drt: n_10489 5.44 3
drt: n_1049 2.4 2
drt: n_10490 3.81 5
drt: n_10491 4.35 2
drt: n_10492 9.72 2
drt: n_10493 11.36 5
drt: n_10494 3.2 2
drt: n_10495 2.55 2
drt: n_10496 7.6 5
drt: n_10497 2 2
drt: n_10498 5.52 4
drt: n_10499 3.75 2
drt: n_105 3.12 2
drt: n_1050 4.72 2
drt: n_10500 1.6 2
drt: n_10501 7.4 2
drt: n_10502 5.73 4
drt: n_10503 2.35 2
drt: n_10504 6.61 5
drt: n_10505 5.4 4
drt: n_10506 5.07 2
drt: n_10507 16.75 4
drt: n_10508 10.44 4
drt: n_10509 2.4 2
drt: n_1051 2.44 2
drt: n_10510 3.8 3
drt: n_10511 4 3
drt: n_10512 2 2
drt: n_10513 3 3
drt: n_10514 5.92 3
drt: n_10515 4.8 3
drt: n_10516 8.2 3
drt: n_10517 3 3
drt: n_10518 2.8 3
drt: n_10519 1 2
drt: n_1052 0.8 2
drt: n_10520 3 2
drt: n_10521 17.56 5
drt: n_10522 1.4 2
drt: n_10523 3.53 2
drt: n_10524 8 4
drt: n_10525 4.75 4
drt: n_10526 7.24 4
drt: n_10527 8 4
drt: n_10528 1.8 2
drt: n_10529 8 4
drt: n_1053 3.92 2
drt: n_10530 7 5
drt: n_10531 5.8 3
drt: n_10532 7.2 3
drt: n_10533 1.8 2
drt: n_10534 1.8 2
drt: n_10535 7.92 4
drt: n_10536 42.52 4
drt: n_10537 11.2 3
drt: n_10538 7.8 3
drt: n_10539 6.04 4
drt: n_1054 4.8 2
drt: n_10540 8.2 4
drt: n_10541 9.2 4
drt: n_10542 6.44 4
drt: n_10543 9.61 4
drt: n_10544 11.95 4
drt: n_10545 1.8 2
drt: n_10546 9.4 4
drt: n_10547 8.47 4
drt: n_10548 4.6 3
drt: n_10549 3.4 3
drt: n_1055 0.8 2
drt: n_10550 18.79 4
drt: n_10551 9.84 4
drt: n_10552 1.2 2
drt: n_10553 19.45 6
drt: n_10554 5.2 3
drt: n_10555 3.6 3
drt: n_10556 5.4 4
drt: n_10557 8.6 4
drt: n_10558 11.6 3
drt: n_10559 4.21 3
drt: n_1056 2.32 2
drt: n_10560 0.8 2
drt: n_10561 2.55 2
drt: n_10562 12.64 3
drt: n_10563 0.8 2
drt: n_10564 18.32 3
drt: n_10565 1.2 2
drt: n_10566 5 3
drt: n_10567 0.4 2
drt: n_10568 3.8 3
drt: n_10569 2 2
drt: n_1057 3.52 2
drt: n_10570 7.72 3
drt: n_10571 1 2
drt: n_10572 8 3
drt: n_10573 2.6 2
drt: n_10574 5.72 3
drt: n_10575 1.8 2
drt: n_10576 14.04 5
drt: n_10577 1 2
drt: n_10578 4.55 3
drt: n_10579 2 2
drt: n_1058 4.8 2
drt: n_10580 4 3
drt: n_10581 1.2 2
drt: n_10582 9.43 3
drt: n_10583 2.64 2
drt: n_10584 13.68 3
drt: n_10585 0.8 2
drt: n_10586 4.21 3
drt: n_10587 1.2 2
drt: n_10588 5.15 3
drt: n_10589 1.2 2
drt: n_1059 1.4 2
drt: n_10590 8.96 3
drt: n_10591 3.6 2
drt: n_10592 7.15 3
drt: n_10593 1.2 2
drt: n_10594 5.15 3
drt: n_10595 3.6 2
drt: n_10596 3.2 2
drt: n_10597 1 2
drt: n_10598 6.87 3
drt: n_10599 0.42 2
drt: n_106 4 2
drt: n_1060 2.8 2
drt: n_10600 1.8 2
drt: n_10601 3.64 2
drt: n_10602 4.75 3
drt: n_10603 1 2
drt: n_10604 3.4 2
drt: n_10605 3.2 2
drt: n_10606 2.19 3
drt: n_10607 2 2
drt: n_10608 3.4 2
drt: n_1061 1.92 2
drt: n_10610 0.4 2
drt: n_10611 7.52 3
drt: n_10612 1.2 2
drt: n_10613 6.41 3
drt: n_10614 2.2 2
drt: n_10615 3.81 4
drt: n_10616 2.8 3
drt: n_10617 1 2
drt: n_10618 9.64 3
drt: n_10619 1.6 2
drt: n_1062 5.8 2
drt: n_10620 12.56 3
drt: n_10621 8.77 3
drt: n_10622 5.6 3
drt: n_10623 4.4 3
drt: n_10624 1 2
drt: n_10625 14.47 3
drt: n_10626 4.52 3
drt: n_10627 6.84 3
drt: n_10628 6.24 3
drt: n_10629 6.72 3
drt: n_1063 7.92 2
drt: n_10630 8.32 3
drt: n_10631 10.48 3
drt: n_10632 6.8 3
drt: n_10633 9.04 3
drt: n_10634 8.72 3
drt: n_10635 2.4 2
drt: n_10636 15.08 3
drt: n_10637 4.21 3
drt: n_10638 5.6 3
drt: n_10639 2.2 2
drt: n_1064 8.52 2
drt: n_10640 6.04 3
drt: n_10641 3.73 3
drt: n_10642 8.93 3
drt: n_10643 2.85 2
drt: n_10644 6.2 3
drt: n_10645 4.2 3
drt: n_10646 4.2 3
drt: n_10647 13.21 3
drt: n_10648 2.4 2
drt: n_10649 3.2 2
drt: n_1065 5.2 2
drt: n_10650 2.32 2
drt: n_10651 4.44 3
drt: n_10652 3.8 2
drt: n_10653 2.6 3
drt: n_10654 1.4 2
drt: n_10655 2.05 3
drt: n_10656 0.6 2
drt: n_10657 5.24 3
drt: n_10658 1.6 2
drt: n_10659 3.36 3
drt: n_1066 3.92 2
drt: n_10660 2.24 2
drt: n_10661 8.12 2
drt: n_10662 4.13 3
drt: n_10663 3 2
drt: n_10664 5.4 3
drt: n_10665 1.4 2
drt: n_10666 5.2 3
drt: n_10667 6.64 3
drt: n_10668 3.32 2
drt: n_10669 3.6 3
drt: n_1067 8.12 2
drt: n_10670 1 2
drt: n_10671 4 3
drt: n_10672 0.6 2
drt: n_10673 5.32 3
drt: n_10674 0.6 2
drt: n_10675 5.77 3
drt: n_10676 2 2
drt: n_10677 11.4 3
drt: n_10678 4.2 3
drt: n_10679 10.12 4
drt: n_1068 4.72 2
drt: n_10680 5.04 3
drt: n_10681 2 2
drt: n_10682 3.6 3
drt: n_10683 3 2
drt: n_10684 7.15 4
drt: n_10685 6.92 3
drt: n_10686 2.2 2
drt: n_10687 7.4 3
drt: n_10688 5 3
drt: n_10689 8.95 4
drt: n_1069 2.6 2
drt: n_10690 2.2 3
drt: n_10691 3.64 2
drt: n_10692 3.8 3
drt: n_10693 10.2 3
drt: n_10694 8.08 3
drt: n_10695 1.8 2
drt: n_10696 7.2 3
drt: n_10697 3.8 2
drt: n_10698 5.6 3
drt: n_10699 4.8 2
drt: n_107 3.8 2
drt: n_1070 3.04 2
drt: n_10700 6.4 3
drt: n_10701 0.6 2
drt: n_10702 1.6 3
drt: n_10703 3.4 3
drt: n_10704 1 2
drt: n_10705 7.2 3
drt: n_10706 2.2 2
drt: n_10707 4.8 3
drt: n_10708 5.76 3
drt: n_10709 7.24 2
drt: n_1071 6 2
drt: n_10710 3.8 3
drt: n_10711 0.6 2
drt: n_10712 1.21 3
drt: n_10713 8.2 3
drt: n_10714 7.13 4
drt: n_10715 2.4 3
drt: n_10716 2.4 2
drt: n_10717 7.52 3
drt: n_10718 3.6 3
drt: n_10719 14.21 4
drt: n_1072 0.4 2
drt: n_10720 3.44 2
drt: n_10721 5.72 3
drt: n_10722 9.24 3
drt: n_10723 1.2 2
drt: n_10724 0.8 2
drt: n_10725 5.44 4
drt: n_10726 13.04 3
drt: n_10727 3.13 3
drt: n_10728 0.6 2
drt: n_10729 1.61 3
drt: n_1073 3.44 2
drt: n_10730 5.52 3
drt: n_10731 1.2 2
drt: n_10732 7.8 2
drt: n_10733 8.08 3
drt: n_10734 3.12 3
drt: n_10735 3.33 3
drt: n_10736 31.81 3
drt: n_10737 7.2 3
drt: n_10738 6.36 3
drt: n_10739 3.84 3
drt: n_1074 4.2 2
drt: n_10740 6.84 3
drt: n_10741 3.8 2
drt: n_10742 2.8 3
drt: n_10743 3.6 3
drt: n_10744 6.13 3
drt: n_10745 2.4 2
drt: n_10746 13.76 4
drt: n_10747 2.4 3
drt: n_10748 1.64 2
drt: n_10749 7.6 3
drt: n_1075 6.92 2
drt: n_10750 4.32 2
drt: n_10751 5.56 4
drt: n_10752 6.64 3
drt: n_10753 2.04 2
drt: n_10754 11.92 4
drt: n_10755 7.15 3
drt: n_10756 2.2 2
drt: n_10757 2.99 3
drt: n_10758 7.2 3
drt: n_10759 2.12 3
drt: n_1076 4.64 2
drt: n_10760 0.6 2
drt: n_10761 3.24 3
drt: n_10762 2.6 2
drt: n_10763 9.52 3
drt: n_10764 5.92 2
drt: n_10765 12.93 5
drt: n_10766 1.4 3
drt: n_10767 1 2
drt: n_10768 4.56 3
drt: n_10769 3.8 3
drt: n_1077 2.2 2
drt: n_10770 0.8 2
drt: n_10771 9.6 2
drt: n_10772 2.2 2
drt: n_10773 5.72 3
drt: n_10774 3.56 3
drt: n_10775 5.4 3
drt: n_10776 4.55 3
drt: n_10777 4.6 3
drt: n_10778 7.2 3
drt: n_10779 19.92 7
drt: n_1078 5.24 2
drt: n_10780 4.12 2
drt: n_10781 4.8 3
drt: n_10782 2.8 3
drt: n_10783 4.2 3
drt: n_10784 0.6 2
drt: n_10785 4.35 3
drt: n_10786 2.55 3
drt: n_10787 6.64 3
drt: n_10788 3.2 3
drt: n_10789 3.4 3
drt: n_1079 5 2
drt: n_10790 15.8 5
drt: n_10791 2.44 3
drt: n_10792 1.6 2
drt: n_10793 9.33 6
drt: n_10794 5.17 3
drt: n_10795 2.4 2
drt: n_10796 1.92 3
drt: n_10797 3 2
drt: n_10798 4.52 3
drt: n_10799 2.75 3
drt: n_108 3.4 2
drt: n_1080 2.2 2
drt: n_10800 3.16 3
drt: n_10801 2.2 2
drt: n_10802 4.84 3
drt: n_10803 1 2
drt: n_10804 8.38 3
drt: n_10805 12.16 3
drt: n_10806 4.6 3
drt: n_10807 0.6 2
drt: n_10808 6.6 3
drt: n_10809 2.6 2
drt: n_1081 2.2 2
drt: n_10810 7.8 3
drt: n_10811 2 3
drt: n_10812 13.4 3
drt: n_10813 5.4 3
drt: n_10814 5.33 3
drt: n_10815 1.81 3
drt: n_10816 3.8 2
drt: n_10817 18.72 6
drt: n_10818 3.64 3
drt: n_10819 3.52 2
drt: n_1082 1.6 2
drt: n_10820 3.2 4
drt: n_10821 3.96 3
drt: n_10822 1.64 2
drt: n_10823 3.61 3
drt: n_10824 11.44 3
drt: n_10825 4.84 3
drt: n_10826 2.8 2
drt: n_10827 6.8 3
drt: n_10828 0.6 2
drt: n_10829 10.2 4
drt: n_1083 4.2 2
drt: n_10830 3.21 3
drt: n_10831 6.64 3
drt: n_10832 1.8 2
drt: n_10833 5.32 3
drt: n_10834 3.2 2
drt: n_10835 3.6 3
drt: n_10836 1.64 2
drt: n_10837 3.81 3
drt: n_10838 1.2 2
drt: n_10839 3.24 3
drt: n_1084 3.92 2
drt: n_10840 11 3
drt: n_10841 4.24 3
drt: n_10842 0.6 2
drt: n_10843 3.8 3
drt: n_10844 0.6 2
drt: n_10845 5.6 3
drt: n_10846 5 3
drt: n_10847 5.72 3
drt: n_10848 2.8 3
drt: n_10849 3.4 3
drt: n_1085 3.2 2
drt: n_10850 6.41 3
drt: n_10851 6.56 4
drt: n_10852 4.6 3
drt: n_10853 6.13 3
drt: n_10854 1.2 2
drt: n_10855 3.6 3
drt: n_10856 3.2 3
drt: n_10857 5.24 3
drt: n_10858 9.84 3
drt: n_10859 0.6 2
drt: n_1086 5.12 2
drt: n_10860 3.2 2
drt: n_10861 9.57 5
drt: n_10862 5.27 3
drt: n_10863 3.84 2
drt: n_10864 5.2 3
drt: n_10865 5.32 2
drt: n_10866 11.45 5
drt: n_10867 8.6 3
drt: n_10868 4.52 2
drt: n_10869 10.6 5
drt: n_1087 10.68 2
drt: n_10870 6.32 3
drt: n_10871 2.2 2
drt: n_10872 4.92 4
drt: n_10873 5.6 4
drt: n_10874 1.6 2
drt: n_10875 4.2 3
drt: n_10876 6.41 3
drt: n_10877 3.92 3
drt: n_10878 0.4 2
drt: n_10879 5.76 4
drt: n_1088 6.32 2
drt: n_10880 4.47 3
drt: n_10881 1.2 2
drt: n_10882 8.8 5
drt: n_10883 2.8 3
drt: n_10884 1.2 2
drt: n_10885 5.32 3
drt: n_10886 9.56 3
drt: n_10887 5.2 3
drt: n_10888 4.8 3
drt: n_10889 12.06 5
drt: n_1089 2.24 2
drt: n_10890 2.33 3
drt: n_10891 1.4 2
drt: n_10892 5.32 3
drt: n_10893 7.8 3
drt: n_10894 14.4 5
drt: n_10895 4.6 3
drt: n_10896 1.2 2
drt: n_10897 5.2 4
drt: n_10898 5.2 3
drt: n_10899 2 2
drt: n_109 0.6 2
drt: n_1090 9.12 2
drt: n_10900 6.64 3
drt: n_10901 9.52 3
drt: n_10902 13.8 4
drt: n_10903 4.4 3
drt: n_10904 1 2
drt: n_10905 7.6 3
drt: n_10906 5.04 3
drt: n_10907 5.6 3
drt: n_10908 3.6 2
drt: n_10909 5.92 3
drt: n_1091 2.6 2
drt: n_10910 6.6 3
drt: n_10911 2.37 3
drt: n_10912 2.72 2
drt: n_10913 38.85 8
drt: n_10914 38.52 8
drt: n_10915 31.12 8
drt: n_10916 47.09 8
drt: n_10917 43.61 7
drt: n_10918 68.16 8
drt: n_10919 7.8 2
drt: n_1092 3.41 2
drt: n_10920 6.44 4
drt: n_10921 5.16 3
drt: n_10922 2.36 3
drt: n_10923 1.64 2
drt: n_10924 4.44 2
drt: n_10925 2.84 2
drt: n_10926 6 2
drt: n_10927 1.4 2
drt: n_10928 3.2 2
drt: n_10929 15.24 2
drt: n_1093 4.92 2
drt: n_10930 7.12 3
drt: n_10931 4.8 3
drt: n_10932 5.4 3
drt: n_10933 0.6 2
drt: n_10934 4 3
drt: n_10935 0.6 2
drt: n_10936 5.2 3
drt: n_10937 5.93 4
drt: n_10938 2 3
drt: n_10939 1 2
drt: n_1094 6.52 2
drt: n_10940 5.94 3
drt: n_10941 0.4 2
drt: n_10942 3.24 3
drt: n_10943 0.6 2
drt: n_10944 9.92 4
drt: n_10945 4.92 3
drt: n_10946 2.4 2
drt: n_10947 2 2
drt: n_10948 5.2 4
drt: n_10949 4.6 3
drt: n_1095 6.6 2
drt: n_10950 4.04 3
drt: n_10951 6.24 3
drt: n_10952 5.8 3
drt: n_10953 0.8 2
drt: n_10954 3.04 3
drt: n_10955 1.6 2
drt: n_10956 6.64 4
drt: n_10957 3.64 3
drt: n_10958 2.44 2
drt: n_10959 4.61 3
drt: n_1096 4.61 2
drt: n_10960 4.2 2
drt: n_10961 4.52 3
drt: n_10962 4.44 3
drt: n_10963 6.32 3
drt: n_10964 3.8 3
drt: n_10965 3 2
drt: n_10966 3.93 3
drt: n_10967 1.6 2
drt: n_10968 12 4
drt: n_10969 3.8 3
drt: n_1097 2.8 2
drt: n_10970 11.52 5
drt: n_10971 4.35 3
drt: n_10972 1 2
drt: n_10973 7.2 4
drt: n_10974 1.4 2
drt: n_10975 3.92 3
drt: n_10976 7.84 3
drt: n_10977 4.12 3
drt: n_10978 1.6 2
drt: n_10979 4.8 3
drt: n_1098 12 2
drt: n_10980 2.6 2
drt: n_10981 4.04 3
drt: n_10982 0.8 2
drt: n_10983 8.12 4
drt: n_10984 6.12 3
drt: n_10985 3.2 2
drt: n_10986 5.92 4
drt: n_10987 3.8 3
drt: n_10988 1.64 2
drt: n_10989 1.92 3
drt: n_1099 2.6 2
drt: n_10990 9.2 3
drt: n_10991 1 2
drt: n_10992 3.72 3
drt: n_10993 1.64 2
drt: n_10994 3.24 3
drt: n_10995 0.6 2
drt: n_10996 8.61 3
drt: n_10997 2 2
drt: n_10998 7.8 3
drt: n_10999 9.72 2
drt: n_11 2 2
drt: n_110 7.52 2
drt: n_1100 2.4 2
drt: n_11000 2.12 3
drt: n_11001 2.2 2
drt: n_11002 7.44 3
drt: n_11003 0.6 2
drt: n_11004 9.24 3
drt: n_11005 2.2 2
drt: n_11006 4.72 3
drt: n_11007 4.04 3
drt: n_11008 3.72 3
drt: n_11009 1.84 2
drt: n_1101 1.6 2
drt: n_11010 7.44 3
drt: n_11011 0.6 2
drt: n_11012 4 3
drt: n_11013 1.8 2
drt: n_11014 4.33 3
drt: n_11015 0.6 2
drt: n_11016 3.64 3
drt: n_11017 1 2
drt: n_11018 3.64 3
drt: n_11019 0.8 2
drt: n_1102 3.8 2
drt: n_11020 5.52 3
drt: n_11021 0.6 2
drt: n_11022 2.15 2
drt: n_11023 1.75 2
drt: n_11024 43.07 2
drt: n_11025 6.75 2
drt: n_11026 2.15 2
drt: n_11027 24.96 3
drt: n_11028 4.41 4
drt: n_11029 11.04 4
drt: n_1103 1.8 2
drt: n_11030 5.24 3
drt: n_11031 25.45 4
drt: n_11032 12.2 4
drt: n_11033 2.2 3
drt: n_11034 69.85 11
drt: n_11035 6.2 4
drt: n_11036 5.92 3
drt: n_11037 70.74 11
drt: n_11038 21.48 3
drt: n_11039 3.72 2
drt: n_1104 1.2 2
drt: n_11040 55.8 11
drt: n_11041 96.45 11
drt: n_11042 5 3
drt: n_11043 0.8 2
drt: n_11044 7.92 3
drt: n_11045 7.2 2
drt: n_11046 5.72 2
drt: n_11047 8.84 4
drt: n_11048 2.84 2
drt: n_11049 7.2 2
drt: n_1105 4.52 2
drt: n_11050 5.35 3
drt: n_11051 3 2
drt: n_11052 7.2 4
drt: n_11053 2 3
drt: n_11054 7.6 3
drt: n_11055 17.12 4
drt: n_11056 4.4 3
drt: n_11057 0.4 2
drt: n_11058 6.4 3
drt: n_11059 2 2
drt: n_1106 8 2
drt: n_11060 4.2 3
drt: n_11061 0.4 2
drt: n_11062 5 3
drt: n_11063 2 2
drt: n_11064 6 3
drt: n_11065 3.4 2
drt: n_11066 5.4 3
drt: n_11067 1.2 2
drt: n_11068 4.55 3
drt: n_11069 0.4 2
drt: n_1107 4.72 2
drt: n_11070 4.76 4
drt: n_11071 9.21 4
drt: n_11072 4.32 2
drt: n_11073 4 3
drt: n_11074 4 2
drt: n_11075 28.25 4
drt: n_11076 7.01 2
drt: n_11077 16.48 3
drt: n_11078 7.4 3
drt: n_11079 8 3
drt: n_1108 6.2 2
drt: n_11080 3.33 3
drt: n_11081 1.4 2
drt: n_11082 7.32 3
drt: n_11083 3.84 3
drt: n_11084 7.96 3
drt: n_11085 2.8 2
drt: n_11086 6.4 3
drt: n_11087 0.6 2
drt: n_11088 4.4 3
drt: n_11089 1 2
drt: n_1109 3.6 2
drt: n_11090 7.53 5
drt: n_11091 6.8 5
drt: n_11092 3.16 3
drt: n_11093 1 2
drt: n_11094 11.16 5
drt: n_11095 7.24 3
drt: n_11096 4.44 2
drt: n_11097 14.52 4
drt: n_11098 7.47 3
drt: n_11099 8.16 2
drt: n_111 11.64 2
drt: n_1110 4.8 2
drt: n_11100 4.4 2
drt: n_11101 3.4 3
drt: n_11102 4 3
drt: n_11103 30.72 7
drt: n_11104 3.64 3
drt: n_11105 2.52 2
drt: n_11106 2 3
drt: n_11107 1.6 3
drt: n_11108 1.4 2
drt: n_11109 3.61 3
drt: n_1111 4.12 2
drt: n_11110 1.8 2
drt: n_11111 8.04 4
drt: n_11112 14.92 4
drt: n_11113 1.8 2
drt: n_11114 3.72 2
drt: n_11115 8.73 4
drt: n_11116 2.75 3
drt: n_11117 1.2 2
drt: n_11118 3.52 3
drt: n_11119 4.36 3
drt: n_1112 6 2
drt: n_11120 7.55 4
drt: n_11121 15.68 4
drt: n_11122 1.4 2
drt: n_11123 5.01 3
drt: n_11124 3 3
drt: n_11125 4.8 3
drt: n_11126 3 2
drt: n_11127 8.2 4
drt: n_11128 4.2 2
drt: n_11129 5.92 3
drt: n_1113 4.2 2
drt: n_11130 4.8 2
drt: n_11131 9.15 4
drt: n_11132 6.6 3
drt: n_11133 3.4 2
drt: n_11134 18.48 5
drt: n_11135 10.55 3
drt: n_11136 2 2
drt: n_11137 13.04 4
drt: n_11138 5.4 3
drt: n_11139 3.6 2
drt: n_1114 5 2
drt: n_11140 9.4 4
drt: n_11141 3.4 3
drt: n_11142 1.2 2
drt: n_11143 7.6 3
drt: n_11144 7 2
drt: n_11145 8.6 3
drt: n_11146 2.6 2
drt: n_11147 13.8 4
drt: n_11148 21.76 8
drt: n_11149 4.24 2
drt: n_1115 4.2 2
drt: n_11150 5.2 4
drt: n_11151 6.15 3
drt: n_11152 3.6 2
drt: n_11153 19.2 4
drt: n_11154 8.2 4
drt: n_11155 8.35 3
drt: n_11156 1 2
drt: n_11157 9.24 4
drt: n_11158 4.84 3
drt: n_11159 1.4 2
drt: n_1116 3.44 2
drt: n_11160 8.2 3
drt: n_11161 4.2 3
drt: n_11162 2.6 2
drt: n_11163 13.64 5
drt: n_11164 4.13 3
drt: n_11165 2.24 2
drt: n_11166 22.05 8
drt: n_11167 2.84 2
drt: n_11168 31.4 8
drt: n_11169 1.8 2
drt: n_1117 3.52 2
drt: n_11170 3.75 2
drt: n_11171 3.61 4
drt: n_11172 1.4 2
drt: n_11173 2.4 3
drt: n_11174 3.44 2
drt: n_11175 2.6 3
drt: n_11176 11.8 5
drt: n_11177 4 3
drt: n_11178 1 2
drt: n_11179 6.4 4
drt: n_1118 5.2 2
drt: n_11180 6.35 3
drt: n_11181 1 2
drt: n_11182 5.32 5
drt: n_11183 5.6 3
drt: n_11184 1.2 2
drt: n_11185 3.84 3
drt: n_11186 9.36 5
drt: n_11187 4.16 3
drt: n_11188 1 2
drt: n_11189 5.2 4
drt: n_1119 3 2
drt: n_11190 6 3
drt: n_11191 1.4 2
drt: n_11192 8.29 5
drt: n_11193 8.52 3
drt: n_11194 1.4 2
drt: n_11195 13 4
drt: n_11196 10.87 4
drt: n_11197 1.4 2
drt: n_11198 5.36 3
drt: n_11199 3.72 2
drt: n_112 0.8 2
drt: n_1120 1.2 2
drt: n_11200 0.8 2
drt: n_11201 10.7 6
drt: n_11202 5.2 3
drt: n_11203 1.4 2
drt: n_11204 0.6 2
drt: n_11205 1.2 2
drt: n_11206 18.92 5
drt: n_11207 6.2 3
drt: n_11208 1.52 2
drt: n_11209 13.12 4
drt: n_1121 3.2 2
drt: n_11210 4.35 3
drt: n_11211 1.2 2
drt: n_11212 0.6 2
drt: n_11213 8.72 2
drt: n_11214 7.8 4
drt: n_11215 2.8 3
drt: n_11216 1.4 2
drt: n_11217 8.93 4
drt: n_11218 8 4
drt: n_11219 2.04 2
drt: n_1122 18.04 2
drt: n_11220 9.41 4
drt: n_11221 4.15 3
drt: n_11222 1.64 2
drt: n_11223 6.16 4
drt: n_11224 6.88 3
drt: n_11225 1.64 2
drt: n_11226 18 6
drt: n_11227 4.4 3
drt: n_11228 1 2
drt: n_11229 13.8 4
drt: n_1123 1.2 2
drt: n_11230 6.8 3
drt: n_11231 7.4 2
drt: n_11232 5.92 4
drt: n_11233 5.8 3
drt: n_11234 1.4 2
drt: n_11235 3.8 4
drt: n_11236 7.75 3
drt: n_11237 1.8 2
drt: n_11238 12.72 4
drt: n_11239 9.92 3
drt: n_1124 2.44 2
drt: n_11240 2.6 2
drt: n_11241 2.61 3
drt: n_11242 5.72 2
drt: n_11243 4.44 3
drt: n_11244 1.64 2
drt: n_11245 15.84 5
drt: n_11246 4.8 3
drt: n_11247 1.4 2
drt: n_11248 5.2 3
drt: n_11249 2 2
drt: n_1125 2.8 2
drt: n_11250 11 3
drt: n_11251 3.4 2
drt: n_11252 14.48 4
drt: n_11253 5.92 3
drt: n_11254 2.92 2
drt: n_11255 6.13 4
drt: n_11256 2.55 3
drt: n_11257 2 2
drt: n_11258 7.38 4
drt: n_11259 5.4 3
drt: n_1126 2.92 2
drt: n_11260 1 2
drt: n_11261 1.8 2
drt: n_11262 5 3
drt: n_11263 2.6 2
drt: n_11264 12.12 4
drt: n_11265 6.2 3
drt: n_11266 4.8 2
drt: n_11267 6.01 4
drt: n_11268 4.6 3
drt: n_11269 1.6 2
drt: n_1127 3.72 2
drt: n_11270 5.01 4
drt: n_11271 10.6 3
drt: n_11272 2.6 2
drt: n_11273 12.72 5
drt: n_11274 9.04 3
drt: n_11275 1.64 2
drt: n_11276 5.88 4
drt: n_11277 3.35 3
drt: n_11278 1.8 2
drt: n_11279 6.73 4
drt: n_1128 6.92 2
drt: n_11280 4.95 3
drt: n_11281 2.2 2
drt: n_11282 12.36 5
drt: n_11283 6 3
drt: n_11284 1.64 2
drt: n_11285 5.8 4
drt: n_11286 4.79 3
drt: n_11287 1 2
drt: n_11288 8.84 4
drt: n_11289 5.99 3
drt: n_1129 1.4 2
drt: n_11290 1.2 2
drt: n_11291 6.6 4
drt: n_11292 4.79 3
drt: n_11293 2.64 2
drt: n_11294 5 4
drt: n_11295 3.15 3
drt: n_11296 1 2
drt: n_11297 27.32 7
drt: n_11298 13.45 4
drt: n_11299 5.32 2
drt: n_113 4.32 2
drt: n_1130 12.4 2
drt: n_11300 2.21 3
drt: n_11301 3.6 3
drt: n_11302 8.4 4
drt: n_11303 5.35 3
drt: n_11304 1.8 2
drt: n_11305 8.84 4
drt: n_11306 2.55 3
drt: n_11307 1.8 2
drt: n_11308 5 4
drt: n_11309 5.55 3
drt: n_1131 4.72 2
drt: n_11310 1 2
drt: n_11311 6.44 4
drt: n_11312 2.92 3
drt: n_11313 1.4 2
drt: n_11314 10.08 4
drt: n_11315 2.3 3
drt: n_11316 4.12 2
drt: n_11317 12 4
drt: n_11318 5.96 3
drt: n_11319 2.6 2
drt: n_1132 4.44 2
drt: n_11320 8.21 5
drt: n_11321 7.44 4
drt: n_11322 1.4 2
drt: n_11323 8.24 4
drt: n_11324 2.55 3
drt: n_11325 1.4 2
drt: n_11326 2.64 2
drt: n_11327 2.8 4
drt: n_11328 7.55 3
drt: n_11329 1.64 2
drt: n_1133 3.52 2
drt: n_11330 9.4 4
drt: n_11331 5.32 3
drt: n_11332 3.32 2
drt: n_11333 2.4 3
drt: n_11334 2.2 3
drt: n_11335 6.52 4
drt: n_11336 4.24 3
drt: n_11337 1.4 2
drt: n_11338 3.2 3
drt: n_11339 11.65 3
drt: n_1134 4.6 2
drt: n_11340 2.2 3
drt: n_11341 3.4 3
drt: n_11342 2 2
drt: n_11343 5.81 4
drt: n_11344 5.4 3
drt: n_11345 1.4 2
drt: n_11346 13.32 5
drt: n_11347 7.52 3
drt: n_11348 3.4 2
drt: n_11349 4.36 4
drt: n_1135 1 2
drt: n_11350 1.64 2
drt: n_11351 10.21 4
drt: n_11352 1.4 2
drt: n_11353 12 4
drt: n_11354 1 2
drt: n_11355 2.8 3
drt: n_11356 1.4 2
drt: n_11357 3.92 2
drt: n_11358 5.4 2
drt: n_11359 12.84 4
drt: n_1136 2.2 2
drt: n_11360 1.4 2
drt: n_11361 4.6 3
drt: n_11362 3 3
drt: n_11363 1.2 2
drt: n_11364 5.2 3
drt: n_11365 21.4 4
drt: n_11366 5.2 4
drt: n_11367 4.8 4
drt: n_11368 4.32 3
drt: n_11369 1 2
drt: n_1137 0.8 2
drt: n_11370 4.32 3
drt: n_11371 5 2
drt: n_11372 4.41 4
drt: n_11373 8.2 4
drt: n_11374 1.6 2
drt: n_11375 8.53 4
drt: n_11376 4.4 4
drt: n_11377 14.52 4
drt: n_11378 10.04 4
drt: n_11379 7.3 3
drt: n_1138 2.4 2
drt: n_11380 5.12 2
drt: n_11381 5.12 3
drt: n_11382 4 2
drt: n_11383 1.8 2
drt: n_11384 2 2
drt: n_11385 4.2 2
drt: n_11386 4.4 2
drt: n_11387 4.36 3
drt: n_11388 2.44 2
drt: n_11389 1.6 2
drt: n_1139 2.2 2
drt: n_11390 1.8 2
drt: n_11391 1.6 2
drt: n_11392 2.96 3
drt: n_11393 1 2
drt: n_11394 6.44 3
drt: n_11395 0.6 2
drt: n_11396 1.6 2
drt: n_11397 16.32 2
drt: n_11398 3.6 3
drt: n_11399 2.6 2
drt: n_114 5.6 2
drt: n_1140 2.4 2
drt: n_11400 2.2 3
drt: n_11401 1.8 2
drt: n_11402 4.2 3
drt: n_11403 1.8 2
drt: n_11404 3 2
drt: n_11405 22.44 3
drt: n_11406 2.24 2
drt: n_11407 4.2 3
drt: n_11408 0.4 2
drt: n_11409 25.44 6
drt: n_1141 4.92 2
drt: n_11410 11.32 4
drt: n_11411 4 3
drt: n_11412 1.2 2
drt: n_11413 5.72 2
drt: n_11414 4.92 2
drt: n_11415 30.36 4
drt: n_11416 4.4 2
drt: n_11417 4.32 2
drt: n_11418 2.01 3
drt: n_11419 5.8 3
drt: n_1142 0.8 2
drt: n_11420 0.6 2
drt: n_11421 6.8 3
drt: n_11422 2.2 2
drt: n_11423 5.8 3
drt: n_11424 0.6 2
drt: n_11425 5.56 3
drt: n_11426 1 2
drt: n_11427 7.12 3
drt: n_11428 2 2
drt: n_11429 9.2 3
drt: n_1143 6.72 2
drt: n_11430 4.44 3
drt: n_11431 1.6 2
drt: n_11432 5.8 3
drt: n_11433 0.6 2
drt: n_11434 3.15 3
drt: n_11435 6 3
drt: n_11436 5.32 3
drt: n_11437 7.4 3
drt: n_11438 5.2 3
drt: n_11439 2.6 2
drt: n_1144 1.6 2
drt: n_11440 5.4 4
drt: n_11441 4.4 3
drt: n_11442 1.2 2
drt: n_11443 4.32 3
drt: n_11444 2.8 2
drt: n_11445 3.2 3
drt: n_11446 1 2
drt: n_11447 5.16 3
drt: n_11448 2.2 2
drt: n_11449 8.61 4
drt: n_1145 2.4 2
drt: n_11450 7.52 3
drt: n_11451 3.12 2
drt: n_11452 9.8 3
drt: n_11453 0.4 2
drt: n_11454 4.2 3
drt: n_11455 1 2
drt: n_11456 3.6 3
drt: n_11457 3.12 2
drt: n_11458 4.24 4
drt: n_11459 1.4 2
drt: n_1146 2 2
drt: n_11460 4.32 3
drt: n_11461 3.2 2
drt: n_11462 3.2 3
drt: n_11463 3.24 3
drt: n_11464 2.32 2
drt: n_11465 6.8 3
drt: n_11466 1.44 2
drt: n_11467 2.4 2
drt: n_11468 4.04 3
drt: n_11469 2.52 2
drt: n_1147 2.8 2
drt: n_11470 1.6 2
drt: n_11471 1.2 2
drt: n_11472 2 2
drt: n_11473 6.16 3
drt: n_11474 1.2 2
drt: n_11475 8.2 3
drt: n_11476 2.72 2
drt: n_11477 7.56 3
drt: n_11478 0.6 2
drt: n_11479 5.65 3
drt: n_1148 2.24 2
drt: n_11480 2.44 2
drt: n_11481 2.84 3
drt: n_11482 2.8 2
drt: n_11483 4.44 3
drt: n_11484 0.8 2
drt: n_11485 6.32 3
drt: n_11486 0.6 2
drt: n_11487 4.76 3
drt: n_11488 2 2
drt: n_11489 2.92 2
drt: n_1149 2.92 2
drt: n_11490 6.2 2
drt: n_11491 6.6 3
drt: n_11492 3.72 2
drt: n_11493 7.84 4
drt: n_11494 1.4 2
drt: n_11495 7.04 3
drt: n_11496 4 3
drt: n_11497 3.6 3
drt: n_11498 0.6 2
drt: n_11499 3.6 3
drt: n_115 7 2
drt: n_1150 7.6 2
drt: n_11500 2.4 2
drt: n_11501 2.12 2
drt: n_11502 5.6 3
drt: n_11503 2.4 2
drt: n_11504 3.4 3
drt: n_11505 2.32 2
drt: n_11506 5.36 3
drt: n_11507 1.8 2
drt: n_11508 7.08 3
drt: n_11509 4 3
drt: n_1151 6.32 2
drt: n_11510 5.76 3
drt: n_11511 3.8 2
drt: n_11512 6.24 3
drt: n_11513 2.2 2
drt: n_11514 6.8 3
drt: n_11515 0.6 2
drt: n_11516 3.4 3
drt: n_11517 1.8 2
drt: n_11518 5.12 3
drt: n_11519 1.6 2
drt: n_1152 4.92 2
drt: n_11520 5.24 3
drt: n_11521 12.6 4
drt: n_11522 4.6 3
drt: n_11523 1.2 2
drt: n_11524 9.92 3
drt: n_11525 4.6 3
drt: n_11526 3.6 3
drt: n_11527 1 2
drt: n_11528 7.6 3
drt: n_11529 2.64 2
drt: n_1153 11.6 2
drt: n_11530 6 3
drt: n_11531 0.6 2
drt: n_11532 2.6 3
drt: n_11533 0.4 2
drt: n_11534 7.84 3
drt: n_11535 0.6 2
drt: n_11536 4.8 3
drt: n_11537 0.6 2
drt: n_11538 3.04 2
drt: n_11539 5.64 3
drt: n_1154 1.6 2
drt: n_11540 2.92 2
drt: n_11541 4 3
drt: n_11542 2.44 2
drt: n_11543 8.96 3
drt: n_11544 7.92 2
drt: n_11545 5.2 3
drt: n_11546 0.6 2
drt: n_11547 3.96 3
drt: n_11548 9.2 4
drt: n_11549 3.04 3
drt: n_1155 3.4 2
drt: n_11550 1.52 2
drt: n_11551 5.4 2
drt: n_11552 3.44 2
drt: n_11553 2.44 2
drt: n_11554 4.4 2
drt: n_11555 1.8 2
drt: n_11556 2.6 2
drt: n_11557 12.41 5
drt: n_11558 2 2
drt: n_11559 3.6 3
drt: n_1156 5.52 2
drt: n_11560 2 2
drt: n_11561 2.6 3
drt: n_11562 2.52 2
drt: n_11563 11.92 3
drt: n_11564 3 2
drt: n_11565 7.32 4
drt: n_11566 3.8 3
drt: n_11567 1 2
drt: n_11568 11.2 4
drt: n_11569 5.61 3
drt: n_1157 5.6 2
drt: n_11570 1.4 2
drt: n_11571 4.6 3
drt: n_11572 2.6 2
drt: n_11573 3.6 3
drt: n_11574 0.8 2
drt: n_11575 4.25 3
drt: n_11576 0.8 2
drt: n_11577 4 3
drt: n_11578 0.8 2
drt: n_11579 17.53 5
drt: n_1158 3.84 2
drt: n_11580 5 3
drt: n_11581 10.84 3
drt: n_11582 0.4 2
drt: n_11583 5.2 2
drt: n_11584 10.88 4
drt: n_11585 2.04 2
drt: n_11586 10.2 3
drt: n_11587 0.4 2
drt: n_11588 2.2 3
drt: n_11589 0.4 2
drt: n_1159 2.24 2
drt: n_11590 3 3
drt: n_11591 6.36 3
drt: n_11592 1.8 2
drt: n_11593 3.52 2
drt: n_11594 11.81 4
drt: n_11595 5.64 3
drt: n_11596 1.4 2
drt: n_11597 12.2 4
drt: n_11598 7.6 3
drt: n_11599 5.4 2
drt: n_116 0.8 2
drt: n_1160 1.8 2
drt: n_11600 1.8 3
drt: n_11601 1.6 2
drt: n_11602 1.8 2
drt: n_11603 12.4 4
drt: n_11604 5.6 3
drt: n_11605 3.2 2
drt: n_11606 9.64 3
drt: n_11607 4.52 3
drt: n_11608 3.92 2
drt: n_11609 4.2 4
drt: n_1161 3.2 2
drt: n_11610 4.92 3
drt: n_11611 1.4 2
drt: n_11612 4.33 2
drt: n_11613 2.84 3
drt: n_11614 0.6 2
drt: n_11615 10 3
drt: n_11616 6.95 3
drt: n_11617 13.4 3
drt: n_11618 2 2
drt: n_11619 4 3
drt: n_1162 6.72 2
drt: n_11620 1.8 2
drt: n_11621 3.41 3
drt: n_11622 4.96 4
drt: n_11623 3 3
drt: n_11624 1.4 2
drt: n_11625 7.36 4
drt: n_11626 7.72 3
drt: n_11627 21.2 5
drt: n_11628 2.8 3
drt: n_11629 2.8 2
drt: n_1163 2.84 2
drt: n_11630 8 4
drt: n_11631 12.44 3
drt: n_11632 10.2 4
drt: n_11633 4.84 3
drt: n_11634 27.93 4
drt: n_11635 8.16 3
drt: n_11636 17.25 4
drt: n_11637 8.04 3
drt: n_11638 7.81 4
drt: n_11639 4.8 3
drt: n_1164 2.4 2
drt: n_11640 54 3
drt: n_11641 7.6 4
drt: n_11642 2.8 2
drt: n_11643 1.64 2
drt: n_11644 64.13 3
drt: n_11645 6.64 3
drt: n_11646 7.72 2
drt: n_11647 57.25 3
drt: n_11648 4.4 3
drt: n_11649 6.4 2
drt: n_1165 1.2 2
drt: n_11650 147.92 3
drt: n_11651 1.4 3
drt: n_11652 1.4 2
drt: n_11653 112.44 3
drt: n_11654 4.4 3
drt: n_11655 3.8 2
drt: n_11656 2.2 2
drt: n_11657 11.8 6
drt: n_11658 4.52 2
drt: n_11659 6 2
drt: n_1166 0.8 2
drt: n_11660 2.84 2
drt: n_11661 2.8 2
drt: n_11662 18.24 5
drt: n_11663 2.44 2
drt: n_11664 14.72 5
drt: n_11665 2 2
drt: n_11666 25.4 5
drt: n_11667 2.6 2
drt: n_11668 22.97 5
drt: n_11669 3.8 2
drt: n_1167 2 2
drt: n_11670 14.45 5
drt: n_11671 2 2
drt: n_11672 13.52 5
drt: n_11673 8.4 2
drt: n_11674 5.12 2
drt: n_11675 2.15 2
drt: n_11676 17.68 4
drt: n_11677 3.76 2
drt: n_11678 8.84 4
drt: n_11679 4.15 2
drt: n_1168 0.42 2
drt: n_11680 4 3
drt: n_11681 2.24 2
drt: n_11682 11.48 5
drt: n_11683 10.55 4
drt: n_11684 4.8 4
drt: n_11685 7.2 3
drt: n_11686 8.2 2
drt: n_11687 23.48 4
drt: n_11688 9.45 3
drt: n_11689 8.2 2
drt: n_1169 1 2
drt: n_11690 5.55 3
drt: n_11691 4.05 3
drt: n_11692 7.2 4
drt: n_11693 9.24 4
drt: n_11694 5.24 4
drt: n_11695 3 4
drt: n_11696 52.16 11
drt: n_11697 5.4 5
drt: n_11698 56.57 11
drt: n_11699 6.6 4
drt: n_117 2.24 2
drt: n_1170 6 2
drt: n_11700 5.64 4
drt: n_11701 3 3
drt: n_11702 1.6 2
drt: n_11703 2.4 2
drt: n_11704 2.25 3
drt: n_11705 2 2
drt: n_11706 4.41 3
drt: n_11707 1.4 2
drt: n_11708 3.93 3
drt: n_11709 2 2
drt: n_1171 7.72 2
drt: n_11710 4.96 3
drt: n_11711 3.72 2
drt: n_11712 6.96 3
drt: n_11713 0.6 2
drt: n_11714 14.8 3
drt: n_11715 4.4 2
drt: n_11716 17.92 3
drt: n_11717 1.6 2
drt: n_11718 5.64 3
drt: n_11719 2.8 2
drt: n_1172 9.92 2
drt: n_11720 5.53 3
drt: n_11721 1.84 2
drt: n_11722 4.72 3
drt: n_11723 3.72 2
drt: n_11724 7.15 3
drt: n_11725 2 2
drt: n_11726 4.24 3
drt: n_11727 2.44 2
drt: n_11728 6.4 3
drt: n_11729 3 2
drt: n_1173 1.8 2
drt: n_11730 4 2
drt: n_11731 7.72 3
drt: n_11732 7.8 2
drt: n_11733 7.12 3
drt: n_11734 0.4 2
drt: n_11735 6.44 3
drt: n_11736 0.4 2
drt: n_11737 2.6 3
drt: n_11738 2.64 2
drt: n_11739 2.75 3
drt: n_1174 1.8 2
drt: n_11740 1.8 2
drt: n_11741 2.01 3
drt: n_11742 1.4 2
drt: n_11743 6.16 3
drt: n_11744 3.72 2
drt: n_11745 3.6 3
drt: n_11746 0.8 2
drt: n_11747 5.6 3
drt: n_11748 0.4 2
drt: n_11749 1.6 2
drt: n_1175 0.8 2
drt: n_11750 14.2 2
drt: n_11751 2.24 2
drt: n_11752 4.6 3
drt: n_11753 1.6 2
drt: n_11754 11.2 3
drt: n_11755 3.2 2
drt: n_11756 4.4 3
drt: n_11757 2.04 2
drt: n_11758 9.2 3
drt: n_11759 0.8 2
drt: n_1176 6.12 2
drt: n_11760 3.75 3
drt: n_11761 0.4 2
drt: n_11762 3.95 3
drt: n_11763 1.84 2
drt: n_11764 11.12 3
drt: n_11765 1.84 2
drt: n_11766 13.72 3
drt: n_11767 1.2 2
drt: n_11768 4.4 2
drt: n_11769 9.2 3
drt: n_1177 2.4 2
drt: n_11770 11 3
drt: n_11771 4.8 2
drt: n_11772 6.12 2
drt: n_11773 2.81 3
drt: n_11774 6.84 2
drt: n_11775 0.8 2
drt: n_11776 2.44 3
drt: n_11777 6 3
drt: n_11778 3.6 3
drt: n_11779 1.2 2
drt: n_1178 2 2
drt: n_11780 5 3
drt: n_11781 5.2 3
drt: n_11782 6.55 3
drt: n_11783 1 2
drt: n_11784 0.8 2
drt: n_11785 3.2 3
drt: n_11786 1.2 2
drt: n_11787 7 3
drt: n_11788 3 3
drt: n_11789 3.6 3
drt: n_1179 2.2 2
drt: n_11790 6.16 3
drt: n_11791 3.84 3
drt: n_11792 3.2 3
drt: n_11793 3.8 3
drt: n_11794 3.2 3
drt: n_11795 4.32 2
drt: n_11796 6 3
drt: n_11797 3 2
drt: n_11798 7.92 3
drt: n_11799 5.32 3
drt: n_118 7.2 2
drt: n_1180 5.6 2
drt: n_11800 3 3
drt: n_11801 4.4 3
drt: n_11802 4.8 3
drt: n_11803 2.8 3
drt: n_11804 6.4 3
drt: n_11805 6.2 3
drt: n_11806 2.52 2
drt: n_11807 3 3
drt: n_11808 4.2 3
drt: n_11809 2.52 2
drt: n_1181 3.2 2
drt: n_11810 3.8 3
drt: n_11811 2.72 2
drt: n_11812 4.2 3
drt: n_11813 0.4 2
drt: n_11814 5.55 4
drt: n_11815 2.8 3
drt: n_11816 1.2 2
drt: n_11817 5.32 3
drt: n_11818 1.64 2
drt: n_11819 9.52 4
drt: n_1182 5.32 2
drt: n_11820 0.6 2
drt: n_11821 3.6 2
drt: n_11822 1.64 2
drt: n_11823 24.93 6
drt: n_11824 3.6 2
drt: n_11825 3.8 3
drt: n_11826 4.72 3
drt: n_11827 27.88 4
drt: n_11828 6.04 3
drt: n_11829 2.2 2
drt: n_1183 9.52 2
drt: n_11830 2.6 3
drt: n_11831 7.84 4
drt: n_11832 6.4 4
drt: n_11833 6.47 3
drt: n_11834 5.8 2
drt: n_11835 6.24 3
drt: n_11836 2.6 2
drt: n_11837 3.64 3
drt: n_11838 6.61 4
drt: n_11839 4.47 3
drt: n_1184 6.32 2
drt: n_11840 3.6 2
drt: n_11841 6.81 4
drt: n_11842 3.75 3
drt: n_11843 2.2 2
drt: n_11844 4.4 4
drt: n_11845 4.92 3
drt: n_11846 3 2
drt: n_11847 4.76 3
drt: n_11848 6.64 3
drt: n_11849 7.36 3
drt: n_1185 11.48 2
drt: n_11850 5.72 4
drt: n_11851 2.35 3
drt: n_11852 1 2
drt: n_11853 5.6 3
drt: n_11854 8.52 4
drt: n_11855 4.2 2
drt: n_11856 7.24 3
drt: n_11857 5.6 3
drt: n_11858 3.75 3
drt: n_11859 4.8 3
drt: n_1186 8 2
drt: n_11860 5.44 4
drt: n_11861 4.8 4
drt: n_11862 2.32 2
drt: n_11863 8.13 4
drt: n_11864 2.55 3
drt: n_11865 1.4 2
drt: n_11866 14.2 4
drt: n_11867 3.75 3
drt: n_11868 3 2
drt: n_11869 3.44 2
drt: n_1187 3.24 2
drt: n_11870 11.68 4
drt: n_11871 3.64 3
drt: n_11872 1 2
drt: n_11873 7.66 4
drt: n_11874 4.27 3
drt: n_11875 2.44 2
drt: n_11876 5.4 4
drt: n_11877 6.15 3
drt: n_11878 1 2
drt: n_11879 7.39 4
drt: n_1188 2.4 2
drt: n_11880 2.4 3
drt: n_11881 1.6 2
drt: n_11882 12.12 4
drt: n_11883 4.27 3
drt: n_11884 4.32 2
drt: n_11885 9.8 3
drt: n_11886 2.4 2
drt: n_11887 5.35 3
drt: n_11888 2.2 2
drt: n_11889 4 3
drt: n_1189 2.4 2
drt: n_11890 1.64 2
drt: n_11891 5.6 3
drt: n_11892 2.2 2
drt: n_11893 7.04 4
drt: n_11894 8 3
drt: n_11895 3.8 2
drt: n_11896 2.2 2
drt: n_11897 6 3
drt: n_11898 1.2 2
drt: n_11899 4 2
drt: n_119 3.84 2
drt: n_1190 3.2 2
drt: n_11900 6.95 4
drt: n_11901 3.2 3
drt: n_11902 1 2
drt: n_11903 9.52 4
drt: n_11904 4.84 3
drt: n_11905 2.6 2
drt: n_11906 11.36 4
drt: n_11907 6.52 3
drt: n_11908 1.8 2
drt: n_11909 6.61 4
drt: n_1191 7.62 2
drt: n_11910 4.15 3
drt: n_11911 2.72 2
drt: n_11912 15.19 4
drt: n_11913 3.44 3
drt: n_11914 1.64 2
drt: n_11915 11.72 4
drt: n_11916 7 3
drt: n_11917 3.8 2
drt: n_11918 13.44 4
drt: n_11919 6.12 3
drt: n_1192 1.8 2
drt: n_11920 2.12 2
drt: n_11921 9.35 4
drt: n_11922 4.4 3
drt: n_11923 1.6 2
drt: n_11924 8.81 4
drt: n_11925 4.8 3
drt: n_11926 1.8 2
drt: n_11927 17.75 4
drt: n_11928 6.6 3
drt: n_11929 1.4 2
drt: n_1193 2.12 2
drt: n_11930 8.8 4
drt: n_11931 5.8 3
drt: n_11932 2.2 2
drt: n_11933 2.32 3
drt: n_11934 1 2
drt: n_11935 4.64 3
drt: n_11936 1 2
drt: n_11937 2.96 3
drt: n_11938 8.2 3
drt: n_11939 1.84 2
drt: n_1194 6.92 2
drt: n_11940 5.92 3
drt: n_11941 3.2 3
drt: n_11942 2.92 2
drt: n_11943 9.04 4
drt: n_11944 3.55 3
drt: n_11945 2.4 2
drt: n_11946 5.4 4
drt: n_11947 8.45 3
drt: n_11948 4.72 2
drt: n_11949 17.95 4
drt: n_1195 5.2 2
drt: n_11950 5.84 3
drt: n_11951 5 2
drt: n_11952 8.24 4
drt: n_11953 3.07 3
drt: n_11954 1.4 2
drt: n_11955 10.55 4
drt: n_11956 5.4 3
drt: n_11957 2.8 2
drt: n_11958 12.07 4
drt: n_11959 4.21 3
drt: n_1196 4.6 2
drt: n_11960 1.4 2
drt: n_11961 12.79 4
drt: n_11962 2.2 3
drt: n_11963 1.64 2
drt: n_11964 6.95 4
drt: n_11965 2.92 3
drt: n_11966 1.64 2
drt: n_11967 1.4 2
drt: n_11968 11.72 4
drt: n_11969 5.75 3
drt: n_1197 2.2 2
drt: n_11970 3.4 2
drt: n_11971 4.8 3
drt: n_11972 2.6 2
drt: n_11973 11.64 4
drt: n_11974 4.44 3
drt: n_11975 1.64 2
drt: n_11976 7.13 4
drt: n_11977 3.15 3
drt: n_11978 1.6 2
drt: n_11979 19.52 4
drt: n_1198 3.12 2
drt: n_11980 4 3
drt: n_11981 2.2 2
drt: n_11982 11 4
drt: n_11983 4.52 3
drt: n_11984 1.61 2
drt: n_11985 10.92 4
drt: n_11986 5.4 3
drt: n_11987 2.8 2
drt: n_11988 3.2 3
drt: n_11989 2.4 2
drt: n_1199 6.84 2
drt: n_11990 2.2 2
drt: n_11991 6.6 4
drt: n_11992 8.35 3
drt: n_11993 1.4 2
drt: n_11994 6.16 4
drt: n_11995 4.96 3
drt: n_11996 1 2
drt: n_11997 11.4 4
drt: n_11998 9 3
drt: n_11999 1 2
drt: n_12 15.36 2
drt: n_120 4.8 2
drt: n_1200 9.4 2
drt: n_12000 2.32 2
drt: n_12001 7.15 4
drt: n_12002 6.6 3
drt: n_12003 1.4 2
drt: n_12004 14.51 4
drt: n_12005 2.75 3
drt: n_12006 1.64 2
drt: n_12007 7.56 4
drt: n_12008 5.6 3
drt: n_12009 1 2
drt: n_1201 6.92 2
drt: n_12010 6.4 3
drt: n_12011 3.56 3
drt: n_12012 14.44 4
drt: n_12013 4.12 3
drt: n_12014 3.32 2
drt: n_12015 2.4 3
drt: n_12016 3.8 2
drt: n_12017 6.44 3
drt: n_12018 3.4 2
drt: n_12019 8.8 4
drt: n_1202 2 2
drt: n_12020 2.8 3
drt: n_12021 1.4 2
drt: n_12022 9.75 4
drt: n_12023 6.52 3
drt: n_12024 1.8 2
drt: n_12025 10.47 4
drt: n_12026 2.75 3
drt: n_12027 1.4 2
drt: n_12028 4.04 3
drt: n_12029 1.6 2
drt: n_1203 2.6 2
drt: n_12030 13.51 4
drt: n_12031 4.6 3
drt: n_12032 2.44 2
drt: n_12033 4.4 4
drt: n_12034 5.6 3
drt: n_12035 1.8 2
drt: n_12036 5.92 3
drt: n_12037 1.4 2
drt: n_12038 4.15 2
drt: n_12039 1.64 2
drt: n_1204 5.04 2
drt: n_12040 3.2 3
drt: n_12041 2 2
drt: n_12042 8.76 4
drt: n_12043 3.32 3
drt: n_12044 1.8 2
drt: n_12045 11 4
drt: n_12046 3.6 3
drt: n_12047 4.4 3
drt: n_12048 3.4 3
drt: n_12049 3.44 3
drt: n_1205 8.52 2
drt: n_12050 6 3
drt: n_12051 3.6 3
drt: n_12052 3.92 3
drt: n_12053 3.6 4
drt: n_12054 6.01 3
drt: n_12055 1.8 2
drt: n_12056 2.24 2
drt: n_12057 4.44 3
drt: n_12058 5.64 3
drt: n_12059 1.8 2
drt: n_1206 5.12 2
drt: n_12060 5.92 3
drt: n_12061 6.4 3
drt: n_12062 6.92 3
drt: n_12063 3.8 3
drt: n_12064 3.36 3
drt: n_12065 2 2
drt: n_12066 8.72 3
drt: n_12067 15.52 3
drt: n_12068 2.8 2
drt: n_12069 4.67 3
drt: n_1207 3.4 2
drt: n_12070 2.84 2
drt: n_12071 3.85 3
drt: n_12072 1.24 2
drt: n_12073 2.6 3
drt: n_12074 6.4 3
drt: n_12075 2.6 2
drt: n_12076 2.04 2
drt: n_12077 10.92 3
drt: n_12078 4.6 3
drt: n_12079 2.6 2
drt: n_1208 3.72 2
drt: n_12080 5.64 3
drt: n_12081 3.4 3
drt: n_12082 1.64 2
drt: n_12083 4.84 3
drt: n_12084 4.6 3
drt: n_12085 8.6 3
drt: n_12086 4.64 3
drt: n_12087 2.84 3
drt: n_12088 10.32 3
drt: n_12089 5.4 3
drt: n_1209 5.72 2
drt: n_12090 4.72 2
drt: n_12091 8 5
drt: n_12092 9 3
drt: n_12093 2.2 2
drt: n_12094 3.6 3
drt: n_12095 4.2 3
drt: n_12096 5.44 3
drt: n_12097 5.64 3
drt: n_12098 8.8 4
drt: n_12099 2.6 2
drt: n_121 10.09 2
drt: n_1210 1.8 2
drt: n_12100 5.92 3
drt: n_12101 5.84 3
drt: n_12102 5.12 2
drt: n_12103 2.8 3
drt: n_12104 2.65 3
drt: n_12105 4.8 3
drt: n_12106 6.8 3
drt: n_12107 9.92 4
drt: n_12108 3.35 3
drt: n_12109 1.2 2
drt: n_1211 4 2
drt: n_12110 4.6 3
drt: n_12111 6.04 4
drt: n_12112 4.61 3
drt: n_12113 2.4 2
drt: n_12114 4.2 3
drt: n_12115 3.76 3
drt: n_12116 1.8 2
drt: n_12117 3.4 4
drt: n_12118 9.12 4
drt: n_12119 1.8 2
drt: n_1212 5.4 2
drt: n_12120 5.12 3
drt: n_12121 3.13 3
drt: n_12122 3.13 3
drt: n_12123 6.64 3
drt: n_12124 1.8 2
drt: n_12125 4.84 3
drt: n_12126 4.2 3
drt: n_12127 4.4 3
drt: n_12128 2.6 3
drt: n_12129 4.72 3
drt: n_1213 1.6 2
drt: n_12130 6 3
drt: n_12131 4.92 3
drt: n_12132 6.2 3
drt: n_12133 2.81 3
drt: n_12134 3.81 3
drt: n_12135 6.36 3
drt: n_12136 1.4 2
drt: n_12137 4.64 3
drt: n_12138 4.64 3
drt: n_12139 4.2 3
drt: n_1214 2.92 2
drt: n_12140 7.12 3
drt: n_12141 5.12 3
drt: n_12142 2.8 2
drt: n_12143 2.27 2
drt: n_12144 1.72 2
drt: n_12145 1.32 2
drt: n_12146 7.84 5
drt: n_12147 12.6 5
drt: n_12148 8.8 5
drt: n_12149 5.2 3
drt: n_1215 4.4 2
drt: n_12150 6.04 3
drt: n_12151 2.6 2
drt: n_12152 3.2 3
drt: n_12153 3.92 3
drt: n_12154 12.17 5
drt: n_12155 7.85 5
drt: n_12156 3.2 3
drt: n_12157 3.6 3
drt: n_12158 4.52 2
drt: n_12159 9.16 5
drt: n_1216 3.6 2
drt: n_12160 15.12 5
drt: n_12161 9 5
drt: n_12162 3.2 2
drt: n_12163 10.19 5
drt: n_12164 16.61 5
drt: n_12165 3.8 3
drt: n_12166 4.6 3
drt: n_12167 10.2 4
drt: n_12168 10.52 4
drt: n_12169 6.44 3
drt: n_1217 1.2 2
drt: n_12170 1.6 2
drt: n_12171 14 4
drt: n_12172 24.2 7
drt: n_12173 12.52 5
drt: n_12174 13.6 4
drt: n_12175 36.65 9
drt: n_12176 9.4 5
drt: n_12177 11.73 4
drt: n_12178 53.46 11
drt: n_12179 4.21 3
drt: n_1218 1.6 2
drt: n_12180 11.72 4
drt: n_12181 6.47 2
drt: n_12182 1 2
drt: n_12183 14.88 5
drt: n_12184 2.92 2
drt: n_12185 7.04 5
drt: n_12186 3.4 2
drt: n_12187 13.8 5
drt: n_12188 2.8 2
drt: n_12189 3.72 2
drt: n_1219 0.8 2
drt: n_12190 1 2
drt: n_12191 6.84 5
drt: n_12192 1.75 2
drt: n_12193 6.6 2
drt: n_12194 23.97 5
drt: n_12195 4 2
drt: n_12196 8.36 4
drt: n_12197 12.72 5
drt: n_12198 12.8 5
drt: n_12199 17.12 5
drt: n_122 7.72 2
drt: n_1220 3.84 2
drt: n_12200 13.37 5
drt: n_12201 9.35 2
drt: n_12202 10.92 5
drt: n_12203 7.32 3
drt: n_12204 17.91 4
drt: n_12205 11.47 5
drt: n_12206 1.4 2
drt: n_12207 1.8 2
drt: n_12208 1.6 2
drt: n_12209 15.36 4
drt: n_1221 8.12 2
drt: n_12210 6.2 4
drt: n_12211 1 2
drt: n_12212 1.4 2
drt: n_12213 1.6 2
drt: n_12214 4.6 2
drt: n_12215 5.32 2
drt: n_12216 2.6 2
drt: n_12217 8.39 4
drt: n_12218 2.6 2
drt: n_12219 3 2
drt: n_1222 3.52 2
drt: n_12220 2.6 2
drt: n_12221 13.4 4
drt: n_12222 1.64 2
drt: n_12223 4.15 3
drt: n_12224 3.2 2
drt: n_12225 7.35 3
drt: n_12226 1.8 2
drt: n_12227 3.15 3
drt: n_12228 1.8 2
drt: n_12229 5.8 3
drt: n_1223 3 2
drt: n_12230 1 2
drt: n_12231 4.04 3
drt: n_12232 2.52 2
drt: n_12233 2.95 3
drt: n_12234 1.2 2
drt: n_12235 6.08 3
drt: n_12236 2.4 2
drt: n_12237 6.6 4
drt: n_12238 4.81 4
drt: n_12239 2.8 3
drt: n_1224 1.8 2
drt: n_12240 2.92 2
drt: n_12241 2.92 2
drt: n_12242 13.24 4
drt: n_12243 5.2 3
drt: n_12244 1 2
drt: n_12245 4 2
drt: n_12246 3.6 2
drt: n_12247 8.2 3
drt: n_12248 3.2 2
drt: n_12249 2.44 3
drt: n_1225 8.8 2
drt: n_12250 1.6 2
drt: n_12251 4.61 3
drt: n_12252 1.4 2
drt: n_12253 6.6 3
drt: n_12254 2.52 2
drt: n_12255 5.92 3
drt: n_12256 2.44 2
drt: n_12257 4.6 3
drt: n_12258 2.2 2
drt: n_12259 7.4 3
drt: n_1226 6.6 2
drt: n_12260 3.21 3
drt: n_12261 7.64 3
drt: n_12262 2.6 2
drt: n_12263 3.2 3
drt: n_12264 2.32 2
drt: n_12265 5.92 3
drt: n_12266 3.2 2
drt: n_12267 8.44 3
drt: n_12268 4.25 3
drt: n_12269 2.24 2
drt: n_1227 2.24 2
drt: n_12270 4.6 3
drt: n_12271 2 3
drt: n_12272 1.6 2
drt: n_12273 3.4 3
drt: n_12274 1.64 2
drt: n_12275 4.2 3
drt: n_12276 5.4 2
drt: n_12277 3.04 3
drt: n_12278 0.8 2
drt: n_12279 5.32 3
drt: n_1228 12.6 2
drt: n_12280 1 2
drt: n_12281 6.37 4
drt: n_12282 3.52 3
drt: n_12283 2.52 2
drt: n_12284 4.04 3
drt: n_12285 0.8 2
drt: n_12286 5.12 3
drt: n_12287 0.6 2
drt: n_12288 8.72 4
drt: n_12289 2.72 2
drt: n_1229 1.4 2
drt: n_12290 5.8 3
drt: n_12291 0.6 2
drt: n_12292 5.52 3
drt: n_12293 1 2
drt: n_12294 6.44 3
drt: n_12295 8.52 2
drt: n_12296 5.84 3
drt: n_12297 1 2
drt: n_12298 4.84 3
drt: n_12299 4 2
drt: n_123 2.32 2
drt: n_1230 7.12 2
drt: n_12300 4.2 3
drt: n_12301 3.04 2
drt: n_12302 2.6 3
drt: n_12303 0.6 2
drt: n_12304 3.6 3
drt: n_12305 3 2
drt: n_12306 4.2 3
drt: n_12307 0.6 2
drt: n_12308 7.4 2
drt: n_12309 1.55 2
drt: n_1231 12.72 2
drt: n_12310 5.4 2
drt: n_12311 3.4 2
drt: n_12312 10.76 3
drt: n_12313 15.36 6
drt: n_12314 8.4 4
drt: n_12315 3.21 3
drt: n_12316 9.93 3
drt: n_12317 2.2 2
drt: n_12318 9.15 4
drt: n_12319 5.81 3
drt: n_1232 2.92 2
drt: n_12320 1.6 2
drt: n_12321 1.84 3
drt: n_12322 3 2
drt: n_12323 2.61 3
drt: n_12324 4.8 2
drt: n_12325 9.12 3
drt: n_12326 2 2
drt: n_12327 3.2 3
drt: n_12328 4.4 2
drt: n_12329 2.96 3
drt: n_1233 1.4 2
drt: n_12330 6.92 3
drt: n_12331 2.24 2
drt: n_12332 4.6 3
drt: n_12333 0.6 2
drt: n_12334 6.2 3
drt: n_12335 2.44 2
drt: n_12336 3.2 3
drt: n_12337 2.4 2
drt: n_12338 6.21 3
drt: n_12339 1.6 2
drt: n_1234 4 2
drt: n_12340 3.33 3
drt: n_12341 6.52 2
drt: n_12342 9.32 4
drt: n_12343 13.84 4
drt: n_12344 10.84 4
drt: n_12345 4 3
drt: n_12346 3.84 2
drt: n_12347 5.4 3
drt: n_12348 3.04 2
drt: n_12349 2.73 3
drt: n_1235 7.12 2
drt: n_12350 0.6 2
drt: n_12351 5.04 4
drt: n_12352 6.12 3
drt: n_12353 3.44 2
drt: n_12354 5.44 3
drt: n_12355 3.4 2
drt: n_12356 5.32 4
drt: n_12357 4.44 3
drt: n_12358 2.2 2
drt: n_12359 2.2 3
drt: n_1236 9.6 2
drt: n_12360 2.6 2
drt: n_12361 5.02 4
drt: n_12362 7 3
drt: n_12363 3.8 2
drt: n_12364 16.52 2
drt: n_12365 17 5
drt: n_12366 3.6 4
drt: n_12367 12.12 4
drt: n_12368 12.92 4
drt: n_12369 6.27 2
drt: n_1237 6.4 2
drt: n_12370 7.32 4
drt: n_12371 21.07 4
drt: n_12372 10.16 4
drt: n_12373 13.07 4
drt: n_12374 5.92 3
drt: n_12375 5.72 3
drt: n_12376 2.52 2
drt: n_12377 2.8 3
drt: n_12378 1.6 2
drt: n_12379 3.8 3
drt: n_1238 1.6 2
drt: n_12380 0.6 2
drt: n_12381 6.2 3
drt: n_12382 1.8 2
drt: n_12383 6.75 3
drt: n_12384 1 2
drt: n_12385 2.8 2
drt: n_12386 3.2 3
drt: n_12387 0.4 2
drt: n_12388 6.64 3
drt: n_12389 1 2
drt: n_1239 9.88 2
drt: n_12390 12.2 3
drt: n_12391 1.2 2
drt: n_12392 3.8 3
drt: n_12393 1.8 2
drt: n_12394 4.6 3
drt: n_12395 1.52 2
drt: n_12396 9.6 3
drt: n_12397 1.2 2
drt: n_12398 7.72 3
drt: n_12399 0.4 2
drt: n_124 1.8 2
drt: n_1240 9.52 2
drt: n_12400 4.04 3
drt: n_12401 1.44 2
drt: n_12402 4.04 3
drt: n_12403 1.04 2
drt: n_12404 2.6 3
drt: n_12405 2.64 2
drt: n_12406 5.32 3
drt: n_12407 1.6 2
drt: n_12408 5.4 3
drt: n_12409 2 2
drt: n_1241 4.4 2
drt: n_12410 19.68 3
drt: n_12411 2.24 2
drt: n_12412 3.92 3
drt: n_12413 0.8 2
drt: n_12414 1.01 3
drt: n_12415 2 2
drt: n_12416 0.6 2
drt: n_12417 34.8 3
drt: n_12418 2.4 2
drt: n_12419 5.2 3
drt: n_1242 2.8 2
drt: n_12420 1.84 2
drt: n_12421 5.6 3
drt: n_12422 3.32 2
drt: n_12423 4.2 3
drt: n_12424 2.52 2
drt: n_12425 19.45 7
drt: n_12426 11.55 4
drt: n_12427 5.4 3
drt: n_12428 1.8 2
drt: n_12429 4.2 3
drt: n_1243 9.92 2
drt: n_12430 4.6 3
drt: n_12431 3.2 3
drt: n_12432 4.12 2
drt: n_12433 4.4 2
drt: n_12434 5.32 3
drt: n_12435 0.4 2
drt: n_12436 5.72 3
drt: n_12437 7.52 3
drt: n_12438 3.4 3
drt: n_12439 2.2 3
drt: n_1244 5.32 2
drt: n_12440 0.6 2
drt: n_12441 5.04 3
drt: n_12442 4 3
drt: n_12443 12.04 4
drt: n_12444 2.84 2
drt: n_12445 10.12 3
drt: n_12446 5.21 3
drt: n_12447 3.04 3
drt: n_12448 4.32 3
drt: n_12449 4.13 3
drt: n_1245 6.4 2
drt: n_12450 6 4
drt: n_12451 4 3
drt: n_12452 0.6 2
drt: n_12453 3.2 3
drt: n_12454 0.4 2
drt: n_12455 4.36 3
drt: n_12456 1.64 2
drt: n_12457 3.4 3
drt: n_12458 6.56 3
drt: n_12459 6.76 3
drt: n_1246 6.72 2
drt: n_12460 8.32 3
drt: n_12461 7.72 3
drt: n_12462 6.72 3
drt: n_12463 2 2
drt: n_12464 7 3
drt: n_12465 4 3
drt: n_12466 3.85 3
drt: n_12467 0.6 2
drt: n_12468 4.65 3
drt: n_12469 2.04 2
drt: n_1247 2.6 2
drt: n_12470 3.93 3
drt: n_12471 1.4 2
drt: n_12472 3.93 3
drt: n_12473 4.4 3
drt: n_12474 1 2
drt: n_12475 6.4 3
drt: n_12476 5.8 3
drt: n_12477 3.4 2
drt: n_12478 4.81 3
drt: n_12479 4.2 3
drt: n_1248 8.4 2
drt: n_12480 5.4 3
drt: n_12481 4.56 3
drt: n_12482 6.72 3
drt: n_12483 5.84 3
drt: n_12484 1.64 2
drt: n_12485 3.4 3
drt: n_12486 2.8 3
drt: n_12487 6.6 3
drt: n_12488 3.8 3
drt: n_12489 6.52 3
drt: n_1249 2.44 2
drt: n_12490 7.88 3
drt: n_12491 8.92 3
drt: n_12492 6.6 3
drt: n_12493 6.4 3
drt: n_12494 3.6 3
drt: n_12495 3.2 3
drt: n_12496 10.32 3
drt: n_12497 5.12 3
drt: n_12498 7.72 3
drt: n_12499 3.24 3
drt: n_125 3.6 2
drt: n_1250 3.2 2
drt: n_12500 4 3
drt: n_12501 5.52 3
drt: n_12502 4.8 3
drt: n_12503 4.2 3
drt: n_12504 2.6 3
drt: n_12505 5.6 3
drt: n_12506 3.2 3
drt: n_12507 9.92 3
drt: n_12508 6.41 3
drt: n_12509 3.6 3
drt: n_1251 3.52 2
drt: n_12510 5.6 3
drt: n_12511 3.76 3
drt: n_12512 6.2 3
drt: n_12513 6.96 3
drt: n_12514 9.6 4
drt: n_12515 8.4 4
drt: n_12516 6.56 4
drt: n_12517 8.92 3
drt: n_12518 12.73 4
drt: n_12519 2.97 4
drt: n_1252 4.6 2
drt: n_12520 1.4 3
drt: n_12521 4 3
drt: n_12522 5.04 3
drt: n_12523 4.6 2
drt: n_12524 7.52 3
drt: n_12525 8.72 3
drt: n_12526 3.84 3
drt: n_12527 3.8 3
drt: n_12528 3.8 3
drt: n_12529 4 3
drt: n_1253 6.96 2
drt: n_12530 9.93 4
drt: n_12531 5.6 3
drt: n_12532 3.64 3
drt: n_12533 1.4 2
drt: n_12534 9.64 3
drt: n_12535 4.92 3
drt: n_12536 1.4 2
drt: n_12537 9.52 3
drt: n_12538 2 3
drt: n_12539 0.4 2
drt: n_1254 1.2 2
drt: n_12540 4.6 3
drt: n_12541 5 3
drt: n_12542 1.6 2
drt: n_12543 4.8 3
drt: n_12544 1.6 2
drt: n_12545 8.77 3
drt: n_12546 1.6 2
drt: n_12547 1.6 2
drt: n_12548 12.44 3
drt: n_12549 5.12 3
drt: n_1255 3.32 2
drt: n_12550 0.4 2
drt: n_12551 3.64 3
drt: n_12552 1.6 2
drt: n_12553 1.01 3
drt: n_12554 1.8 2
drt: n_12555 6.04 4
drt: n_12556 2.44 3
drt: n_12557 9 3
drt: n_12558 3.6 2
drt: n_12559 3.96 3
drt: n_1256 5.72 2
drt: n_12560 1.64 2
drt: n_12561 5.24 4
drt: n_12562 3.6 2
drt: n_12563 2.44 2
drt: n_12564 15.2 2
drt: n_12565 23.76 2
drt: n_12566 8.32 2
drt: n_12567 7.4 2
drt: n_12568 47.28 2
drt: n_12569 2.92 2
drt: n_1257 10.72 2
drt: n_12570 5.27 2
drt: n_12571 3.15 2
drt: n_12572 4.8 3
drt: n_12573 9 3
drt: n_12574 4.4 2
drt: n_12575 11.95 5
drt: n_12576 7.4 5
drt: n_12577 4.04 2
drt: n_12578 5.2 2
drt: n_12579 8.24 3
drt: n_1258 7.64 2
drt: n_12580 10.12 4
drt: n_12581 1.4 2
drt: n_12582 6.4 5
drt: n_12583 9.92 5
drt: n_12584 7.8 3
drt: n_12585 2.04 2
drt: n_12586 17.32 4
drt: n_12587 6.2 4
drt: n_12588 3.8 3
drt: n_12589 0.6 2
drt: n_1259 3.2 2
drt: n_12590 8.8 3
drt: n_12591 3.4 2
drt: n_12592 5.72 3
drt: n_12593 2.2 2
drt: n_12594 6.01 3
drt: n_12595 3 2
drt: n_12596 10 5
drt: n_12597 5.8 5
drt: n_12598 8.2 4
drt: n_12599 10.05 5
drt: n_126 2.64 2
drt: n_1260 0.8 2
drt: n_12600 11 5
drt: n_12601 8.81 4
drt: n_12602 7.6 3
drt: n_12603 4.4 3
drt: n_12604 1 2
drt: n_12605 4.64 3
drt: n_12606 10.65 6
drt: n_12607 5.4 3
drt: n_12608 1.8 2
drt: n_12609 7.8 3
drt: n_1261 5 2
drt: n_12610 2.2 2
drt: n_12611 7.6 3
drt: n_12612 1 2
drt: n_12613 4.32 3
drt: n_12614 6.04 3
drt: n_12615 3.12 2
drt: n_12616 17.4 5
drt: n_12617 11.04 5
drt: n_12618 4 3
drt: n_12619 3.2 3
drt: n_1262 4.4 2
drt: n_12620 6.52 3
drt: n_12621 1.4 2
drt: n_12622 3.4 3
drt: n_12623 1.8 2
drt: n_12624 5.4 2
drt: n_12625 6.6 3
drt: n_12626 20.64 4
drt: n_12627 11.84 5
drt: n_12628 4.6 4
drt: n_12629 8.24 4
drt: n_1263 2.04 2
drt: n_12630 6.94 3
drt: n_12631 4.72 3
drt: n_12632 4.56 3
drt: n_12633 3.4 3
drt: n_12634 43.64 9
drt: n_12635 28.81 9
drt: n_12636 5.73 3
drt: n_12637 11.92 4
drt: n_12638 10.37 4
drt: n_12639 5.8 4
drt: n_1264 4.12 2
drt: n_12640 19.92 4
drt: n_12641 12.92 4
drt: n_12642 4.53 3
drt: n_12643 5.8 3
drt: n_12644 6.84 3
drt: n_12645 1.4 2
drt: n_12646 4.92 4
drt: n_12647 7.52 5
drt: n_12648 2 3
drt: n_12649 1.4 2
drt: n_1265 7.92 2
drt: n_12650 2.01 3
drt: n_12651 4.32 2
drt: n_12652 4.8 3
drt: n_12653 0.6 2
drt: n_12654 2.4 3
drt: n_12655 2.8 2
drt: n_12656 1.81 3
drt: n_12657 2.2 2
drt: n_12658 2.6 3
drt: n_12659 1.6 2
drt: n_1266 4 2
drt: n_12660 7.32 3
drt: n_12661 3.2 2
drt: n_12662 4.73 3
drt: n_12663 2.4 2
drt: n_12664 8.92 4
drt: n_12665 17.79 5
drt: n_12666 20.2 3
drt: n_12667 0.6 2
drt: n_12668 32.48 3
drt: n_12669 1.4 2
drt: n_1267 3.4 2
drt: n_12670 8.73 5
drt: n_12671 22.2 5
drt: n_12672 8.24 2
drt: n_12673 14.6 4
drt: n_12674 22.68 4
drt: n_12675 7.24 3
drt: n_12676 2.52 2
drt: n_12677 3.6 2
drt: n_12678 5.76 3
drt: n_12679 3.4 2
drt: n_1268 3 2
drt: n_12680 4.52 2
drt: n_12681 4.84 2
drt: n_12682 5.56 3
drt: n_12683 3.64 3
drt: n_12684 10.35 4
drt: n_12685 2.6 3
drt: n_12686 4.2 2
drt: n_12687 6 3
drt: n_12688 4.24 3
drt: n_12689 1 2
drt: n_1269 2 2
drt: n_12690 4 3
drt: n_12691 5.41 4
drt: n_12692 12.5 4
drt: n_12693 17.53 4
drt: n_12694 7.2 2
drt: n_12695 17.17 4
drt: n_12696 10.12 4
drt: n_12697 35.93 10
drt: n_12698 2.6 2
drt: n_12699 1 2
drt: n_127 2.64 2
drt: n_1270 3 2
drt: n_12700 3 2
drt: n_12701 1 2
drt: n_12702 3.44 2
drt: n_12703 1.8 2
drt: n_12704 3.6 3
drt: n_12705 1.8 2
drt: n_12706 6 3
drt: n_12707 1 2
drt: n_12708 8.28 3
drt: n_12709 1.8 2
drt: n_1271 5.92 2
drt: n_12710 4.35 3
drt: n_12711 2 2
drt: n_12712 6.95 3
drt: n_12713 3.6 2
drt: n_12714 6 3
drt: n_12715 2.4 3
drt: n_12716 2.24 3
drt: n_12717 1.64 2
drt: n_12718 1.61 3
drt: n_12719 48.63 4
drt: n_1272 5.52 2
drt: n_12720 3.95 3
drt: n_12721 5 3
drt: n_12722 3.59 3
drt: n_12723 10.12 3
drt: n_12724 3.64 3
drt: n_12725 2.24 3
drt: n_12726 4 3
drt: n_12727 21.92 4
drt: n_12728 1.4 2
drt: n_12729 4 3
drt: n_1273 3.44 2
drt: n_12730 2.6 3
drt: n_12731 4.2 3
drt: n_12732 4.4 3
drt: n_12733 4.24 3
drt: n_12734 5.4 3
drt: n_12735 4.56 3
drt: n_12736 5.84 3
drt: n_12737 3.84 3
drt: n_12738 4.2 3
drt: n_12739 7.04 3
drt: n_1274 5.4 2
drt: n_12740 6.53 3
drt: n_12741 3.97 3
drt: n_12742 3.6 3
drt: n_12743 7 3
drt: n_12744 3.6 3
drt: n_12745 5.87 3
drt: n_12746 4.13 3
drt: n_12747 3.44 3
drt: n_12748 1.4 2
drt: n_12749 5.32 4
drt: n_1275 2.64 2
drt: n_12750 7.84 3
drt: n_12751 3.55 3
drt: n_12752 7.6 4
drt: n_12753 1.8 2
drt: n_12754 1.35 2
drt: n_12755 4.2 3
drt: n_12756 2 2
drt: n_12757 4 3
drt: n_12758 2.2 3
drt: n_12759 3.99 3
drt: n_1276 8.2 2
drt: n_12760 1 2
drt: n_12761 2.87 2
drt: n_12762 4.64 3
drt: n_12763 1.64 2
drt: n_12764 4.24 3
drt: n_12765 18.92 3
drt: n_12766 2.2 3
drt: n_12767 13.72 3
drt: n_12768 5.84 3
drt: n_12769 4.8 3
drt: n_1277 2.6 2
drt: n_12770 7 3
drt: n_12771 11.79 3
drt: n_12772 3.04 3
drt: n_12773 2.4 3
drt: n_12774 18.6 3
drt: n_12775 21.67 3
drt: n_12776 4.92 3
drt: n_12777 9.12 3
drt: n_12778 6.12 3
drt: n_12779 6.32 3
drt: n_1278 5.76 2
drt: n_12780 4 3
drt: n_12781 10.32 3
drt: n_12782 3.73 3
drt: n_12783 4.75 3
drt: n_12784 4.6 3
drt: n_12785 17.44 3
drt: n_12786 2.4 3
drt: n_12787 10.24 5
drt: n_12788 4.24 3
drt: n_12789 2.2 2
drt: n_1279 11.32 2
drt: n_12790 13.12 3
drt: n_12791 3.04 3
drt: n_12792 1.8 2
drt: n_12793 4.64 3
drt: n_12794 5 3
drt: n_12795 3.41 3
drt: n_12796 12.84 3
drt: n_12797 2.6 3
drt: n_12798 15.28 3
drt: n_12799 7.8 3
drt: n_128 4 2
drt: n_1280 1.6 2
drt: n_12800 5.2 2
drt: n_12801 9.6 3
drt: n_12802 6.2 2
drt: n_12803 3.73 3
drt: n_12804 0.55 2
drt: n_12805 4.2 3
drt: n_12806 1.4 2
drt: n_12807 3.6 3
drt: n_12808 4.24 3
drt: n_12809 14.84 3
drt: n_1281 8 2
drt: n_12810 12.2 3
drt: n_12811 7.75 5
drt: n_12812 5.92 3
drt: n_12813 1.4 2
drt: n_12814 8.24 4
drt: n_12815 3.4 3
drt: n_12816 1.8 2
drt: n_12817 16.92 6
drt: n_12818 2.6 2
drt: n_12819 6.44 3
drt: n_1282 1.2 2
drt: n_12820 12.24 3
drt: n_12821 2.8 3
drt: n_12822 16.72 3
drt: n_12823 7.8 3
drt: n_12824 2.92 2
drt: n_12825 4.8 3
drt: n_12826 5.17 4
drt: n_12827 2.2 3
drt: n_12828 12.36 4
drt: n_12829 5.55 3
drt: n_1283 1.4 2
drt: n_12830 2 3
drt: n_12831 10.44 4
drt: n_12832 7.6 4
drt: n_12833 3.21 3
drt: n_12834 10.8 4
drt: n_12835 5.2 3
drt: n_12836 3.6 3
drt: n_12837 4.2 3
drt: n_12838 1.2 2
drt: n_12839 8.32 3
drt: n_1284 1.6 2
drt: n_12840 8.6 4
drt: n_12841 5.8 3
drt: n_12842 2 3
drt: n_12843 1.4 3
drt: n_12844 3.25 3
drt: n_12845 3.64 3
drt: n_12846 4.4 3
drt: n_12847 4.96 4
drt: n_12848 7 3
drt: n_12849 7.85 4
drt: n_1285 5.4 2
drt: n_12850 3.52 3
drt: n_12851 15.52 4
drt: n_12852 3.32 3
drt: n_12853 1.4 2
drt: n_12854 10.2 4
drt: n_12855 1.32 2
drt: n_12856 10.92 3
drt: n_12857 3.2 2
drt: n_12858 5.8 3
drt: n_12859 2 2
drt: n_1286 2.4 2
drt: n_12860 7.93 3
drt: n_12861 2.6 2
drt: n_12862 11.84 4
drt: n_12863 3.32 3
drt: n_12864 1.4 2
drt: n_12865 3.21 3
drt: n_12866 1.4 2
drt: n_12867 4.24 3
drt: n_12868 1.4 2
drt: n_12869 2.92 2
drt: n_1287 2 2
drt: n_12870 5.4 3
drt: n_12871 2.04 2
drt: n_12872 1.6 2
drt: n_12873 2.2 3
drt: n_12874 2.04 2
drt: n_12875 1 2
drt: n_12876 8 3
drt: n_12877 0.8 2
drt: n_12878 0.6 2
drt: n_12879 3.32 2
drt: n_1288 1.8 2
drt: n_12880 6.01 3
drt: n_12881 3 2
drt: n_12882 5.21 3
drt: n_12883 1.6 2
drt: n_12884 9.12 3
drt: n_12885 0.8 2
drt: n_12886 6.12 3
drt: n_12887 4.8 2
drt: n_12888 1.8 3
drt: n_12889 2.2 2
drt: n_1289 4.32 2
drt: n_12890 8.6 3
drt: n_12891 2.4 2
drt: n_12892 9.05 3
drt: n_12893 3.8 2
drt: n_12894 5.72 3
drt: n_12895 2.52 2
drt: n_12896 2 2
drt: n_12897 3.8 3
drt: n_12898 2 2
drt: n_12899 3.24 3
drt: n_129 10.2 2
drt: n_1290 4 2
drt: n_12900 5.44 2
drt: n_12901 15.12 3
drt: n_12902 0.8 2
drt: n_12903 3.6 2
drt: n_12904 21.76 3
drt: n_12905 1.2 2
drt: n_12906 8.72 3
drt: n_12907 1.4 2
drt: n_12908 4.12 2
drt: n_12909 0.8 2
drt: n_1291 5.2 2
drt: n_12910 6.72 3
drt: n_12911 2.6 2
drt: n_12912 5.24 3
drt: n_12913 1.4 2
drt: n_12914 10.12 3
drt: n_12915 0.8 2
drt: n_12916 7.44 3
drt: n_12917 3.2 2
drt: n_12918 3 3
drt: n_12919 3.2 2
drt: n_1292 2.4 2
drt: n_12920 3.8 3
drt: n_12921 1.6 2
drt: n_12922 6 3
drt: n_12923 0.8 2
drt: n_12924 7.4 3
drt: n_12925 2 2
drt: n_12926 3.64 3
drt: n_12927 3.6 2
drt: n_12928 0.6 2
drt: n_12929 4.2 3
drt: n_1293 5.4 2
drt: n_12930 2 2
drt: n_12931 2.64 2
drt: n_12932 5.28 3
drt: n_12933 5.16 3
drt: n_12934 3.92 3
drt: n_12935 1.41 3
drt: n_12936 2.44 2
drt: n_12937 7.69 4
drt: n_12938 7 3
drt: n_12939 1.2 2
drt: n_1294 4.2 2
drt: n_12940 3 2
drt: n_12941 1.4 2
drt: n_12942 4.2 3
drt: n_12943 4.44 3
drt: n_12944 5.36 3
drt: n_12945 4.32 3
drt: n_12946 2.01 3
drt: n_12947 2.4 3
drt: n_12948 6.04 3
drt: n_12949 5.6 2
drt: n_1295 12 2
drt: n_12950 4.92 3
drt: n_12951 2.97 3
drt: n_12952 4.04 3
drt: n_12953 7 3
drt: n_12954 8.86 3
drt: n_12955 8 3
drt: n_12956 3.92 3
drt: n_12957 3.6 3
drt: n_12958 2.4 2
drt: n_12959 2.8 3
drt: n_1296 9.12 2
drt: n_12960 6 3
drt: n_12961 2.92 2
drt: n_12962 2.4 3
drt: n_12963 2 2
drt: n_12964 7.44 3
drt: n_12965 0.6 2
drt: n_12966 4.36 3
drt: n_12967 0.6 2
drt: n_12968 14.24 5
drt: n_12969 12.53 5
drt: n_1297 2.8 2
drt: n_12970 3.72 2
drt: n_12971 4.4 3
drt: n_12972 1.4 2
drt: n_12973 3.4 3
drt: n_12974 0.8 2
drt: n_12975 3.52 3
drt: n_12976 1.2 2
drt: n_12977 6.41 5
drt: n_12978 13.32 5
drt: n_12979 3.84 3
drt: n_1298 4.12 2
drt: n_12980 4.56 3
drt: n_12981 2 2
drt: n_12982 1.6 2
drt: n_12983 9.15 4
drt: n_12984 7 3
drt: n_12985 5.05 3
drt: n_12986 0.6 2
drt: n_12987 6.6 3
drt: n_12988 1.6 2
drt: n_12989 4.8 3
drt: n_1299 5.2 2
drt: n_12990 1.8 2
drt: n_12991 3.52 3
drt: n_12992 1.6 2
drt: n_12993 1.81 3
drt: n_12994 2.4 2
drt: n_12995 3.4 3
drt: n_12996 2.44 2
drt: n_12997 7.32 3
drt: n_12998 2 2
drt: n_12999 3.01 3
drt: n_13 3.52 2
drt: n_130 4.72 2
drt: n_1300 0.6 2
drt: n_13000 1.6 2
drt: n_13001 9.16 5
drt: n_13002 10.81 5
drt: n_13003 5.6 2
drt: n_13004 8.65 5
drt: n_13005 2.4 2
drt: n_13006 2.4 2
drt: n_13007 9.2 5
drt: n_13008 5.15 3
drt: n_13009 3.93 2
drt: n_1301 3.6 2
drt: n_13010 2.4 3
drt: n_13011 1 2
drt: n_13012 16.64 2
drt: n_13013 25.04 3
drt: n_13014 3.2 2
drt: n_13015 3.8 3
drt: n_13016 5.52 2
drt: n_13017 10.2 3
drt: n_13018 3.4 2
drt: n_13019 3.41 3
drt: n_1302 6.52 2
drt: n_13020 5 2
drt: n_13021 2.21 3
drt: n_13022 2.2 2
drt: n_13023 3.52 2
drt: n_13024 3.6 2
drt: n_13025 8.72 3
drt: n_13026 0.6 2
drt: n_13027 3.56 3
drt: n_13028 4 2
drt: n_13029 9.32 4
drt: n_1303 3.04 2
drt: n_13030 4.8 4
drt: n_13031 13.32 3
drt: n_13032 4.72 2
drt: n_13033 10.84 3
drt: n_13034 3.8 2
drt: n_13035 8 3
drt: n_13036 1.6 2
drt: n_13037 3.2 3
drt: n_13038 0.6 2
drt: n_13039 4.4 3
drt: n_1304 3.8 2
drt: n_13040 3.8 2
drt: n_13041 3.44 3
drt: n_13042 0.6 2
drt: n_13043 3.04 3
drt: n_13044 1.4 2
drt: n_13045 14.92 3
drt: n_13046 1.4 2
drt: n_13047 4.6 3
drt: n_13048 0.6 2
drt: n_13049 7.52 3
drt: n_1305 1.4 2
drt: n_13050 2.8 2
drt: n_13051 4.64 3
drt: n_13052 0.6 2
drt: n_13053 6.6 3
drt: n_13054 4.4 2
drt: n_13055 7.4 3
drt: n_13056 0.8 2
drt: n_13057 4.13 3
drt: n_13058 5.52 2
drt: n_13059 6.41 3
drt: n_1306 2.8 2
drt: n_13060 0.8 2
drt: n_13061 4.8 3
drt: n_13062 7.8 2
drt: n_13063 4.96 3
drt: n_13064 1 2
drt: n_13065 5.32 3
drt: n_13066 2 2
drt: n_13067 6.72 3
drt: n_13068 0.6 2
drt: n_13069 2.43 3
drt: n_1307 1.4 2
drt: n_13070 3.32 2
drt: n_13071 18 3
drt: n_13072 2.04 2
drt: n_13073 4.52 3
drt: n_13074 1.6 2
drt: n_13075 10.44 3
drt: n_13076 0.6 2
drt: n_13077 12.52 3
drt: n_13078 3.92 2
drt: n_13079 2.64 3
drt: n_1308 2 2
drt: n_13080 2.44 2
drt: n_13081 4.61 3
drt: n_13082 2.6 3
drt: n_13083 2.84 2
drt: n_13084 12.48 4
drt: n_13085 9.8 4
drt: n_13086 5.52 3
drt: n_13087 2 2
drt: n_13088 2.61 3
drt: n_13089 0.6 2
drt: n_1309 3.2 2
drt: n_13090 2.35 2
drt: n_13091 6.6 5
drt: n_13092 3.8 2
drt: n_13093 11.52 3
drt: n_13094 4.41 3
drt: n_13095 6.24 3
drt: n_13096 4.6 2
drt: n_13097 4.44 2
drt: n_13098 5.52 2
drt: n_13099 39.37 4
drt: n_131 6.2 2
drt: n_1310 4.32 2
drt: n_13100 3.24 2
drt: n_13101 3.44 3
drt: n_13102 1.2 2
drt: n_13103 8.2 3
drt: n_13104 24.96 3
drt: n_13105 6.04 3
drt: n_13106 6.2 3
drt: n_13107 2.01 3
drt: n_13108 4.42 3
drt: n_13109 4.04 3
drt: n_1311 0.6 2
drt: n_13110 3.76 3
drt: n_13111 3.24 3
drt: n_13112 2 3
drt: n_13113 4.24 3
drt: n_13114 2.4 3
drt: n_13115 4 3
drt: n_13116 2.6 2
drt: n_13117 78.45 6
drt: n_13118 1.64 2
drt: n_13119 2.8 2
drt: n_1312 4.41 2
drt: n_13120 4.6 3
drt: n_13121 2.2 3
drt: n_13122 2 3
drt: n_13123 1.2 2
drt: n_13124 4.8 3
drt: n_13125 1 2
drt: n_13126 4.4 3
drt: n_13127 0.8 2
drt: n_13128 5.2 3
drt: n_13129 0.4 2
drt: n_1313 3.92 2
drt: n_13130 6.04 3
drt: n_13131 1.4 2
drt: n_13132 7.52 3
drt: n_13133 3.2 3
drt: n_13134 6.72 3
drt: n_13135 16.19 3
drt: n_13136 2 3
drt: n_13137 3.44 2
drt: n_13138 3.92 3
drt: n_13139 2.2 2
drt: n_1314 3.72 2
drt: n_13140 7.4 3
drt: n_13141 5.4 3
drt: n_13142 2.4 2
drt: n_13143 5.52 2
drt: n_13144 4.8 3
drt: n_13145 5.2 3
drt: n_13146 3.01 3
drt: n_13147 4.12 2
drt: n_13148 4.24 3
drt: n_13149 2 2
drt: n_1315 1.6 2
drt: n_13150 3.8 3
drt: n_13151 0.8 2
drt: n_13152 5.52 3
drt: n_13153 0.6 2
drt: n_13154 4.24 3
drt: n_13155 2.6 2
drt: n_13156 6 3
drt: n_13157 1.4 2
drt: n_13158 4 3
drt: n_13159 1.6 2
drt: n_1316 2 2
drt: n_13160 6.6 3
drt: n_13161 4.52 2
drt: n_13162 7.92 3
drt: n_13163 2.4 2
drt: n_13164 4.72 3
drt: n_13165 3.2 2
drt: n_13166 6.33 3
drt: n_13167 1.8 2
drt: n_13168 3.6 3
drt: n_13169 8.1 3
drt: n_1317 2.24 2
drt: n_13170 1.4 3
drt: n_13171 1.2 2
drt: n_13172 4.04 3
drt: n_13173 3.24 2
drt: n_13174 4.2 3
drt: n_13175 11.2 3
drt: n_13176 7.44 3
drt: n_13177 0.6 2
drt: n_13178 7.52 3
drt: n_13179 1.2 2
drt: n_1318 13.08 2
drt: n_13180 5.72 3
drt: n_13181 9.56 3
drt: n_13182 2 2
drt: n_13183 6.53 3
drt: n_13184 0.6 2
drt: n_13185 3.32 3
drt: n_13186 5.52 2
drt: n_13187 3.8 3
drt: n_13188 0.6 2
drt: n_13189 3.84 3
drt: n_1319 2.64 2
drt: n_13190 0.6 2
drt: n_13191 3.6 3
drt: n_13192 1 2
drt: n_13193 8.2 3
drt: n_13194 1.6 2
drt: n_13195 4.4 3
drt: n_13196 1.6 2
drt: n_13197 4.93 3
drt: n_13198 3.32 2
drt: n_13199 6.6 3
drt: n_132 3.4 2
drt: n_1320 5 2
drt: n_13200 1.6 2
drt: n_13201 4 3
drt: n_13202 3.4 2
drt: n_13203 8.24 3
drt: n_13204 2.72 2
drt: n_13205 5.84 3
drt: n_13206 15.08 3
drt: n_13207 5.44 3
drt: n_13208 6.64 3
drt: n_13209 4.24 3
drt: n_1321 3.92 2
drt: n_13210 4.4 3
drt: n_13211 2.2 3
drt: n_13212 6.92 3
drt: n_13213 9.04 3
drt: n_13214 4.24 3
drt: n_13215 2.4 2
drt: n_13216 4.8 3
drt: n_13217 1 2
drt: n_13218 9.01 3
drt: n_13219 2 2
drt: n_1322 7.92 2
drt: n_13220 4.6 3
drt: n_13221 3 2
drt: n_13222 3.2 3
drt: n_13223 6.92 3
drt: n_13224 4.52 3
drt: n_13225 4.6 2
drt: n_13226 7.12 3
drt: n_13227 2 3
drt: n_13228 14.04 3
drt: n_13229 4 3
drt: n_1323 5.2 2
drt: n_13230 5.12 3
drt: n_13231 2.8 2
drt: n_13232 9.04 4
drt: n_13233 2.2 3
drt: n_13234 1.6 2
drt: n_13235 6.24 3
drt: n_13236 6.4 3
drt: n_13237 1.6 3
drt: n_13238 1.6 2
drt: n_13239 7.32 3
drt: n_1324 2.44 2
drt: n_13240 2.2 2
drt: n_13241 26.2 6
drt: n_13242 12.12 3
drt: n_13243 12.04 5
drt: n_13244 3.6 3
drt: n_13245 2.6 2
drt: n_13246 17.28 8
drt: n_13247 3.96 3
drt: n_13248 1 2
drt: n_13249 8.8 3
drt: n_1325 3.52 2
drt: n_13250 3 2
drt: n_13251 16.32 7
drt: n_13252 9.6 3
drt: n_13253 1.2 2
drt: n_13254 7.2 4
drt: n_13255 2.2 3
drt: n_13256 1 2
drt: n_13257 3.4 3
drt: n_13258 3.6 3
drt: n_13259 4.4 3
drt: n_1326 2.8 2
drt: n_13260 7 3
drt: n_13261 8.8 3
drt: n_13262 21.65 6
drt: n_13263 11.6 3
drt: n_13264 2.8 2
drt: n_13265 1.6 3
drt: n_13266 1.2 2
drt: n_13267 3.72 2
drt: n_13268 3.6 2
drt: n_13269 4.32 2
drt: n_1327 1.6 2
drt: n_13270 3.8 2
drt: n_13271 3.8 2
drt: n_13272 7.6 2
drt: n_13273 4.8 3
drt: n_13274 1.24 2
drt: n_13275 4.72 3
drt: n_13276 4.12 2
drt: n_13277 6.6 4
drt: n_13278 5.2 3
drt: n_13279 5.95 4
drt: n_1328 1.2 2
drt: n_13280 2.2 3
drt: n_13281 1.2 2
drt: n_13282 8.37 4
drt: n_13283 3.56 3
drt: n_13284 1.64 2
drt: n_13285 3.44 3
drt: n_13286 3.84 3
drt: n_13287 2.2 2
drt: n_13288 11.44 3
drt: n_13289 7.6 3
drt: n_1329 2 2
drt: n_13290 10.2 4
drt: n_13291 4.6 3
drt: n_13292 1 2
drt: n_13293 7.72 4
drt: n_13294 5.84 3
drt: n_13295 2.72 2
drt: n_13296 5.4 4
drt: n_13297 2.8 3
drt: n_13298 1 2
drt: n_13299 4.72 3
drt: n_133 2.6 2
drt: n_1330 2.4 2
drt: n_13300 0.4 2
drt: n_13301 8 5
drt: n_13302 3.6 3
drt: n_13303 1.4 2
drt: n_13304 4.16 3
drt: n_13305 1.2 2
drt: n_13306 5.2 3
drt: n_13307 2.4 3
drt: n_13308 16.76 3
drt: n_13309 6.4 3
drt: n_1331 1.4 2
drt: n_13310 4.6 3
drt: n_13311 2.52 2
drt: n_13312 10.8 3
drt: n_13313 2.2 3
drt: n_13314 8.05 5
drt: n_13315 3.4 3
drt: n_13316 1.8 2
drt: n_13317 6.01 5
drt: n_13318 5.12 3
drt: n_13319 1.4 2
drt: n_1332 0.8 2
drt: n_13320 3 3
drt: n_13321 2.2 2
drt: n_13322 13.32 5
drt: n_13323 2.8 3
drt: n_13324 1 2
drt: n_13325 10.92 4
drt: n_13326 4.61 3
drt: n_13327 1.8 2
drt: n_13328 3.04 2
drt: n_13329 6.24 3
drt: n_1333 3.12 2
drt: n_13330 3.92 2
drt: n_13331 13.81 5
drt: n_13332 9.2 3
drt: n_13333 2.2 2
drt: n_13334 5.6 3
drt: n_13335 6.56 5
drt: n_13336 3.36 3
drt: n_13337 1.64 2
drt: n_13338 14.32 5
drt: n_13339 5 3
drt: n_1334 2 2
drt: n_13340 3 2
drt: n_13341 3.6 3
drt: n_13342 1.2 2
drt: n_13343 2.4 3
drt: n_13344 10.36 5
drt: n_13345 3.2 3
drt: n_13346 1 2
drt: n_13347 12.2 4
drt: n_13348 4 3
drt: n_13349 2.4 2
drt: n_1335 11.12 2
drt: n_13350 11.72 3
drt: n_13351 8.52 3
drt: n_13352 5.4 3
drt: n_13353 9.72 3
drt: n_13354 3.64 2
drt: n_13355 5.67 2
drt: n_13356 1.32 2
drt: n_13357 1.8 2
drt: n_13358 3.47 2
drt: n_13359 5.72 2
drt: n_1336 4.92 2
drt: n_13360 3.04 3
drt: n_13361 2.6 2
drt: n_13362 6.07 3
drt: n_13363 5.12 2
drt: n_13364 2.35 3
drt: n_13365 4.12 2
drt: n_13366 7.84 3
drt: n_13367 8.72 2
drt: n_13368 15.41 5
drt: n_13369 6.2 2
drt: n_1337 1.6 2
drt: n_13370 7.52 3
drt: n_13371 3 2
drt: n_13372 8.25 5
drt: n_13373 8.4 5
drt: n_13374 2.4 2
drt: n_13375 16.44 5
drt: n_13376 20.16 5
drt: n_13377 4 3
drt: n_13378 1.6 3
drt: n_13379 8.32 4
drt: n_1338 2.24 2
drt: n_13380 11.24 4
drt: n_13381 5.56 4
drt: n_13382 6.4 4
drt: n_13383 6 4
drt: n_13384 4.84 4
drt: n_13385 15.4 4
drt: n_13386 17.4 4
drt: n_13387 6.92 3
drt: n_13388 50.56 3
drt: n_13389 2.61 3
drt: n_1339 6 2
drt: n_13390 3.01 3
drt: n_13391 6.2 3
drt: n_13392 5.4 3
drt: n_13393 23.84 4
drt: n_13394 3 3
drt: n_13395 1 2
drt: n_13396 2.2 3
drt: n_13397 5.8 3
drt: n_13398 2.24 3
drt: n_13399 5.8 3
drt: n_134 4.8 2
drt: n_1340 1.8 2
drt: n_13400 6.12 4
drt: n_13401 6.24 3
drt: n_13402 2 2
drt: n_13403 5.93 4
drt: n_13404 1.8 3
drt: n_13405 1.4 2
drt: n_13406 10.84 4
drt: n_13407 5.2 3
drt: n_13408 3 2
drt: n_13409 7.54 4
drt: n_1341 6 2
drt: n_13410 5.81 3
drt: n_13411 1.8 2
drt: n_13412 7.21 3
drt: n_13413 4.8 3
drt: n_13414 15.72 4
drt: n_13415 4.4 3
drt: n_13416 1 2
drt: n_13417 5.95 4
drt: n_13418 12.6 3
drt: n_13419 1.8 2
drt: n_1342 4.92 2
drt: n_13420 1.4 2
drt: n_13421 2.52 2
drt: n_13422 5.04 3
drt: n_13423 3.64 2
drt: n_13424 5.36 4
drt: n_13425 2.55 3
drt: n_13426 1.64 2
drt: n_13427 6 3
drt: n_13428 2.8 3
drt: n_13429 9.92 4
drt: n_1343 2.8 2
drt: n_13430 5.2 3
drt: n_13431 3 2
drt: n_13432 6 4
drt: n_13433 2.8 3
drt: n_13434 1 2
drt: n_13435 4.2 4
drt: n_13436 3 3
drt: n_13437 1.2 2
drt: n_13438 3 2
drt: n_13439 10.28 3
drt: n_1344 5.32 2
drt: n_13440 3.64 2
drt: n_13441 11.04 4
drt: n_13442 3 3
drt: n_13443 2.4 2
drt: n_13444 8.56 4
drt: n_13445 4.36 3
drt: n_13446 1 2
drt: n_13447 7.96 4
drt: n_13448 4.76 3
drt: n_13449 1 2
drt: n_1345 5.72 2
drt: n_13450 19.31 4
drt: n_13451 7.52 3
drt: n_13452 1.2 2
drt: n_13453 7.8 4
drt: n_13454 3.96 3
drt: n_13455 2.44 2
drt: n_13456 8.92 4
drt: n_13457 3.35 3
drt: n_13458 1 2
drt: n_13459 8.74 4
drt: n_1346 7.4 2
drt: n_13460 4.55 3
drt: n_13461 1.4 2
drt: n_13462 8.04 4
drt: n_13463 2.64 3
drt: n_13464 1.72 2
drt: n_13465 2.8 3
drt: n_13466 1.8 2
drt: n_13467 2.4 3
drt: n_13468 1.4 2
drt: n_13469 15.4 4
drt: n_1347 1.6 2
drt: n_13470 4.8 3
drt: n_13471 1 2
drt: n_13472 17.56 4
drt: n_13473 3 3
drt: n_13474 2 2
drt: n_13475 11.36 4
drt: n_13476 4.8 3
drt: n_13477 1 2
drt: n_13478 8.24 4
drt: n_13479 5.92 3
drt: n_1348 3.2 2
drt: n_13480 1.8 2
drt: n_13481 12.12 4
drt: n_13482 2.8 3
drt: n_13483 1 2
drt: n_13484 10.64 4
drt: n_13485 4.72 3
drt: n_13486 2.72 2
drt: n_13487 4.16 3
drt: n_13488 13 6
drt: n_13489 12.12 4
drt: n_1349 3.6 2
drt: n_13490 3 3
drt: n_13491 1.4 2
drt: n_13492 2.4 2
drt: n_13493 0.8 2
drt: n_13494 7.32 3
drt: n_13495 1.8 2
drt: n_13496 0.8 2
drt: n_13497 9.12 2
drt: n_13498 0.8 2
drt: n_13499 3 2
drt: n_135 1.6 2
drt: n_1350 5.6 2
drt: n_13500 4.81 3
drt: n_13501 1.8 2
drt: n_13502 6.44 3
drt: n_13503 3.6 2
drt: n_13504 13.4 3
drt: n_13505 3.2 2
drt: n_13506 5.32 3
drt: n_13507 1 2
drt: n_13508 7.72 3
drt: n_13509 1.6 2
drt: n_1351 6.44 2
drt: n_13510 11.2 3
drt: n_13511 8.52 2
drt: n_13512 3 3
drt: n_13513 3.8 2
drt: n_13514 3.8 3
drt: n_13515 0.6 2
drt: n_13516 2.8 3
drt: n_13517 0.6 2
drt: n_13518 5 3
drt: n_13519 1.8 2
drt: n_1352 6.2 2
drt: n_13520 4.8 2
drt: n_13521 11.8 5
drt: n_13522 2.4 2
drt: n_13523 7.6 3
drt: n_13524 3 2
drt: n_13525 5.2 3
drt: n_13526 3.6 2
drt: n_13527 2.4 3
drt: n_13528 0.6 2
drt: n_13529 3.32 2
drt: n_1353 2.24 2
drt: n_13530 3.4 3
drt: n_13531 2 2
drt: n_13532 5.6 3
drt: n_13533 2.2 2
drt: n_13534 2.81 3
drt: n_13535 2.44 2
drt: n_13536 9.4 3
drt: n_13537 3.4 2
drt: n_13538 9.6 3
drt: n_13539 1.6 2
drt: n_1354 1.6 2
drt: n_13540 2.45 3
drt: n_13541 3.12 2
drt: n_13542 4.16 3
drt: n_13543 1.64 2
drt: n_13544 3 3
drt: n_13545 3.4 2
drt: n_13546 3 3
drt: n_13547 1.4 2
drt: n_13548 11.48 3
drt: n_13549 3.4 2
drt: n_1355 6.72 2
drt: n_13550 14.13 3
drt: n_13551 3.24 2
drt: n_13552 4.24 3
drt: n_13553 2 2
drt: n_13554 9.24 3
drt: n_13555 5.12 2
drt: n_13556 2.6 3
drt: n_13557 1.4 2
drt: n_13558 7.04 3
drt: n_13559 2.8 2
drt: n_1356 7.2 2
drt: n_13560 4.8 3
drt: n_13561 1.6 2
drt: n_13562 7.6 3
drt: n_13563 2.6 2
drt: n_13564 7.61 3
drt: n_13565 1.2 2
drt: n_13566 6.2 3
drt: n_13567 0.6 2
drt: n_13568 6.93 3
drt: n_13569 0.8 2
drt: n_1357 4.92 2
drt: n_13570 2.8 3
drt: n_13571 2.44 2
drt: n_13572 6.04 3
drt: n_13573 2.4 2
drt: n_13574 3.21 3
drt: n_13575 3 2
drt: n_13576 2.64 3
drt: n_13577 2.73 2
drt: n_13578 3.26 3
drt: n_13579 1.4 2
drt: n_1358 8.8 2
drt: n_13580 4.8 3
drt: n_13581 1.4 2
drt: n_13582 4.12 3
drt: n_13583 0.6 2
drt: n_13584 8.8 3
drt: n_13585 1 2
drt: n_13586 4.2 3
drt: n_13587 0.6 2
drt: n_13588 4.8 3
drt: n_13589 3.6 2
drt: n_1359 4.6 2
drt: n_13590 3.92 3
drt: n_13591 0.8 2
drt: n_13592 3.41 3
drt: n_13593 1.6 2
drt: n_13594 5.92 3
drt: n_13595 0.6 2
drt: n_13596 4.16 3
drt: n_13597 0.6 2
drt: n_13598 4.6 3
drt: n_13599 1.8 2
drt: n_136 7.2 2
drt: n_1360 4.8 2
drt: n_13600 3 3
drt: n_13601 0.6 2
drt: n_13602 4.6 3
drt: n_13603 0.8 2
drt: n_13604 14.52 2
drt: n_13605 1.8 2
drt: n_13606 4.8 3
drt: n_13607 1 2
drt: n_13608 12.32 3
drt: n_13609 2.72 2
drt: n_1361 3.32 2
drt: n_13610 6.21 3
drt: n_13611 4.4 2
drt: n_13612 3.8 3
drt: n_13613 2.52 2
drt: n_13614 4.2 3
drt: n_13615 4.81 3
drt: n_13616 2 2
drt: n_13617 7 3
drt: n_13618 1.4 2
drt: n_13619 5.12 3
drt: n_1362 1.44 2
drt: n_13620 1.8 2
drt: n_13621 2.8 3
drt: n_13622 1.4 2
drt: n_13623 5.6 3
drt: n_13624 1 2
drt: n_13625 7.92 3
drt: n_13626 2.6 2
drt: n_13627 2.4 3
drt: n_13628 6.6 3
drt: n_13629 0.6 2
drt: n_1363 4.6 2
drt: n_13630 10.2 3
drt: n_13631 9.92 3
drt: n_13632 9.48 3
drt: n_13633 2.8 2
drt: n_13634 3.6 3
drt: n_13635 1.8 2
drt: n_13636 7.4 3
drt: n_13637 3.6 2
drt: n_13638 9 3
drt: n_13639 0.6 2
drt: n_1364 4.4 2
drt: n_13640 3 3
drt: n_13641 4.16 3
drt: n_13642 7.2 3
drt: n_13643 1.2 2
drt: n_13644 6.04 3
drt: n_13645 2.6 2
drt: n_13646 4.4 3
drt: n_13647 3.52 2
drt: n_13648 7.6 3
drt: n_13649 2.6 2
drt: n_1365 2.92 2
drt: n_13650 5.24 3
drt: n_13651 3.44 2
drt: n_13652 5.8 3
drt: n_13653 1.4 2
drt: n_13654 5.32 3
drt: n_13655 0.6 2
drt: n_13656 4.16 3
drt: n_13657 5 3
drt: n_13658 2.4 2
drt: n_13659 4.16 3
drt: n_1366 1.8 2
drt: n_13660 6 2
drt: n_13661 4.52 3
drt: n_13662 4.44 3
drt: n_13663 1.81 3
drt: n_13664 0.6 2
drt: n_13665 6.04 3
drt: n_13666 2.12 2
drt: n_13667 5.2 3
drt: n_13668 1.01 2
drt: n_13669 5.13 3
drt: n_1367 3.04 2
drt: n_13670 2.4 2
drt: n_13671 4.92 3
drt: n_13672 2.6 2
drt: n_13673 6.4 3
drt: n_13674 4.04 3
drt: n_13675 32.24 4
drt: n_13676 200.21 7
drt: n_13677 75.24 4
drt: n_13678 3.05 3
drt: n_13679 0.4 2
drt: n_1368 6.2 2
drt: n_13680 6.4 3
drt: n_13681 2.44 2
drt: n_13682 8.68 4
drt: n_13683 5.44 3
drt: n_13684 1.4 2
drt: n_13685 4.6 3
drt: n_13686 8.12 3
drt: n_13687 6.32 3
drt: n_13688 5.73 3
drt: n_13689 5.32 2
drt: n_1369 4 2
drt: n_13690 5.8 3
drt: n_13691 8.27 4
drt: n_13692 5 3
drt: n_13693 2.2 2
drt: n_13694 11.4 4
drt: n_13695 2 3
drt: n_13696 1 2
drt: n_13697 8.28 4
drt: n_13698 3.16 3
drt: n_13699 1 2
drt: n_137 2.8 2
drt: n_1370 5.12 2
drt: n_13700 4.52 2
drt: n_13701 5 3
drt: n_13702 7 2
drt: n_13703 4.4 4
drt: n_13704 4.8 3
drt: n_13705 2.2 2
drt: n_13706 1.2 2
drt: n_13707 8.2 3
drt: n_13708 4.32 3
drt: n_13709 3.24 3
drt: n_1371 6.8 2
drt: n_13710 6.6 3
drt: n_13711 4.72 3
drt: n_13712 2.8 3
drt: n_13713 7.2 5
drt: n_13714 5.52 3
drt: n_13715 1.4 2
drt: n_13716 5.12 3
drt: n_13717 0.8 2
drt: n_13718 5.32 3
drt: n_13719 14.53 5
drt: n_1372 5.6 2
drt: n_13720 4.6 3
drt: n_13721 2.92 2
drt: n_13722 11.92 4
drt: n_13723 5.72 3
drt: n_13724 2.8 2
drt: n_13725 5.61 4
drt: n_13726 6 3
drt: n_13727 1.4 2
drt: n_13728 5.4 3
drt: n_13729 105.08 3
drt: n_1373 3.04 2
drt: n_13730 3 3
drt: n_13731 9.2 3
drt: n_13732 12.92 3
drt: n_13733 2 2
drt: n_13734 2.84 3
drt: n_13735 3 2
drt: n_13736 4.4 3
drt: n_13737 0.4 2
drt: n_13738 11.81 4
drt: n_13739 5.6 3
drt: n_1374 12.72 2
drt: n_13740 4.2 2
drt: n_13741 3 2
drt: n_13742 4.6 3
drt: n_13743 3.4 2
drt: n_13744 3.2 3
drt: n_13745 0.4 2
drt: n_13746 6.33 3
drt: n_13747 11.24 5
drt: n_13748 4.24 3
drt: n_13749 1.72 2
drt: n_1375 0.8 2
drt: n_13750 2.6 2
drt: n_13751 4.8 3
drt: n_13752 4.32 2
drt: n_13753 2 2
drt: n_13754 4.44 3
drt: n_13755 1.6 2
drt: n_13756 12.2 4
drt: n_13757 3.6 3
drt: n_13758 1 2
drt: n_13759 4.8 3
drt: n_1376 6.8 2
drt: n_13760 12 6
drt: n_13761 11.36 4
drt: n_13762 2.15 2
drt: n_13763 2.4 2
drt: n_13764 8.52 2
drt: n_13765 2.44 2
drt: n_13766 40.72 2
drt: n_13767 2.92 2
drt: n_13768 1 2
drt: n_13769 4.56 3
drt: n_1377 4.4 2
drt: n_13770 7.64 2
drt: n_13771 12.15 3
drt: n_13772 1.8 2
drt: n_13773 3.8 3
drt: n_13774 0.6 2
drt: n_13775 7 2
drt: n_13776 1.41 3
drt: n_13777 2.52 2
drt: n_13778 3.84 3
drt: n_13779 2.04 2
drt: n_1378 1.4 2
drt: n_13780 6.2 3
drt: n_13781 1.6 2
drt: n_13782 5.4 3
drt: n_13783 1 2
drt: n_13784 3.2 3
drt: n_13785 1.4 2
drt: n_13786 6.04 3
drt: n_13787 1.4 2
drt: n_13788 3.56 3
drt: n_13789 2.4 2
drt: n_1379 6.72 2
drt: n_13790 6.76 3
drt: n_13791 0.4 2
drt: n_13792 9.2 3
drt: n_13793 1.2 2
drt: n_13794 5.04 3
drt: n_13795 1.8 2
drt: n_13796 10 3
drt: n_13797 5.2 2
drt: n_13798 13 5
drt: n_13799 4.6 3
drt: n_138 2.72 2
drt: n_1380 0.8 2
drt: n_13800 0.6 2
drt: n_13801 4 3
drt: n_13802 3.64 2
drt: n_13803 2.8 3
drt: n_13804 0.6 2
drt: n_13805 10.8 3
drt: n_13806 3.4 2
drt: n_13807 2.4 3
drt: n_13808 1 2
drt: n_13809 3 3
drt: n_1381 10.12 2
drt: n_13810 0.4 2
drt: n_13811 4.8 3
drt: n_13812 3.73 2
drt: n_13813 2.7 3
drt: n_13814 4.12 2
drt: n_13815 5.32 3
drt: n_13816 2.2 2
drt: n_13817 17.16 3
drt: n_13818 2.24 2
drt: n_13819 5.8 3
drt: n_1382 1 2
drt: n_13820 1.2 2
drt: n_13821 7 3
drt: n_13822 5.52 2
drt: n_13823 3.84 3
drt: n_13824 4.2 2
drt: n_13825 2.6 2
drt: n_13826 3.35 3
drt: n_13827 1.8 2
drt: n_13828 4.2 3
drt: n_13829 3.4 2
drt: n_1383 3 2
drt: n_13830 7.8 4
drt: n_13831 3.52 3
drt: n_13832 0.8 2
drt: n_13833 5.35 3
drt: n_13834 1.6 2
drt: n_13835 8.55 3
drt: n_13836 1.4 2
drt: n_13837 7.55 3
drt: n_13838 5.6 2
drt: n_13839 3.7 3
drt: n_1384 5.8 2
drt: n_13840 1.8 2
drt: n_13841 11.04 3
drt: n_13842 2.84 2
drt: n_13843 19.6 3
drt: n_13844 1.6 2
drt: n_13845 1.2 2
drt: n_13846 10.2 3
drt: n_13847 1.4 2
drt: n_13848 4.4 2
drt: n_13849 1.8 2
drt: n_1385 7.32 2
drt: n_13850 14.52 3
drt: n_13851 3 3
drt: n_13852 2 2
drt: n_13853 66.04 4
drt: n_13854 1.24 2
drt: n_13855 2 2
drt: n_13856 3.36 3
drt: n_13857 2.4 3
drt: n_13858 2.6 2
drt: n_13859 9.52 4
drt: n_1386 4.8 2
drt: n_13860 5.4 3
drt: n_13861 2 2
drt: n_13862 3.84 3
drt: n_13863 7.81 3
drt: n_13864 11.32 4
drt: n_13865 4.12 3
drt: n_13866 1.4 2
drt: n_13867 4.84 3
drt: n_13868 2 2
drt: n_13869 14.32 4
drt: n_1387 5.2 2
drt: n_13870 7.2 3
drt: n_13871 1.4 2
drt: n_13872 7.72 3
drt: n_13873 6.72 2
drt: n_13874 9.2 5
drt: n_13875 3.2 3
drt: n_13876 68.56 3
drt: n_13877 3.52 2
drt: n_13878 6.12 3
drt: n_13879 4.52 2
drt: n_1388 1.84 2
drt: n_13880 1.81 3
drt: n_13881 1.6 2
drt: n_13882 4 3
drt: n_13883 2.8 2
drt: n_13884 5.2 3
drt: n_13885 0.6 2
drt: n_13886 6.44 3
drt: n_13887 4.24 3
drt: n_13888 2.64 2
drt: n_13889 9.2 4
drt: n_1389 2.2 2
drt: n_13890 5.72 3
drt: n_13891 2.52 2
drt: n_13892 1 3
drt: n_13893 4.72 2
drt: n_13894 2.44 2
drt: n_13895 6.85 4
drt: n_13896 6.27 3
drt: n_13897 1 2
drt: n_13898 5.6 3
drt: n_13899 3.72 2
drt: n_139 8.28 2
drt: n_1390 2.8 2
drt: n_13900 1.8 3
drt: n_13901 1.6 2
drt: n_13902 4 3
drt: n_13903 2.72 2
drt: n_13904 1.72 3
drt: n_13905 1.6 2
drt: n_13906 7.32 4
drt: n_13907 2.75 3
drt: n_13908 1.4 2
drt: n_13909 19.28 4
drt: n_1391 7 2
drt: n_13910 3.75 3
drt: n_13911 1.8 2
drt: n_13912 5.65 4
drt: n_13913 7.27 3
drt: n_13914 1.4 2
drt: n_13915 7.8 3
drt: n_13916 6.4 3
drt: n_13917 1.2 2
drt: n_13918 2 3
drt: n_13919 5.72 3
drt: n_1392 26.32 2
drt: n_13920 2.8 3
drt: n_13921 1.2 2
drt: n_13922 11.72 3
drt: n_13923 4.6 2
drt: n_13924 8.84 3
drt: n_13925 2.84 2
drt: n_13926 9.2 3
drt: n_13927 2 3
drt: n_13928 11.2 4
drt: n_13929 9.76 4
drt: n_1393 6.52 2
drt: n_13930 4.95 3
drt: n_13931 1 2
drt: n_13932 3.8 3
drt: n_13933 2.8 3
drt: n_13934 7 4
drt: n_13935 5.07 3
drt: n_13936 1.2 2
drt: n_13937 4.93 3
drt: n_13938 8.8 3
drt: n_13939 18.21 4
drt: n_1394 2 2
drt: n_13940 3.6 3
drt: n_13941 2.2 2
drt: n_13942 5.24 2
drt: n_13943 12.12 5
drt: n_13944 4.6 3
drt: n_13945 14.64 3
drt: n_13946 7.44 3
drt: n_13947 5.64 3
drt: n_13948 1 2
drt: n_13949 6.72 4
drt: n_1395 2.24 2
drt: n_13950 4 3
drt: n_13951 1.4 2
drt: n_13952 6 3
drt: n_13953 3 2
drt: n_13954 4 3
drt: n_13955 3 2
drt: n_13956 2 3
drt: n_13957 2 2
drt: n_13958 2.6 3
drt: n_13959 4.72 2
drt: n_1396 2.24 2
drt: n_13960 2.8 3
drt: n_13961 2.8 2
drt: n_13962 1.4 2
drt: n_13963 3.4 3
drt: n_13964 1.6 2
drt: n_13965 10.12 3
drt: n_13966 5.41 3
drt: n_13967 6.01 2
drt: n_13968 6.64 3
drt: n_13969 3.72 2
drt: n_1397 5.4 2
drt: n_13970 3.6 2
drt: n_13971 4 3
drt: n_13972 1.8 2
drt: n_13973 7 3
drt: n_13974 3.6 2
drt: n_13975 11.88 3
drt: n_13976 10.12 3
drt: n_13977 4.8 4
drt: n_13978 4.04 3
drt: n_13979 1.64 2
drt: n_1398 3.92 2
drt: n_13980 6.02 3
drt: n_13981 2.44 2
drt: n_13982 5.79 3
drt: n_13983 21.4 3
drt: n_13984 3.92 2
drt: n_13985 39.44 2
drt: n_13986 1.6 2
drt: n_13987 7.4 3
drt: n_13988 0.6 2
drt: n_13989 3.24 2
drt: n_1399 8.72 2
drt: n_13990 5.52 3
drt: n_13991 2.6 2
drt: n_13992 2.32 2
drt: n_13993 10.93 4
drt: n_13994 6 3
drt: n_13995 1 2
drt: n_13996 6.04 3
drt: n_13997 2.4 2
drt: n_13998 5.32 3
drt: n_13999 0.4 2
drt: n_14 2.24 2
drt: n_140 8.12 2
drt: n_1400 2.24 2
drt: n_14000 9.44 4
drt: n_14001 3.4 3
drt: n_14002 1.4 2
drt: n_14003 7.77 4
drt: n_14004 5.35 3
drt: n_14005 3.72 2
drt: n_14006 3.96 3
drt: n_14007 0.4 2
drt: n_14008 4.6 4
drt: n_14009 3.12 3
drt: n_1401 14 2
drt: n_14010 1 2
drt: n_14011 27.84 4
drt: n_14012 6.96 3
drt: n_14013 1.8 2
drt: n_14014 11.04 5
drt: n_14015 7.95 3
drt: n_14016 1 2
drt: n_14017 8.24 3
drt: n_14018 5.82 3
drt: n_14019 5.2 3
drt: n_1402 5 2
drt: n_14020 2.2 2
drt: n_14021 3.61 3
drt: n_14022 6.24 3
drt: n_14023 2.04 2
drt: n_14024 5.76 3
drt: n_14025 1.4 2
drt: n_14026 7.72 3
drt: n_14027 1.8 2
drt: n_14028 9.01 3
drt: n_14029 2.36 3
drt: n_1403 1.2 2
drt: n_14030 4.6 3
drt: n_14031 2.2 2
drt: n_14032 7.38 4
drt: n_14033 1 2
drt: n_14034 11 5
drt: n_14035 3.84 3
drt: n_14036 1.4 2
drt: n_14037 12.88 5
drt: n_14038 8.95 3
drt: n_14039 1.4 2
drt: n_1404 8 2
drt: n_14040 4.2 3
drt: n_14041 5.8 3
drt: n_14042 10.72 3
drt: n_14043 3.6 2
drt: n_14044 10.85 4
drt: n_14045 4.52 2
drt: n_14046 9.32 4
drt: n_14047 3.8 2
drt: n_14048 6.2 3
drt: n_14049 2.2 2
drt: n_1405 2.52 2
drt: n_14050 6.92 3
drt: n_14051 3.32 2
drt: n_14052 4.92 3
drt: n_14053 2.52 2
drt: n_14054 7.32 3
drt: n_14055 3.36 3
drt: n_14056 1.2 2
drt: n_14057 4.61 3
drt: n_14058 4.2 2
drt: n_14059 3.4 3
drt: n_1406 5.4 2
drt: n_14060 1.41 2
drt: n_14061 7 3
drt: n_14062 4 3
drt: n_14063 5.64 3
drt: n_14064 1.4 2
drt: n_14065 9 3
drt: n_14066 2.84 2
drt: n_14067 5.4 4
drt: n_14068 1.6 2
drt: n_14069 18.6 4
drt: n_1407 2 2
drt: n_14070 4.52 4
drt: n_14071 5.2 4
drt: n_14072 6.88 4
drt: n_14073 5.6 4
drt: n_14075 8.4 4
drt: n_14076 21.12 4
drt: n_14077 7.84 3
drt: n_14078 2.6 2
drt: n_14079 13.2 4
drt: n_1408 1.8 2
drt: n_14080 11.4 4
drt: n_14081 9.56 4
drt: n_14082 5.27 2
drt: n_14083 4.41 3
drt: n_14084 2.92 2
drt: n_14085 3 3
drt: n_14086 9.4 3
drt: n_14087 3.72 2
drt: n_14088 10.4 3
drt: n_14089 1.6 2
drt: n_1409 6.6 2
drt: n_14090 4.4 4
drt: n_14091 9.04 3
drt: n_14092 2.8 2
drt: n_14093 5.12 3
drt: n_14094 2.24 2
drt: n_14095 11 3
drt: n_14096 0.8 2
drt: n_14097 18.4 4
drt: n_14098 8.8 3
drt: n_14099 5 2
drt: n_141 2.4 2
drt: n_1410 3.2 2
drt: n_14100 4.64 3
drt: n_14101 4.72 2
drt: n_14102 8.88 4
drt: n_14103 10.17 4
drt: n_14104 3.6 3
drt: n_14105 1.2 2
drt: n_14106 2.81 3
drt: n_14107 0.8 2
drt: n_14108 2.41 2
drt: n_14109 1.6 2
drt: n_1411 5 2
drt: n_14110 5 2
drt: n_14111 4.4 2
drt: n_14112 8.44 5
drt: n_14113 3.04 3
drt: n_14114 2.6 2
drt: n_14115 8.52 4
drt: n_14116 2.96 3
drt: n_14117 2.04 2
drt: n_14118 4.04 3
drt: n_14119 0.4 2
drt: n_1412 2.24 2
drt: n_14120 4.04 3
drt: n_14121 0.4 2
drt: n_14122 2.2 2
drt: n_14123 6.92 2
drt: n_14124 5.92 2
drt: n_14125 6.4 2
drt: n_14126 42.76 2
drt: n_14127 5.92 2
drt: n_14128 2.95 2
drt: n_14129 2.12 2
drt: n_1413 6.8 2
drt: n_14130 0.95 2
drt: n_14131 5.12 2
drt: n_14132 5.6 3
drt: n_14133 0.4 2
drt: n_14134 8 3
drt: n_14135 0.8 2
drt: n_14136 6 3
drt: n_14137 0.4 2
drt: n_14138 7.12 3
drt: n_14139 5.8 2
drt: n_1414 5.4 2
drt: n_14140 3.92 3
drt: n_14141 1.24 2
drt: n_14142 2.4 3
drt: n_14143 4.2 2
drt: n_14144 3.2 3
drt: n_14145 1 2
drt: n_14146 11.04 5
drt: n_14147 15.64 7
drt: n_14148 4.64 3
drt: n_14149 3.52 2
drt: n_1415 8 2
drt: n_14150 3.8 3
drt: n_14151 3.4 2
drt: n_14152 4.39 3
drt: n_14153 0.6 2
drt: n_14154 11.36 3
drt: n_14155 4 2
drt: n_14156 3.96 3
drt: n_14157 0.6 2
drt: n_14158 4.36 3
drt: n_14159 1.8 2
drt: n_1416 4.52 2
drt: n_14160 3.44 3
drt: n_14161 2.6 2
drt: n_14162 3.64 3
drt: n_14163 1.4 2
drt: n_14164 4.04 3
drt: n_14165 0.8 2
drt: n_14166 6.01 3
drt: n_14167 2.6 2
drt: n_14168 3.8 3
drt: n_14169 3.6 2
drt: n_1417 2 2
drt: n_14170 3.72 3
drt: n_14171 2 2
drt: n_14172 1.41 3
drt: n_14173 2 2
drt: n_14174 3.27 3
drt: n_14175 1.4 2
drt: n_14176 3.8 2
drt: n_14177 17.67 3
drt: n_14178 2.2 2
drt: n_14179 2.76 3
drt: n_1418 3.72 2
drt: n_14180 4.73 2
drt: n_14181 6.04 3
drt: n_14182 1.8 2
drt: n_14183 3.21 3
drt: n_14184 2 2
drt: n_14185 3.6 2
drt: n_14186 3.6 3
drt: n_14187 0.8 2
drt: n_14188 7.2 2
drt: n_14189 6.6 3
drt: n_1419 2.8 2
drt: n_14190 0.6 2
drt: n_14191 7.21 3
drt: n_14192 4.8 2
drt: n_14193 7.92 3
drt: n_14194 2.32 2
drt: n_14195 3.6 3
drt: n_14196 1.4 2
drt: n_14197 3.6 3
drt: n_14198 5.4 2
drt: n_14199 2 2
drt: n_142 4.44 2
drt: n_1420 3.92 2
drt: n_14200 9.12 3
drt: n_14201 7.24 3
drt: n_14202 6.52 3
drt: n_14203 2.84 2
drt: n_14204 3.4 3
drt: n_14205 4.04 2
drt: n_14206 0.8 2
drt: n_14207 0.6 2
drt: n_14208 31.08 4
drt: n_14209 1.6 2
drt: n_1421 2.4 2
drt: n_14210 0.4 2
drt: n_14211 2.99 3
drt: n_14212 3.73 3
drt: n_14213 2.72 3
drt: n_14214 5.64 3
drt: n_14215 6.8 3
drt: n_14216 2.6 2
drt: n_14217 7.04 3
drt: n_14218 4.4 2
drt: n_14219 4.8 4
drt: n_1422 1.6 2
drt: n_14220 3.95 3
drt: n_14221 1 2
drt: n_14222 6.44 3
drt: n_14223 1.4 2
drt: n_14224 7 2
drt: n_14225 1.6 2
drt: n_14226 15.95 5
drt: n_14227 5.2 3
drt: n_14228 1.8 2
drt: n_14229 5.01 3
drt: n_1423 2 2
drt: n_14230 5 2
drt: n_14231 4.13 3
drt: n_14232 2.2 2
drt: n_14233 2.6 3
drt: n_14234 1.8 2
drt: n_14235 4.6 3
drt: n_14236 9.6 3
drt: n_14237 7.08 4
drt: n_14238 5.07 3
drt: n_14239 3.4 2
drt: n_1424 4.32 2
drt: n_14240 10.47 4
drt: n_14241 2.35 3
drt: n_14242 1 2
drt: n_14243 5.32 3
drt: n_14244 1.4 2
drt: n_14245 3.25 3
drt: n_14246 1.2 2
drt: n_14247 3.01 3
drt: n_14248 2.4 2
drt: n_14249 6.2 3
drt: n_1425 4.12 2
drt: n_14250 3.01 3
drt: n_14251 4.8 2
drt: n_14252 5.6 3
drt: n_14253 3.6 2
drt: n_14254 7.6 3
drt: n_14255 1 2
drt: n_14256 2.81 3
drt: n_14257 2.4 2
drt: n_14258 2.2 3
drt: n_14259 2.72 2
drt: n_1426 3.32 2
drt: n_14260 5.61 3
drt: n_14261 3.4 2
drt: n_14262 4.84 4
drt: n_14263 3.79 3
drt: n_14264 2.44 2
drt: n_14265 3.8 3
drt: n_14266 6.8 3
drt: n_14267 3.2 3
drt: n_14268 24.36 4
drt: n_14269 4.4 3
drt: n_1427 5.2 2
drt: n_14270 1 2
drt: n_14271 4.4 3
drt: n_14272 4.32 3
drt: n_14273 6.75 2
drt: n_14274 3.84 3
drt: n_14275 1.84 2
drt: n_14276 4.33 3
drt: n_14277 3.84 3
drt: n_14278 7.2 5
drt: n_14279 6 3
drt: n_1428 23.2 2
drt: n_14280 1 2
drt: n_14281 4.8 3
drt: n_14282 4.4 4
drt: n_14283 5.72 3
drt: n_14284 2.2 2
drt: n_14285 19.24 2
drt: n_14286 9.12 2
drt: n_14287 1.61 3
drt: n_14288 3.92 2
drt: n_14289 3.93 3
drt: n_1429 2.8 2
drt: n_14290 1.4 2
drt: n_14291 3.2 3
drt: n_14292 4.95 3
drt: n_14293 7.12 3
drt: n_14294 5.6 3
drt: n_14295 3.8 3
drt: n_14296 7.6 3
drt: n_14297 1.64 2
drt: n_14298 4.4 3
drt: n_14299 1.2 2
drt: n_143 6.4 2
drt: n_1430 4.6 2
drt: n_14300 4.24 3
drt: n_14301 4.4 2
drt: n_14302 6.2 3
drt: n_14303 3.6 2
drt: n_14304 8.4 3
drt: n_14305 1.8 2
drt: n_14306 6.2 3
drt: n_14307 1.6 2
drt: n_14308 2.2 3
drt: n_14309 5.4 3
drt: n_1431 6.12 2
drt: n_14310 4.2 3
drt: n_14311 2 3
drt: n_14312 3 3
drt: n_14313 0.6 2
drt: n_14314 5.64 3
drt: n_14315 3.21 3
drt: n_14316 4.32 3
drt: n_14317 3.84 3
drt: n_14318 4.36 3
drt: n_14319 3.05 3
drt: n_1432 2.6 2
drt: n_14320 7.64 3
drt: n_14321 4.96 3
drt: n_14322 2.6 2
drt: n_14323 7 5
drt: n_14324 3.6 3
drt: n_14325 5.24 3
drt: n_14326 9 3
drt: n_14327 2.8 3
drt: n_14328 4.4 3
drt: n_14329 2.8 3
drt: n_1433 0.8 2
drt: n_14330 2.61 3
drt: n_14331 2.44 2
drt: n_14332 7.8 5
drt: n_14333 4.04 3
drt: n_14334 6.12 3
drt: n_14335 4.2 3
drt: n_14336 4.92 3
drt: n_14337 4.36 3
drt: n_14338 2.96 3
drt: n_14339 3.8 3
drt: n_1434 2.8 2
drt: n_14340 9.55 3
drt: n_14341 4.4 3
drt: n_14342 10.69 3
drt: n_14343 1.8 2
drt: n_14344 9.56 3
drt: n_14345 2.72 2
drt: n_14346 9.45 3
drt: n_14347 2.6 2
drt: n_14348 10 3
drt: n_14349 5.2 3
drt: n_1435 3.32 2
drt: n_14350 5.4 3
drt: n_14351 2.2 2
drt: n_14352 4.6 3
drt: n_14353 1.8 2
drt: n_14354 6.24 3
drt: n_14355 2.84 3
drt: n_14356 1.21 3
drt: n_14357 2.8 3
drt: n_14358 3.4 3
drt: n_14359 6.2 3
drt: n_1436 5.4 2
drt: n_14360 0.6 2
drt: n_14361 7.8 3
drt: n_14362 1.4 2
drt: n_14363 7.6 3
drt: n_14364 3.72 3
drt: n_14365 6.52 3
drt: n_14366 3.44 3
drt: n_14367 7.84 3
drt: n_14368 8.64 3
drt: n_14369 8.32 3
drt: n_1437 1.44 2
drt: n_14370 5.44 3
drt: n_14371 5.8 3
drt: n_14372 1.8 2
drt: n_14373 7.61 3
drt: n_14374 1.4 2
drt: n_14375 5.72 3
drt: n_14376 1.64 2
drt: n_14377 6.93 3
drt: n_14378 5.64 2
drt: n_14379 12.32 3
drt: n_1438 3.72 2
drt: n_14380 1 2
drt: n_14381 6 3
drt: n_14382 1.94 2
drt: n_14383 6.52 3
drt: n_14384 8.52 2
drt: n_14385 3.76 3
drt: n_14386 0.4 2
drt: n_14387 4.92 3
drt: n_14388 4.2 3
drt: n_14389 9.04 5
drt: n_1439 2 2
drt: n_14390 4 3
drt: n_14391 5.12 3
drt: n_14392 6.8 3
drt: n_14393 3.84 3
drt: n_14394 3.6 3
drt: n_14395 3.6 2
drt: n_14396 11.92 4
drt: n_14397 7.2 3
drt: n_14398 1 2
drt: n_14399 6.4 3
drt: n_144 4.52 2
drt: n_1440 3.8 2
drt: n_14400 5.2 3
drt: n_14401 2.8 3
drt: n_14402 3.96 3
drt: n_14403 3.8 3
drt: n_14404 2.72 2
drt: n_14405 7.76 3
drt: n_14406 5.13 3
drt: n_14407 2.04 2
drt: n_14408 4.32 3
drt: n_14409 1.2 2
drt: n_1441 4.32 2
drt: n_14410 6.01 3
drt: n_14411 1.4 2
drt: n_14412 7.04 3
drt: n_14413 7.92 3
drt: n_14414 4.32 3
drt: n_14415 2.32 2
drt: n_14416 6.6 3
drt: n_14417 1.8 2
drt: n_14418 6.41 3
drt: n_14419 1.4 2
drt: n_1442 5.2 2
drt: n_14420 8.12 3
drt: n_14421 1.8 2
drt: n_14422 14.16 3
drt: n_14423 6.04 3
drt: n_14424 8.64 3
drt: n_14425 1 2
drt: n_14426 2.92 2
drt: n_14427 5.35 2
drt: n_14428 6.8 3
drt: n_14429 1.4 2
drt: n_1443 1.8 2
drt: n_14430 3.6 3
drt: n_14431 2.2 3
drt: n_14432 7.04 5
drt: n_14433 7.2 3
drt: n_14434 4.44 3
drt: n_14435 4.8 3
drt: n_14436 5.8 2
drt: n_14437 7.4 3
drt: n_14438 3.4 2
drt: n_14439 9.52 3
drt: n_1444 4.6 2
drt: n_14440 6.2 2
drt: n_14441 8.92 3
drt: n_14442 1.2 2
drt: n_14443 8.24 3
drt: n_14444 4.04 2
drt: n_14445 4.92 3
drt: n_14446 1.64 2
drt: n_14447 3.93 3
drt: n_14448 7.52 3
drt: n_14449 6.44 4
drt: n_1445 3.72 2
drt: n_14450 2.75 3
drt: n_14451 1.64 2
drt: n_14452 12.52 5
drt: n_14453 5.8 3
drt: n_14454 5 2
drt: n_14455 10.95 4
drt: n_14456 2.4 3
drt: n_14457 1 2
drt: n_14458 4.52 3
drt: n_14459 2 2
drt: n_1446 6.32 2
drt: n_14460 4.2 3
drt: n_14461 3.8 3
drt: n_14462 8.87 3
drt: n_14463 3.04 3
drt: n_14464 1.4 2
drt: n_14465 2 2
drt: n_14466 10.45 5
drt: n_14467 4.8 3
drt: n_14468 2.6 2
drt: n_14469 4.52 3
drt: n_1447 3.8 2
drt: n_14470 6.72 3
drt: n_14471 1 2
drt: n_14472 5.81 3
drt: n_14473 6.4 3
drt: n_14474 5.4 2
drt: n_14475 6.56 3
drt: n_14476 3.6 2
drt: n_14477 6.72 3
drt: n_14478 3.72 2
drt: n_14479 3.44 3
drt: n_1448 4.32 2
drt: n_14480 0.6 2
drt: n_14481 4.04 3
drt: n_14482 6.93 3
drt: n_14483 1 2
drt: n_14484 1.61 3
drt: n_14485 1 2
drt: n_14486 8.4 3
drt: n_14487 4.6 3
drt: n_14488 9.52 4
drt: n_14489 1.4 2
drt: n_1449 2.24 2
drt: n_14490 3 3
drt: n_14491 8.52 5
drt: n_14492 3.16 3
drt: n_14493 1.8 2
drt: n_14494 8.68 3
drt: n_14495 3.45 2
drt: n_14496 10.44 3
drt: n_14497 6.84 3
drt: n_14498 1.4 2
drt: n_14499 3.92 3
drt: n_145 6.4 2
drt: n_1450 3.6 2
drt: n_14500 4.34 3
drt: n_14501 0.4 2
drt: n_14502 8.56 4
drt: n_14503 2.44 3
drt: n_14504 1 2
drt: n_14505 6.32 3
drt: n_14506 0.4 2
drt: n_14507 7.32 3
drt: n_14508 2.6 2
drt: n_14509 4.2 4
drt: n_1451 3.12 2
drt: n_14510 4.2 3
drt: n_14511 3.65 3
drt: n_14512 6.6 3
drt: n_14513 3.4 2
drt: n_14514 6.21 3
drt: n_14515 14.73 4
drt: n_14516 1.64 2
drt: n_14517 1.61 3
drt: n_14518 1 2
drt: n_14519 5 2
drt: n_1452 5.72 2
drt: n_14520 1.8 2
drt: n_14521 3.55 2
drt: n_14522 2.6 2
drt: n_14523 1.15 2
drt: n_14524 6.28 4
drt: n_14525 1.4 2
drt: n_14526 8.44 4
drt: n_14527 2.2 2
drt: n_14528 5.65 3
drt: n_14529 6.2 4
drt: n_1453 6.52 2
drt: n_14530 4.52 2
drt: n_14531 8.92 5
drt: n_14532 7.2 2
drt: n_14533 7.6 5
drt: n_14534 6.16 4
drt: n_14535 7.04 4
drt: n_14536 2.72 2
drt: n_14537 4.8 3
drt: n_14538 4.8 4
drt: n_14539 3.4 2
drt: n_1454 3.6 2
drt: n_14540 5.92 2
drt: n_14541 1.32 2
drt: n_14542 4.87 2
drt: n_14543 3.4 2
drt: n_14544 5.35 2
drt: n_14545 10.8 5
drt: n_14546 6.52 4
drt: n_14547 19.04 4
drt: n_14548 14.4 5
drt: n_14549 9.92 5
drt: n_1455 2.4 2
drt: n_14550 11.4 4
drt: n_14551 14.2 5
drt: n_14552 14 5
drt: n_14553 5.6 3
drt: n_14554 9.2 4
drt: n_14555 0.8 2
drt: n_14556 5.24 3
drt: n_14557 2.92 3
drt: n_14558 6 3
drt: n_14559 4.44 3
drt: n_1456 2 2
drt: n_14560 8.44 3
drt: n_14561 4.04 4
drt: n_14562 6.4 3
drt: n_14563 3.35 3
drt: n_14564 1 2
drt: n_14565 11.2 4
drt: n_14566 1.8 3
drt: n_14567 1.4 2
drt: n_14568 9.12 3
drt: n_14569 6.8 3
drt: n_1457 2 2
drt: n_14570 4.12 2
drt: n_14571 6.72 4
drt: n_14572 3.21 3
drt: n_14573 7.56 3
drt: n_14574 6.8 3
drt: n_14575 4.68 3
drt: n_14576 1.8 2
drt: n_14577 4.15 2
drt: n_14578 2.52 2
drt: n_14579 7.35 2
drt: n_1458 5.8 2
drt: n_14580 11 3
drt: n_14581 13.52 4
drt: n_14582 5.44 3
drt: n_14583 1.4 2
drt: n_14584 3.61 3
drt: n_14585 3 2
drt: n_14587 8.72 3
drt: n_14588 51.91 4
drt: n_14589 74.56 4
drt: n_1459 6.2 2
drt: n_14590 0.6 2
drt: n_14591 28.44 2
drt: n_14592 3.64 3
drt: n_14593 0.6 2
drt: n_14594 19.48 4
drt: n_14595 7.4 5
drt: n_14596 3.4 3
drt: n_14597 10.32 2
drt: n_14598 14.77 3
drt: n_14599 5.52 2
drt: n_146 4.32 2
drt: n_1460 8.72 2
drt: n_14600 1.2 3
drt: n_14601 3.6 2
drt: n_14602 46.72 3
drt: n_14603 4.6 2
drt: n_14604 23.32 3
drt: n_14605 3 2
drt: n_14606 6.01 3
drt: n_14607 2 2
drt: n_14608 7.24 3
drt: n_14609 2.2 3
drt: n_1461 4 2
drt: n_14610 2.72 2
drt: n_14611 0.6 2
drt: n_14612 2.2 2
drt: n_14613 3.8 2
drt: n_14614 3.93 3
drt: n_14615 1.6 2
drt: n_14616 4.92 2
drt: n_14617 3.8 3
drt: n_14618 2.4 3
drt: n_14619 3.4 2
drt: n_1462 5.4 2
drt: n_14620 1.75 2
drt: n_14621 7.2 3
drt: n_14622 3.92 2
drt: n_14623 5.72 2
drt: n_14624 11.06 4
drt: n_14625 4.64 2
drt: n_14626 3.64 2
drt: n_14627 2.4 2
drt: n_14628 38.32 4
drt: n_14629 3.2 2
drt: n_1463 16.76 2
drt: n_14630 38.12 4
drt: n_14631 12.16 2
drt: n_14632 64.16 4
drt: n_14633 3.2 2
drt: n_14634 3.73 3
drt: n_14635 2.44 2
drt: n_14636 3.4 3
drt: n_14637 2.6 2
drt: n_14638 21.8 3
drt: n_14639 5.12 2
drt: n_1464 7.92 2
drt: n_14640 6.92 3
drt: n_14641 4 3
drt: n_14642 1 2
drt: n_14643 2.8 3
drt: n_14644 2 2
drt: n_14645 1.6 3
drt: n_14646 4.76 3
drt: n_14647 12.2 3
drt: n_14648 2.6 3
drt: n_14649 2.8 3
drt: n_1465 3.52 2
drt: n_14650 3 3
drt: n_14651 5.52 3
drt: n_14652 2.6 2
drt: n_14653 4.32 3
drt: n_14654 3.4 3
drt: n_14655 2.6 2
drt: n_14656 2.84 3
drt: n_14657 1.4 2
drt: n_14658 5.4 3
drt: n_14659 0.4 2
drt: n_1466 5.8 2
drt: n_14660 3.8 3
drt: n_14661 0.6 2
drt: n_14662 5.24 3
drt: n_14663 2.72 2
drt: n_14664 3.8 2
drt: n_14665 2.32 2
drt: n_14666 5.92 2
drt: n_14667 5.4 3
drt: n_14668 3 2
drt: n_14669 3.6 3
drt: n_1467 5.72 2
drt: n_14670 10.84 3
drt: n_14671 2.4 3
drt: n_14672 4.2 2
drt: n_14673 3.41 3
drt: n_14674 2.2 2
drt: n_14675 7 3
drt: n_14676 3.77 3
drt: n_14677 1.6 2
drt: n_14678 6.32 3
drt: n_14679 5.8 2
drt: n_1468 5.32 2
drt: n_14680 4.32 3
drt: n_14681 1.61 2
drt: n_14682 3.2 3
drt: n_14683 2.6 2
drt: n_14684 4.64 3
drt: n_14685 1.64 2
drt: n_14686 8.52 3
drt: n_14687 1 2
drt: n_14688 10.04 3
drt: n_14689 0.4 2
drt: n_1469 9.92 2
drt: n_14690 5 3
drt: n_14691 2.6 2
drt: n_14692 7.72 3
drt: n_14693 1.44 2
drt: n_14694 41.88 3
drt: n_14695 2.44 2
drt: n_14696 5.4 3
drt: n_14697 1.64 2
drt: n_14698 7.68 3
drt: n_14699 1.4 2
drt: n_147 0.6 2
drt: n_1470 3.04 2
drt: n_14700 2.01 3
drt: n_14701 1.8 2
drt: n_14702 4.32 3
drt: n_14703 2.2 2
drt: n_14704 6.93 3
drt: n_14705 3.52 2
drt: n_14706 3.84 3
drt: n_14707 1.6 2
drt: n_14708 4.44 3
drt: n_14709 2 2
drt: n_1471 2.52 2
drt: n_14710 4.44 3
drt: n_14711 4.2 2
drt: n_14712 4.24 3
drt: n_14713 1 2
drt: n_14714 5.4 3
drt: n_14715 2.84 2
drt: n_14716 8.32 3
drt: n_14717 3.32 2
drt: n_14718 3.64 3
drt: n_14719 1.04 2
drt: n_1472 2.4 2
drt: n_14720 11 2
drt: n_14721 2.4 2
drt: n_14722 8.2 3
drt: n_14723 1.4 2
drt: n_14724 5.2 3
drt: n_14725 2.64 2
drt: n_14726 2.8 3
drt: n_14727 4.52 2
drt: n_14728 6.32 3
drt: n_14729 6.8 3
drt: n_1473 3.12 2
drt: n_14730 4.73 3
drt: n_14731 1.44 2
drt: n_14732 4.01 3
drt: n_14733 2.4 2
drt: n_14734 3 3
drt: n_14735 2.44 2
drt: n_14736 6.6 3
drt: n_14737 1.2 2
drt: n_14738 6.6 3
drt: n_14739 1.8 2
drt: n_1474 1.6 2
drt: n_14740 3.32 3
drt: n_14741 1.64 2
drt: n_14742 3.6 3
drt: n_14743 0.4 2
drt: n_14744 4.2 3
drt: n_14745 2.6 2
drt: n_14746 3.84 3
drt: n_14747 0.4 2
drt: n_14748 5 2
drt: n_14749 7.24 3
drt: n_1475 7.12 2
drt: n_14750 5.8 3
drt: n_14751 3 2
drt: n_14752 5.52 3
drt: n_14753 3 2
drt: n_14754 5.2 3
drt: n_14755 0.6 2
drt: n_14756 4.4 3
drt: n_14757 1.8 2
drt: n_14758 0.6 2
drt: n_14759 2.8 3
drt: n_1476 6.32 2
drt: n_14760 0.6 2
drt: n_14761 1.81 3
drt: n_14762 1.64 2
drt: n_14763 3.01 3
drt: n_14764 1.4 2
drt: n_14765 5.4 3
drt: n_14766 1.2 2
drt: n_14767 3.84 3
drt: n_14768 1 2
drt: n_14769 5.4 3
drt: n_1477 5.12 2
drt: n_14770 0.4 2
drt: n_14771 4.4 3
drt: n_14772 1.4 2
drt: n_14773 3.33 3
drt: n_14774 0.4 2
drt: n_14775 3.52 3
drt: n_14776 2.2 2
drt: n_14777 1.01 3
drt: n_14778 1.8 2
drt: n_14779 5.32 3
drt: n_1478 4.32 2
drt: n_14780 2.8 2
drt: n_14781 5.44 3
drt: n_14782 3.04 2
drt: n_14783 5.84 3
drt: n_14784 1.64 2
drt: n_14785 6.2 3
drt: n_14786 5.2 3
drt: n_14787 3.4 3
drt: n_14788 5.4 3
drt: n_14789 3.76 3
drt: n_1479 3.52 2
drt: n_14790 1.4 2
drt: n_14791 6.44 3
drt: n_14792 6.35 4
drt: n_14793 6.04 3
drt: n_14794 1.2 2
drt: n_14795 3.4 3
drt: n_14796 4.4 3
drt: n_14797 2 2
drt: n_14798 4.72 3
drt: n_14799 7.24 3
drt: n_148 4 2
drt: n_1480 0.6 2
drt: n_14800 2.2 2
drt: n_14801 4.45 3
drt: n_14802 7 4
drt: n_14803 3.8 3
drt: n_14804 1.6 2
drt: n_14805 6.84 3
drt: n_14806 2.6 3
drt: n_14807 7.24 4
drt: n_14808 2.8 3
drt: n_14809 1.8 2
drt: n_1481 2.8 2
drt: n_14810 5.4 3
drt: n_14811 6.12 3
drt: n_14812 8 4
drt: n_14813 2.6 3
drt: n_14814 4.2 3
drt: n_14815 1.64 2
drt: n_14816 3.4 3
drt: n_14817 0.4 2
drt: n_14818 6.8 3
drt: n_14819 2.72 2
drt: n_1482 11.8 2
drt: n_14820 6.13 4
drt: n_14821 4.32 2
drt: n_14822 17.32 4
drt: n_14823 11.12 2
drt: n_14824 6.12 4
drt: n_14825 1 2
drt: n_14826 19.04 4
drt: n_14827 2.52 2
drt: n_14828 9.32 4
drt: n_14829 7.12 2
drt: n_1483 4.6 2
drt: n_14830 6.04 4
drt: n_14831 1.8 2
drt: n_14832 4.24 3
drt: n_14833 2.65 3
drt: n_14834 1.44 2
drt: n_14835 3.53 3
drt: n_14836 5.6 3
drt: n_14837 2.84 3
drt: n_14838 3 3
drt: n_14839 1.6 2
drt: n_1484 4.12 2
drt: n_14840 2.8 2
drt: n_14841 7.8 3
drt: n_14842 3.4 2
drt: n_14843 18.44 3
drt: n_14844 2.6 2
drt: n_14845 7.8 3
drt: n_14846 3.92 2
drt: n_14847 2.21 3
drt: n_14848 3.6 2
drt: n_14849 2.01 3
drt: n_1485 2.24 2
drt: n_14850 1 2
drt: n_14851 2.8 3
drt: n_14852 1.8 2
drt: n_14853 7.6 3
drt: n_14854 4.6 2
drt: n_14855 17.37 7
drt: n_14856 6.4 4
drt: n_14857 12.64 3
drt: n_14858 10.15 3
drt: n_14859 3.2 3
drt: n_1486 4 2
drt: n_14860 1 2
drt: n_14861 4.73 3
drt: n_14862 2 2
drt: n_14863 8 2
drt: n_14864 2.6 3
drt: n_14865 2 2
drt: n_14866 14.25 3
drt: n_14867 0.6 2
drt: n_14868 13.65 3
drt: n_14869 4.2 2
drt: n_1487 3.92 2
drt: n_14870 9.32 3
drt: n_14871 1.8 2
drt: n_14872 6.2 3
drt: n_14873 0.6 2
drt: n_14874 2.93 3
drt: n_14875 1.8 2
drt: n_14876 7.96 5
drt: n_14877 6.8 4
drt: n_14878 2 2
drt: n_14879 12.24 5
drt: n_1488 2.24 2
drt: n_14880 14.08 4
drt: n_14881 9.56 5
drt: n_14882 11.57 4
drt: n_14883 7.73 3
drt: n_14884 5.12 2
drt: n_14885 5.4 2
drt: n_14886 2.6 2
drt: n_14887 55.36 2
drt: n_14888 5.4 3
drt: n_14889 2.2 2
drt: n_1489 1.44 2
drt: n_14890 4.64 3
drt: n_14891 1.4 2
drt: n_14892 5.6 3
drt: n_14893 2.2 2
drt: n_14894 5.4 3
drt: n_14895 0.6 2
drt: n_14896 6.6 4
drt: n_14897 15.78 4
drt: n_14898 8.53 4
drt: n_14899 5.44 4
drt: n_149 0.8 2
drt: n_1490 3.4 2
drt: n_14900 4.2 4
drt: n_14901 8.68 3
drt: n_14902 5.15 3
drt: n_14903 4 3
drt: n_14904 4.2 3
drt: n_14905 9.12 3
drt: n_14906 2.8 3
drt: n_14907 5.6 3
drt: n_14908 6.2 3
drt: n_14909 5.42 3
drt: n_1491 3.6 2
drt: n_14910 9.32 3
drt: n_14911 4.12 3
drt: n_14912 6.52 3
drt: n_14913 5.6 3
drt: n_14914 2.8 3
drt: n_14915 6.32 3
drt: n_14916 1.4 2
drt: n_14917 6.04 3
drt: n_14918 5 3
drt: n_14919 6.04 3
drt: n_1492 6.6 2
drt: n_14920 1.64 2
drt: n_14921 5.6 3
drt: n_14922 5.6 3
drt: n_14923 0.6 2
drt: n_14924 7.8 2
drt: n_14925 6.8 3
drt: n_14926 5.52 3
drt: n_14927 3.72 3
drt: n_14928 1.8 2
drt: n_14929 5.24 3
drt: n_1493 2.6 2
drt: n_14930 3.6 3
drt: n_14931 3.8 3
drt: n_14932 3.6 3
drt: n_14933 6.2 3
drt: n_14934 2.8 3
drt: n_14935 51.48 4
drt: n_14936 4.64 3
drt: n_14937 13.16 3
drt: n_14938 0.6 2
drt: n_14939 6.92 3
drt: n_1494 9.72 2
drt: n_14940 0.6 2
drt: n_14941 4.6 3
drt: n_14942 12.6 4
drt: n_14943 6.6 3
drt: n_14944 2 2
drt: n_14945 4.96 3
drt: n_14946 3.2 3
drt: n_14947 2.61 3
drt: n_14948 1.2 2
drt: n_14949 5.8 3
drt: n_1495 5.72 2
drt: n_14950 1.4 2
drt: n_14951 7.2 3
drt: n_14952 3 3
drt: n_14953 1.4 2
drt: n_14954 4.6 3
drt: n_14955 1.8 2
drt: n_14956 6.61 3
drt: n_14957 3.92 2
drt: n_14958 4.8 3
drt: n_14959 6.2 3
drt: n_1496 3.32 2
drt: n_14960 2.2 2
drt: n_14961 7.2 3
drt: n_14962 3.76 3
drt: n_14963 2 2
drt: n_14964 5.6 3
drt: n_14965 5.4 2
drt: n_14966 8.53 4
drt: n_14967 4.12 3
drt: n_14968 1 2
drt: n_14969 16.12 3
drt: n_1497 6.6 2
drt: n_14970 2.4 2
drt: n_14971 0.95 2
drt: n_14972 6.4 2
drt: n_14973 3.52 2
drt: n_14974 3.44 3
drt: n_14975 13.6 2
drt: n_14976 4.2 3
drt: n_14977 5.24 2
drt: n_14978 7.2 4
drt: n_14979 4.2 3
drt: n_1498 5.8 2
drt: n_14980 1.8 2
drt: n_14981 5.2 3
drt: n_14982 6 3
drt: n_14983 1.4 2
drt: n_14984 2.41 3
drt: n_14985 1.6 2
drt: n_14986 3.2 3
drt: n_14987 1 2
drt: n_14988 2.4 3
drt: n_14989 2.4 2
drt: n_1499 6.2 2
drt: n_14990 8.04 4
drt: n_14991 2.4 3
drt: n_14992 4.24 3
drt: n_14993 0.95 2
drt: n_14994 3.44 3
drt: n_14995 1.6 2
drt: n_14996 4.55 3
drt: n_14997 37.04 9
drt: n_14998 7.8 2
drt: n_14999 6.2 3
drt: n_15 4.24 2
drt: n_150 4.8 2
drt: n_1500 2 2
drt: n_15000 1.72 2
drt: n_15001 6.8 3
drt: n_15002 1.8 2
drt: n_15003 2.4 3
drt: n_15004 1 2
drt: n_15005 12.64 3
drt: n_15006 4.92 2
drt: n_15007 67.57 4
drt: n_15008 67.68 4
drt: n_15009 3.72 2
drt: n_1501 6.8 2
drt: n_15010 4.92 2
drt: n_15011 3.64 3
drt: n_15012 4.33 3
drt: n_15013 1.6 2
drt: n_15014 4.8 2
drt: n_15015 0.6 2
drt: n_15016 1.8 2
drt: n_15017 0.6 2
drt: n_15018 11.4 3
drt: n_15019 6.8 2
drt: n_1502 3.52 2
drt: n_15020 6.32 2
drt: n_15021 7.61 3
drt: n_15022 1.6 2
drt: n_15023 6.13 3
drt: n_15024 3.33 3
drt: n_15025 3.76 3
drt: n_15026 2.2 2
drt: n_15027 11 3
drt: n_15028 6.6 3
drt: n_15029 1.2 3
drt: n_1503 8.6 2
drt: n_15030 5.8 3
drt: n_15031 6.4 3
drt: n_15032 4.8 3
drt: n_15033 1.6 2
drt: n_15034 6.4 2
drt: n_15035 2.8 2
drt: n_15036 2.2 2
drt: n_15037 4.92 3
drt: n_15038 1.2 2
drt: n_15039 2.8 3
drt: n_1504 2.4 2
drt: n_15040 4.6 3
drt: n_15041 8.21 3
drt: n_15042 1.8 2
drt: n_15043 1.8 3
drt: n_15044 1.8 2
drt: n_15045 4.4 3
drt: n_15046 0.6 2
drt: n_15047 2.41 3
drt: n_15048 1.6 2
drt: n_15049 7.2 3
drt: n_1505 1.4 2
drt: n_15050 2.6 2
drt: n_15051 14.84 3
drt: n_15052 0.8 2
drt: n_15053 8.84 3
drt: n_15054 5.2 2
drt: n_15055 1.2 2
drt: n_15056 8.44 3
drt: n_15057 1.6 3
drt: n_15058 2.04 2
drt: n_15059 13.92 3
drt: n_1506 8.76 2
drt: n_15060 2.4 2
drt: n_15061 12.61 3
drt: n_15062 2.44 2
drt: n_15063 5.24 3
drt: n_15064 0.6 2
drt: n_15065 8.32 3
drt: n_15066 5 2
drt: n_15067 1.6 2
drt: n_15068 0.4 2
drt: n_15069 4.36 3
drt: n_1507 1.6 2
drt: n_15070 0.8 2
drt: n_15071 2.92 2
drt: n_15072 28.8 3
drt: n_15073 4 2
drt: n_15074 1 2
drt: n_15075 2.6 3
drt: n_15076 1.64 2
drt: n_15077 0.6 2
drt: n_15078 1.35 2
drt: n_15079 4 3
drt: n_1508 6.72 2
drt: n_15080 0.8 2
drt: n_15081 3.52 2
drt: n_15082 4.8 3
drt: n_15083 0.6 2
drt: n_15084 4.44 3
drt: n_15085 9.4 3
drt: n_15086 3.2 3
drt: n_15087 2.6 3
drt: n_15088 1.4 2
drt: n_15089 4.56 3
drt: n_1509 4 2
drt: n_15090 2.81 3
drt: n_15091 1.2 2
drt: n_15092 2.4 3
drt: n_15093 4 3
drt: n_15094 5.8 3
drt: n_15095 2 3
drt: n_15096 6.04 3
drt: n_15097 4.4 2
drt: n_15098 7.12 3
drt: n_15099 7.6 3
drt: n_151 2 2
drt: n_1510 3 2
drt: n_15100 58.04 4
drt: n_15101 4.6 3
drt: n_15102 5.12 4
drt: n_15103 2.2 2
drt: n_15104 5.4 3
drt: n_15105 4.4 3
drt: n_15106 5.52 3
drt: n_15107 6.72 3
drt: n_15108 4.92 3
drt: n_15109 3.2 3
drt: n_1511 2.6 2
drt: n_15110 3.8 3
drt: n_15111 9.8 3
drt: n_15112 8.4 3
drt: n_15113 3.84 3
drt: n_15114 5.2 3
drt: n_15115 12.04 3
drt: n_15116 5.92 3
drt: n_15117 3 3
drt: n_15118 13.6 3
drt: n_15119 3.2 2
drt: n_1512 10.36 2
drt: n_15120 3 3
drt: n_15121 70.8 6
drt: n_15122 1.4 2
drt: n_15123 2.04 2
drt: n_15124 11.4 4
drt: n_15125 4.52 3
drt: n_15126 0.6 2
drt: n_15127 5.72 3
drt: n_15128 0.6 2
drt: n_15129 11.48 3
drt: n_1513 8.8 2
drt: n_15130 14 3
drt: n_15131 7 3
drt: n_15132 8.53 3
drt: n_15133 4 3
drt: n_15134 2.2 3
drt: n_15135 1.4 2
drt: n_15136 7 3
drt: n_15137 2.4 3
drt: n_15138 5.4 3
drt: n_15139 4.6 3
drt: n_1514 3.4 2
drt: n_15140 4.32 3
drt: n_15141 4.24 3
drt: n_15142 5.2 3
drt: n_15143 4.16 3
drt: n_15144 8.4 3
drt: n_15145 3.2 3
drt: n_15146 5.4 3
drt: n_15147 3.2 2
drt: n_15148 4 3
drt: n_15149 2.2 2
drt: n_1515 1 2
drt: n_15150 5.4 3
drt: n_15151 7.52 3
drt: n_15152 3.8 3
drt: n_15153 5.6 3
drt: n_15154 4.4 3
drt: n_15155 3.2 3
drt: n_15156 4.8 3
drt: n_15157 6.56 3
drt: n_15158 2.41 3
drt: n_15159 3.8 2
drt: n_1516 11.64 2
drt: n_15160 6.21 3
drt: n_15161 3.4 3
drt: n_15162 6.64 3
drt: n_15163 3.4 2
drt: n_15164 6.92 3
drt: n_15165 3.81 3
drt: n_15166 5.6 2
drt: n_15167 2.76 3
drt: n_15168 3.92 2
drt: n_15169 4.2 3
drt: n_1517 1.2 2
drt: n_15170 5 3
drt: n_15171 7.02 4
drt: n_15172 5.6 3
drt: n_15173 1 2
drt: n_15174 6 3
drt: n_15175 3.4 2
drt: n_15176 4.64 3
drt: n_15177 4.77 3
drt: n_15178 1.64 2
drt: n_15179 2.4 3
drt: n_1518 4 2
drt: n_15180 5.8 3
drt: n_15181 0.6 2
drt: n_15182 2.92 2
drt: n_15183 162.32 8
drt: n_15184 7.73 3
drt: n_15185 9 4
drt: n_15186 7.2 4
drt: n_15187 3.6 3
drt: n_15188 3.6 2
drt: n_15189 5.75 2
drt: n_1519 5.6 2
drt: n_15190 1.35 2
drt: n_15191 4.27 2
drt: n_15192 1.2 2
drt: n_15193 4.8 2
drt: n_15194 7.2 3
drt: n_15195 14.72 2
drt: n_15196 6.52 3
drt: n_15197 2.4 2
drt: n_15198 5 3
drt: n_15199 2.8 2
drt: n_152 4 2
drt: n_1520 3.12 2
drt: n_15200 22.28 4
drt: n_15201 0.6 2
drt: n_15202 5.6 3
drt: n_15203 2 2
drt: n_15204 13.12 3
drt: n_15205 8 4
drt: n_15206 11.8 3
drt: n_15207 9.32 3
drt: n_15208 1 2
drt: n_15209 4.32 3
drt: n_1521 6.8 2
drt: n_15210 7.4 3
drt: n_15211 7.6 3
drt: n_15212 1.4 3
drt: n_15213 12.64 3
drt: n_15214 2.84 2
drt: n_15215 1.4 2
drt: n_15216 12.07 3
drt: n_15217 3.16 3
drt: n_15218 7.95 3
drt: n_15219 3.16 3
drt: n_1522 1.6 2
drt: n_15220 1 2
drt: n_15221 3.8 2
drt: n_15222 11 3
drt: n_15223 9.4 3
drt: n_15224 2.25 3
drt: n_15225 2.44 2
drt: n_15226 5.32 3
drt: n_15227 2.04 2
drt: n_15228 12.52 6
drt: n_15229 2.8 3
drt: n_1523 4.2 2
drt: n_15230 2.72 2
drt: n_15231 4 3
drt: n_15232 2.6 2
drt: n_15233 3.76 3
drt: n_15234 1.64 2
drt: n_15235 5.16 3
drt: n_15236 2.04 2
drt: n_15237 2.4 3
drt: n_15238 1 2
drt: n_15239 3.8 3
drt: n_1524 2.8 2
drt: n_15240 1.2 2
drt: n_15241 4.6 3
drt: n_15242 7.4 4
drt: n_15243 1.92 2
drt: n_15244 2 2
drt: n_15245 7.4 4
drt: n_15246 12.8 4
drt: n_15247 116.97 5
drt: n_15248 3 3
drt: n_15249 14.6 5
drt: n_1525 5.52 2
drt: n_15250 1.8 2
drt: n_15251 1.32 2
drt: n_15252 2.8 3
drt: n_15253 1.64 2
drt: n_15254 11.33 4
drt: n_15255 4.2 2
drt: n_15256 1.32 2
drt: n_15257 13.52 4
drt: n_15258 2.8 3
drt: n_15259 1 2
drt: n_1526 1.6 2
drt: n_15261 13.2 4
drt: n_15262 6 3
drt: n_15263 1 2
drt: n_15264 27.2 6
drt: n_15265 9.6 3
drt: n_15266 3.2 2
drt: n_15267 5.84 3
drt: n_15268 6 4
drt: n_15269 1.4 2
drt: n_1527 3.4 2
drt: n_15270 13.33 4
drt: n_15271 7.2 3
drt: n_15272 3.32 2
drt: n_15273 10.85 4
drt: n_15274 2.2 2
drt: n_15275 5.92 3
drt: n_15276 5.12 2
drt: n_15277 1.8 2
drt: n_15278 2.6 3
drt: n_15279 2.6 2
drt: n_1528 4 2
drt: n_15280 8.13 4
drt: n_15281 1.4 2
drt: n_15282 3.92 3
drt: n_15283 0.6 2
drt: n_15284 0.4 2
drt: n_15285 18.04 6
drt: n_15286 9.32 3
drt: n_15287 10.2 5
drt: n_15288 6.32 3
drt: n_15289 2.2 2
drt: n_1529 2.8 2
drt: n_15290 4.25 3
drt: n_15291 0.6 2
drt: n_15292 7.6 2
drt: n_15293 6.64 3
drt: n_15294 2.4 2
drt: n_15295 8.4 4
drt: n_15296 3.44 3
drt: n_15297 1.64 2
drt: n_15298 0.4 2
drt: n_15299 3.45 3
drt: n_153 3.44 2
drt: n_1530 3.32 2
drt: n_15300 2.6 2
drt: n_15301 3.56 3
drt: n_15302 1.4 2
drt: n_15303 3.2 3
drt: n_15304 2 2
drt: n_15305 4.2 2
drt: n_15306 4.2 3
drt: n_15307 0.6 2
drt: n_15308 5.04 3
drt: n_15309 0.6 2
drt: n_1531 7.92 2
drt: n_15310 0.4 2
drt: n_15311 0.8 2
drt: n_15312 1 2
drt: n_15313 14.04 3
drt: n_15314 2.04 2
drt: n_15315 3.8 3
drt: n_15316 1.32 2
drt: n_15317 2.6 3
drt: n_15318 1.8 2
drt: n_15319 20.59 3
drt: n_1532 0.8 2
drt: n_15320 2 2
drt: n_15321 1.2 2
drt: n_15322 7.84 2
drt: n_15323 3.24 2
drt: n_15324 0.4 2
drt: n_15325 11.6 3
drt: n_15326 4.8 2
drt: n_15327 0.4 2
drt: n_15328 3.4 2
drt: n_15329 8.01 4
drt: n_1533 0.8 2
drt: n_15330 1.8 2
drt: n_15331 9.72 2
drt: n_15332 6.04 3
drt: n_15333 2.92 2
drt: n_15334 2.32 3
drt: n_15335 0.6 2
drt: n_15336 10.12 3
drt: n_15337 0.8 2
drt: n_15338 5.04 3
drt: n_15339 1.4 2
drt: n_1534 10.6 2
drt: n_15340 19.44 6
drt: n_15341 13.32 3
drt: n_15342 2.64 3
drt: n_15343 4.4 3
drt: n_15344 3.4 3
drt: n_15345 3.6 3
drt: n_15346 2.52 2
drt: n_15347 5.8 3
drt: n_15348 3.84 3
drt: n_15349 2 2
drt: n_1535 31.52 2
drt: n_15350 8.02 3
drt: n_15351 3.4 3
drt: n_15352 13.04 4
drt: n_15353 4.4 2
drt: n_15354 5.2 3
drt: n_15355 6.24 3
drt: n_15356 3.2 3
drt: n_15357 2.8 2
drt: n_15358 12 5
drt: n_15359 5.24 3
drt: n_1536 3.2 2
drt: n_15360 5 3
drt: n_15361 8.64 3
drt: n_15362 6.12 2
drt: n_15363 4.4 3
drt: n_15364 2.61 3
drt: n_15365 4.41 3
drt: n_15366 3.45 3
drt: n_15367 4.24 3
drt: n_15368 8.2 3
drt: n_15369 4.2 3
drt: n_1537 10.12 2
drt: n_15370 6.44 3
drt: n_15371 7.72 3
drt: n_15372 4.12 3
drt: n_15373 5.45 3
drt: n_15374 4.2 3
drt: n_15375 8.24 3
drt: n_15376 5.12 3
drt: n_15377 42.44 6
drt: n_15378 5.2 3
drt: n_15379 6.2 3
drt: n_1538 2.8 2
drt: n_15380 1.4 2
drt: n_15381 4.04 3
drt: n_15382 4.04 3
drt: n_15383 3.72 3
drt: n_15384 6.24 3
drt: n_15385 3.68 3
drt: n_15386 5.16 3
drt: n_15387 7.52 3
drt: n_15388 3.6 3
drt: n_15389 6.72 3
drt: n_1539 2.72 2
drt: n_15390 3.4 3
drt: n_15391 2.21 3
drt: n_15392 2.8 2
drt: n_15393 2.8 3
drt: n_15394 3.4 3
drt: n_15395 2.01 3
drt: n_15396 6.52 3
drt: n_15397 2 3
drt: n_15398 3.4 3
drt: n_15399 2.4 3
drt: n_154 2.24 2
drt: n_1540 2.52 2
drt: n_15400 3.96 3
drt: n_15401 1.41 3
drt: n_15402 2.4 2
drt: n_15403 3.2 3
drt: n_15404 3 3
drt: n_15405 3 3
drt: n_15406 3.53 3
drt: n_15407 2.2 3
drt: n_15408 4.61 3
drt: n_15409 4.64 3
drt: n_1541 2.6 2
drt: n_15410 4.12 3
drt: n_15411 1 2
drt: n_15412 4.6 3
drt: n_15413 4.52 3
drt: n_15414 3.4 3
drt: n_15415 6.92 3
drt: n_15416 4.6 3
drt: n_15417 2.84 2
drt: n_15418 4.6 3
drt: n_15419 6.76 3
drt: n_1542 2.8 2
drt: n_15420 1.8 2
drt: n_15421 12.72 6
drt: n_15422 1.4 2
drt: n_15423 5.4 3
drt: n_15424 7.36 3
drt: n_15425 4.6 2
drt: n_15426 5.52 3
drt: n_15427 5.4 2
drt: n_15428 10.72 6
drt: n_15429 8 3
drt: n_1543 2.2 2
drt: n_15430 12.2 4
drt: n_15431 4.4 3
drt: n_15432 3.6 3
drt: n_15433 5.94 3
drt: n_15434 11.8 4
drt: n_15435 9.12 3
drt: n_15436 4.8 3
drt: n_15437 5 3
drt: n_15438 4.8 2
drt: n_15439 51.36 3
drt: n_1544 4.92 2
drt: n_15440 26.56 2
drt: n_15441 3.6 2
drt: n_15442 5.2 3
drt: n_15443 5.2 2
drt: n_15444 8.61 3
drt: n_15445 6.52 4
drt: n_15446 5.72 3
drt: n_15447 1.4 2
drt: n_15448 1.75 2
drt: n_15449 16.07 2
drt: n_1545 2.8 2
drt: n_15450 1.75 2
drt: n_15451 2.15 2
drt: n_15452 2.15 2
drt: n_15453 9.72 2
drt: n_15454 2.35 2
drt: n_15455 2.67 2
drt: n_15456 3.6 2
drt: n_15457 5.8 4
drt: n_15458 2 3
drt: n_15459 1.4 2
drt: n_1546 2.4 2
drt: n_15460 21.53 2
drt: n_15461 10.2 4
drt: n_15462 5.6 3
drt: n_15463 7.4 3
drt: n_15464 3.76 3
drt: n_15465 3.44 3
drt: n_15466 5.13 3
drt: n_15467 5.56 3
drt: n_15468 4.8 3
drt: n_15469 3.8 3
drt: n_1547 8.92 2
drt: n_15470 4.16 3
drt: n_15471 3.96 3
drt: n_15472 6.8 3
drt: n_15473 8 3
drt: n_15474 4.2 3
drt: n_15475 4.4 3
drt: n_15476 6.8 4
drt: n_15477 13.32 4
drt: n_15478 0.8 2
drt: n_15479 8.72 3
drt: n_1548 1.4 2
drt: n_15480 5.8 3
drt: n_15481 4.4 3
drt: n_15482 0.6 2
drt: n_15483 5.01 3
drt: n_15484 3.8 2
drt: n_15485 4.4 3
drt: n_15486 1.8 2
drt: n_15487 6.35 3
drt: n_15488 7.76 3
drt: n_15489 9.64 4
drt: n_1549 3.6 2
drt: n_15490 3.64 3
drt: n_15491 4.76 3
drt: n_15492 1.64 2
drt: n_15493 3.4 3
drt: n_15494 6 3
drt: n_15495 3.72 2
drt: n_15496 6.52 3
drt: n_15497 2.6 2
drt: n_15498 6 3
drt: n_15499 1.92 2
drt: n_155 4.8 2
drt: n_1550 2.2 2
drt: n_15500 1.41 3
drt: n_15501 4.6 2
drt: n_15502 1.2 3
drt: n_15503 2.44 2
drt: n_15504 4.04 3
drt: n_15505 3 2
drt: n_15506 1 2
drt: n_15507 5.32 3
drt: n_15508 1 2
drt: n_15509 6.8 3
drt: n_1551 10.92 2
drt: n_15510 0.6 2
drt: n_15511 3.01 3
drt: n_15512 1.6 2
drt: n_15513 9.55 3
drt: n_15514 5.55 3
drt: n_15515 9.48 3
drt: n_15516 3 3
drt: n_15517 10.44 3
drt: n_15518 4 2
drt: n_15519 6.8 3
drt: n_1552 9.2 2
drt: n_15520 0.6 2
drt: n_15521 4.44 3
drt: n_15522 0.6 2
drt: n_15523 10.8 3
drt: n_15524 2.8 2
drt: n_15525 13.64 3
drt: n_15526 3.92 2
drt: n_15527 6.52 3
drt: n_15528 7 3
drt: n_15529 100.52 4
drt: n_1553 2.8 2
drt: n_15530 6.6 3
drt: n_15531 8.4 3
drt: n_15532 2.84 3
drt: n_15533 1.64 2
drt: n_15534 4.8 3
drt: n_15535 4.8 2
drt: n_15536 43.24 4
drt: n_15537 6.92 3
drt: n_15538 21 3
drt: n_15539 4.2 3
drt: n_1554 5.2 2
drt: n_15540 1 2
drt: n_15541 4.8 3
drt: n_15542 1.8 2
drt: n_15543 5.52 3
drt: n_15544 2 3
drt: n_15545 3.6 3
drt: n_15546 11.93 3
drt: n_15547 7.4 3
drt: n_15548 10.92 3
drt: n_15549 3.8 3
drt: n_1555 9.16 2
drt: n_15550 5.24 3
drt: n_15551 3.32 2
drt: n_15552 6.6 3
drt: n_15553 3 2
drt: n_15554 65.06 3
drt: n_15555 3.6 2
drt: n_15556 5.44 3
drt: n_15557 2.2 2
drt: n_15558 6.12 3
drt: n_15559 2.6 2
drt: n_1556 1.2 2
drt: n_15560 9.12 3
drt: n_15561 1.6 2
drt: n_15562 1.81 3
drt: n_15563 3 2
drt: n_15564 3.01 3
drt: n_15565 2.8 2
drt: n_15566 3.73 3
drt: n_15567 1.64 2
drt: n_15568 2.81 3
drt: n_15569 3.92 2
drt: n_1557 3.64 2
drt: n_15570 3.6 2
drt: n_15571 4.6 3
drt: n_15572 4.32 2
drt: n_15573 19.32 3
drt: n_15574 1.8 2
drt: n_15575 2.6 3
drt: n_15576 1 2
drt: n_15577 3.2 3
drt: n_15578 3.4 2
drt: n_15579 24.36 4
drt: n_1558 3.8 2
drt: n_15580 1.8 2
drt: n_15581 4.44 3
drt: n_15582 8.6 4
drt: n_15583 1.6 2
drt: n_15584 8.52 3
drt: n_15585 4.44 2
drt: n_15586 2 3
drt: n_15587 1.8 2
drt: n_15588 5.95 3
drt: n_15589 2 2
drt: n_1559 5.52 2
drt: n_15590 19.32 7
drt: n_15591 13.76 4
drt: n_15592 4.2 4
drt: n_15593 1.4 2
drt: n_15594 3.24 3
drt: n_15595 1 2
drt: n_15596 5.6 3
drt: n_15597 1 2
drt: n_15598 4.32 3
drt: n_15599 1.2 2
drt: n_156 3.6 2
drt: n_1560 1.4 2
drt: n_15600 47 4
drt: n_15601 2.41 3
drt: n_15602 2.6 2
drt: n_15603 5.61 3
drt: n_15604 1 2
drt: n_15605 3.8 2
drt: n_15606 10.01 4
drt: n_15607 5.2 3
drt: n_15608 3 2
drt: n_15609 6.2 3
drt: n_1561 3.6 2
drt: n_15610 1.2 2
drt: n_15611 1.4 3
drt: n_15612 3.6 3
drt: n_15613 2 2
drt: n_15614 5.96 3
drt: n_15615 4.2 2
drt: n_15616 2.8 3
drt: n_15617 0.6 2
drt: n_15618 2.61 3
drt: n_15619 1 2
drt: n_1562 2.92 2
drt: n_15620 7 4
drt: n_15621 1.6 2
drt: n_15622 12.81 4
drt: n_15623 9.56 4
drt: n_15624 10.64 4
drt: n_15625 6.84 4
drt: n_15626 9.76 4
drt: n_15627 7.8 4
drt: n_15628 16.64 3
drt: n_15629 28.69 4
drt: n_1563 5.44 2
drt: n_15630 5.08 4
drt: n_15631 7.52 4
drt: n_15632 8.8 4
drt: n_15633 6 4
drt: n_15634 3.2 3
drt: n_15635 1 2
drt: n_15636 37.46 4
drt: n_15637 1.32 2
drt: n_15638 17.24 4
drt: n_15639 62.64 2
drt: n_1564 5.12 2
drt: n_15640 14.6 4
drt: n_15641 38.32 5
drt: n_15642 4.25 3
drt: n_15643 8.44 4
drt: n_15644 7.52 2
drt: n_15645 13.2 4
drt: n_15646 2.6 2
drt: n_15647 14.48 6
drt: n_15648 11.2 3
drt: n_15649 9.24 4
drt: n_1565 15.52 2
drt: n_15650 1.8 2
drt: n_15651 4.85 3
drt: n_15652 2.32 2
drt: n_15653 9.6 4
drt: n_15654 3.6 3
drt: n_15655 3.84 3
drt: n_15656 5.2 3
drt: n_15657 8.81 2
drt: n_15658 4.56 3
drt: n_15659 2.24 2
drt: n_1566 1.4 2
drt: n_15660 13.32 4
drt: n_15661 10.6 4
drt: n_15662 13.13 5
drt: n_15663 6.76 3
drt: n_15664 4.72 2
drt: n_15665 5.6 3
drt: n_15666 3 2
drt: n_15667 5.84 4
drt: n_15668 2.64 2
drt: n_15669 2.92 2
drt: n_1567 1.8 2
drt: n_15670 6.04 4
drt: n_15671 3.8 4
drt: n_15672 19.16 5
drt: n_15673 4.24 3
drt: n_15674 4.44 2
drt: n_15675 3.4 3
drt: n_15676 4.4 2
drt: n_15677 7.36 2
drt: n_15678 7.44 3
drt: n_15679 14.96 6
drt: n_1568 2 2
drt: n_15680 4.6 3
drt: n_15681 2.8 2
drt: n_15682 2.6 3
drt: n_15683 7.84 3
drt: n_15684 3.2 2
drt: n_15685 3.6 2
drt: n_15686 0.4 2
drt: n_15687 2.21 3
drt: n_15688 2.44 2
drt: n_15689 15.85 6
drt: n_1569 6.6 2
drt: n_15690 2.84 2
drt: n_15691 4.36 3
drt: n_15692 2.4 2
drt: n_15693 1.6 2
drt: n_15694 9.6 6
drt: n_15695 4.56 3
drt: n_15696 41.56 6
drt: n_15697 7.32 3
drt: n_15698 21.84 6
drt: n_15699 4.04 2
drt: n_157 6.2 2
drt: n_1570 5.8 2
drt: n_15700 2 2
drt: n_15701 3 3
drt: n_15702 3.4 2
drt: n_15703 23.8 3
drt: n_15704 4.12 2
drt: n_15705 8 3
drt: n_15706 1.4 2
drt: n_15707 6.4 4
drt: n_15708 9.84 4
drt: n_15709 5.73 3
drt: n_1571 6.64 2
drt: n_15710 1.8 2
drt: n_15711 6.4 4
drt: n_15712 5.2 3
drt: n_15713 2.4 2
drt: n_15714 1.6 2
drt: n_15715 16.52 4
drt: n_15716 2.15 2
drt: n_15717 3.8 3
drt: n_15718 14.56 6
drt: n_15719 3 2
drt: n_1572 6.52 2
drt: n_15720 4.24 3
drt: n_15721 16.24 6
drt: n_15722 6.95 2
drt: n_15723 2.6 3
drt: n_15724 4.6 3
drt: n_15725 19.48 6
drt: n_15726 40.24 6
drt: n_15727 14.17 6
drt: n_15728 0.41 2
drt: n_15729 1.8 2
drt: n_1573 2.72 2
drt: n_15730 8.32 5
drt: n_15731 7 3
drt: n_15732 2.44 2
drt: n_15733 12.72 6
drt: n_15734 5.92 2
drt: n_15735 11.21 6
drt: n_15736 4.2 3
drt: n_15737 4.64 3
drt: n_15738 3.92 2
drt: n_15739 4.4 3
drt: n_1574 1.2 2
drt: n_15740 4.2 3
drt: n_15741 1.6 2
drt: n_15742 4.4 2
drt: n_15743 6.44 3
drt: n_15744 6.24 3
drt: n_15745 9.4 2
drt: n_15746 8.4 3
drt: n_15747 7.2 3
drt: n_15748 3.12 2
drt: n_15749 3.2 2
drt: n_1575 2.6 2
drt: n_15750 4.8 2
drt: n_15751 6.12 2
drt: n_15752 7.64 4
drt: n_15753 11.44 4
drt: n_15754 12.24 4
drt: n_15755 7.44 4
drt: n_15756 4.8 2
drt: n_15757 6.8 2
drt: n_15758 2.2 2
drt: n_15759 6 3
drt: n_1576 14.92 2
drt: n_15760 6.24 3
drt: n_15761 2.04 2
drt: n_15762 6.12 3
drt: n_15763 3.01 3
drt: n_15764 2.2 2
drt: n_15765 7.84 3
drt: n_15766 4.8 3
drt: n_15767 8.16 3
drt: n_15768 1.6 2
drt: n_15769 27.25 6
drt: n_1577 5.92 2
drt: n_15770 1.4 2
drt: n_15771 2.6 2
drt: n_15772 4.4 3
drt: n_15773 68.97 3
drt: n_15774 4.4 2
drt: n_15775 3.44 3
drt: n_15776 3 3
drt: n_15777 5.8 2
drt: n_15778 6 3
drt: n_15779 3.2 3
drt: n_1578 1.44 2
drt: n_15780 2.6 2
drt: n_15781 7.6 3
drt: n_15782 3.4 2
drt: n_15783 8.04 3
drt: n_15784 13.32 2
drt: n_15785 9.21 3
drt: n_15786 3 2
drt: n_15787 26.28 6
drt: n_15788 2.64 2
drt: n_15789 7.44 4
drt: n_1579 6.8 2
drt: n_15790 9.64 3
drt: n_15791 1.6 2
drt: n_15792 6.6 3
drt: n_15793 3.6 2
drt: n_15794 4.93 3
drt: n_15795 0.6 2
drt: n_15796 6.2 3
drt: n_15797 0.6 2
drt: n_15798 21.93 4
drt: n_15799 5.2 3
drt: n_158 3.92 2
drt: n_1580 2.24 2
drt: n_15800 1.24 2
drt: n_15801 3.8 3
drt: n_15802 1.2 2
drt: n_15803 3.44 3
drt: n_15804 3.6 3
drt: n_15805 10.6 3
drt: n_15806 3.6 2
drt: n_15807 111.16 6
drt: n_15808 3.12 2
drt: n_15809 2.01 3
drt: n_1581 4.12 2
drt: n_15810 4.36 3
drt: n_15811 5.4 3
drt: n_15812 2.2 2
drt: n_15813 7.76 4
drt: n_15814 2.6 2
drt: n_15815 13.72 4
drt: n_15816 1 2
drt: n_15817 9.92 2
drt: n_15818 1.2 2
drt: n_15819 60.92 6
drt: n_1582 4.2 2
drt: n_15820 1 2
drt: n_15821 0.4 2
drt: n_15822 3.72 3
drt: n_15823 4 3
drt: n_15824 3.84 3
drt: n_15825 4.4 3
drt: n_15826 2.4 3
drt: n_15827 14 4
drt: n_15828 4.8 3
drt: n_15829 7.2 3
drt: n_1583 2.92 2
drt: n_15830 3.6 3
drt: n_15831 2.6 2
drt: n_15832 5 3
drt: n_15833 4.44 3
drt: n_15834 4 2
drt: n_15835 4.4 3
drt: n_15836 3.05 3
drt: n_15837 8.2 3
drt: n_15838 3.2 3
drt: n_15839 4.52 3
drt: n_1584 13.4 2
drt: n_15840 5.01 3
drt: n_15841 3.6 3
drt: n_15842 0.8 2
drt: n_15843 5.84 3
drt: n_15844 6.6 3
drt: n_15845 7 4
drt: n_15846 1.8 2
drt: n_15847 3.44 3
drt: n_15848 3.8 2
drt: n_15849 3.28 3
drt: n_1585 1.4 2
drt: n_15850 6.24 3
drt: n_15851 5.36 3
drt: n_15852 2.2 2
drt: n_15853 4.2 2
drt: n_15854 4.8 2
drt: n_15855 2 2
drt: n_15856 1.01 3
drt: n_15857 1.8 2
drt: n_15858 3 3
drt: n_15859 2.2 2
drt: n_1586 3.6 2
drt: n_15860 5.12 2
drt: n_15861 3 3
drt: n_15862 7.6 4
drt: n_15863 4.32 2
drt: n_15864 2.4 2
drt: n_15865 4.64 3
drt: n_15866 6.76 4
drt: n_15867 2.04 2
drt: n_15868 19.01 7
drt: n_15869 5.8 3
drt: n_1587 8.12 2
drt: n_15870 1.4 2
drt: n_15871 95.32 6
drt: n_15872 3.4 2
drt: n_15873 20.77 3
drt: n_15874 4.8 4
drt: n_15875 14.42 4
drt: n_15876 1 2
drt: n_15877 5.61 3
drt: n_15878 35.36 6
drt: n_15879 3.72 3
drt: n_1588 11.4 2
drt: n_15880 3.6 2
drt: n_15881 6.12 3
drt: n_15882 6.52 4
drt: n_15883 1.6 2
drt: n_15884 1.8 2
drt: n_15885 8.73 3
drt: n_15886 7.6 4
drt: n_15887 2.2 2
drt: n_15888 6.12 2
drt: n_15889 118.4 5
drt: n_1589 4 2
drt: n_15890 16.32 5
drt: n_15891 5.4 3
drt: n_15892 1.2 2
drt: n_15893 1.41 3
drt: n_15894 4.6 3
drt: n_15895 0.4 2
drt: n_15896 5.2 4
drt: n_15897 4.2 3
drt: n_15898 3 2
drt: n_15899 5.6 3
drt: n_159 1.4 2
drt: n_1590 2.24 2
drt: n_15900 10.84 6
drt: n_15901 3.92 3
drt: n_15902 0.4 2
drt: n_15903 3.92 3
drt: n_15904 0.8 2
drt: n_15905 1.6 3
drt: n_15906 5.8 2
drt: n_15907 25.72 6
drt: n_15908 6.8 3
drt: n_15909 11.24 4
drt: n_1591 2.52 2
drt: n_15910 1.6 2
drt: n_15911 6 3
drt: n_15912 0.4 2
drt: n_15913 4.64 3
drt: n_15914 0.4 2
drt: n_15915 13 4
drt: n_15916 8.24 3
drt: n_15917 2.92 2
drt: n_15918 5.2 3
drt: n_15919 3.4 2
drt: n_1592 4.2 2
drt: n_15920 6.12 3
drt: n_15921 0.4 2
drt: n_15922 10.2 4
drt: n_15923 3.32 2
drt: n_15924 9.2 4
drt: n_15925 1.64 2
drt: n_15926 1.8 2
drt: n_15927 6.07 2
drt: n_15928 4.92 2
drt: n_15929 4 2
drt: n_1593 2.4 2
drt: n_15930 33.84 2
drt: n_15931 2.52 2
drt: n_15932 4.55 2
drt: n_15933 6.27 2
drt: n_15934 2.92 2
drt: n_15935 11.32 4
drt: n_15936 3 2
drt: n_15937 12.2 4
drt: n_15938 1.2 2
drt: n_15939 4.27 2
drt: n_1594 4.4 2
drt: n_15940 11.9 4
drt: n_15941 1.32 2
drt: n_15942 4.6 2
drt: n_15943 8.87 2
drt: n_15944 10.76 5
drt: n_15945 6.12 4
drt: n_15946 4.32 2
drt: n_15947 4.24 2
drt: n_15948 10.82 5
drt: n_15949 11.2 4
drt: n_1595 2.6 2
drt: n_15950 8.6 4
drt: n_15951 2 2
drt: n_15952 8.12 4
drt: n_15953 8.92 4
drt: n_15954 10.85 4
drt: n_15955 5.2 3
drt: n_15956 9.6 4
drt: n_15957 17.16 4
drt: n_15958 6 3
drt: n_15959 9.84 4
drt: n_1596 2 2
drt: n_15960 7 5
drt: n_15961 3.4 4
drt: n_15962 1.6 2
drt: n_15963 3.8 3
drt: n_15964 1.8 2
drt: n_15965 2.6 2
drt: n_15966 2.84 2
drt: n_15967 130.46 6
drt: n_15968 2.4 2
drt: n_15969 3.8 3
drt: n_1597 12.4 2
drt: n_15970 1 2
drt: n_15971 3.36 3
drt: n_15972 1.64 2
drt: n_15973 4.4 3
drt: n_15974 1.6 2
drt: n_15975 5.2 3
drt: n_15976 1.4 2
drt: n_15977 1.75 2
drt: n_15978 6.95 2
drt: n_15979 3.27 2
drt: n_1598 2 2
drt: n_15980 3.6 2
drt: n_15981 6.72 2
drt: n_15982 7.2 2
drt: n_15983 6 4
drt: n_15984 3.92 3
drt: n_15985 1.8 2
drt: n_15986 3.84 3
drt: n_15987 1 2
drt: n_15988 7.32 3
drt: n_15989 8.37 6
drt: n_1599 2.8 2
drt: n_15990 9.32 3
drt: n_15991 17.41 4
drt: n_15992 7.2 3
drt: n_15993 8.6 4
drt: n_15994 3.4 3
drt: n_15995 2.8 2
drt: n_15996 17.2 3
drt: n_15997 12.56 4
drt: n_15998 7.6 4
drt: n_15999 6.36 3
drt: n_16 2.6 2
drt: n_160 3.6 2
drt: n_1600 4.6 2
drt: n_16000 2.12 2
drt: n_16001 11.8 4
drt: n_16002 102.33 4
drt: n_16003 102.04 4
drt: n_16004 13.12 4
drt: n_16005 6.4 3
drt: n_16006 1 2
drt: n_16007 7.2 3
drt: n_16008 18.56 4
drt: n_16009 1.35 2
drt: n_1601 4.6 2
drt: n_16010 6.2 3
drt: n_16011 7.2 3
drt: n_16012 4.16 3
drt: n_16013 8.33 3
drt: n_16014 0.8 2
drt: n_16015 1 2
drt: n_16016 0.6 2
drt: n_16017 6.88 4
drt: n_16018 3.92 3
drt: n_16019 1 2
drt: n_1602 9.12 2
drt: n_16020 1.4 2
drt: n_16021 3.8 2
drt: n_16022 5 2
drt: n_16023 8 3
drt: n_16024 4 3
drt: n_16025 1.4 2
drt: n_16026 8.4 3
drt: n_16027 7.72 2
drt: n_16028 478.84 12
drt: n_16029 1.6 2
drt: n_1603 10.09 2
drt: n_16030 2.2 2
drt: n_16031 4.2 3
drt: n_16032 5.16 3
drt: n_16033 33.92 3
drt: n_16034 5.4 2
drt: n_16035 7 4
drt: n_16036 3 2
drt: n_16037 2.35 2
drt: n_16038 3.01 2
drt: n_16039 3.2 2
drt: n_1604 7.92 2
drt: n_16040 2.2 2
drt: n_16041 1.2 2
drt: n_16042 37.97 6
drt: n_16043 3 2
drt: n_16044 3.12 2
drt: n_16045 2.4 2
drt: n_16046 5.32 2
drt: n_16047 1.6 2
drt: n_16048 12.32 6
drt: n_16049 21.21 3
drt: n_1605 2.72 2
drt: n_16050 1.44 2
drt: n_16051 2.64 2
drt: n_16052 1.6 2
drt: n_16053 10.61 5
drt: n_16054 1.6 2
drt: n_16055 2.44 2
drt: n_16056 5.2 3
drt: n_16057 6.2 3
drt: n_16058 6.72 3
drt: n_16059 8.04 3
drt: n_1606 7.92 2
drt: n_16060 3 2
drt: n_16061 3.8 3
drt: n_16062 4.04 3
drt: n_16063 0.4 2
drt: n_16064 2.2 2
drt: n_16065 5.44 3
drt: n_16066 12.4 5
drt: n_16067 4.76 3
drt: n_16068 5.6 3
drt: n_16069 6.4 3
drt: n_1607 4.4 2
drt: n_16070 0.6 2
drt: n_16071 7.44 3
drt: n_16072 2.4 2
drt: n_16073 1 2
drt: n_16074 4.36 3
drt: n_16075 3.6 2
drt: n_16076 3.92 2
drt: n_16077 2.6 2
drt: n_16078 2.4 2
drt: n_16079 1.2 2
drt: n_1608 4.2 2
drt: n_16080 5.8 3
drt: n_16081 2.2 2
drt: n_16082 48.04 3
drt: n_16083 4.8 2
drt: n_16084 10.85 4
drt: n_16085 1.2 2
drt: n_16086 6.52 3
drt: n_16087 4.2 2
drt: n_16088 4.64 3
drt: n_16089 1.2 2
drt: n_1609 5.2 2
drt: n_16090 4.56 3
drt: n_16091 0.4 2
drt: n_16092 5.53 3
drt: n_16093 1.81 2
drt: n_16094 2.6 3
drt: n_16095 1.4 2
drt: n_16096 16.96 2
drt: n_16097 7.92 3
drt: n_16098 2.44 2
drt: n_16099 2.2 3
drt: n_161 5.24 2
drt: n_1610 3.52 2
drt: n_16100 3.24 2
drt: n_16101 4 3
drt: n_16102 5 2
drt: n_16103 4 3
drt: n_16104 2 2
drt: n_16105 33.13 6
drt: n_16106 1.92 2
drt: n_16107 2.4 2
drt: n_16108 4.44 3
drt: n_16109 1.6 2
drt: n_1611 7.6 2
drt: n_16110 3.72 2
drt: n_16112 17.92 6
drt: n_16113 5.6 2
drt: n_16114 8.72 6
drt: n_16115 1.64 2
drt: n_16116 9.24 4
drt: n_16117 10.36 6
drt: n_16118 21.44 6
drt: n_16119 2 2
drt: n_1612 2.44 2
drt: n_16120 9.92 4
drt: n_16121 9.32 3
drt: n_16122 11.6 4
drt: n_16123 1.2 2
drt: n_16124 14 4
drt: n_16125 2.62 3
drt: n_16126 2.6 2
drt: n_16127 4.96 3
drt: n_16128 4.72 2
drt: n_16129 4.52 3
drt: n_1613 4 2
drt: n_16130 3.64 2
drt: n_16131 5.04 4
drt: n_16132 8.52 4
drt: n_16133 4.72 3
drt: n_16134 5.92 3
drt: n_16135 13.87 6
drt: n_16136 1.6 2
drt: n_16137 11 6
drt: n_16138 9.6 4
drt: n_16139 1.2 2
drt: n_1614 6.12 2
drt: n_16140 6.2 4
drt: n_16141 11.99 6
drt: n_16142 2 2
drt: n_16143 3.93 4
drt: n_16144 1 2
drt: n_16145 13 6
drt: n_16146 2.2 2
drt: n_16147 20.28 4
drt: n_16148 18.05 6
drt: n_16149 2.6 2
drt: n_1615 8.52 2
drt: n_16150 14.32 4
drt: n_16151 13.99 6
drt: n_16152 10.72 4
drt: n_16153 3.52 2
drt: n_16154 20.72 5
drt: n_16155 23.52 4
drt: n_16156 18.53 5
drt: n_16157 13.52 4
drt: n_16158 19.13 5
drt: n_16159 7.89 4
drt: n_1616 1 2
drt: n_16160 6.52 3
drt: n_16161 2.52 2
drt: n_16162 12.4 3
drt: n_16163 2 2
drt: n_16164 3.2 3
drt: n_16165 1.4 2
drt: n_16166 8.2 3
drt: n_16167 6.2 2
drt: n_16168 7.48 3
drt: n_16169 7.12 4
drt: n_1617 4 2
drt: n_16170 1.2 2
drt: n_16171 2.2 3
drt: n_16172 1.6 2
drt: n_16173 4.21 3
drt: n_16174 1.64 2
drt: n_16175 1.01 3
drt: n_16176 1 2
drt: n_16177 5 3
drt: n_16178 3.2 3
drt: n_16179 0.8 2
drt: n_1618 2.2 2
drt: n_16180 4.4 3
drt: n_16181 2.64 2
drt: n_16182 2.96 4
drt: n_16183 5.62 3
drt: n_16184 2.52 2
drt: n_16185 4.8 3
drt: n_16186 8.4 4
drt: n_16187 2.64 2
drt: n_16188 4.92 3
drt: n_16189 4 3
drt: n_1619 1.6 2
drt: n_16190 10.33 4
drt: n_16191 1.4 2
drt: n_16192 4.2 3
drt: n_16193 5.76 2
drt: n_16194 32.95 6
drt: n_16195 3 3
drt: n_16196 9.93 4
drt: n_16197 1.4 2
drt: n_16198 8 3
drt: n_16199 0.8 2
drt: n_162 4.2 2
drt: n_1620 6.32 2
drt: n_16200 4.6 3
drt: n_16201 3.72 2
drt: n_16202 2.8 3
drt: n_16203 8.8 4
drt: n_16204 2.2 2
drt: n_16205 7.8 3
drt: n_16206 1.6 2
drt: n_16207 5.12 3
drt: n_16208 7.82 4
drt: n_16209 1.8 2
drt: n_1621 2.6 2
drt: n_16210 4.4 3
drt: n_16211 0.8 2
drt: n_16212 4.8 4
drt: n_16213 2.64 3
drt: n_16214 2.6 2
drt: n_16215 2.6 3
drt: n_16216 6.72 2
drt: n_16217 5 4
drt: n_16218 3.8 2
drt: n_16219 31.72 4
drt: n_1622 4.4 2
drt: n_16220 4.92 2
drt: n_16221 7.6 3
drt: n_16222 3.97 4
drt: n_16223 2.67 2
drt: n_16224 11.84 3
drt: n_16225 32.16 4
drt: n_16226 1.35 2
drt: n_16227 9.2 3
drt: n_16228 3.27 2
drt: n_16229 40.16 3
drt: n_1623 0.8 2
drt: n_16230 32 3
drt: n_16231 8.92 2
drt: n_16232 6.04 5
drt: n_16233 8.73 4
drt: n_16234 6.64 4
drt: n_16235 1.8 2
drt: n_16236 2 2
drt: n_16237 3.4 2
drt: n_16238 0.6 2
drt: n_16239 2.8 2
drt: n_1624 2.2 2
drt: n_16240 2.4 2
drt: n_16242 16 5
drt: n_16243 10.93 4
drt: n_16244 4.6 3
drt: n_16245 4.2 3
drt: n_16246 2.6 3
drt: n_16247 2.8 3
drt: n_16248 4.61 3
drt: n_16249 9.52 3
drt: n_1625 5.24 2
drt: n_16250 2.8 3
drt: n_16251 4.44 3
drt: n_16252 2.8 3
drt: n_16253 4 3
drt: n_16254 3.8 3
drt: n_16255 8.84 3
drt: n_16256 7.2 3
drt: n_16257 9.04 3
drt: n_16258 4.16 3
drt: n_16259 9.2 3
drt: n_1626 4 2
drt: n_16260 5.2 3
drt: n_16261 6.6 3
drt: n_16262 4.45 3
drt: n_16263 4.16 3
drt: n_16264 5 3
drt: n_16265 4.8 3
drt: n_16266 3.21 3
drt: n_16267 6.92 3
drt: n_16268 4.16 3
drt: n_16269 12.2 3
drt: n_1627 4 2
drt: n_16270 5.4 3
drt: n_16271 5 3
drt: n_16272 1.4 2
drt: n_16273 5.8 3
drt: n_16274 1.2 2
drt: n_16275 18.4 6
drt: n_16276 2.32 2
drt: n_16277 7.64 4
drt: n_16278 3.4 2
drt: n_16279 3.8 3
drt: n_1628 1.4 2
drt: n_16280 1.4 2
drt: n_16281 6.8 3
drt: n_16282 8.12 2
drt: n_16283 6.72 2
drt: n_16284 15.56 3
drt: n_16285 5.12 2
drt: n_16286 3.96 3
drt: n_16287 3.8 3
drt: n_16288 3 3
drt: n_16289 133.96 7
drt: n_1629 0.6 2
drt: n_16290 2.15 2
drt: n_16291 1.75 2
drt: n_16292 1.32 2
drt: n_16293 13.61 5
drt: n_16294 0.95 2
drt: n_16295 2.81 3
drt: n_16296 1.8 2
drt: n_16297 6.4 4
drt: n_16298 5.72 2
drt: n_16299 10.32 3
drt: n_163 6.12 2
drt: n_1630 4.4 2
drt: n_16300 6.4 2
drt: n_16301 6.36 4
drt: n_16302 8.6 4
drt: n_16303 19 5
drt: n_16304 7.6 3
drt: n_16305 2.6 2
drt: n_16306 16.76 4
drt: n_16307 3 3
drt: n_16308 1.64 2
drt: n_16309 5.52 3
drt: n_1631 3.6 2
drt: n_16310 1.8 2
drt: n_16311 1.85 3
drt: n_16312 1 2
drt: n_16313 3 3
drt: n_16314 1.4 2
drt: n_16315 8.92 3
drt: n_16316 1.6 2
drt: n_16317 4.92 3
drt: n_16318 2.6 2
drt: n_16319 5.56 3
drt: n_1632 4.6 2
drt: n_16320 1.64 2
drt: n_16321 3.4 3
drt: n_16322 1.2 2
drt: n_16323 5.8 3
drt: n_16324 1 2
drt: n_16325 2.4 3
drt: n_16326 1.4 2
drt: n_16327 4.52 3
drt: n_16328 3.32 2
drt: n_16329 2.6 3
drt: n_1633 2.64 2
drt: n_16330 1 2
drt: n_16331 5.2 3
drt: n_16332 2.2 2
drt: n_16333 3.4 3
drt: n_16334 1.2 2
drt: n_16335 4.72 3
drt: n_16336 1.8 2
drt: n_16337 3.36 3
drt: n_16338 1.4 2
drt: n_16339 5.2 3
drt: n_1634 5 2
drt: n_16340 3.4 2
drt: n_16341 8.37 4
drt: n_16342 8.8 4
drt: n_16343 15.44 4
drt: n_16344 4.4 3
drt: n_16345 1.4 2
drt: n_16346 8.24 4
drt: n_16347 8.4 3
drt: n_16348 2.44 2
drt: n_16349 16.6 2
drt: n_1635 2.4 2
drt: n_16350 5.55 2
drt: n_16351 4.6 3
drt: n_16352 9.24 2
drt: n_16353 2.4 2
drt: n_16354 2.6 3
drt: n_16355 2 2
drt: n_16356 2.8 2
drt: n_16357 2.2 2
drt: n_16358 14.12 2
drt: n_16359 3.2 2
drt: n_1636 4.8 2
drt: n_16360 12.16 2
drt: n_16361 11.4 5
drt: n_16362 3.52 2
drt: n_16363 8.12 2
drt: n_16364 2 2
drt: n_16365 4.6 2
drt: n_16366 3.8 2
drt: n_16367 4.32 2
drt: n_16368 8.24 3
drt: n_16369 5.12 2
drt: n_1637 5.2 2
drt: n_16370 4.04 3
drt: n_16371 0.6 2
drt: n_16372 21.93 3
drt: n_16373 1.8 2
drt: n_16374 17.48 6
drt: n_16375 2.4 2
drt: n_16376 4.16 3
drt: n_16377 5.73 3
drt: n_16378 15.48 3
drt: n_16379 26.4 6
drt: n_1638 2 2
drt: n_16380 1.4 2
drt: n_16381 4.72 4
drt: n_16382 27.32 6
drt: n_16383 1 2
drt: n_16384 10.73 4
drt: n_16385 5.13 3
drt: n_16386 1.64 2
drt: n_16387 14.04 6
drt: n_16388 2.4 3
drt: n_16389 11.4 4
drt: n_1639 2.72 2
drt: n_16390 7.72 3
drt: n_16391 2.8 3
drt: n_16392 9.73 3
drt: n_16393 9.52 4
drt: n_16394 10 6
drt: n_16395 8.2 4
drt: n_16396 1 2
drt: n_16397 15.12 3
drt: n_16398 6.92 2
drt: n_16399 55.76 3
drt: n_164 5.92 2
drt: n_1640 10.32 2
drt: n_16400 1.4 2
drt: n_16401 10.52 3
drt: n_16402 6.8 2
drt: n_16403 8.92 2
drt: n_16404 1.24 2
drt: n_16405 6.96 2
drt: n_16406 1.61 3
drt: n_16407 5.2 2
drt: n_16408 4.13 3
drt: n_16409 3.4 2
drt: n_1641 1.8 2
drt: n_16410 7.64 3
drt: n_16411 5.16 2
drt: n_16412 7.04 3
drt: n_16413 2.32 2
drt: n_16414 3.73 3
drt: n_16415 3.92 3
drt: n_16416 13.73 4
drt: n_16417 1.64 2
drt: n_16418 2.2 3
drt: n_16419 1 2
drt: n_1642 5.6 2
drt: n_16420 6.04 3
drt: n_16421 3.13 2
drt: n_16422 4.2 3
drt: n_16423 0.6 2
drt: n_16424 5.92 3
drt: n_16425 2.4 3
drt: n_16426 22.84 4
drt: n_16427 1.2 2
drt: n_16428 4.52 2
drt: n_16429 2.6 2
drt: n_1643 2.64 2
drt: n_16430 4.2 2
drt: n_16431 2.92 2
drt: n_16432 2.95 2
drt: n_16433 2.15 2
drt: n_16434 2.55 2
drt: n_16435 1.52 2
drt: n_16436 5.99 2
drt: n_16437 5.4 2
drt: n_16438 7.04 3
drt: n_16439 4.72 2
drt: n_1644 3.8 2
drt: n_16440 3.4 2
drt: n_16441 11.2 5
drt: n_16442 8.8 2
drt: n_16443 10.72 3
drt: n_16444 31.85 9
drt: n_16445 13.32 5
drt: n_16446 3 2
drt: n_16447 7.2 2
drt: n_16448 1.2 2
drt: n_16449 3 2
drt: n_1645 5 2
drt: n_16450 6.12 2
drt: n_16451 2.4 2
drt: n_16452 1.6 2
drt: n_16453 11.68 5
drt: n_16454 6.32 2
drt: n_16455 10.64 5
drt: n_16456 12.72 2
drt: n_16457 11.84 3
drt: n_16458 2.04 2
drt: n_16459 10 2
drt: n_1646 6.12 2
drt: n_16460 4.12 2
drt: n_16461 1.6 2
drt: n_16462 0.6 2
drt: n_16463 5.72 2
drt: n_16464 8.2 2
drt: n_16465 1.4 2
drt: n_16466 6.24 4
drt: n_16467 3.75 2
drt: n_16468 14.24 4
drt: n_16469 6.24 3
drt: n_1647 1.6 2
drt: n_16470 4.4 3
drt: n_16471 1.92 3
drt: n_16472 7 3
drt: n_16473 9.4 3
drt: n_16474 5.6 3
drt: n_16475 4.2 3
drt: n_16476 7.96 3
drt: n_16477 6.8 2
drt: n_16478 3.44 3
drt: n_16479 4.8 3
drt: n_1648 2.33 2
drt: n_16480 2.8 3
drt: n_16481 82.04 4
drt: n_16482 1.4 2
drt: n_16483 1.8 3
drt: n_16484 4.52 2
drt: n_16485 4.56 3
drt: n_16486 2.72 2
drt: n_16487 6.24 3
drt: n_16488 7.2 3
drt: n_16489 8.4 3
drt: n_1649 3.8 2
drt: n_16490 5.4 3
drt: n_16491 2 3
drt: n_16492 6.6 3
drt: n_16493 3.24 3
drt: n_16494 4.2 3
drt: n_16495 2 3
drt: n_16496 2.4 3
drt: n_16497 3.64 3
drt: n_16498 4.2 3
drt: n_165 2.92 2
drt: n_1650 1.8 2
drt: n_16500 35.44 4
drt: n_16501 28.44 4
drt: n_16502 5 3
drt: n_16503 2 2
drt: n_16504 6.2 3
drt: n_16505 2.8 2
drt: n_16506 8.52 3
drt: n_16507 1.4 2
drt: n_16508 10.12 3
drt: n_16509 3.4 2
drt: n_1651 4 2
drt: n_16510 21 7
drt: n_16511 17.28 3
drt: n_16512 1.8 2
drt: n_16513 9 3
drt: n_16514 3.4 2
drt: n_16515 4.2 3
drt: n_16516 4.2 2
drt: n_16517 6.36 3
drt: n_16518 2.84 2
drt: n_16519 17.32 3
drt: n_1652 6 2
drt: n_16520 1.4 2
drt: n_16521 2.6 3
drt: n_16522 1 2
drt: n_16523 6.8 3
drt: n_16524 3 2
drt: n_16525 8 3
drt: n_16526 3.8 2
drt: n_16527 7 3
drt: n_16528 1.8 2
drt: n_16529 1.4 2
drt: n_1653 6.12 2
drt: n_16530 3 3
drt: n_16531 1.8 2
drt: n_16532 3.6 3
drt: n_16533 1.4 2
drt: n_16534 22.2 4
drt: n_16535 10.92 4
drt: n_16536 16.28 4
drt: n_16537 3.6 2
drt: n_16538 3.4 3
drt: n_16539 3.2 2
drt: n_1654 2.8 2
drt: n_16540 5.8 3
drt: n_16541 3.4 3
drt: n_16542 3.01 3
drt: n_16543 5.4 2
drt: n_16544 5.24 3
drt: n_16545 4.6 3
drt: n_16546 4 3
drt: n_16547 2.8 3
drt: n_16548 5.4 3
drt: n_16549 9.2 3
drt: n_1655 5 2
drt: n_16550 8.16 3
drt: n_16551 3.24 3
drt: n_16552 4.8 3
drt: n_16553 6 4
drt: n_16554 36.32 3
drt: n_16555 2.6 2
drt: n_16556 4.95 2
drt: n_16557 2.55 2
drt: n_16558 8.24 2
drt: n_16559 4.6 3
drt: n_1656 2.24 2
drt: n_16560 10.68 2
drt: n_16561 2.2 2
drt: n_16562 2.6 3
drt: n_16563 2 2
drt: n_16564 1.2 2
drt: n_16565 14.32 4
drt: n_16566 1.6 2
drt: n_16567 8.52 3
drt: n_16568 6.24 3
drt: n_16569 2.04 2
drt: n_1657 5.92 2
drt: n_16570 3.4 2
drt: n_16571 0.6 2
drt: n_16572 6.12 4
drt: n_16573 3 2
drt: n_16574 5.44 3
drt: n_16575 14.6 4
drt: n_16576 5.2 4
drt: n_16577 2.05 3
drt: n_16578 1.4 2
drt: n_16579 10 4
drt: n_1658 1.8 2
drt: n_16580 42.12 4
drt: n_16581 9.64 4
drt: n_16582 8.12 3
drt: n_16583 5.12 2
drt: n_16584 16 4
drt: n_16585 1.2 2
drt: n_16586 2 3
drt: n_16587 1 2
drt: n_16588 3.6 3
drt: n_16589 1.4 2
drt: n_1659 2.4 2
drt: n_16590 4.92 3
drt: n_16591 1 2
drt: n_16592 2.8 3
drt: n_16593 2.2 3
drt: n_16594 2.2 2
drt: n_16595 8.53 4
drt: n_16596 4.36 3
drt: n_16597 2.64 2
drt: n_16598 3.6 3
drt: n_16599 1 2
drt: n_166 6.72 2
drt: n_1660 1.8 2
drt: n_16600 6.84 3
drt: n_16601 4.32 2
drt: n_16602 2 3
drt: n_16603 2.6 2
drt: n_16604 6.72 3
drt: n_16605 1.4 2
drt: n_16606 7.41 4
drt: n_16607 89.44 5
drt: n_16608 2.92 2
drt: n_16609 2.12 2
drt: n_1661 1.6 2
drt: n_16610 1.32 2
drt: n_16611 16.12 4
drt: n_16612 5.8 4
drt: n_16613 6.25 4
drt: n_16614 11.8 4
drt: n_16615 2.8 2
drt: n_16616 6.4 4
drt: n_16617 11.24 4
drt: n_16618 11.12 4
drt: n_16619 16.68 4
drt: n_1662 1.8 2
drt: n_16620 2.8 2
drt: n_16621 9.2 4
drt: n_16622 13.44 4
drt: n_16623 5.8 4
drt: n_16624 8.04 4
drt: n_16625 11.4 4
drt: n_16626 11.8 4
drt: n_16627 9.94 4
drt: n_16628 6.93 4
drt: n_16629 12.8 4
drt: n_1663 2 2
drt: n_16630 2.4 3
drt: n_16631 1.4 2
drt: n_16632 3 3
drt: n_16633 1.64 2
drt: n_16634 1.32 2
drt: n_16635 9.92 3
drt: n_16636 19.2 5
drt: n_16637 9.21 4
drt: n_16638 3 3
drt: n_16639 7.2 3
drt: n_1664 3.04 2
drt: n_16640 1.2 2
drt: n_16641 1.44 2
drt: n_16642 1.6 2
drt: n_16643 8.2 3
drt: n_16644 8.8 3
drt: n_16645 60.92 3
drt: n_16646 5.2 2
drt: n_16647 7.6 2
drt: n_16648 2.2 3
drt: n_16649 9.2 3
drt: n_1665 7 2
drt: n_16650 1.4 3
drt: n_16651 2.6 3
drt: n_16652 1.8 2
drt: n_16653 3.92 3
drt: n_16654 4.36 3
drt: n_16655 1.2 2
drt: n_16656 237.36 6
drt: n_16657 3.6 2
drt: n_16658 2.8 2
drt: n_16659 40.44 2
drt: n_1666 6.12 2
drt: n_16660 2.2 2
drt: n_16661 2.8 2
drt: n_16662 3 2
drt: n_16663 14.37 5
drt: n_16664 2.12 2
drt: n_16665 1.4 2
drt: n_16666 2.4 2
drt: n_16667 3 2
drt: n_16668 2.04 2
drt: n_16669 6.72 2
drt: n_1667 1 2
drt: n_16670 28.44 2
drt: n_16671 1.4 2
drt: n_16672 0.8 2
drt: n_16673 6 3
drt: n_16674 2.6 3
drt: n_16675 20.45 6
drt: n_16676 7.32 3
drt: n_16677 4.16 3
drt: n_16678 6.52 3
drt: n_16679 5.04 3
drt: n_1668 14.08 2
drt: n_16680 3.36 3
drt: n_16681 3.2 3
drt: n_16682 2 3
drt: n_16683 4 3
drt: n_16684 3.44 2
drt: n_16685 67.24 3
drt: n_16686 21.76 4
drt: n_16687 14.32 4
drt: n_16688 3.6 3
drt: n_16689 6.92 3
drt: n_1669 6.32 2
drt: n_16690 2.4 3
drt: n_16691 2.4 3
drt: n_16692 3.2 2
drt: n_16693 6.24 3
drt: n_16694 5.8 3
drt: n_16695 16.52 3
drt: n_16696 25.4 4
drt: n_16697 12.6 3
drt: n_16698 2.6 2
drt: n_16699 11.09 6
drt: n_167 2.8 2
drt: n_1670 5.52 2
drt: n_16700 1 2
drt: n_16701 8.52 4
drt: n_16702 7.8 3
drt: n_16703 5.2 2
drt: n_16704 10.21 4
drt: n_16705 9.24 4
drt: n_16706 7.68 4
drt: n_16707 1 2
drt: n_16708 10.2 3
drt: n_16709 4 2
drt: n_1671 3.8 2
drt: n_16710 5.72 3
drt: n_16711 1.8 2
drt: n_16712 9.8 3
drt: n_16713 1.4 2
drt: n_16714 5.4 3
drt: n_16715 1.2 2
drt: n_16716 1.8 2
drt: n_16717 6.8 2
drt: n_16718 6.8 2
drt: n_16719 3.6 3
drt: n_1672 5.32 2
drt: n_16720 6.68 2
drt: n_16721 4.6 3
drt: n_16722 7.8 2
drt: n_16723 40.44 3
drt: n_16724 4.8 2
drt: n_16725 3.12 2
drt: n_16726 5.56 3
drt: n_16727 1.41 3
drt: n_16728 2.2 2
drt: n_16729 5.61 3
drt: n_1673 1.2 2
drt: n_16730 4.52 3
drt: n_16731 5.64 3
drt: n_16732 6.4 3
drt: n_16733 2.8 2
drt: n_16734 5.92 3
drt: n_16735 3.16 3
drt: n_16736 3.84 3
drt: n_16737 7 3
drt: n_16738 0.4 2
drt: n_16739 4 3
drt: n_1674 4.12 2
drt: n_16740 2.84 2
drt: n_16741 10.84 3
drt: n_16742 7.4 3
drt: n_16743 3.96 3
drt: n_16744 10.64 3
drt: n_16745 2 2
drt: n_16746 5.33 3
drt: n_16747 2 2
drt: n_16748 6.8 3
drt: n_16749 2.8 2
drt: n_1675 2 2
drt: n_16750 2.04 2
drt: n_16751 2.47 2
drt: n_16752 2.95 2
drt: n_16753 10.12 4
drt: n_16754 1.32 2
drt: n_16755 2.92 2
drt: n_16756 6.72 2
drt: n_16757 10.52 2
drt: n_16758 3.8 2
drt: n_16759 2.2 2
drt: n_1676 1 2
drt: n_16760 10 4
drt: n_16761 7.8 4
drt: n_16762 10.72 4
drt: n_16763 7.12 4
drt: n_16764 9.76 4
drt: n_16765 11.4 4
drt: n_16766 9.64 4
drt: n_16767 6.24 4
drt: n_16768 9.12 4
drt: n_16769 8.01 4
drt: n_1677 6 2
drt: n_16770 11 4
drt: n_16771 9.25 4
drt: n_16772 13.68 4
drt: n_16773 4.8 4
drt: n_16774 5.84 3
drt: n_16775 3.4 2
drt: n_16776 6.53 3
drt: n_16777 1.8 2
drt: n_16778 5.4 2
drt: n_16779 4 3
drt: n_1678 2.84 2
drt: n_16780 3.4 2
drt: n_16781 3.84 3
drt: n_16782 4.4 4
drt: n_16783 2.2 3
drt: n_16784 4 2
drt: n_16785 27.84 5
drt: n_16786 34.24 4
drt: n_16787 4.2 4
drt: n_16788 2 2
drt: n_16789 74.28 3
drt: n_1679 8.2 2
drt: n_16790 0.6 2
drt: n_16791 6.6 3
drt: n_16792 7.2 4
drt: n_16793 2.6 2
drt: n_16794 3.12 2
drt: n_16795 3.4 4
drt: n_16796 2.2 2
drt: n_16797 4 2
drt: n_16798 149.54 5
drt: n_16799 0.6 2
drt: n_168 1.2 2
drt: n_1680 1.4 2
drt: n_16800 7.84 4
drt: n_16801 14.85 4
drt: n_16802 2.4 2
drt: n_16803 13.8 4
drt: n_16804 16.04 4
drt: n_16805 4.32 3
drt: n_16806 3.2 2
drt: n_16807 11 4
drt: n_16808 5.8 3
drt: n_16809 2.4 2
drt: n_1681 2.92 2
drt: n_16810 8.24 4
drt: n_16811 4.16 3
drt: n_16812 4.04 2
drt: n_16813 7.52 3
drt: n_16814 8 2
drt: n_16815 11.6 3
drt: n_16816 3.4 2
drt: n_16817 5.6 3
drt: n_16818 1.4 2
drt: n_16819 5.4 3
drt: n_1682 9.12 2
drt: n_16820 2.72 2
drt: n_16821 2.84 2
drt: n_16822 11.4 4
drt: n_16823 1.2 2
drt: n_16824 17.04 4
drt: n_16825 2.32 2
drt: n_16826 5.4 3
drt: n_16827 1.8 2
drt: n_16828 7.04 3
drt: n_16829 1 2
drt: n_1683 3.8 2
drt: n_16830 2.2 3
drt: n_16831 54.05 6
drt: n_16832 5.21 3
drt: n_16833 6 2
drt: n_16834 4.2 3
drt: n_16835 2.8 2
drt: n_16836 3.2 3
drt: n_16837 23.84 6
drt: n_16838 7.21 4
drt: n_16839 8.2 3
drt: n_1684 2.6 2
drt: n_16840 1.8 2
drt: n_16841 10.12 6
drt: n_16842 5 3
drt: n_16843 1.6 2
drt: n_16844 6.4 4
drt: n_16845 2 2
drt: n_16846 2.15 2
drt: n_16847 6.61 4
drt: n_16848 15.64 3
drt: n_16849 7.6 3
drt: n_1685 5.2 2
drt: n_16850 2.6 2
drt: n_16851 12 3
drt: n_16852 11.53 4
drt: n_16853 32.6 4
drt: n_16854 7.52 4
drt: n_16855 7.69 4
drt: n_16856 10.24 4
drt: n_16857 15.52 4
drt: n_16858 7.73 4
drt: n_16859 10.68 4
drt: n_1686 2.8 2
drt: n_16860 2.8 3
drt: n_16861 1 2
drt: n_16862 5.6 5
drt: n_16863 4.84 3
drt: n_16864 2.4 2
drt: n_16865 11.56 4
drt: n_16866 15.4 4
drt: n_16867 1.2 2
drt: n_16868 3.2 3
drt: n_16869 7.92 3
drt: n_1687 4.72 2
drt: n_16870 1.8 2
drt: n_16871 4.56 3
drt: n_16872 2.44 2
drt: n_16873 8.2 4
drt: n_16874 1.32 2
drt: n_16875 6.92 2
drt: n_16876 12.8 2
drt: n_16877 6.04 4
drt: n_16878 2.4 2
drt: n_16879 14.12 3
drt: n_1688 5.2 2
drt: n_16880 3.01 3
drt: n_16881 1.6 2
drt: n_16882 3.8 3
drt: n_16883 2.4 2
drt: n_16884 3.61 3
drt: n_16885 1.64 2
drt: n_16886 10.12 4
drt: n_16887 4.4 2
drt: n_16888 3.6 2
drt: n_16889 0.8 2
drt: n_1689 1.6 2
drt: n_16890 5.32 2
drt: n_16891 4 2
drt: n_16892 2.6 2
drt: n_16893 109.04 6
drt: n_16894 2.2 2
drt: n_16895 12.44 3
drt: n_16896 38.84 2
drt: n_16897 3.8 2
drt: n_16898 7 3
drt: n_16899 27.57 5
drt: n_169 5.12 2
drt: n_1690 6.2 2
drt: n_16900 4.2 3
drt: n_16901 2.6 2
drt: n_16902 22.44 4
drt: n_16903 15.92 3
drt: n_16904 3.2 3
drt: n_16905 3.32 2
drt: n_16906 9.32 4
drt: n_16907 2 3
drt: n_16908 1 2
drt: n_16909 36.01 4
drt: n_1691 2.6 2
drt: n_16910 5.72 3
drt: n_16911 3.01 3
drt: n_16912 3.2 2
drt: n_16913 9.41 3
drt: n_16914 5.12 3
drt: n_16915 0.4 2
drt: n_16916 12.64 4
drt: n_16917 5.96 4
drt: n_16918 1 2
drt: n_16919 6.44 3
drt: n_1692 1.2 2
drt: n_16920 6.52 3
drt: n_16921 3.6 3
drt: n_16922 4.4 3
drt: n_16923 1.8 2
drt: n_16924 8.72 2
drt: n_16925 3 2
drt: n_16926 1.52 2
drt: n_16927 2.15 2
drt: n_16928 5.64 3
drt: n_16929 23.36 4
drt: n_1693 7.2 2
drt: n_16930 3 2
drt: n_16931 50.24 2
drt: n_16932 25.48 2
drt: n_16933 5.4 2
drt: n_16934 7.4 2
drt: n_16935 8 2
drt: n_16936 2.44 2
drt: n_16937 9.32 2
drt: n_16938 2.04 2
drt: n_16939 14.44 6
drt: n_1694 6.6 2
drt: n_16940 3.24 2
drt: n_16941 6.4 2
drt: n_16942 8.2 3
drt: n_16943 3.8 2
drt: n_16944 6 2
drt: n_16945 3.2 2
drt: n_16946 2.52 2
drt: n_16947 3.92 2
drt: n_16948 4.6 2
drt: n_16949 0.4 2
drt: n_1695 5.72 2
drt: n_16950 5.72 3
drt: n_16951 2.8 3
drt: n_16952 6.64 2
drt: n_16953 4.2 2
drt: n_16954 5.4 3
drt: n_16955 5.73 3
drt: n_16956 3.8 2
drt: n_16957 1.6 2
drt: n_16958 0.4 2
drt: n_16959 2.72 2
drt: n_1696 3.6 2
drt: n_16960 2 2
drt: n_16961 4.92 2
drt: n_16962 3.92 2
drt: n_16963 7.61 4
drt: n_16964 4.2 2
drt: n_16965 6.8 2
drt: n_16966 12.48 4
drt: n_16967 9.16 4
drt: n_16968 4.6 2
drt: n_16969 1.6 2
drt: n_1697 2.84 2
drt: n_16970 17.28 3
drt: n_16971 27.56 3
drt: n_16972 5.52 2
drt: n_16973 17 3
drt: n_16974 2.92 2
drt: n_16975 5.4 3
drt: n_16976 10.22 6
drt: n_16977 3.4 2
drt: n_16978 14.6 3
drt: n_16979 2.2 2
drt: n_1698 1.6 2
drt: n_16980 3.6 2
drt: n_16981 1.4 2
drt: n_16982 5.96 2
drt: n_16983 1.6 2
drt: n_16984 5.24 3
drt: n_16985 4 2
drt: n_16986 2.8 2
drt: n_16987 4.52 2
drt: n_16988 3 2
drt: n_16989 4 2
drt: n_1699 4.04 2
drt: n_16990 2 2
drt: n_16991 69.92 3
drt: n_16992 2.2 2
drt: n_16993 2.4 3
drt: n_16994 8 6
drt: n_16995 1 2
drt: n_16996 1.8 2
drt: n_16997 4.8 3
drt: n_16998 18.52 6
drt: n_16999 2.2 2
drt: n_17 1.8 2
drt: n_170 3.12 2
drt: n_1700 5.52 2
drt: n_17000 9.42 3
drt: n_17001 3.2 2
drt: n_17002 8.92 3
drt: n_17003 2 2
drt: n_17004 6 2
drt: n_17005 4.96 4
drt: n_17006 3.12 3
drt: n_17007 1.64 2
drt: n_17008 6.8 4
drt: n_17009 6.4 3
drt: n_1701 5.52 2
drt: n_17010 3.8 2
drt: n_17011 4.4 4
drt: n_17012 3.72 3
drt: n_17013 1.6 2
drt: n_17014 11.32 4
drt: n_17015 3.2 3
drt: n_17016 3 2
drt: n_17017 8.92 4
drt: n_17018 2.6 3
drt: n_17019 1.6 2
drt: n_1702 5.44 2
drt: n_17020 3.8 4
drt: n_17021 2.8 3
drt: n_17022 1 2
drt: n_17023 5.8 2
drt: n_17024 3.36 3
drt: n_17025 8 4
drt: n_17026 1 2
drt: n_17027 14.24 3
drt: n_17028 2.2 2
drt: n_17029 6.8 4
drt: n_1703 4.4 2
drt: n_17030 1.6 2
drt: n_17031 6.4 4
drt: n_17032 9.4 4
drt: n_17033 20.52 4
drt: n_17034 1.4 2
drt: n_17035 6.36 3
drt: n_17036 1.8 2
drt: n_17037 2.4 3
drt: n_17038 12.52 4
drt: n_17039 1.64 2
drt: n_1704 1.6 2
drt: n_17040 5.16 3
drt: n_17041 0.4 2
drt: n_17042 2.4 3
drt: n_17043 6.92 4
drt: n_17044 5.72 3
drt: n_17045 1.93 3
drt: n_17046 4 2
drt: n_17047 3.93 3
drt: n_17048 0.4 2
drt: n_17049 4.4 3
drt: n_1705 3.04 2
drt: n_17050 0.4 2
drt: n_17051 4.76 3
drt: n_17052 5 3
drt: n_17053 0.4 2
drt: n_17054 5.72 3
drt: n_17055 4.2 3
drt: n_17056 1.6 2
drt: n_17057 8.32 3
drt: n_17058 3.6 2
drt: n_17059 25.25 6
drt: n_1706 3.6 2
drt: n_17060 18.2 6
drt: n_17061 9.6 6
drt: n_17062 9.54 6
drt: n_17063 5.4 3
drt: n_17064 3.8 3
drt: n_17065 2.2 2
drt: n_17066 6.4 3
drt: n_17067 4.6 2
drt: n_17068 8.2 3
drt: n_17069 0.4 2
drt: n_1707 5.2 2
drt: n_17070 6.4 4
drt: n_17071 1 2
drt: n_17072 4.6 3
drt: n_17073 1.8 2
drt: n_17074 12.36 4
drt: n_17075 5.8 4
drt: n_17076 4.95 2
drt: n_17077 4.92 2
drt: n_17078 3.2 2
drt: n_17079 3.07 2
drt: n_1708 9.6 2
drt: n_17080 6.64 4
drt: n_17081 11.04 2
drt: n_17082 7.95 2
drt: n_17083 0.8 2
drt: n_17084 1.44 2
drt: n_17085 3.6 2
drt: n_17086 0.6 2
drt: n_17087 1.8 2
drt: n_17088 0.6 2
drt: n_17089 1.6 2
drt: n_1709 7.92 2
drt: n_17090 2.2 2
drt: n_17091 1.6 2
drt: n_17092 0.6 2
drt: n_17093 5.52 2
drt: n_17094 0.6 2
drt: n_17095 0.6 2
drt: n_17096 22.36 3
drt: n_17097 1.8 2
drt: n_17098 4.12 2
drt: n_17099 4.52 2
drt: n_171 3.2 2
drt: n_1710 4 2
drt: n_17100 3.72 2
drt: n_17101 2.01 3
drt: n_17102 23.44 3
drt: n_17103 1.8 2
drt: n_17104 10.64 3
drt: n_17105 1.6 2
drt: n_17106 8.2 3
drt: n_17107 2.6 3
drt: n_17108 1 2
drt: n_17109 67.76 6
drt: n_1711 6.8 2
drt: n_17110 5.84 3
drt: n_17111 1 2
drt: n_17112 8.36 3
drt: n_17113 5.96 2
drt: n_17114 1.55 2
drt: n_17115 4.87 2
drt: n_17116 0.8 2
drt: n_17117 3.8 2
drt: n_17118 10.76 4
drt: n_17119 7.6 4
drt: n_1712 7.2 2
drt: n_17120 3.77 3
drt: n_17121 1.2 2
drt: n_17122 6.6 3
drt: n_17123 1.64 2
drt: n_17124 7.4 3
drt: n_17125 2.2 2
drt: n_17126 3.8 3
drt: n_17127 1.6 2
drt: n_17128 4.84 3
drt: n_17129 1 2
drt: n_1713 6.72 2
drt: n_17130 6.12 3
drt: n_17131 4.12 2
drt: n_17132 3.6 3
drt: n_17133 1.4 2
drt: n_17134 5.32 3
drt: n_17135 1.4 2
drt: n_17136 7.64 3
drt: n_17137 2.44 2
drt: n_17138 6.24 3
drt: n_17139 2.01 2
drt: n_1714 1.6 2
drt: n_17140 4.4 3
drt: n_17141 1 2
drt: n_17142 2.4 3
drt: n_17143 1 2
drt: n_17144 3.6 3
drt: n_17145 3 2
drt: n_17146 8 3
drt: n_17147 1.8 2
drt: n_17148 2.53 3
drt: n_17149 1.4 2
drt: n_1715 4 2
drt: n_17150 4.92 3
drt: n_17151 1.8 2
drt: n_17152 2.8 3
drt: n_17153 2.2 2
drt: n_17154 2 3
drt: n_17155 1 2
drt: n_17156 4.84 3
drt: n_17157 2.24 2
drt: n_17158 21.19 3
drt: n_17159 9 4
drt: n_1716 7.04 2
drt: n_17160 6.48 4
drt: n_17161 14.12 4
drt: n_17162 1.61 3
drt: n_17163 1 2
drt: n_17164 7.4 3
drt: n_17165 9.12 3
drt: n_17166 1.8 2
drt: n_17167 11.16 4
drt: n_17168 1.4 2
drt: n_17169 0.8 2
drt: n_1717 10.84 2
drt: n_17170 12.41 6
drt: n_17171 7.16 3
drt: n_17172 27.2 6
drt: n_17173 1 2
drt: n_17174 4 2
drt: n_17175 4.81 3
drt: n_17176 3.12 2
drt: n_17177 4.2 3
drt: n_17178 1 2
drt: n_17179 3.6 3
drt: n_1718 4.6 2
drt: n_17180 2 2
drt: n_17181 11.52 4
drt: n_17182 11.6 3
drt: n_17183 1 2
drt: n_17184 264.72 6
drt: n_17185 2.04 2
drt: n_17187 1.4 2
drt: n_17188 1.6 2
drt: n_17189 2.6 2
drt: n_1719 1.4 2
drt: n_17190 2.95 2
drt: n_17191 7.04 3
drt: n_17192 2.55 2
drt: n_17193 4.4 2
drt: n_17194 9.64 3
drt: n_17195 1.6 2
drt: n_17196 29.6 6
drt: n_17197 1.44 2
drt: n_17198 8.2 2
drt: n_17199 9.72 2
drt: n_172 2.6 2
drt: n_1720 1.6 2
drt: n_17200 8.32 2
drt: n_17201 1.8 2
drt: n_17202 0.4 2
drt: n_17203 4.52 3
drt: n_17204 3 3
drt: n_17205 7.44 3
drt: n_17206 10.4 3
drt: n_17207 1.6 2
drt: n_17208 2.4 2
drt: n_17209 5.24 3
drt: n_1721 4.8 2
drt: n_17210 3.2 3
drt: n_17211 1.8 2
drt: n_17212 3.84 2
drt: n_17213 9.53 4
drt: n_17214 6 4
drt: n_17215 4.92 3
drt: n_17216 4.4 3
drt: n_17217 4 3
drt: n_17218 4.2 2
drt: n_17219 2.6 2
drt: n_1722 2.4 2
drt: n_17220 24.12 3
drt: n_17221 11 2
drt: n_17222 41.88 4
drt: n_17223 0.6 2
drt: n_17224 0.8 2
drt: n_17225 4.52 2
drt: n_17226 1.6 2
drt: n_17227 6.2 3
drt: n_17228 4.4 2
drt: n_17229 6 2
drt: n_1723 6.8 2
drt: n_17230 4.8 3
drt: n_17231 3 2
drt: n_17232 1.6 2
drt: n_17233 4.44 2
drt: n_17234 5.4 2
drt: n_17236 4.4 2
drt: n_17237 4.45 2
drt: n_17238 2.41 3
drt: n_17239 25.44 6
drt: n_1724 3.44 2
drt: n_17240 2.2 2
drt: n_17241 1.64 2
drt: n_17242 13.93 4
drt: n_17243 5.12 2
drt: n_17244 6.92 3
drt: n_17245 105.13 5
drt: n_17246 1.2 2
drt: n_17247 8.6 4
drt: n_17248 6.2 4
drt: n_17249 1.8 3
drt: n_1725 5.6 2
drt: n_17250 33.17 6
drt: n_17251 1.6 2
drt: n_17252 2.2 2
drt: n_17253 2 2
drt: n_17254 3.8 3
drt: n_17255 5.4 2
drt: n_17256 2.8 2
drt: n_17257 3.52 2
drt: n_17258 113.52 4
drt: n_17259 0.6 2
drt: n_1726 4.8 2
drt: n_17260 7.64 2
drt: n_17261 72.61 4
drt: n_17262 4.12 2
drt: n_17263 5.2 4
drt: n_17264 25.52 6
drt: n_17265 3 2
drt: n_17266 7.8 4
drt: n_17267 7.52 4
drt: n_17268 3.44 3
drt: n_17269 1.4 2
drt: n_1727 5.6 2
drt: n_17270 11.12 4
drt: n_17271 4.72 3
drt: n_17272 1 2
drt: n_17273 8.44 4
drt: n_17274 6.93 3
drt: n_17275 2 2
drt: n_17276 5.68 4
drt: n_17277 2.96 3
drt: n_17278 1 2
drt: n_17279 7.44 4
drt: n_1728 2 2
drt: n_17280 3.2 3
drt: n_17281 4 2
drt: n_17282 4.52 4
drt: n_17283 4.4 3
drt: n_17284 1.6 2
drt: n_17285 6 4
drt: n_17286 2.8 3
drt: n_17287 1.8 2
drt: n_17288 13.64 4
drt: n_17289 7.05 3
drt: n_1729 1.6 2
drt: n_17290 5.76 2
drt: n_17291 8.92 4
drt: n_17292 2.2 2
drt: n_17293 10.04 4
drt: n_17294 1.8 2
drt: n_17295 14.2 4
drt: n_17296 9.97 6
drt: n_17297 1.2 2
drt: n_17298 14.72 4
drt: n_17299 7.4 3
drt: n_173 2.6 2
drt: n_1730 2.8 2
drt: n_17300 6.24 4
drt: n_17301 2.32 2
drt: n_17302 15.12 4
drt: n_17303 1 2
drt: n_17304 4.88 4
drt: n_17305 1.8 2
drt: n_17306 7.2 4
drt: n_17307 2 2
drt: n_17308 11 4
drt: n_17309 1.8 2
drt: n_1731 2.24 2
drt: n_17310 26.33 4
drt: n_17311 1 2
drt: n_17312 6.8 4
drt: n_17313 1.8 2
drt: n_17314 1.8 2
drt: n_17315 2.72 2
drt: n_17316 7.8 2
drt: n_17317 8 3
drt: n_17318 1.6 2
drt: n_17319 5.13 3
drt: n_1732 3.8 2
drt: n_17320 3.84 3
drt: n_17321 2.64 2
drt: n_17322 4.4 3
drt: n_17323 2.01 3
drt: n_17324 2.8 2
drt: n_17325 2.04 3
drt: n_17326 4.2 3
drt: n_17327 2.4 2
drt: n_17328 4.2 3
drt: n_17329 4.36 3
drt: n_1733 11.2 2
drt: n_17330 0.4 2
drt: n_17331 7.4 3
drt: n_17332 4 3
drt: n_17333 4.12 2
drt: n_17334 11.24 3
drt: n_17335 6.2 3
drt: n_17336 0.4 2
drt: n_17337 5.6 3
drt: n_17338 1.4 2
drt: n_17339 5.12 3
drt: n_1734 5.32 2
drt: n_17340 1.8 2
drt: n_17341 8.8 3
drt: n_17342 6.72 3
drt: n_17343 3.6 3
drt: n_17344 4.4 3
drt: n_17345 9.4 3
drt: n_17346 0.4 2
drt: n_17347 3.8 3
drt: n_17348 3.4 3
drt: n_17349 3.2 3
drt: n_1735 4.64 2
drt: n_17350 5.4 3
drt: n_17351 0.4 2
drt: n_17352 1.6 3
drt: n_17353 4.2 3
drt: n_17354 3.8 3
drt: n_17355 3.2 2
drt: n_17356 5.8 3
drt: n_17357 5.48 4
drt: n_17358 2.44 3
drt: n_17359 1 2
drt: n_1736 2 2
drt: n_17360 8.12 3
drt: n_17361 2.6 2
drt: n_17362 3.8 2
drt: n_17363 3 2
drt: n_17364 1.32 2
drt: n_17365 4.52 2
drt: n_17366 8.4 4
drt: n_17367 2.95 2
drt: n_17368 2.77 2
drt: n_17369 6.8 4
drt: n_1737 2.6 2
drt: n_17370 3.75 2
drt: n_17371 1.75 2
drt: n_17372 1.15 2
drt: n_17373 5.32 2
drt: n_17374 8.12 4
drt: n_17375 1.32 2
drt: n_17376 1.32 2
drt: n_17377 4.72 2
drt: n_17378 4.12 2
drt: n_17379 3 2
drt: n_1738 7.92 2
drt: n_17380 43.13 2
drt: n_17381 7.4 2
drt: n_17382 2.44 2
drt: n_17383 1.4 2
drt: n_17384 5.8 2
drt: n_17385 2.4 2
drt: n_17386 0.6 2
drt: n_17387 2 2
drt: n_17388 2.4 2
drt: n_17389 6 2
drt: n_1739 4.6 2
drt: n_17390 4.4 2
drt: n_17391 12.8 4
drt: n_17392 6.84 4
drt: n_17393 5.54 4
drt: n_17394 9.65 4
drt: n_17395 3.33 3
drt: n_17396 4.72 2
drt: n_17397 3.2 3
drt: n_17398 6.6 2
drt: n_17399 6.4 4
drt: n_174 3 2
drt: n_1740 5 2
drt: n_17400 7.2 3
drt: n_17401 6.72 4
drt: n_17402 6.67 3
drt: n_17403 1 2
drt: n_17404 7.96 4
drt: n_17405 2.04 2
drt: n_17406 1.4 2
drt: n_17407 7.4 3
drt: n_17408 4.32 2
drt: n_17409 2.61 3
drt: n_1741 3.8 2
drt: n_17410 2.2 2
drt: n_17411 4.84 4
drt: n_17412 2 3
drt: n_17413 6.6 3
drt: n_17414 5.12 3
drt: n_17415 7 3
drt: n_17416 1.6 2
drt: n_17417 9.6 3
drt: n_17418 6 3
drt: n_17419 2 2
drt: n_1742 4.24 2
drt: n_17420 1.35 2
drt: n_17421 1.52 2
drt: n_17422 5.15 2
drt: n_17423 2.95 2
drt: n_17424 6.16 3
drt: n_17425 4.6 2
drt: n_17426 3.76 3
drt: n_17427 4.12 2
drt: n_17428 34.64 2
drt: n_17429 17.56 4
drt: n_1743 1.6 2
drt: n_17430 6.2 3
drt: n_17431 1.4 2
drt: n_17432 5.44 3
drt: n_17433 0.6 2
drt: n_17434 2.2 2
drt: n_17435 11.8 4
drt: n_17436 1.6 2
drt: n_17437 2.41 3
drt: n_17438 5.24 2
drt: n_17439 1.2 2
drt: n_1744 5.8 2
drt: n_17440 9.12 4
drt: n_17441 11.44 4
drt: n_17442 2.4 2
drt: n_17443 1.6 2
drt: n_17444 4.8 4
drt: n_17445 1.52 2
drt: n_17446 3.64 3
drt: n_17447 1.4 2
drt: n_17448 5.6 3
drt: n_17449 2.6 2
drt: n_1745 12.92 2
drt: n_17450 10.32 3
drt: n_17451 5.4 2
drt: n_17452 3.53 3
drt: n_17453 1.8 2
drt: n_17454 6 3
drt: n_17455 3.72 2
drt: n_17456 9.6 6
drt: n_17457 31.44 4
drt: n_17458 33.36 4
drt: n_17459 9.44 6
drt: n_1746 2 2
drt: n_17460 10.61 6
drt: n_17461 2.6 3
drt: n_17462 1.64 2
drt: n_17463 3.24 3
drt: n_17464 1.8 2
drt: n_17465 7.6 3
drt: n_17466 2.2 2
drt: n_17467 3.17 3
drt: n_17468 2.64 2
drt: n_17469 18.48 4
drt: n_1747 2.4 2
drt: n_17470 8.8 4
drt: n_17471 8.64 4
drt: n_17472 9.4 4
drt: n_17473 6.8 4
drt: n_17474 10.76 4
drt: n_17475 5 4
drt: n_17476 9.84 4
drt: n_17477 5.68 4
drt: n_17478 27.25 4
drt: n_17479 11.6 4
drt: n_1748 5.52 2
drt: n_17480 6.4 4
drt: n_17481 7.2 4
drt: n_17482 13.72 4
drt: n_17483 12.13 4
drt: n_17484 13.12 4
drt: n_17485 9.12 4
drt: n_17486 11.72 4
drt: n_17487 6.93 4
drt: n_17488 3.32 2
drt: n_17489 6.92 3
drt: n_1749 2.4 2
drt: n_17490 1.2 2
drt: n_17491 28.8 6
drt: n_17492 9.64 4
drt: n_17493 5.75 2
drt: n_17494 8.2 2
drt: n_17495 3.4 3
drt: n_17496 1.6 2
drt: n_17497 7.2 3
drt: n_17498 4.4 3
drt: n_17499 21.24 6
drt: n_175 2.84 2
drt: n_1750 4.32 2
drt: n_17500 5 2
drt: n_17501 2.24 2
drt: n_17502 1.8 2
drt: n_17503 5.72 2
drt: n_17504 3.56 3
drt: n_17505 4.76 3
drt: n_17506 3.16 2
drt: n_17507 1.2 2
drt: n_17508 6.41 5
drt: n_17509 5.8 3
drt: n_1751 2.4 2
drt: n_17510 5.6 3
drt: n_17511 2.6 2
drt: n_17512 2.8 2
drt: n_17513 2 2
drt: n_17514 0.6 2
drt: n_17515 1.6 2
drt: n_17516 6.4 2
drt: n_17517 8.6 3
drt: n_17518 4 3
drt: n_17519 2.04 2
drt: n_1752 7.84 2
drt: n_17520 4.6 2
drt: n_17521 4.8 2
drt: n_17522 4.72 4
drt: n_17523 3.52 2
drt: n_17524 3.72 2
drt: n_17525 8.6 4
drt: n_17526 40.33 6
drt: n_17527 1.2 2
drt: n_17528 2.8 2
drt: n_17529 2.4 2
drt: n_1753 2.6 2
drt: n_17530 1 2
drt: n_17531 5.65 2
drt: n_17532 7.64 3
drt: n_17533 24.84 5
drt: n_17534 7.72 3
drt: n_17535 1.2 2
drt: n_17536 8.6 4
drt: n_17537 13.6 3
drt: n_17538 3.2 2
drt: n_17539 2 2
drt: n_1754 6.12 2
drt: n_17540 2.2 2
drt: n_17541 3.92 2
drt: n_17542 9.81 4
drt: n_17543 1 2
drt: n_17544 14.2 4
drt: n_17545 5 4
drt: n_17546 10.04 4
drt: n_17547 6.04 4
drt: n_17548 9.12 4
drt: n_17549 10.52 4
drt: n_1755 3.04 2
drt: n_17550 5.4 4
drt: n_17551 2.8 3
drt: n_17552 1.6 2
drt: n_17553 4.96 3
drt: n_17554 1.2 2
drt: n_17555 8.24 4
drt: n_17556 1.61 3
drt: n_17557 2.32 2
drt: n_17558 6.01 3
drt: n_17559 6 3
drt: n_1756 3.92 2
drt: n_17560 3.93 3
drt: n_17561 7.6 4
drt: n_17562 3.52 2
drt: n_17563 4.13 3
drt: n_17564 1 2
drt: n_17565 3.8 4
drt: n_17566 3.6 4
drt: n_17567 3.8 4
drt: n_17568 4.8 4
drt: n_17569 7.44 4
drt: n_1757 1 2
drt: n_17570 3.4 3
drt: n_17571 1.84 2
drt: n_17572 2.4 3
drt: n_17573 3.04 2
drt: n_17574 5.12 3
drt: n_17575 5.4 2
drt: n_17576 5.32 3
drt: n_17577 0.4 2
drt: n_17578 5.72 3
drt: n_17579 0.4 2
drt: n_1758 1.6 2
drt: n_17580 8.92 4
drt: n_17581 8.6 3
drt: n_17582 0.4 2
drt: n_17583 4.52 3
drt: n_17584 0.4 2
drt: n_17585 1.8 3
drt: n_17586 1 2
drt: n_17587 3.4 4
drt: n_17588 4 3
drt: n_17589 1 2
drt: n_1759 4.72 2
drt: n_17590 6 3
drt: n_17591 4.4 2
drt: n_17592 4.01 3
drt: n_17593 4 2
drt: n_17594 1.4 3
drt: n_17595 2.6 3
drt: n_17596 4.4 3
drt: n_17597 1.6 2
drt: n_17598 3.36 3
drt: n_17599 2.92 2
drt: n_176 8.52 2
drt: n_1760 8.4 2
drt: n_17600 10.95 2
drt: n_17601 0.95 2
drt: n_17602 7.47 2
drt: n_17603 2.55 2
drt: n_17604 1.32 2
drt: n_17605 8.52 2
drt: n_17606 2.04 2
drt: n_17607 8.52 2
drt: n_17608 10.32 2
drt: n_17609 6.8 2
drt: n_1761 1.2 2
drt: n_17610 5.4 2
drt: n_17611 9.4 2
drt: n_17612 9.2 2
drt: n_17613 17.6 2
drt: n_17614 0.6 2
drt: n_17615 6.24 2
drt: n_17616 6.6 2
drt: n_17617 2.92 2
drt: n_17618 12.8 4
drt: n_17619 4.72 2
drt: n_1762 3.04 2
drt: n_17620 1.6 2
drt: n_17621 5.4 3
drt: n_17622 5.6 2
drt: n_17623 4.52 3
drt: n_17624 4.12 2
drt: n_17625 3.2 3
drt: n_17626 1.92 2
drt: n_17627 3.12 2
drt: n_17628 107.9 4
drt: n_17629 1.84 2
drt: n_1763 1.4 2
drt: n_17630 0.6 2
drt: n_17631 16.04 4
drt: n_17632 2.4 2
drt: n_17633 1.6 2
drt: n_17634 17.64 4
drt: n_17635 2.4 2
drt: n_17636 2.2 2
drt: n_17637 4.6 4
drt: n_17638 4.2 2
drt: n_17639 9.6 6
drt: n_1764 7.72 2
drt: n_17640 3.8 3
drt: n_17641 1 2
drt: n_17642 12.72 6
drt: n_17643 13.32 3
drt: n_17644 4.12 2
drt: n_17645 13.61 7
drt: n_17646 7.84 3
drt: n_17647 1.8 2
drt: n_17648 7.38 6
drt: n_17649 4.12 3
drt: n_1765 7.12 2
drt: n_17650 1.4 2
drt: n_17651 20 6
drt: n_17652 11.8 3
drt: n_17653 1.6 2
drt: n_17654 12 6
drt: n_17655 5 3
drt: n_17656 2.8 2
drt: n_17657 9.4 7
drt: n_17658 7 3
drt: n_17659 1.8 2
drt: n_1766 3.32 2
drt: n_17660 14.61 7
drt: n_17661 7.92 3
drt: n_17662 3 2
drt: n_17663 12.2 7
drt: n_17664 7.8 3
drt: n_17665 2.8 2
drt: n_17666 9.6 6
drt: n_17667 8.12 3
drt: n_17668 1.4 2
drt: n_17669 10 3
drt: n_1767 2.2 2
drt: n_17670 7 2
drt: n_17671 18.2 7
drt: n_17672 7.8 3
drt: n_17673 1.6 2
drt: n_17674 10.8 7
drt: n_17675 6.2 3
drt: n_17676 3.6 2
drt: n_17677 1.6 2
drt: n_17678 7.12 3
drt: n_17679 1.64 2
drt: n_1768 3.12 2
drt: n_17680 9.2 2
drt: n_17681 13.4 4
drt: n_17682 0.6 2
drt: n_17683 6.24 3
drt: n_17684 5 3
drt: n_17685 4.92 3
drt: n_17686 2.4 2
drt: n_17687 5.2 3
drt: n_17688 3.8 2
drt: n_17689 5 3
drt: n_1769 6.4 2
drt: n_17690 3.53 3
drt: n_17691 0.4 2
drt: n_17692 80.76 6
drt: n_17693 3.92 3
drt: n_17694 5.12 3
drt: n_17695 5 3
drt: n_17696 6.32 3
drt: n_17697 3.2 3
drt: n_17698 6 3
drt: n_17699 6.2 3
drt: n_177 2.24 2
drt: n_1770 1.4 2
drt: n_17700 4.2 3
drt: n_17701 2.95 2
drt: n_17702 2.92 2
drt: n_17703 2.4 3
drt: n_17704 22.96 2
drt: n_17705 0.8 2
drt: n_17706 10.48 3
drt: n_17707 5.2 2
drt: n_17708 11.4 3
drt: n_17709 9.64 3
drt: n_1771 3.72 2
drt: n_17710 5 3
drt: n_17711 12.65 4
drt: n_17712 5.72 2
drt: n_17713 5 4
drt: n_17714 2 2
drt: n_17715 5 4
drt: n_17716 76.58 4
drt: n_17717 9.6 4
drt: n_17718 3.8 3
drt: n_17719 1.2 2
drt: n_1772 3.72 2
drt: n_17720 4.2 3
drt: n_17721 1.8 2
drt: n_17722 9.75 4
drt: n_17723 5.84 4
drt: n_17724 7.32 4
drt: n_17725 18.4 6
drt: n_17726 1 2
drt: n_17727 5.4 4
drt: n_17728 35.01 6
drt: n_17729 1.4 2
drt: n_1773 3.32 2
drt: n_17730 7.16 4
drt: n_17731 24.55 6
drt: n_17732 1 2
drt: n_17733 21.13 4
drt: n_17734 1.6 3
drt: n_17735 1.4 2
drt: n_17736 3.45 3
drt: n_17737 0.8 2
drt: n_17738 13.2 4
drt: n_17739 29.96 4
drt: n_1774 4.72 2
drt: n_17740 17.08 3
drt: n_17741 2 2
drt: n_17742 5.36 4
drt: n_17743 5.44 3
drt: n_17744 1.4 2
drt: n_17745 8.04 3
drt: n_17746 4.44 3
drt: n_17747 2.4 2
drt: n_17748 3.44 3
drt: n_17749 5.2 2
drt: n_1775 7 2
drt: n_17750 2.6 3
drt: n_17751 5.2 4
drt: n_17752 8.6 4
drt: n_17753 5.2 3
drt: n_17754 0.4 2
drt: n_17755 6.64 3
drt: n_17756 1.04 2
drt: n_17757 7.64 3
drt: n_17758 3.32 2
drt: n_17759 3.6 3
drt: n_1776 5.72 2
drt: n_17760 0.4 2
drt: n_17761 15.6 2
drt: n_17762 8.2 3
drt: n_17763 8.8 3
drt: n_17764 0.4 2
drt: n_17765 3.84 3
drt: n_17766 0.8 2
drt: n_17767 4.44 3
drt: n_17768 0.8 2
drt: n_17769 19.96 6
drt: n_1777 4.6 2
drt: n_17770 11.84 4
drt: n_17771 1.61 3
drt: n_17772 2.4 2
drt: n_17773 2.6 2
drt: n_17774 4.12 2
drt: n_17775 2.52 2
drt: n_17776 4.07 2
drt: n_17777 11.56 4
drt: n_17778 1.32 2
drt: n_17779 12.52 2
drt: n_1778 6.04 2
drt: n_17780 7.4 4
drt: n_17781 9.6 4
drt: n_17782 5.84 4
drt: n_17783 9.04 4
drt: n_17784 15.6 4
drt: n_17785 15.4 4
drt: n_17786 5.44 4
drt: n_17787 5.4 4
drt: n_17788 10.8 4
drt: n_17789 7.32 4
drt: n_1779 4.2 2
drt: n_17790 5.2 3
drt: n_17791 3 2
drt: n_17792 17.04 4
drt: n_17793 3.4 3
drt: n_17794 1.6 2
drt: n_17795 3.05 3
drt: n_17796 2.4 2
drt: n_17797 3.52 2
drt: n_17798 5.92 2
drt: n_17799 8.2 3
drt: n_178 7.52 2
drt: n_1780 7.52 2
drt: n_17800 9.64 4
drt: n_17801 6 4
drt: n_17802 2 2
drt: n_17803 2.6 3
drt: n_17804 1 2
drt: n_17805 5.2 3
drt: n_17806 3.4 2
drt: n_17807 3.6 3
drt: n_17808 2 2
drt: n_17809 21.97 4
drt: n_1781 4.2 2
drt: n_17810 8.6 4
drt: n_17811 1.4 2
drt: n_17812 11.6 2
drt: n_17813 3.4 2
drt: n_17814 6.12 2
drt: n_17815 7.4 3
drt: n_17816 18.81 6
drt: n_17817 3.72 2
drt: n_17818 11.16 4
drt: n_17819 25.77 6
drt: n_1782 7.2 2
drt: n_17820 4.2 3
drt: n_17821 0.4 2
drt: n_17822 3.8 3
drt: n_17823 2.8 2
drt: n_17824 2.2 3
drt: n_17825 2.8 2
drt: n_17826 5 3
drt: n_17827 4.92 2
drt: n_17828 9.6 3
drt: n_17829 2 2
drt: n_1783 2.64 2
drt: n_17830 8.32 3
drt: n_17831 3.52 2
drt: n_17832 3.6 3
drt: n_17833 0.4 2
drt: n_17834 7.4 3
drt: n_17835 0.4 2
drt: n_17836 3.2 3
drt: n_17837 3.04 2
drt: n_17838 5.93 3
drt: n_17839 1.8 2
drt: n_1784 3.2 2
drt: n_17840 5.93 3
drt: n_17841 6 2
drt: n_17843 2.04 2
drt: n_17844 2.67 2
drt: n_17845 19.16 4
drt: n_17846 1.35 2
drt: n_17847 1.35 2
drt: n_17848 4.52 2
drt: n_17849 47.64 2
drt: n_1785 4.24 2
drt: n_17850 3.52 2
drt: n_17851 14.4 2
drt: n_17852 3.2 2
drt: n_17853 0.6 2
drt: n_17854 6.64 2
drt: n_17855 5.4 2
drt: n_17856 1.8 2
drt: n_17857 33.77 2
drt: n_17858 4.32 2
drt: n_17859 15.52 2
drt: n_1786 8.6 2
drt: n_17860 7.32 3
drt: n_17861 5.92 2
drt: n_17862 2.24 2
drt: n_17863 3 2
drt: n_17864 9.6 3
drt: n_17865 22.32 4
drt: n_17866 3.6 3
drt: n_17867 1.4 2
drt: n_17868 5.41 6
drt: n_17869 1.8 2
drt: n_1787 2.72 2
drt: n_17870 6.4 4
drt: n_17871 12.12 4
drt: n_17872 2.4 2
drt: n_17873 6.2 4
drt: n_17874 9.2 7
drt: n_17875 10.4 3
drt: n_17876 2.2 2
drt: n_17877 15.83 7
drt: n_17878 3.8 3
drt: n_17879 3 2
drt: n_1788 1.6 2
drt: n_17880 3.13 3
drt: n_17881 2.04 2
drt: n_17882 16.36 7
drt: n_17883 3.01 3
drt: n_17884 2.2 2
drt: n_17885 1.92 2
drt: n_17886 0.6 2
drt: n_17887 5.2 2
drt: n_17888 5.73 3
drt: n_17889 7.96 4
drt: n_1789 7.52 2
drt: n_17890 5.44 4
drt: n_17891 3 2
drt: n_17892 7 3
drt: n_17893 2.6 3
drt: n_17894 5.2 3
drt: n_17895 4.2 3
drt: n_17896 5 3
drt: n_17897 12.6 3
drt: n_17898 9 3
drt: n_17899 3 3
drt: n_179 3.32 2
drt: n_1790 4.8 2
drt: n_17900 2.2 2
drt: n_17901 5.52 3
drt: n_17902 8.4 3
drt: n_17903 2.12 2
drt: n_17904 4.6 3
drt: n_17905 1.8 2
drt: n_17906 3.4 3
drt: n_17907 6.12 3
drt: n_17908 9.44 3
drt: n_17909 3.12 2
drt: n_1791 2.8 2
drt: n_17910 8.6 3
drt: n_17911 4.16 3
drt: n_17912 3.56 3
drt: n_17913 2.15 2
drt: n_17914 1.35 2
drt: n_17915 5.4 2
drt: n_17916 2.8 2
drt: n_17917 2.55 2
drt: n_17918 9.59 2
drt: n_17919 3.4 2
drt: n_1792 5.8 2
drt: n_17920 6.47 2
drt: n_17921 2.15 2
drt: n_17922 2.12 2
drt: n_17923 6.07 2
drt: n_17924 3.72 2
drt: n_17925 3.32 2
drt: n_17926 1.32 2
drt: n_17927 8.04 2
drt: n_17928 1.75 2
drt: n_17929 1.52 2
drt: n_1793 4.92 2
drt: n_17930 19.6 3
drt: n_17931 6.6 3
drt: n_17932 12.48 2
drt: n_17933 21.72 3
drt: n_17934 7.12 4
drt: n_17935 8.92 2
drt: n_17936 2 2
drt: n_17937 4.6 3
drt: n_17938 5.41 3
drt: n_17939 11.12 3
drt: n_1794 1.2 2
drt: n_17940 16.32 4
drt: n_17941 1.8 2
drt: n_17942 3 2
drt: n_17943 7.41 3
drt: n_17944 3.61 4
drt: n_17945 7.2 3
drt: n_17946 10.52 4
drt: n_17947 1 2
drt: n_17948 5.24 4
drt: n_17949 1 2
drt: n_1795 2 2
drt: n_17950 27.64 3
drt: n_17951 16.92 4
drt: n_17952 1.8 2
drt: n_17953 4.2 2
drt: n_17954 10.12 4
drt: n_17955 2.44 2
drt: n_17956 17.24 4
drt: n_17957 8.33 4
drt: n_17958 2 3
drt: n_17959 1 2
drt: n_1796 3.6 2
drt: n_17960 4.21 4
drt: n_17961 213.12 4
drt: n_17962 3.76 3
drt: n_17963 2.8 2
drt: n_17964 4.8 3
drt: n_17965 2.8 2
drt: n_17966 6.6 3
drt: n_17967 3 2
drt: n_17968 4.01 3
drt: n_17969 1.8 2
drt: n_1797 3.04 2
drt: n_17970 6.2 3
drt: n_17971 6.2 3
drt: n_17972 2.8 2
drt: n_17973 4.72 3
drt: n_17974 1 2
drt: n_17975 6.6 3
drt: n_17976 3.8 2
drt: n_17977 3.96 3
drt: n_17978 0.4 2
drt: n_17979 7.12 4
drt: n_1798 4.12 2
drt: n_17980 3.4 3
drt: n_17981 1 2
drt: n_17982 5 3
drt: n_17983 5.76 4
drt: n_17984 4 3
drt: n_17985 1.8 2
drt: n_17986 4.6 3
drt: n_17987 4 2
drt: n_17988 7.32 3
drt: n_17989 4 3
drt: n_1799 1.4 2
drt: n_17990 2.8 3
drt: n_17991 3.2 3
drt: n_17992 4 2
drt: n_17993 4 3
drt: n_17994 3.52 2
drt: n_17995 5.4 4
drt: n_17996 3.41 3
drt: n_17997 2 2
drt: n_17998 6.61 3
drt: n_17999 4.4 2
drt: n_18 6.24 2
drt: n_180 3.6 2
drt: n_1800 1 2
drt: n_18000 3.93 3
drt: n_18001 1.6 2
drt: n_18002 6.2 3
drt: n_18003 12 6
drt: n_18004 5.52 3
drt: n_18005 3 2
drt: n_18006 7 4
drt: n_18007 3.6 3
drt: n_18008 1.6 2
drt: n_18009 7.35 2
drt: n_1801 3.4 2
drt: n_18010 5.07 2
drt: n_18011 19.16 5
drt: n_18012 2.52 2
drt: n_18013 1.32 2
drt: n_18014 3.92 2
drt: n_18015 13.92 4
drt: n_18016 15.47 2
drt: n_18017 2.15 2
drt: n_18018 16.84 3
drt: n_18019 30.4 3
drt: n_1802 3.72 2
drt: n_18020 5.64 2
drt: n_18021 2.04 2
drt: n_18022 6.6 3
drt: n_18023 7.44 3
drt: n_18024 4.8 2
drt: n_18025 4.6 3
drt: n_18026 7.92 2
drt: n_18027 8.95 4
drt: n_18028 6.41 4
drt: n_18029 4.4 3
drt: n_1803 1.4 2
drt: n_18030 1.2 2
drt: n_18031 7.52 3
drt: n_18032 7.84 4
drt: n_18033 2.2 2
drt: n_18034 3.73 3
drt: n_18035 1.4 2
drt: n_18036 5.21 3
drt: n_18037 3.2 3
drt: n_18038 2.4 2
drt: n_18039 7.92 3
drt: n_1804 2.24 2
drt: n_18040 1.8 2
drt: n_18041 1.32 2
drt: n_18042 3.4 2
drt: n_18043 1 2
drt: n_18044 11.4 4
drt: n_18045 8.32 3
drt: n_18046 8.96 4
drt: n_18047 9.72 4
drt: n_18048 2.6 3
drt: n_18049 1 2
drt: n_1805 2 2
drt: n_18050 22.41 4
drt: n_18051 2 3
drt: n_18052 1.64 2
drt: n_18053 8 3
drt: n_18054 1.6 2
drt: n_18055 4.72 3
drt: n_18056 1.2 2
drt: n_18057 3.4 3
drt: n_18058 1 2
drt: n_18059 3.2 3
drt: n_1806 2.64 2
drt: n_18060 2 2
drt: n_18061 1.61 3
drt: n_18062 1.2 2
drt: n_18063 3.56 3
drt: n_18064 1.64 2
drt: n_18065 4.4 3
drt: n_18066 1.4 2
drt: n_18067 6.64 3
drt: n_18068 1.8 2
drt: n_18069 2.6 3
drt: n_1807 2.2 2
drt: n_18070 1 2
drt: n_18071 9.6 3
drt: n_18072 1.4 2
drt: n_18073 4.52 3
drt: n_18074 2 2
drt: n_18075 6.8 3
drt: n_18076 1 2
drt: n_18077 7.32 3
drt: n_18078 2.84 2
drt: n_18079 2.6 3
drt: n_1808 4.38 2
drt: n_18080 2 2
drt: n_18081 3.6 3
drt: n_18082 2 2
drt: n_18083 4.2 3
drt: n_18084 2.21 2
drt: n_18085 3.64 3
drt: n_18086 1.6 2
drt: n_18087 11.52 4
drt: n_18088 2.55 2
drt: n_18089 10.12 4
drt: n_1809 5.92 2
drt: n_18090 12.52 4
drt: n_18091 6.6 4
drt: n_18092 5.12 3
drt: n_18093 2.8 3
drt: n_18094 2 2
drt: n_18095 21.72 4
drt: n_18096 6.92 3
drt: n_18097 1.4 2
drt: n_18098 1.35 2
drt: n_18099 0.8 2
drt: n_181 14.4 2
drt: n_1810 2.24 2
drt: n_18100 11.41 3
drt: n_18101 5.52 2
drt: n_18102 2.4 2
drt: n_18103 73.84 2
drt: n_18104 4.92 2
drt: n_18105 1.8 2
drt: n_18106 6 2
drt: n_18107 2.04 2
drt: n_18108 5.41 3
drt: n_18109 3.4 3
drt: n_1811 2 2
drt: n_18110 3.52 2
drt: n_18111 8.2 3
drt: n_18112 1 2
drt: n_18113 15.44 7
drt: n_18114 3 3
drt: n_18115 1.84 2
drt: n_18116 20.2 7
drt: n_18117 5.6 3
drt: n_18118 1.6 2
drt: n_18119 6.88 3
drt: n_1812 2.6 2
drt: n_18120 2.8 3
drt: n_18121 3.04 2
drt: n_18122 5.52 3
drt: n_18123 3.6 3
drt: n_18124 18.36 4
drt: n_18125 6.32 3
drt: n_18126 2.72 2
drt: n_18127 10.6 4
drt: n_18128 10.2 4
drt: n_18129 1.6 2
drt: n_1813 3.6 2
drt: n_18130 5.44 3
drt: n_18131 4.6 3
drt: n_18132 5.96 3
drt: n_18133 4.24 3
drt: n_18134 2.4 3
drt: n_18135 9.6 3
drt: n_18136 0.8 2
drt: n_18137 4.04 3
drt: n_18138 10.04 3
drt: n_18139 4.56 3
drt: n_1814 4.4 2
drt: n_18140 3 2
drt: n_18141 3.6 3
drt: n_18142 7.24 3
drt: n_18143 4.2 3
drt: n_18144 2.92 2
drt: n_18145 1.75 2
drt: n_18146 1.35 2
drt: n_18147 2.15 2
drt: n_18148 5.07 2
drt: n_18149 10.27 2
drt: n_1815 4.6 2
drt: n_18150 6.15 2
drt: n_18151 8.13 4
drt: n_18152 2.2 2
drt: n_18153 5 2
drt: n_18154 2.4 2
drt: n_18155 4.6 2
drt: n_18156 2.6 2
drt: n_18157 5 2
drt: n_18158 4.12 2
drt: n_18159 3.52 2
drt: n_1816 6.2 2
drt: n_18160 38.6 2
drt: n_18161 8.2 2
drt: n_18162 6.4 2
drt: n_18163 4.4 2
drt: n_18164 4.93 3
drt: n_18165 5.64 2
drt: n_18166 4.4 2
drt: n_18167 14.04 2
drt: n_18168 2.8 2
drt: n_18169 7.4 2
drt: n_1817 5 2
drt: n_18170 3.72 2
drt: n_18171 4.4 4
drt: n_18172 2.8 2
drt: n_18173 5.72 3
drt: n_18174 10.12 3
drt: n_18175 6.32 3
drt: n_18176 7.4 3
drt: n_18177 5.52 4
drt: n_18178 3.4 3
drt: n_18179 24.41 6
drt: n_1818 3.2 2
drt: n_18180 1.8 2
drt: n_18181 8.32 2
drt: n_18182 2.2 2
drt: n_18183 19 5
drt: n_18184 1.4 2
drt: n_18185 12.16 3
drt: n_18186 8.24 3
drt: n_18187 8.4 3
drt: n_18188 8.4 3
drt: n_18189 42.6 5
drt: n_1819 5.92 2
drt: n_18190 4.6 2
drt: n_18191 5.01 4
drt: n_18192 3.8 3
drt: n_18193 2 2
drt: n_18194 9 4
drt: n_18195 1.6 3
drt: n_18196 1 2
drt: n_18197 6.6 4
drt: n_18198 7.8 3
drt: n_18199 1 2
drt: n_182 3.8 2
drt: n_1820 3.12 2
drt: n_18200 13.44 4
drt: n_18201 6.72 3
drt: n_18202 7.2 2
drt: n_18203 29.41 7
drt: n_18204 3.6 3
drt: n_18205 1 2
drt: n_18206 18.96 7
drt: n_18207 2.8 3
drt: n_18208 1.64 2
drt: n_18209 16.32 7
drt: n_1821 1.8 2
drt: n_18210 3.8 3
drt: n_18211 2 2
drt: n_18212 13.32 4
drt: n_18213 7 6
drt: n_18214 2.2 2
drt: n_18215 11.24 4
drt: n_18216 24.65 6
drt: n_18217 1.64 2
drt: n_18218 5.64 4
drt: n_18219 8.4 6
drt: n_1822 3.6 2
drt: n_18220 2.2 2
drt: n_18221 7.61 4
drt: n_18222 8.84 4
drt: n_18223 20.17 6
drt: n_18224 1.84 2
drt: n_18225 20 6
drt: n_18226 1.64 2
drt: n_18227 7.24 4
drt: n_18228 10.69 4
drt: n_18229 9.8 6
drt: n_1823 6.72 2
drt: n_18230 1.2 2
drt: n_18231 13.96 4
drt: n_18232 6.57 6
drt: n_18233 1 2
drt: n_18234 6.16 3
drt: n_18235 0.8 2
drt: n_18236 4.52 3
drt: n_18237 10.44 4
drt: n_18238 5.8 3
drt: n_18239 1.2 2
drt: n_1824 6.64 2
drt: n_18240 7.6 3
drt: n_18241 0.4 2
drt: n_18242 8.4 4
drt: n_18243 6.8 3
drt: n_18244 1.8 2
drt: n_18245 3 3
drt: n_18246 53.96 6
drt: n_18247 2.81 3
drt: n_18248 2 2
drt: n_18249 16.2 3
drt: n_1825 2.8 2
drt: n_18250 3.2 3
drt: n_18251 1.6 3
drt: n_18252 5.8 3
drt: n_18253 0.4 2
drt: n_18254 20 4
drt: n_18255 4.6 3
drt: n_18256 2 2
drt: n_18257 6.4 3
drt: n_18258 2.4 2
drt: n_18259 4 3
drt: n_1826 7.4 2
drt: n_18260 0.4 2
drt: n_18261 4.04 3
drt: n_18262 2.64 2
drt: n_18263 6 3
drt: n_18264 0.4 2
drt: n_18265 3.4 3
drt: n_18266 4.4 3
drt: n_18267 7 3
drt: n_18268 8.4 4
drt: n_18269 3 3
drt: n_1827 6.92 2
drt: n_18270 3.52 2
drt: n_18271 4.64 3
drt: n_18272 3.44 3
drt: n_18273 1.8 3
drt: n_18274 1.84 2
drt: n_18275 1.35 2
drt: n_18276 1.32 2
drt: n_18277 2.92 2
drt: n_18278 5.4 2
drt: n_18279 1.75 2
drt: n_1828 9.72 2
drt: n_18280 1.35 2
drt: n_18281 1.75 2
drt: n_18282 3.72 2
drt: n_18283 3.6 2
drt: n_18284 3.27 2
drt: n_18285 4.15 2
drt: n_18286 1.4 2
drt: n_18287 31.04 2
drt: n_18288 2.2 2
drt: n_18289 20.04 3
drt: n_1829 1.2 2
drt: n_18290 8.12 2
drt: n_18291 4.4 2
drt: n_18292 51.92 3
drt: n_18293 2.2 2
drt: n_18294 1.2 2
drt: n_18295 6.24 4
drt: n_18296 28.48 4
drt: n_18297 8.61 4
drt: n_18298 4.84 3
drt: n_18299 13.8 4
drt: n_183 6.2 2
drt: n_1830 3.4 2
drt: n_18300 4.8 3
drt: n_18301 57.36 5
drt: n_18302 6.64 3
drt: n_18303 5.24 3
drt: n_18304 3.64 3
drt: n_18305 2.8 3
drt: n_18306 2.64 2
drt: n_18307 3.56 3
drt: n_18308 0.4 2
drt: n_18309 5.2 3
drt: n_1831 1.92 2
drt: n_18310 1.64 2
drt: n_18311 7.6 3
drt: n_18312 3.52 3
drt: n_18313 2.8 3
drt: n_18314 2.2 3
drt: n_18315 7.12 3
drt: n_18316 3.44 3
drt: n_18317 4.8 3
drt: n_18318 5.04 3
drt: n_18319 11.82 4
drt: n_1832 4.32 2
drt: n_18320 7.12 3
drt: n_18321 3.76 3
drt: n_18322 6.15 2
drt: n_18323 3.15 2
drt: n_18324 8.99 2
drt: n_18325 1.4 2
drt: n_18326 11.4 4
drt: n_18327 10.64 4
drt: n_18328 22.72 4
drt: n_18329 10.25 4
drt: n_1833 9.2 2
drt: n_18330 4.16 3
drt: n_18331 13.4 4
drt: n_18332 4.04 3
drt: n_18333 1.64 2
drt: n_18334 11.36 4
drt: n_18335 10 4
drt: n_18336 4 2
drt: n_18337 7.84 4
drt: n_18338 1.4 2
drt: n_18339 14.73 4
drt: n_1834 1.6 2
drt: n_18340 3 2
drt: n_18341 5.84 4
drt: n_18342 1 2
drt: n_18343 52.81 4
drt: n_18344 2.12 2
drt: n_18345 7 4
drt: n_18346 2 3
drt: n_18347 1.2 2
drt: n_18348 3.2 3
drt: n_18349 1 2
drt: n_1835 1.6 2
drt: n_18350 6.01 3
drt: n_18351 1.6 2
drt: n_18352 2.4 3
drt: n_18353 1.8 2
drt: n_18354 3.24 3
drt: n_18355 1.8 2
drt: n_18356 6.72 3
drt: n_18357 1.4 2
drt: n_18358 6.24 3
drt: n_18359 3.84 3
drt: n_1836 8 2
drt: n_18360 2.2 2
drt: n_18361 4 3
drt: n_18362 1.4 2
drt: n_18363 4 4
drt: n_18364 3.24 3
drt: n_18365 1.4 2
drt: n_18366 2 3
drt: n_18367 1.6 2
drt: n_18368 3 2
drt: n_18369 5.6 2
drt: n_1837 5.04 2
drt: n_18370 3.6 2
drt: n_18371 13.8 4
drt: n_18372 7.4 4
drt: n_18373 4.8 4
drt: n_18374 24.08 4
drt: n_18375 5.8 4
drt: n_18376 23.68 4
drt: n_18377 6.4 4
drt: n_18378 7.04 4
drt: n_18379 18.08 4
drt: n_1838 3.2 2
drt: n_18380 8.4 4
drt: n_18381 11.6 4
drt: n_18382 4.8 4
drt: n_18383 20.64 4
drt: n_18384 12.52 4
drt: n_18385 9.84 4
drt: n_18386 9.52 4
drt: n_18387 12 4
drt: n_18388 7.4 4
drt: n_18389 5.8 4
drt: n_1839 3.12 2
drt: n_18390 29.56 4
drt: n_18391 21.04 4
drt: n_18392 1.64 2
drt: n_18393 5.93 3
drt: n_18394 3.52 2
drt: n_18395 32.49 3
drt: n_18396 5.16 3
drt: n_18397 1 2
drt: n_18398 9.12 3
drt: n_18399 3.04 3
drt: n_184 1 2
drt: n_1840 2.32 2
drt: n_18400 2.4 3
drt: n_18401 4 3
drt: n_18402 9.52 3
drt: n_18403 9.24 3
drt: n_18404 5.72 3
drt: n_18405 2.2 3
drt: n_18406 2.6 3
drt: n_18407 4.2 3
drt: n_18408 3.2 3
drt: n_18409 1.75 2
drt: n_1841 1 2
drt: n_18410 3.87 2
drt: n_18411 12.39 2
drt: n_18412 8.32 2
drt: n_18413 6.2 2
drt: n_18414 2.84 2
drt: n_18415 1.4 2
drt: n_18416 2.52 2
drt: n_18417 4.72 2
drt: n_18418 4.6 2
drt: n_18419 6.6 2
drt: n_1842 5.8 2
drt: n_18420 1.4 2
drt: n_18421 7.6 4
drt: n_18422 2.92 2
drt: n_18423 5.04 2
drt: n_18424 6.84 3
drt: n_18425 3.64 2
drt: n_18426 1.6 2
drt: n_18427 5.6 3
drt: n_18428 4.12 2
drt: n_18429 2.44 3
drt: n_1843 11.8 2
drt: n_18430 36.56 6
drt: n_18431 1 2
drt: n_18432 1.2 2
drt: n_18433 11.6 4
drt: n_18434 1.2 2
drt: n_18435 5.92 2
drt: n_18436 4.12 2
drt: n_18437 5.6 2
drt: n_18438 3.24 2
drt: n_18439 8.6 2
drt: n_1844 7.44 2
drt: n_18440 1.4 2
drt: n_18441 2.2 2
drt: n_18442 6.8 2
drt: n_18443 1.2 2
drt: n_18444 5.72 2
drt: n_18445 1.4 2
drt: n_18446 9.16 4
drt: n_18447 4.44 3
drt: n_18448 4.2 2
drt: n_18449 16.52 4
drt: n_1845 1.2 2
drt: n_18450 2 3
drt: n_18451 1 2
drt: n_18452 7.6 4
drt: n_18453 10.53 3
drt: n_18454 4.12 2
drt: n_18455 8.62 4
drt: n_18456 4.2 3
drt: n_18457 3.8 2
drt: n_18458 17.12 7
drt: n_18459 5.6 3
drt: n_1846 3.92 2
drt: n_18460 1.4 2
drt: n_18461 8 4
drt: n_18462 2.4 3
drt: n_18463 1 2
drt: n_18464 2.2 3
drt: n_18465 17 4
drt: n_18466 4.4 3
drt: n_18467 3.2 2
drt: n_18468 6 3
drt: n_18469 3.81 3
drt: n_1847 4.24 2
drt: n_18470 4.72 2
drt: n_18471 5.6 3
drt: n_18472 6.72 3
drt: n_18473 1.8 2
drt: n_18474 5 3
drt: n_18475 2.81 3
drt: n_18476 2 2
drt: n_18477 4.6 3
drt: n_18478 4.4 3
drt: n_18479 0.8 2
drt: n_1848 0.4 2
drt: n_18480 9.12 3
drt: n_18481 3.6 3
drt: n_18482 1.6 2
drt: n_18483 8.88 3
drt: n_18484 4.2 4
drt: n_18485 4 3
drt: n_18486 1.6 2
drt: n_18487 7.72 4
drt: n_18488 6 3
drt: n_18489 1.8 2
drt: n_1849 5.4 2
drt: n_18490 17.89 6
drt: n_18491 13.41 4
drt: n_18492 5.73 3
drt: n_18493 5.8 2
drt: n_18494 4.2 3
drt: n_18495 6.92 3
drt: n_18496 2 3
drt: n_18497 12.32 4
drt: n_18498 10.4 3
drt: n_18499 1 2
drt: n_185 7.52 2
drt: n_1850 8.52 2
drt: n_18500 17 4
drt: n_18501 2.4 3
drt: n_18502 2 2
drt: n_18503 5.32 3
drt: n_18504 3.2 3
drt: n_18505 0.4 2
drt: n_18506 6 3
drt: n_18507 2.41 3
drt: n_18508 3.6 2
drt: n_18509 1.41 3
drt: n_1851 5.4 2
drt: n_18510 1.4 2
drt: n_18511 3.8 3
drt: n_18512 1.2 2
drt: n_18513 5.04 3
drt: n_18514 4.4 3
drt: n_18515 4.64 3
drt: n_18516 0.4 2
drt: n_18517 3.64 3
drt: n_18518 3.72 2
drt: n_18519 9.75 2
drt: n_1852 3.92 2
drt: n_18520 0.95 2
drt: n_18522 1.32 2
drt: n_18523 3.2 2
drt: n_18524 6.15 2
drt: n_18526 1.72 2
drt: n_18527 3.72 2
drt: n_18528 10.19 2
drt: n_18529 1.32 2
drt: n_1853 2.4 2
drt: n_18530 2.92 2
drt: n_18531 2.55 2
drt: n_18532 2.8 2
drt: n_18533 1 2
drt: n_18534 6.12 2
drt: n_18535 8.6 2
drt: n_18536 42.2 2
drt: n_18537 3.8 2
drt: n_18538 8.52 3
drt: n_18539 7 3
drt: n_1854 12.24 2
drt: n_18540 12.96 4
drt: n_18541 3.32 2
drt: n_18542 9.6 4
drt: n_18543 6.92 3
drt: n_18544 1.8 2
drt: n_18545 5 4
drt: n_18546 1.4 2
drt: n_18547 9.8 4
drt: n_18548 12.61 4
drt: n_18549 20.72 6
drt: n_1855 8.12 2
drt: n_18550 1 2
drt: n_18551 4.24 2
drt: n_18552 6.44 4
drt: n_18553 3.84 2
drt: n_18554 26.77 4
drt: n_18555 9.96 3
drt: n_18556 3.16 3
drt: n_18557 10 3
drt: n_18558 5.2 2
drt: n_18559 4.8 3
drt: n_1856 3.4 2
drt: n_18560 4.6 3
drt: n_18561 5.4 3
drt: n_18562 5.25 3
drt: n_18563 2 2
drt: n_18564 6.44 3
drt: n_18565 6.01 3
drt: n_18566 4.92 3
drt: n_18567 4.6 3
drt: n_18568 2.8 2
drt: n_18569 5.4 3
drt: n_1857 4.32 2
drt: n_18570 3.76 3
drt: n_18571 2.61 3
drt: n_18572 2.2 2
drt: n_18573 3.72 2
drt: n_18574 2.75 2
drt: n_18575 8.2 4
drt: n_18576 3.47 2
drt: n_18577 24.12 2
drt: n_18578 8.2 3
drt: n_18579 4.32 2
drt: n_1858 5.72 2
drt: n_18580 3.2 3
drt: n_18581 6.8 2
drt: n_18582 2.2 2
drt: n_18583 10.4 3
drt: n_18584 11.92 4
drt: n_18585 14.12 4
drt: n_18586 8.53 3
drt: n_18587 3.8 2
drt: n_18588 4.61 3
drt: n_18589 7.92 3
drt: n_1859 6.2 2
drt: n_18590 7.56 4
drt: n_18591 4.16 3
drt: n_18592 3.04 2
drt: n_18593 4.33 3
drt: n_18594 3.12 2
drt: n_18595 10.88 5
drt: n_18596 5.8 4
drt: n_18597 14.08 5
drt: n_18598 2.4 2
drt: n_18599 10.21 4
drt: n_186 9.2 2
drt: n_1860 8.4 2
drt: n_18600 1.4 2
drt: n_18601 1 2
drt: n_18602 4.2 3
drt: n_18603 56.47 5
drt: n_18604 1.2 2
drt: n_18605 14.84 4
drt: n_18606 4.2 3
drt: n_18607 2.12 2
drt: n_18608 16.13 5
drt: n_18609 15.72 5
drt: n_1861 4.8 2
drt: n_18610 8.8 2
drt: n_18611 12.12 4
drt: n_18612 7.4 3
drt: n_18613 1.4 2
drt: n_18614 14.24 4
drt: n_18615 1.4 2
drt: n_18616 3.77 3
drt: n_18617 1 2
drt: n_18618 6.8 3
drt: n_18619 3.4 2
drt: n_1862 5.72 2
drt: n_18620 13.4 4
drt: n_18621 1.4 2
drt: n_18622 4.52 3
drt: n_18623 9.64 4
drt: n_18624 4.4 2
drt: n_18625 2 3
drt: n_18626 8.44 3
drt: n_18627 5 3
drt: n_18628 7.8 3
drt: n_18629 7.8 4
drt: n_1863 1.4 2
drt: n_18630 14.8 4
drt: n_18631 6.04 4
drt: n_18632 11.93 4
drt: n_18633 6.52 4
drt: n_18634 7.64 4
drt: n_18635 12 4
drt: n_18636 4.8 4
drt: n_18637 7.33 4
drt: n_18638 7.65 4
drt: n_18639 3.8 3
drt: n_1864 3.8 2
drt: n_18640 0.8 2
drt: n_18641 8.4 3
drt: n_18642 5.6 3
drt: n_18643 4.04 3
drt: n_18644 22.32 6
drt: n_18645 1.32 2
drt: n_18646 9.72 2
drt: n_18647 17.24 3
drt: n_18648 4.44 2
drt: n_18649 6.6 4
drt: n_1865 1.8 2
drt: n_18650 6 4
drt: n_18651 20.92 4
drt: n_18652 4 4
drt: n_18653 7.56 4
drt: n_18654 12.6 4
drt: n_18655 7.53 4
drt: n_18656 7.28 4
drt: n_18657 10 4
drt: n_18658 1.6 3
drt: n_18659 1.4 2
drt: n_1866 13.6 2
drt: n_18660 10.4 5
drt: n_18661 4.04 3
drt: n_18662 2.44 2
drt: n_18663 7.8 4
drt: n_18664 5.4 3
drt: n_18665 1.4 2
drt: n_18666 9.53 4
drt: n_18667 5.32 3
drt: n_18668 10.76 3
drt: n_18669 1.4 2
drt: n_1867 5.25 2
drt: n_18670 3.36 3
drt: n_18671 1.64 2
drt: n_18672 7.04 4
drt: n_18673 2.72 2
drt: n_18674 4.55 2
drt: n_18675 1.8 2
drt: n_18676 5.44 4
drt: n_18677 3.45 3
drt: n_18678 1.64 2
drt: n_18679 4.4 3
drt: n_1868 0.8 2
drt: n_18680 1.4 2
drt: n_18681 6 3
drt: n_18682 1 2
drt: n_18683 8.72 4
drt: n_18684 2.4 3
drt: n_18685 1.4 2
drt: n_18686 3.95 2
drt: n_18687 2.4 2
drt: n_18688 2.84 2
drt: n_18689 3.32 2
drt: n_1869 3.84 2
drt: n_18690 9.6 2
drt: n_18691 4.12 2
drt: n_18692 21.88 2
drt: n_18693 4.84 2
drt: n_18694 8.52 4
drt: n_18695 2.2 2
drt: n_18696 1 2
drt: n_18697 2.84 2
drt: n_18698 1.8 2
drt: n_18699 2 2
drt: n_187 2.32 2
drt: n_1870 2.2 2
drt: n_18700 1.6 2
drt: n_18701 3.04 2
drt: n_18702 2.6 2
drt: n_18703 5.72 2
drt: n_18704 1.2 2
drt: n_18705 4 2
drt: n_18706 2.72 2
drt: n_18707 2.6 3
drt: n_18708 11 6
drt: n_18709 1.4 2
drt: n_1871 2.8 2
drt: n_18710 4.41 4
drt: n_18711 2.8 2
drt: n_18712 0.4 2
drt: n_18713 0.4 2
drt: n_18714 1.8 2
drt: n_18715 4.44 2
drt: n_18716 2 2
drt: n_18717 2.32 2
drt: n_18718 8.04 4
drt: n_18719 2 3
drt: n_1872 4.2 2
drt: n_18720 1 2
drt: n_18721 5.12 4
drt: n_18722 3.56 3
drt: n_18723 2.04 2
drt: n_18724 3.8 4
drt: n_18725 2.6 3
drt: n_18726 1.4 2
drt: n_18727 11.17 4
drt: n_18728 4 3
drt: n_18729 3.4 2
drt: n_1873 2 2
drt: n_18730 28.09 4
drt: n_18731 3.8 3
drt: n_18732 2.52 2
drt: n_18733 2.41 4
drt: n_18734 6 3
drt: n_18735 1.8 2
drt: n_18736 10.13 4
drt: n_18737 10.81 3
drt: n_18738 2.6 2
drt: n_18739 13.12 4
drt: n_1874 3.44 2
drt: n_18740 5.4 3
drt: n_18741 1.6 2
drt: n_18742 5 4
drt: n_18743 3.2 3
drt: n_18744 1 2
drt: n_18745 11.2 4
drt: n_18746 5 3
drt: n_18747 1.2 2
drt: n_18748 19.6 4
drt: n_18749 8.44 3
drt: n_1875 7 2
drt: n_18750 1.4 2
drt: n_18751 9.8 4
drt: n_18752 6.13 3
drt: n_18753 1.4 2
drt: n_18754 10.21 4
drt: n_18755 5.52 3
drt: n_18756 2.72 2
drt: n_18757 3.21 3
drt: n_18758 3.84 3
drt: n_18759 0.4 2
drt: n_1876 6 2
drt: n_18760 2.6 3
drt: n_18761 4.33 3
drt: n_18762 6 2
drt: n_18763 3.8 3
drt: n_18764 5 2
drt: n_18765 4.44 3
drt: n_18766 0.4 2
drt: n_18767 2.02 3
drt: n_18768 1.84 2
drt: n_18769 3 3
drt: n_1877 3.8 2
drt: n_18770 2.04 2
drt: n_18771 7.44 3
drt: n_18772 0.4 2
drt: n_18773 4.8 3
drt: n_18774 0.4 2
drt: n_18775 6.4 3
drt: n_18776 0.8 2
drt: n_18777 3.96 3
drt: n_18778 0.4 2
drt: n_18779 6.72 3
drt: n_1878 5.32 2
drt: n_18780 4.32 2
drt: n_18781 5.2 3
drt: n_18782 6.6 3
drt: n_18783 2.44 2
drt: n_18784 6.12 3
drt: n_18785 5.2 3
drt: n_18786 0.4 2
drt: n_18787 2.01 3
drt: n_18788 2 2
drt: n_18789 6.6 3
drt: n_1879 7.4 2
drt: n_18790 0.4 2
drt: n_18791 5.12 2
drt: n_18792 9.67 2
drt: n_18793 3.15 2
drt: n_18794 0.95 2
drt: n_18795 3.35 2
drt: n_18796 3.55 2
drt: n_18797 1.35 2
drt: n_18798 1.75 2
drt: n_18799 3.35 2
drt: n_188 2.24 2
drt: n_1880 4 2
drt: n_18800 2.75 2
drt: n_18801 4.95 2
drt: n_18802 1.75 2
drt: n_18803 2 2
drt: n_18804 99.64 2
drt: n_18805 2.2 2
drt: n_18806 5.92 2
drt: n_18807 5.12 2
drt: n_18808 1.8 2
drt: n_18809 46.72 2
drt: n_1881 6.61 2
drt: n_18810 5.52 2
drt: n_18811 9 2
drt: n_18812 19.93 3
drt: n_18813 1.4 2
drt: n_18814 9.92 2
drt: n_18815 16.64 2
drt: n_18816 11.44 2
drt: n_18817 5.32 2
drt: n_18818 5.72 3
drt: n_18819 5.6 3
drt: n_1882 4.72 2
drt: n_18820 3.6 3
drt: n_18821 2.8 2
drt: n_18822 28.44 7
drt: n_18823 8.92 3
drt: n_18824 4.92 2
drt: n_18825 10.24 4
drt: n_18826 20.68 4
drt: n_18827 3.4 3
drt: n_18828 1.4 2
drt: n_18829 10.84 4
drt: n_1883 4.72 2
drt: n_18830 2 3
drt: n_18831 9.44 4
drt: n_18832 5.2 3
drt: n_18833 12.24 4
drt: n_18834 2.4 3
drt: n_18835 1.8 2
drt: n_18836 4.8 3
drt: n_18837 7.4 3
drt: n_18838 5.4 3
drt: n_18839 2.8 3
drt: n_1884 1.72 2
drt: n_18840 5.92 3
drt: n_18841 4.8 3
drt: n_18842 3.2 2
drt: n_18843 3.64 3
drt: n_18844 3.84 3
drt: n_18845 1.6 2
drt: n_18846 74.81 5
drt: n_18847 4.55 2
drt: n_18848 1.75 2
drt: n_18849 19.12 4
drt: n_1885 6.24 2
drt: n_18850 2.8 2
drt: n_18851 6.84 4
drt: n_18852 3.35 2
drt: n_18853 2.75 2
drt: n_18854 6 3
drt: n_18855 2.32 2
drt: n_18856 11.4 3
drt: n_18857 6.8 2
drt: n_18858 3 3
drt: n_18859 11.32 3
drt: n_1886 3.04 2
drt: n_18860 5 3
drt: n_18861 3.44 3
drt: n_18862 10.64 4
drt: n_18863 6.33 4
drt: n_18864 3.8 2
drt: n_18865 9.32 4
drt: n_18866 9.92 3
drt: n_18867 4.6 4
drt: n_18868 1.4 2
drt: n_18869 39.92 4
drt: n_1887 1.8 2
drt: n_18870 1.4 2
drt: n_18871 5.44 4
drt: n_18872 12.6 3
drt: n_18873 16.92 4
drt: n_18874 3.32 2
drt: n_18875 13.52 4
drt: n_18876 4 3
drt: n_18877 17.05 5
drt: n_18878 1.64 2
drt: n_18879 8.2 3
drt: n_1888 2.6 2
drt: n_18880 11.8 3
drt: n_18881 4.13 3
drt: n_18882 15.92 5
drt: n_18883 3 2
drt: n_18884 2.2 3
drt: n_18885 9.4 5
drt: n_18886 1 2
drt: n_18887 7.2 4
drt: n_18888 2 3
drt: n_18889 1.2 2
drt: n_1889 1.4 2
drt: n_18890 3 4
drt: n_18891 1.2 2
drt: n_18892 11.2 4
drt: n_18893 1.2 2
drt: n_18894 6.4 4
drt: n_18895 21.65 4
drt: n_18896 24.68 4
drt: n_18897 2.6 2
drt: n_18898 4.6 4
drt: n_18899 13.72 4
drt: n_189 2.4 2
drt: n_1890 4.2 2
drt: n_18900 3.32 2
drt: n_18901 7.12 4
drt: n_18902 3.21 4
drt: n_18903 2.8 2
drt: n_18904 5 4
drt: n_18905 6.16 4
drt: n_18906 2.92 2
drt: n_18907 10.6 4
drt: n_18908 9.32 4
drt: n_18909 3 2
drt: n_1891 1.6 2
drt: n_18910 7 4
drt: n_18911 8.93 4
drt: n_18912 13.6 4
drt: n_18913 2.2 2
drt: n_18914 5 3
drt: n_18915 1 2
drt: n_18916 4.4 3
drt: n_18917 3.4 2
drt: n_18918 35.52 6
drt: n_18919 8.92 4
drt: n_1892 4.8 2
drt: n_18920 6 3
drt: n_18921 2 2
drt: n_18922 4.2 3
drt: n_18923 2.4 3
drt: n_18924 1.4 2
drt: n_18925 5.96 3
drt: n_18926 0.6 2
drt: n_18927 5.52 3
drt: n_18928 2.6 2
drt: n_18929 2.4 4
drt: n_1893 3.44 2
drt: n_18930 2.21 3
drt: n_18931 3.04 2
drt: n_18932 4.2 3
drt: n_18933 0.4 2
drt: n_18934 5.04 3
drt: n_18935 4 3
drt: n_18936 0.6 2
drt: n_18937 3.2 3
drt: n_18938 4.33 3
drt: n_18939 8.65 3
drt: n_1894 3 2
drt: n_18940 1.6 2
drt: n_18941 5.44 3
drt: n_18942 2.52 2
drt: n_18943 6.16 4
drt: n_18944 6.12 4
drt: n_18945 2.2 3
drt: n_18946 1.4 2
drt: n_18947 9.6 3
drt: n_18948 2.24 2
drt: n_18949 3.73 4
drt: n_1895 5.2 2
drt: n_18950 5.6 3
drt: n_18951 0.4 2
drt: n_18952 5.2 3
drt: n_18953 2 2
drt: n_18954 6.24 3
drt: n_18955 0.4 2
drt: n_18956 6.4 3
drt: n_18957 2.4 2
drt: n_18958 3.4 3
drt: n_18959 5.24 3
drt: n_1896 3.84 2
drt: n_18960 2.6 2
drt: n_18961 3.44 3
drt: n_18962 2.4 3
drt: n_18963 1.2 2
drt: n_18964 6.12 4
drt: n_18965 2.4 3
drt: n_18966 3.12 2
drt: n_18967 6.32 3
drt: n_18968 6.4 2
drt: n_18969 3.84 3
drt: n_1897 5.32 2
drt: n_18970 0.4 2
drt: n_18971 5.4 3
drt: n_18972 4.44 2
drt: n_18973 4.32 3
drt: n_18974 1.2 2
drt: n_18975 3 3
drt: n_18976 5.6 4
drt: n_18977 1.32 2
drt: n_18978 4.12 3
drt: n_18979 6.44 4
drt: n_1898 5.52 2
drt: n_18980 4.92 3
drt: n_18981 1.4 2
drt: n_18982 6.4 4
drt: n_18983 2.15 2
drt: n_18984 1.75 2
drt: n_18985 6.8 2
drt: n_18986 1.32 2
drt: n_18987 1.75 2
drt: n_18988 6.04 4
drt: n_18989 3.87 2
drt: n_1899 3.92 2
drt: n_18990 6.67 2
drt: n_18991 3.6 2
drt: n_18992 5.4 2
drt: n_18993 1.2 2
drt: n_18994 1 2
drt: n_18995 4.32 2
drt: n_18996 0.8 2
drt: n_18997 13.6 2
drt: n_18998 3.2 2
drt: n_18999 1 2
drt: n_19 2.24 2
drt: n_190 1.6 2
drt: n_1900 4.03 2
drt: n_19000 8 4
drt: n_19001 9.8 4
drt: n_19002 7.92 3
drt: n_19003 2.2 2
drt: n_19004 6.12 3
drt: n_19005 1 2
drt: n_19006 2.81 3
drt: n_19007 1.32 2
drt: n_19008 9.44 3
drt: n_19009 2.92 2
drt: n_1901 3.52 2
drt: n_19010 6.33 3
drt: n_19011 3.52 2
drt: n_19012 4.64 3
drt: n_19013 2.6 2
drt: n_19014 11.08 4
drt: n_19015 6.12 4
drt: n_19016 6.12 3
drt: n_19017 8.12 4
drt: n_19018 2.4 3
drt: n_19019 4.2 2
drt: n_1902 3 2
drt: n_19020 1.6 2
drt: n_19021 3.2 3
drt: n_19022 1 2
drt: n_19023 4.2 3
drt: n_19024 1.64 2
drt: n_19025 7.01 3
drt: n_19026 1 2
drt: n_19027 4.8 3
drt: n_19028 2.2 2
drt: n_19029 4.84 3
drt: n_1903 5.32 2
drt: n_19030 1 2
drt: n_19031 2.8 3
drt: n_19032 1 2
drt: n_19033 5.12 3
drt: n_19034 1.2 2
drt: n_19035 6 3
drt: n_19036 2 2
drt: n_19037 4.92 3
drt: n_19038 1.64 2
drt: n_19039 3.6 3
drt: n_1904 4.24 2
drt: n_19040 1.2 2
drt: n_19041 4 3
drt: n_19042 1 2
drt: n_19043 4.44 3
drt: n_19044 1.4 2
drt: n_19045 2.4 3
drt: n_19046 1 2
drt: n_19047 5.44 3
drt: n_19048 1.8 2
drt: n_19049 3.2 3
drt: n_1905 4.8 2
drt: n_19050 1.4 2
drt: n_19051 3.4 3
drt: n_19052 1.4 2
drt: n_19053 1.61 3
drt: n_19054 1.64 2
drt: n_19055 3.4 3
drt: n_19056 2.4 2
drt: n_19057 6.84 3
drt: n_19058 1 2
drt: n_19059 10.84 4
drt: n_1906 3.4 2
drt: n_19060 12.32 4
drt: n_19061 10.37 4
drt: n_19062 21.6 4
drt: n_19063 1.2 2
drt: n_19064 6.84 3
drt: n_19065 1.6 2
drt: n_19066 4.4 2
drt: n_19067 2.8 2
drt: n_19068 3.72 2
drt: n_19069 12.12 4
drt: n_1907 4.74 2
drt: n_19070 11.64 3
drt: n_19071 5.52 2
drt: n_19072 11.12 4
drt: n_19073 7.4 3
drt: n_19074 3.6 2
drt: n_19075 8.72 4
drt: n_19076 1.8 3
drt: n_19077 1.64 2
drt: n_19078 5.6 3
drt: n_19079 2 2
drt: n_1908 6.44 2
drt: n_19080 7.52 3
drt: n_19081 7.92 3
drt: n_19082 2.32 2
drt: n_19083 9.24 4
drt: n_19084 3.2 3
drt: n_19085 1.4 2
drt: n_19086 9.8 4
drt: n_19087 7 3
drt: n_19088 1.8 2
drt: n_19089 15.52 4
drt: n_1909 2.92 2
drt: n_19090 11.2 3
drt: n_19091 7.2 2
drt: n_19092 23.17 4
drt: n_19093 7.24 3
drt: n_19094 3.12 2
drt: n_19095 7.4 4
drt: n_19096 4 3
drt: n_19097 1.2 2
drt: n_19098 13.24 4
drt: n_19099 7.92 3
drt: n_191 1.2 2
drt: n_1910 1.6 2
drt: n_19100 8.52 2
drt: n_19101 13.6 4
drt: n_19102 2.6 3
drt: n_19103 2.81 2
drt: n_19104 2.2 3
drt: n_19105 1.4 2
drt: n_19106 6.56 3
drt: n_19107 3.64 2
drt: n_19108 1.75 2
drt: n_19109 2.32 2
drt: n_1911 3.72 2
drt: n_19110 1.35 2
drt: n_19111 3.15 2
drt: n_19112 2.35 2
drt: n_19113 31.36 2
drt: n_19114 14.8 2
drt: n_19115 43 2
drt: n_19116 14.44 2
drt: n_19117 2.4 2
drt: n_19118 3 2
drt: n_19119 3.2 2
drt: n_1912 4 2
drt: n_19120 5 2
drt: n_19121 4.72 2
drt: n_19122 17.96 2
drt: n_19123 4.2 2
drt: n_19124 1.4 2
drt: n_19125 6.32 3
drt: n_19126 4.2 2
drt: n_19127 7.52 2
drt: n_19128 9.32 3
drt: n_19129 10.36 6
drt: n_1913 8.4 2
drt: n_19130 5.44 3
drt: n_19131 1.64 2
drt: n_19132 4.12 3
drt: n_19133 2.8 3
drt: n_19134 0.8 2
drt: n_19135 2.6 3
drt: n_19136 8 3
drt: n_19137 5.04 3
drt: n_19138 0.4 2
drt: n_19139 6 3
drt: n_1914 2.84 2
drt: n_19140 4.16 3
drt: n_19141 3.6 3
drt: n_19142 3.6 2
drt: n_19143 5.2 3
drt: n_19144 7.12 3
drt: n_19145 5.6 3
drt: n_19146 9.4 3
drt: n_19147 3.6 3
drt: n_19148 6.92 3
drt: n_19149 2.35 2
drt: n_1915 2.64 2
drt: n_19150 1.35 2
drt: n_19151 2.92 2
drt: n_19152 9.75 2
drt: n_19153 2.27 2
drt: n_19154 4.27 2
drt: n_19155 4.27 2
drt: n_19156 2.6 2
drt: n_19157 5.4 2
drt: n_19158 1.35 2
drt: n_19159 1.75 2
drt: n_1916 2.24 2
drt: n_19160 2.8 2
drt: n_19161 1.52 2
drt: n_19162 2.15 2
drt: n_19163 5.87 2
drt: n_19164 2.92 2
drt: n_19165 7.72 3
drt: n_19166 8.44 2
drt: n_19167 59.76 2
drt: n_19168 25.04 2
drt: n_19169 10.81 3
drt: n_1917 5.44 2
drt: n_19170 9.12 3
drt: n_19171 10.04 2
drt: n_19172 6.52 2
drt: n_19173 13 3
drt: n_19174 4.6 3
drt: n_19175 8.12 3
drt: n_19176 12.4 3
drt: n_19177 1.6 2
drt: n_19178 6.04 2
drt: n_19179 5.2 3
drt: n_1918 3.04 2
drt: n_19180 1.2 2
drt: n_19181 2.52 2
drt: n_19182 3.24 3
drt: n_19183 4.64 3
drt: n_19184 9.32 3
drt: n_19185 2.44 2
drt: n_19186 45.05 4
drt: n_19187 1 2
drt: n_19188 8.84 4
drt: n_19189 5.8 4
drt: n_1919 7.32 2
drt: n_19190 6.44 3
drt: n_19191 0.4 2
drt: n_19192 2.8 3
drt: n_19193 1.2 2
drt: n_19194 7.6 4
drt: n_19195 4.64 3
drt: n_19196 1.4 2
drt: n_19197 20.41 4
drt: n_19198 10.72 3
drt: n_19199 2.6 2
drt: n_192 5.52 2
drt: n_1920 2.2 2
drt: n_19200 4.21 4
drt: n_19201 4.8 3
drt: n_19202 1.6 2
drt: n_19203 4.25 3
drt: n_19204 2.8 3
drt: n_19205 1.6 2
drt: n_19206 4.6 4
drt: n_19207 4.2 3
drt: n_19208 1.2 2
drt: n_19209 6.4 3
drt: n_1921 1.6 2
drt: n_19210 6.08 4
drt: n_19211 3.6 3
drt: n_19212 3.32 2
drt: n_19213 5.4 3
drt: n_19214 0.4 2
drt: n_19215 7.64 4
drt: n_19216 7.24 3
drt: n_19217 1.64 2
drt: n_19218 11.12 3
drt: n_19219 2.6 2
drt: n_1922 5.8 2
drt: n_19220 6.92 3
drt: n_19221 1.2 2
drt: n_19222 8.81 4
drt: n_19223 5.24 3
drt: n_19224 3.32 2
drt: n_19225 5.16 3
drt: n_19226 0.4 2
drt: n_19227 3.4 3
drt: n_19228 6.8 3
drt: n_19229 12.6 4
drt: n_1923 4 2
drt: n_19230 7 3
drt: n_19231 1.8 2
drt: n_19232 9.6 4
drt: n_19233 5.8 3
drt: n_19234 1.2 2
drt: n_19235 3.6 3
drt: n_19236 3.05 3
drt: n_19237 0.4 2
drt: n_19238 8.52 4
drt: n_19239 5.4 3
drt: n_1924 2.2 2
drt: n_19240 1 2
drt: n_19241 3.96 3
drt: n_19242 2.24 2
drt: n_19243 16.12 4
drt: n_19244 14.76 3
drt: n_19245 1.4 2
drt: n_19246 14.68 4
drt: n_19247 3 3
drt: n_19248 3 2
drt: n_19249 10.6 4
drt: n_1925 8.4 2
drt: n_19250 4.4 3
drt: n_19251 1 2
drt: n_19252 3.2 3
drt: n_19253 2.2 2
drt: n_19254 15.92 4
drt: n_19255 8 3
drt: n_19256 1 2
drt: n_19257 12.54 4
drt: n_19258 3.2 3
drt: n_19259 1 2
drt: n_1926 7.68 2
drt: n_19260 13.28 4
drt: n_19261 4.72 3
drt: n_19262 2.6 2
drt: n_19263 3.73 3
drt: n_19264 0.4 2
drt: n_19265 3.2 3
drt: n_19266 2.8 3
drt: n_19267 8.8 3
drt: n_19268 2.4 2
drt: n_19269 6.32 3
drt: n_1927 3.92 2
drt: n_19270 0.4 2
drt: n_19271 15.12 6
drt: n_19272 4.64 3
drt: n_19273 0.4 2
drt: n_19274 2.64 3
drt: n_19275 1.4 2
drt: n_19276 3.55 2
drt: n_19277 4.15 2
drt: n_19278 11.4 4
drt: n_19279 2.15 2
drt: n_1928 6.4 2
drt: n_19280 2.55 2
drt: n_19281 2.55 2
drt: n_19282 6.44 4
drt: n_19283 1.75 2
drt: n_19284 2.95 2
drt: n_19285 1.6 2
drt: n_19286 4.32 2
drt: n_19287 2.2 2
drt: n_19288 6.72 2
drt: n_19289 5.96 3
drt: n_1929 10.56 2
drt: n_19290 14.76 5
drt: n_19291 2.8 2
drt: n_19292 14.04 3
drt: n_19293 3.24 2
drt: n_19294 0.8 2
drt: n_19295 2 2
drt: n_19296 10.12 2
drt: n_19297 19.48 2
drt: n_19298 10.8 4
drt: n_19299 8.12 4
drt: n_193 3.52 2
drt: n_1930 11.2 2
drt: n_19300 11.32 4
drt: n_19301 12.2 4
drt: n_19302 29.64 4
drt: n_19303 9.24 4
drt: n_19304 26.44 6
drt: n_19305 1.2 2
drt: n_19306 9 4
drt: n_19307 5.41 4
drt: n_19308 1.4 2
drt: n_19309 32.45 4
drt: n_1931 5.32 2
drt: n_19310 6.8 4
drt: n_19311 2.41 3
drt: n_19312 1.2 2
drt: n_19313 6.84 3
drt: n_19314 0.4 2
drt: n_19315 5.4 3
drt: n_19316 3.72 3
drt: n_19317 3.92 2
drt: n_19318 1.8 2
drt: n_19319 34.24 2
drt: n_1932 1.6 2
drt: n_19320 25.12 3
drt: n_19321 9.01 4
drt: n_19322 12.36 4
drt: n_19323 11.6 4
drt: n_19324 1 2
drt: n_19325 2.4 3
drt: n_19326 1.4 2
drt: n_19327 15.12 4
drt: n_19328 2.2 2
drt: n_19329 2 3
drt: n_1933 4.72 2
drt: n_19330 16.12 5
drt: n_19331 1.4 2
drt: n_19332 13.84 2
drt: n_19333 3.8 4
drt: n_19334 1.4 2
drt: n_19335 34.48 5
drt: n_19336 16 4
drt: n_19337 14.29 4
drt: n_19338 2.8 2
drt: n_19339 12.68 4
drt: n_1934 6.2 2
drt: n_19340 1 2
drt: n_19341 3.96 3
drt: n_19342 2.4 2
drt: n_19343 51.96 6
drt: n_19344 1 2
drt: n_19345 18.05 4
drt: n_19346 3.8 3
drt: n_19347 1.2 2
drt: n_19348 4 3
drt: n_19349 1.4 2
drt: n_1935 6.4 2
drt: n_19350 2 3
drt: n_19351 2 2
drt: n_19352 4.72 3
drt: n_19353 1 2
drt: n_19354 35.04 4
drt: n_19355 6.36 3
drt: n_19356 3.13 3
drt: n_19357 2.2 2
drt: n_19358 1.2 2
drt: n_19359 3.6 3
drt: n_1936 2.4 2
drt: n_19360 1.4 2
drt: n_19361 4.6 3
drt: n_19362 4.72 3
drt: n_19363 2.44 2
drt: n_19364 1.8 3
drt: n_19365 1.64 2
drt: n_19366 3.87 2
drt: n_19367 8.6 4
drt: n_19368 4.32 4
drt: n_19369 7.8 4
drt: n_1937 3.4 2
drt: n_19370 9.6 4
drt: n_19371 9.2 4
drt: n_19372 20.04 4
drt: n_19373 5 4
drt: n_19374 14.8 4
drt: n_19375 5.68 4
drt: n_19376 12 4
drt: n_19377 6.04 4
drt: n_19378 9.6 4
drt: n_19379 4.2 4
drt: n_1938 6.72 2
drt: n_19380 21.32 4
drt: n_19381 11.52 4
drt: n_19382 7 4
drt: n_19383 8.36 4
drt: n_19384 6 4
drt: n_19385 4.41 4
drt: n_19386 2.8 3
drt: n_19387 1.64 2
drt: n_19388 5.93 4
drt: n_19389 3.67 2
drt: n_1939 2.6 2
drt: n_19390 2.8 3
drt: n_19391 1.4 2
drt: n_19392 2.8 3
drt: n_19393 2.4 2
drt: n_19394 5.72 3
drt: n_19395 1.2 2
drt: n_19396 36.24 4
drt: n_19397 1.6 2
drt: n_19398 5.12 3
drt: n_19399 1.84 2
drt: n_194 3.6 2
drt: n_1940 1.4 2
drt: n_19400 2.04 2
drt: n_19401 4.92 2
drt: n_19402 4.2 2
drt: n_19403 3.12 2
drt: n_19404 15.92 2
drt: n_19405 3.64 2
drt: n_19406 2.52 2
drt: n_19407 4.4 2
drt: n_19408 9.72 2
drt: n_19409 1.6 2
drt: n_1941 3 2
drt: n_19410 1.8 2
drt: n_19411 1.4 2
drt: n_19412 5.24 2
drt: n_19413 12.44 3
drt: n_19414 27.8 7
drt: n_19415 6.4 3
drt: n_19416 2.2 2
drt: n_19417 2.6 3
drt: n_19418 1.8 2
drt: n_19419 3 3
drt: n_1942 4.6 2
drt: n_19420 6 3
drt: n_19421 5.6 3
drt: n_19422 4.4 2
drt: n_19423 2.84 3
drt: n_19424 5.04 3
drt: n_19425 5.2 3
drt: n_19426 4.93 3
drt: n_19427 4.21 3
drt: n_19428 1.6 2
drt: n_19429 5 3
drt: n_1943 4.8 2
drt: n_19430 7.4 3
drt: n_19431 3.96 3
drt: n_19432 4.4 3
drt: n_19433 3.6 3
drt: n_19434 2.2 3
drt: n_19435 5.4 3
drt: n_19436 3.92 2
drt: n_19437 1.32 2
drt: n_19438 4.92 2
drt: n_19439 8.12 2
drt: n_1944 7.32 2
drt: n_19440 2.92 2
drt: n_19441 4.47 2
drt: n_19442 9.4 2
drt: n_19443 1.32 2
drt: n_19444 3.24 2
drt: n_19445 4.6 2
drt: n_19446 8.4 2
drt: n_19447 5.12 2
drt: n_19448 6.44 3
drt: n_19449 3.84 2
drt: n_1945 5.4 2
drt: n_19450 13.96 2
drt: n_19451 12.44 3
drt: n_19452 7.24 3
drt: n_19453 3.6 3
drt: n_19454 7.92 3
drt: n_19455 2.8 2
drt: n_19456 5.32 3
drt: n_19457 15.4 3
drt: n_19458 11.8 4
drt: n_19459 5.21 3
drt: n_1946 7.72 2
drt: n_19460 10.21 4
drt: n_19461 2.4 2
drt: n_19462 10.2 4
drt: n_19463 9.6 3
drt: n_19464 3.2 2
drt: n_19465 7.65 4
drt: n_19466 3 3
drt: n_19467 1.64 2
drt: n_19468 12.52 4
drt: n_19469 8.6 3
drt: n_1947 3.52 2
drt: n_19470 5.4 2
drt: n_19471 78.48 6
drt: n_19472 1.6 2
drt: n_19473 14.2 3
drt: n_19474 13.81 4
drt: n_19475 6.4 4
drt: n_19476 1.4 2
drt: n_19477 2.32 3
drt: n_19478 4 3
drt: n_19479 0.4 2
drt: n_1948 5.8 2
drt: n_19480 7.93 4
drt: n_19481 1.4 3
drt: n_19482 1.53 2
drt: n_19483 5.92 3
drt: n_19484 4.2 2
drt: n_19485 4.6 3
drt: n_19486 3.92 3
drt: n_19487 5.6 3
drt: n_19488 0.4 2
drt: n_19489 4.4 3
drt: n_1949 0.6 2
drt: n_19490 5.72 2
drt: n_19491 8.64 3
drt: n_19492 2.6 3
drt: n_19493 7.4 4
drt: n_19494 3.6 3
drt: n_19495 1.64 2
drt: n_19496 8.6 4
drt: n_19497 6.72 3
drt: n_19498 2.8 2
drt: n_19499 4.72 3
drt: n_195 5.01 2
drt: n_1950 4.84 2
drt: n_19500 2.6 3
drt: n_19501 8 3
drt: n_19502 7.04 3
drt: n_19503 2.96 3
drt: n_19504 2.04 2
drt: n_19505 3 3
drt: n_19506 4.2 3
drt: n_19507 3.6 2
drt: n_19508 9.2 3
drt: n_19509 0.8 2
drt: n_1951 7.4 2
drt: n_19510 6.4 3
drt: n_19511 3.12 2
drt: n_19512 1.35 2
drt: n_19513 6.95 2
drt: n_19514 2.15 2
drt: n_19515 2.95 2
drt: n_19516 4.32 2
drt: n_19517 2.2 2
drt: n_19518 5.4 2
drt: n_19519 3.8 2
drt: n_1952 1.6 2
drt: n_19520 4.52 2
drt: n_19521 6.72 2
drt: n_19522 5 3
drt: n_19523 9.84 3
drt: n_19524 2.8 3
drt: n_19525 10.76 4
drt: n_19526 3.4 3
drt: n_19527 2.4 2
drt: n_19528 3.6 2
drt: n_19529 11.16 4
drt: n_1953 1 2
drt: n_19530 4.12 3
drt: n_19531 1.32 2
drt: n_19532 4.2 3
drt: n_19533 5.76 3
drt: n_19534 2.6 3
drt: n_19535 4.41 3
drt: n_19536 2.2 3
drt: n_19537 1.6 2
drt: n_19538 4.4 3
drt: n_19539 3.8 3
drt: n_1954 5.6 2
drt: n_19540 4.6 3
drt: n_19541 1.8 2
drt: n_19542 9.8 4
drt: n_19543 3.4 2
drt: n_19544 6.13 3
drt: n_19545 5.2 3
drt: n_19546 4.24 3
drt: n_19547 5.64 3
drt: n_19548 4.12 3
drt: n_19549 5.04 3
drt: n_1955 4.04 2
drt: n_19550 3.8 3
drt: n_19551 7.72 3
drt: n_19552 9.44 3
drt: n_19553 8.2 3
drt: n_19554 4.64 3
drt: n_19555 3.4 3
drt: n_19556 6 3
drt: n_19557 8.44 2
drt: n_19558 2.07 2
drt: n_19559 8.4 2
drt: n_1956 4.8 2
drt: n_19560 2.8 2
drt: n_19561 1.92 2
drt: n_19562 3.12 2
drt: n_19563 4.8 3
drt: n_19564 67.04 5
drt: n_19565 2.6 2
drt: n_19566 15.84 4
drt: n_19567 1 2
drt: n_19568 20.72 4
drt: n_19569 6.32 3
drt: n_1957 3.6 2
drt: n_19570 16.41 4
drt: n_19571 3.8 3
drt: n_19572 1.4 2
drt: n_19573 20.4 4
drt: n_19574 1.4 2
drt: n_19575 4.6 3
drt: n_19576 2.2 3
drt: n_19577 7.8 5
drt: n_19578 1 2
drt: n_19579 12.4 4
drt: n_1958 7 2
drt: n_19580 16.4 4
drt: n_19581 10.13 4
drt: n_19582 7 3
drt: n_19583 15.6 5
drt: n_19584 3 2
drt: n_19585 7.17 4
drt: n_19586 2.4 3
drt: n_19587 8.4 2
drt: n_19588 1 2
drt: n_19589 26.76 4
drt: n_1959 8.32 2
drt: n_19590 5.6 3
drt: n_19591 1.2 2
drt: n_19592 16.56 6
drt: n_19593 2.2 2
drt: n_19594 1.8 2
drt: n_19595 21.65 6
drt: n_19596 1.2 2
drt: n_19597 10.13 6
drt: n_19598 2.44 2
drt: n_19599 9 6
drt: n_196 3.72 2
drt: n_1960 5.6 2
drt: n_19600 2.2 2
drt: n_19601 8.12 4
drt: n_19602 5.09 4
drt: n_19603 5.4 4
drt: n_19604 7.2 2
drt: n_19605 13.36 4
drt: n_19606 11.52 4
drt: n_19607 34.09 6
drt: n_19608 2.4 2
drt: n_19609 3 3
drt: n_1961 7.4 2
drt: n_19610 1.8 2
drt: n_19611 3.6 3
drt: n_19612 3.04 3
drt: n_19613 9.32 4
drt: n_19614 3.53 3
drt: n_19615 3.52 2
drt: n_19616 9.36 4
drt: n_19617 4.6 4
drt: n_19618 2.2 3
drt: n_19619 2.6 2
drt: n_1962 2.84 2
drt: n_19620 7 4
drt: n_19621 4.4 3
drt: n_19622 7 4
drt: n_19623 5.2 3
drt: n_19624 1.8 3
drt: n_19625 1.41 3
drt: n_19626 2 2
drt: n_19627 2.84 3
drt: n_19628 2.4 3
drt: n_19629 2.64 2
drt: n_1963 2.2 2
drt: n_19630 31.77 6
drt: n_19631 2.4 3
drt: n_19632 3.25 3
drt: n_19633 3.6 2
drt: n_19634 5.96 3
drt: n_19635 2.25 3
drt: n_19636 2.24 2
drt: n_19637 6.93 3
drt: n_19638 2.66 2
drt: n_19639 61.44 4
drt: n_1964 5.72 2
drt: n_19640 4.72 3
drt: n_19641 0.4 2
drt: n_19642 13.33 6
drt: n_19643 4.6 3
drt: n_19644 1.44 2
drt: n_19645 6.44 4
drt: n_19646 4.92 3
drt: n_19647 5 3
drt: n_19648 4.02 3
drt: n_19649 4.24 3
drt: n_1965 0.6 2
drt: n_19650 2.92 2
drt: n_19651 2.09 2
drt: n_19652 1.32 2
drt: n_19653 1.32 2
drt: n_19654 17.6 4
drt: n_19655 2.15 2
drt: n_19656 8.2 2
drt: n_19657 9.85 4
drt: n_19658 7.2 4
drt: n_19659 7 4
drt: n_1966 3.52 2
drt: n_19660 14.37 4
drt: n_19661 7.01 4
drt: n_19662 12.12 4
drt: n_19663 7.4 4
drt: n_19664 8.24 4
drt: n_19665 9.8 4
drt: n_19666 0.32 2
drt: n_19667 4.4 3
drt: n_19668 1 2
drt: n_19669 3.04 3
drt: n_1967 3.8 2
drt: n_19670 2.4 2
drt: n_19671 5.6 3
drt: n_19672 6.34 4
drt: n_19673 3.76 3
drt: n_19674 1.64 2
drt: n_19675 1.27 2
drt: n_19676 24.84 2
drt: n_19677 4.44 4
drt: n_19678 17.28 4
drt: n_19679 3.76 3
drt: n_1968 3.8 2
drt: n_19680 1.64 2
drt: n_19681 9.16 4
drt: n_19682 3.4 3
drt: n_19683 1.2 2
drt: n_19684 7.2 3
drt: n_19685 1 2
drt: n_19686 6.81 3
drt: n_19687 2.2 2
drt: n_19688 3.53 3
drt: n_19689 2.6 2
drt: n_1969 6.4 2
drt: n_19690 1.8 3
drt: n_19691 1.6 2
drt: n_19692 4.4 3
drt: n_19693 3.4 2
drt: n_19694 7.52 3
drt: n_19695 3.72 2
drt: n_19696 7 3
drt: n_19697 1.4 2
drt: n_19698 3.52 3
drt: n_19699 1 2
drt: n_197 2.92 2
drt: n_1970 4.6 2
drt: n_19700 2.8 3
drt: n_19701 1.2 2
drt: n_19702 4.92 3
drt: n_19703 1.4 2
drt: n_19704 3.2 3
drt: n_19705 1.2 2
drt: n_19706 2.6 3
drt: n_19707 1.64 2
drt: n_19708 2.33 3
drt: n_19709 1.8 2
drt: n_1971 2 2
drt: n_19710 3.33 3
drt: n_19711 3.52 2
drt: n_19712 3.2 3
drt: n_19713 1.4 2
drt: n_19714 4.6 3
drt: n_19715 2.8 2
drt: n_19716 4 3
drt: n_19717 2 2
drt: n_19718 8 4
drt: n_19719 6.2 4
drt: n_1972 5.84 2
drt: n_19720 5.73 4
drt: n_19721 8.49 4
drt: n_19722 4.44 3
drt: n_19723 1.8 2
drt: n_19724 1.32 2
drt: n_19725 4.96 3
drt: n_19726 3 2
drt: n_19727 5.72 2
drt: n_19728 6.72 2
drt: n_19729 3.6 2
drt: n_1973 3.8 2
drt: n_19730 1.4 2
drt: n_19731 9.12 2
drt: n_19732 11.92 2
drt: n_19733 4.4 2
drt: n_19734 41.92 2
drt: n_19735 8.32 2
drt: n_19736 96.2 2
drt: n_19737 12.04 7
drt: n_19738 4.6 3
drt: n_19739 1 2
drt: n_1974 6.12 2
drt: n_19740 6.64 3
drt: n_19741 3.04 3
drt: n_19742 2.2 2
drt: n_19743 3.6 3
drt: n_19744 1.4 2
drt: n_19745 3.8 3
drt: n_19746 6.27 2
drt: n_19747 1.32 2
drt: n_19748 2.92 2
drt: n_19749 1.32 2
drt: n_1975 3.8 2
drt: n_19750 5 2
drt: n_19751 9.8 2
drt: n_19752 1.6 2
drt: n_19753 1.8 2
drt: n_19754 5.2 2
drt: n_19755 2.24 2
drt: n_19756 1.6 2
drt: n_19757 6.2 3
drt: n_19758 2.2 2
drt: n_19759 7.6 2
drt: n_1976 4.44 2
drt: n_19760 1.2 2
drt: n_19761 3.6 2
drt: n_19762 1.6 2
drt: n_19763 0.4 2
drt: n_19764 1.6 2
drt: n_19765 1.8 2
drt: n_19766 4.8 2
drt: n_19767 5 2
drt: n_19768 4.84 3
drt: n_19769 3 2
drt: n_1977 3 2
drt: n_19770 2.4 2
drt: n_19771 3.32 2
drt: n_19772 1.8 2
drt: n_19773 14.53 5
drt: n_19774 0.4 2
drt: n_19775 3.4 3
drt: n_19776 6.64 3
drt: n_19777 0.4 2
drt: n_19778 3.04 3
drt: n_19779 4.6 3
drt: n_1978 4.52 2
drt: n_19780 4.2 4
drt: n_19781 1.6 3
drt: n_19782 1 2
drt: n_19783 4.2 3
drt: n_19784 7.8 4
drt: n_19785 6.72 3
drt: n_19786 1.2 2
drt: n_19787 14.6 4
drt: n_19788 7.4 3
drt: n_19789 3.92 2
drt: n_1979 2.6 2
drt: n_19790 3.4 4
drt: n_19791 3.64 3
drt: n_19792 1.6 2
drt: n_19793 3.16 3
drt: n_19794 2.52 2
drt: n_19795 17.92 4
drt: n_19796 2.8 3
drt: n_19797 1 2
drt: n_19798 6.53 3
drt: n_19799 1.4 2
drt: n_198 3.32 2
drt: n_1980 1.8 2
drt: n_19800 5 3
drt: n_19801 0.8 2
drt: n_19802 6 3
drt: n_19803 1.6 2
drt: n_19804 6.6 3
drt: n_19805 2.6 2
drt: n_19806 4.64 3
drt: n_19807 1.2 2
drt: n_19808 6.6 3
drt: n_19809 0.8 2
drt: n_1981 0.4 2
drt: n_19810 8.8 3
drt: n_19811 0.4 2
drt: n_19812 4.2 3
drt: n_19813 2.2 2
drt: n_19814 13.4 4
drt: n_19815 10.8 3
drt: n_19816 12.12 2
drt: n_19817 4.6 4
drt: n_19818 5.4 3
drt: n_19819 1.2 2
drt: n_1982 4.2 2
drt: n_19820 10 4
drt: n_19821 7.6 3
drt: n_19822 1.4 2
drt: n_19823 13.12 4
drt: n_19824 3.4 3
drt: n_19825 1 2
drt: n_19826 1.32 2
drt: n_19827 5.75 2
drt: n_19828 3.52 2
drt: n_19829 2.92 2
drt: n_19830 7.24 2
drt: n_19831 4.15 2
drt: n_19832 10.52 2
drt: n_19833 1.75 2
drt: n_19834 9.75 2
drt: n_19835 9.84 4
drt: n_19836 2.55 2
drt: n_19837 1.55 2
drt: n_19838 1.35 2
drt: n_19839 3.47 2
drt: n_1984 1 2
drt: n_19840 0.95 2
drt: n_19841 1.32 2
drt: n_19842 5 2
drt: n_19843 59.96 2
drt: n_19844 4.92 2
drt: n_19845 1.4 2
drt: n_19846 5.12 2
drt: n_19847 2.84 2
drt: n_19848 7.24 3
drt: n_19849 3.24 2
drt: n_1985 2.44 2
drt: n_19850 2.8 2
drt: n_19851 27.4 2
drt: n_19852 2.2 2
drt: n_19853 1.4 2
drt: n_19854 7 3
drt: n_19855 12.4 2
drt: n_19856 22.72 2
drt: n_19857 3.6 2
drt: n_19858 6.2 2
drt: n_19859 3 2
drt: n_1986 4.2 2
drt: n_19860 5.92 2
drt: n_19861 3 2
drt: n_19862 8.2 4
drt: n_19863 6.4 3
drt: n_19864 1.64 2
drt: n_19865 7 3
drt: n_19866 2.6 2
drt: n_19867 10.96 4
drt: n_19868 1.8 2
drt: n_19869 4.2 3
drt: n_1987 2.92 2
drt: n_19870 4.2 3
drt: n_19871 15.84 4
drt: n_19872 8.21 3
drt: n_19873 8.16 3
drt: n_19874 5.72 3
drt: n_19875 6.4 4
drt: n_19876 6.2 3
drt: n_19877 1.4 2
drt: n_19878 4.36 3
drt: n_19879 2.04 2
drt: n_1988 1.8 2
drt: n_19880 3.04 3
drt: n_19881 3.52 3
drt: n_19882 4.2 3
drt: n_19883 6.64 3
drt: n_19884 3 3
drt: n_19885 4.84 3
drt: n_19886 3.2 3
drt: n_19887 9.52 3
drt: n_19888 3.6 3
drt: n_19889 13.15 2
drt: n_1989 3.72 2
drt: n_19890 2.55 2
drt: n_19891 10 4
drt: n_19892 1.35 2
drt: n_19893 11.12 2
drt: n_19894 0.4 2
drt: n_19895 9.2 3
drt: n_19896 10.32 2
drt: n_19897 4 3
drt: n_19898 2.84 2
drt: n_19899 20.72 3
drt: n_199 5.72 2
drt: n_1990 7.32 2
drt: n_19900 5.61 3
drt: n_19901 13.52 5
drt: n_19902 3.4 3
drt: n_19903 4.8 5
drt: n_19904 1 2
drt: n_19905 12.92 4
drt: n_19906 3.12 2
drt: n_19907 3.96 3
drt: n_19908 10.8 5
drt: n_19909 1.64 2
drt: n_1991 2.2 2
drt: n_19910 2.01 3
drt: n_19911 2.44 2
drt: n_19912 34.24 5
drt: n_19913 2.96 3
drt: n_19914 19.64 5
drt: n_19915 1.84 2
drt: n_19916 11.12 4
drt: n_19918 2.2 2
drt: n_19919 11.64 3
drt: n_1992 2.2 2
drt: n_19920 14.76 3
drt: n_19921 5.8 3
drt: n_19922 6.52 3
drt: n_19923 14 4
drt: n_19924 8.52 3
drt: n_19925 37 4
drt: n_19926 1 2
drt: n_19927 7.2 4
drt: n_19928 6 3
drt: n_19929 2.2 2
drt: n_1993 1.2 2
drt: n_19930 14.68 4
drt: n_19931 14.21 4
drt: n_19932 1.4 2
drt: n_19933 4.4 3
drt: n_19934 1.4 2
drt: n_19935 2.4 3
drt: n_19936 4.8 3
drt: n_19937 5.4 2
drt: n_19938 2.6 3
drt: n_19939 1.4 2
drt: n_1994 1.4 2
drt: n_19940 4.84 3
drt: n_19941 2.8 2
drt: n_19942 3.05 3
drt: n_19943 2.44 2
drt: n_19944 7.12 3
drt: n_19945 2.24 2
drt: n_19946 6.36 3
drt: n_19947 1.6 2
drt: n_19948 5.04 3
drt: n_19949 3.72 2
drt: n_1995 3.04 2
drt: n_19950 4.84 3
drt: n_19951 3.2 2
drt: n_19952 6 3
drt: n_19953 3.93 3
drt: n_19954 4.92 3
drt: n_19955 1.8 2
drt: n_19956 2.2 3
drt: n_19957 3 2
drt: n_19958 6.32 3
drt: n_19959 6.12 3
drt: n_1996 6.6 2
drt: n_19960 2.6 3
drt: n_19961 5.4 2
drt: n_19962 5.4 3
drt: n_19963 0.4 2
drt: n_19964 3.2 3
drt: n_19965 0.4 2
drt: n_19966 2.92 3
drt: n_19967 4.04 2
drt: n_19968 5.2 4
drt: n_19969 8.8 3
drt: n_1997 3.4 2
drt: n_19970 8.8 2
drt: n_19971 4.6 3
drt: n_19972 0.4 2
drt: n_19973 7 3
drt: n_19974 7.6 3
drt: n_19975 2.6 3
drt: n_19976 2.6 2
drt: n_19977 6.33 3
drt: n_19978 2.4 2
drt: n_19979 2.4 3
drt: n_1998 8.24 2
drt: n_19980 2.24 2
drt: n_19981 3.2 3
drt: n_19982 4.2 3
drt: n_19983 1.2 2
drt: n_19984 10.2 4
drt: n_19985 2 3
drt: n_19986 1.2 2
drt: n_19987 8.6 3
drt: n_19988 4 2
drt: n_19989 21.56 6
drt: n_1999 1.6 2
drt: n_19990 3.35 2
drt: n_19991 3.72 2
drt: n_19992 3.75 2
drt: n_19993 1.75 2
drt: n_19994 3.2 2
drt: n_19995 3.67 2
drt: n_19996 2.55 2
drt: n_19997 20.56 3
drt: n_19998 5.6 2
drt: n_19999 6.12 2
drt: n_2 1.8 2
drt: n_20 3.8 2
drt: n_200 3 2
drt: n_2000 1.4 2
drt: n_20000 5.8 2
drt: n_20001 3.12 2
drt: n_20002 28.12 3
drt: n_20003 11 4
drt: n_20004 16.16 4
drt: n_20005 10.96 4
drt: n_20006 5.52 3
drt: n_20007 4.52 2
drt: n_20008 2.12 3
drt: n_20009 12.4 4
drt: n_2001 0.8 2
drt: n_20010 1 2
drt: n_20011 3 2
drt: n_20012 16.4 4
drt: n_20013 1.4 2
drt: n_20014 37.72 4
drt: n_20015 1.64 2
drt: n_20016 6.28 4
drt: n_20017 7.41 6
drt: n_20018 2.41 3
drt: n_20019 2 2
drt: n_2002 1.4 2
drt: n_20020 6.92 3
drt: n_20021 2.92 2
drt: n_20022 9.72 3
drt: n_20023 3.4 2
drt: n_20024 10.12 3
drt: n_20025 1.8 2
drt: n_20026 3.21 3
drt: n_20027 1.4 2
drt: n_20028 2.52 2
drt: n_20029 10.04 4
drt: n_2003 2.8 2
drt: n_20030 8 4
drt: n_20031 8.76 4
drt: n_20032 21.6 4
drt: n_20033 1.4 2
drt: n_20034 30.76 4
drt: n_20035 7.93 4
drt: n_20036 3.4 2
drt: n_20037 8.4 4
drt: n_20038 6.44 4
drt: n_20039 4.8 3
drt: n_2004 7 2
drt: n_20040 31.56 5
drt: n_20041 1 2
drt: n_20042 14.2 4
drt: n_20043 1 2
drt: n_20044 3.6 3
drt: n_20045 5.6 4
drt: n_20046 2 3
drt: n_20047 1 2
drt: n_20048 9.81 4
drt: n_20049 3.84 2
drt: n_2005 1.8 2
drt: n_20050 12.92 4
drt: n_20051 77.76 4
drt: n_20052 5.8 2
drt: n_20053 18.52 4
drt: n_20054 7.4 3
drt: n_20055 4.12 2
drt: n_20056 2.4 3
drt: n_20057 1.8 2
drt: n_20058 6.12 4
drt: n_20059 7.6 4
drt: n_2006 5.12 2
drt: n_20060 1.8 2
drt: n_20061 18.21 4
drt: n_20062 2.2 2
drt: n_20063 8.72 4
drt: n_20064 1 2
drt: n_20065 17.4 4
drt: n_20066 1.2 2
drt: n_20067 6.2 3
drt: n_20068 1.8 2
drt: n_20069 6.2 3
drt: n_2007 4.8 2
drt: n_20070 4.92 2
drt: n_20071 4.2 3
drt: n_20072 2.6 2
drt: n_20073 4.8 3
drt: n_20074 1.4 2
drt: n_20075 4.84 4
drt: n_20076 3 3
drt: n_20077 2.12 2
drt: n_20078 3.8 3
drt: n_20079 1.6 2
drt: n_2008 6 2
drt: n_20080 10.32 3
drt: n_20081 7 2
drt: n_20082 3 3
drt: n_20083 1.8 2
drt: n_20084 1.35 2
drt: n_20085 1.32 2
drt: n_20086 9.64 4
drt: n_20087 4.2 4
drt: n_20088 4.8 4
drt: n_20089 10.72 4
drt: n_2009 6.72 2
drt: n_20090 12.12 4
drt: n_20091 11.36 4
drt: n_20092 9 4
drt: n_20093 15.44 4
drt: n_20094 8.8 4
drt: n_20095 15.8 4
drt: n_20096 7.4 4
drt: n_20097 7.8 4
drt: n_20098 5.92 4
drt: n_20099 7.52 4
drt: n_201 4.8 2
drt: n_2010 3.4 2
drt: n_20100 9.32 4
drt: n_20101 7.16 4
drt: n_20102 10.24 4
drt: n_20103 8.92 4
drt: n_20104 10 4
drt: n_20105 5.6 3
drt: n_20106 1 2
drt: n_20107 40.44 3
drt: n_20108 4.04 3
drt: n_20109 1.2 2
drt: n_2011 1.4 2
drt: n_20110 2.2 2
drt: n_20111 11.48 2
drt: n_20112 4.24 2
drt: n_20113 1 2
drt: n_20114 1.6 2
drt: n_20115 2.72 2
drt: n_20116 4.2 2
drt: n_20117 8.52 2
drt: n_20118 2.4 2
drt: n_20119 1.6 2
drt: n_2012 2.92 2
drt: n_20120 4.8 2
drt: n_20121 5.92 2
drt: n_20122 3 2
drt: n_20123 2.4 2
drt: n_20124 7.52 2
drt: n_20125 2.4 2
drt: n_20126 3 2
drt: n_20127 1.4 2
drt: n_20128 0.4 2
drt: n_20129 4.08 2
drt: n_2013 1.4 2
drt: n_20130 1.8 2
drt: n_20131 1.4 2
drt: n_20132 8.4 4
drt: n_20133 6.4 3
drt: n_20134 1 2
drt: n_20135 5.04 3
drt: n_20136 3 2
drt: n_20137 12.4 4
drt: n_20138 4.4 3
drt: n_20139 1.2 2
drt: n_20140 8.64 4
drt: n_20141 4.04 3
drt: n_20142 1.2 2
drt: n_20143 3.8 3
drt: n_20144 3.8 3
drt: n_20145 1.8 2
drt: n_20146 2.61 3
drt: n_20147 0.4 2
drt: n_20148 5.44 3
drt: n_20149 3.24 2
drt: n_2015 3.8 2
drt: n_20150 17 4
drt: n_20151 4.64 3
drt: n_20152 1.84 2
drt: n_20153 7.92 4
drt: n_20154 4.12 3
drt: n_20155 1.4 2
drt: n_20156 19.2 4
drt: n_20157 11.6 3
drt: n_20158 3 2
drt: n_20159 5.24 4
drt: n_2016 3.2 2
drt: n_20160 3.4 3
drt: n_20161 1.4 2
drt: n_20162 18.56 4
drt: n_20163 3 3
drt: n_20164 1.6 2
drt: n_20165 4.2 3
drt: n_20166 8.4 4
drt: n_20167 3.8 3
drt: n_20168 1.6 2
drt: n_20169 9.52 4
drt: n_2017 2.8 2
drt: n_20170 2.64 3
drt: n_20171 1.4 2
drt: n_20172 9.32 4
drt: n_20173 3.01 3
drt: n_20174 1 2
drt: n_20175 3.4 3
drt: n_20176 3.72 2
drt: n_20177 2.15 2
drt: n_20178 3.67 2
drt: n_20179 6.55 2
drt: n_2018 8.96 2
drt: n_20180 9.12 2
drt: n_20181 2.15 2
drt: n_20182 12.35 2
drt: n_20183 4.55 2
drt: n_20184 2.6 2
drt: n_20185 1.32 2
drt: n_20186 1.76 2
drt: n_20187 3.12 2
drt: n_20188 6.52 2
drt: n_20189 3.4 2
drt: n_2019 6.4 2
drt: n_20190 5.6 2
drt: n_20191 6.04 2
drt: n_20192 5.6 2
drt: n_20193 6.12 2
drt: n_20194 4.4 2
drt: n_20195 4.32 2
drt: n_20196 3.24 2
drt: n_20197 10 3
drt: n_20198 4.96 3
drt: n_20199 7 3
drt: n_202 2.4 2
drt: n_2020 1.4 2
drt: n_20200 8.13 3
drt: n_20201 3.84 3
drt: n_20202 1.6 2
drt: n_20203 2.6 3
drt: n_20204 2.8 2
drt: n_20205 6.6 3
drt: n_20206 0.4 2
drt: n_20207 4.92 3
drt: n_20208 11 3
drt: n_20209 6.32 3
drt: n_2021 6.92 2
drt: n_20210 9.52 3
drt: n_20211 4.4 2
drt: n_20212 4.2 3
drt: n_20213 5 3
drt: n_20214 4.52 2
drt: n_20215 5.72 3
drt: n_20216 4.2 3
drt: n_20217 3.8 2
drt: n_20218 4.21 3
drt: n_20219 1.6 2
drt: n_2022 598.12 9
drt: n_20220 5.4 3
drt: n_20221 4.8 3
drt: n_20222 4.72 2
drt: n_20223 2.35 2
drt: n_20224 3.07 2
drt: n_20225 6.15 2
drt: n_20226 7 4
drt: n_20227 1.32 2
drt: n_20228 2.15 2
drt: n_20229 6.4 3
drt: n_2023 1.4 2
drt: n_20230 3 2
drt: n_20231 18.32 2
drt: n_20232 17.44 2
drt: n_20233 6.32 2
drt: n_20234 6.72 3
drt: n_20235 5.8 2
drt: n_20236 5.4 2
drt: n_20237 3.4 2
drt: n_20238 9.95 4
drt: n_20239 8.76 3
drt: n_2024 11.12 2
drt: n_20240 8.44 3
drt: n_20241 2.8 3
drt: n_20242 6.52 4
drt: n_20243 5 4
drt: n_20244 2.6 2
drt: n_20245 11.24 4
drt: n_20246 4.4 2
drt: n_20247 1.8 3
drt: n_20248 57.84 5
drt: n_20249 1 2
drt: n_2025 1.6 2
drt: n_20250 25 3
drt: n_20251 1 2
drt: n_20252 9.52 2
drt: n_20253 21.12 4
drt: n_20254 7.6 3
drt: n_20255 4.4 4
drt: n_20256 3 3
drt: n_20257 7.8 3
drt: n_20258 9.76 4
drt: n_20259 2.73 3
drt: n_2026 2.24 2
drt: n_20260 1.4 2
drt: n_20261 3 3
drt: n_20262 4.32 3
drt: n_20263 5.24 3
drt: n_20264 3.4 2
drt: n_20265 4.4 3
drt: n_20266 2.92 2
drt: n_20267 9.8 4
drt: n_20268 3.4 3
drt: n_20269 1.4 2
drt: n_2027 5.04 2
drt: n_20270 3.2 3
drt: n_20271 5.4 3
drt: n_20272 1.6 2
drt: n_20273 7.33 3
drt: n_20274 1.6 2
drt: n_20275 3.8 3
drt: n_20276 1.2 2
drt: n_20277 3.2 3
drt: n_20278 11.92 4
drt: n_20279 3.4 3
drt: n_2028 0.4 2
drt: n_20280 1 2
drt: n_20281 6.72 3
drt: n_20282 5.57 3
drt: n_20283 3.93 3
drt: n_20284 9.85 4
drt: n_20285 6.72 3
drt: n_20286 3.4 2
drt: n_20287 5.72 4
drt: n_20288 3.6 3
drt: n_20289 2.8 2
drt: n_2029 1.52 2
drt: n_20290 6.96 4
drt: n_20291 2.52 3
drt: n_20292 1.4 2
drt: n_20293 6.6 3
drt: n_20294 0.6 2
drt: n_20295 4.4 4
drt: n_20296 6.2 3
drt: n_20297 1 2
drt: n_20298 9.24 4
drt: n_20299 5 3
drt: n_203 2.24 2
drt: n_2030 1.6 2
drt: n_20300 7.6 3
drt: n_20301 4.84 3
drt: n_20302 8.52 3
drt: n_20303 2.4 3
drt: n_20304 6.33 3
drt: n_20305 2.92 2
drt: n_20306 6.56 3
drt: n_20307 0.4 2
drt: n_20308 9.32 4
drt: n_20309 2.84 3
drt: n_2031 2.4 2
drt: n_20310 1.4 2
drt: n_20311 2.6 3
drt: n_20312 1.04 2
drt: n_20313 4.2 3
drt: n_20314 5 3
drt: n_20315 4.15 2
drt: n_20316 2.95 2
drt: n_20317 3.87 2
drt: n_20318 1.75 2
drt: n_20319 2.92 2
drt: n_2032 2.8 2
drt: n_20320 2.12 2
drt: n_20321 3.52 2
drt: n_20322 2.04 2
drt: n_20323 11.24 2
drt: n_20324 21.44 3
drt: n_20325 10.04 2
drt: n_20326 7.2 2
drt: n_20327 45.57 3
drt: n_20328 3.52 2
drt: n_20329 6.88 4
drt: n_2033 2.2 2
drt: n_20330 9.04 4
drt: n_20331 9.64 4
drt: n_20332 4.4 3
drt: n_20333 35.08 5
drt: n_20334 1 2
drt: n_20335 5.92 3
drt: n_20336 3.6 3
drt: n_20337 2.04 2
drt: n_20338 7 4
drt: n_20339 10.88 4
drt: n_2034 1.84 2
drt: n_20340 6.32 3
drt: n_20341 2 2
drt: n_20342 5.01 3
drt: n_20343 4.2 2
drt: n_20344 23.76 4
drt: n_20345 2.2 3
drt: n_20346 7.6 3
drt: n_20347 3.56 3
drt: n_20348 2.4 3
drt: n_20349 6.16 3
drt: n_2035 5.12 2
drt: n_20350 19.52 4
drt: n_20351 4.24 3
drt: n_20352 8.52 2
drt: n_20353 1.75 2
drt: n_20354 10.24 4
drt: n_20355 2.15 2
drt: n_20356 3.21 2
drt: n_20357 17.52 4
drt: n_20358 11.52 4
drt: n_20359 9.4 3
drt: n_2036 22.84 3
drt: n_20360 5 4
drt: n_20361 4 3
drt: n_20362 1.6 2
drt: n_20363 23.29 4
drt: n_20364 3.44 3
drt: n_20365 5.45 4
drt: n_20366 2.96 3
drt: n_20367 1.2 2
drt: n_20368 11.33 4
drt: n_20369 2.6 2
drt: n_2037 4.53 3
drt: n_20370 11.2 4
drt: n_20371 4.6 3
drt: n_20372 14.8 5
drt: n_20373 2.2 2
drt: n_20374 4.32 3
drt: n_20375 19.93 5
drt: n_20376 1.2 2
drt: n_20377 6 4
drt: n_20378 9.04 4
drt: n_20379 55.64 4
drt: n_2038 2.8 2
drt: n_20380 1.8 2
drt: n_20381 9.84 4
drt: n_20382 1.6 3
drt: n_20383 1.4 2
drt: n_20384 15.92 4
drt: n_20385 1.84 2
drt: n_20386 6.6 3
drt: n_20387 16.28 5
drt: n_20388 2.6 2
drt: n_20389 3.8 3
drt: n_2039 3 3
drt: n_20390 10.46 5
drt: n_20391 2.2 2
drt: n_20392 33.48 5
drt: n_20393 9.92 4
drt: n_20394 10.72 4
drt: n_20395 33.64 4
drt: n_20396 3 3
drt: n_20397 1.8 2
drt: n_20398 6.4 3
drt: n_20399 1.8 2
drt: n_204 0.6 2
drt: n_2040 4.6 2
drt: n_20400 10.24 4
drt: n_20401 4.6 4
drt: n_20402 1.4 2
drt: n_20403 12.53 4
drt: n_20404 2.64 2
drt: n_20405 40.52 6
drt: n_20406 8.24 4
drt: n_20407 1.4 2
drt: n_20408 8.12 4
drt: n_20409 6.84 4
drt: n_2041 2.2 2
drt: n_20410 4.2 4
drt: n_20411 38.56 4
drt: n_20412 6 3
drt: n_20413 1.8 2
drt: n_20414 6 4
drt: n_20415 9.52 4
drt: n_20416 1.8 2
drt: n_20417 7.12 3
drt: n_20418 5.2 4
drt: n_20419 1.4 2
drt: n_2042 10.72 3
drt: n_20420 5.32 3
drt: n_20421 2.8 3
drt: n_20422 1.2 2
drt: n_20423 7.12 3
drt: n_20424 4.4 3
drt: n_20425 4.61 3
drt: n_20426 5.65 4
drt: n_20427 5.01 4
drt: n_20428 2.6 3
drt: n_20429 6.8 4
drt: n_2043 0.6 2
drt: n_20430 16.04 4
drt: n_20431 6.2 4
drt: n_20432 9.85 4
drt: n_20433 7.21 4
drt: n_20434 8.8 4
drt: n_20435 0.6 2
drt: n_20436 5.4 3
drt: n_20437 8.6 3
drt: n_20438 4.44 3
drt: n_20439 9.4 3
drt: n_2044 3.8 3
drt: n_20440 2.35 2
drt: n_20441 2.95 2
drt: n_20442 3.15 2
drt: n_20443 1.2 3
drt: n_20444 2 2
drt: n_20445 8.53 4
drt: n_20446 9.6 4
drt: n_20447 4.4 4
drt: n_20448 22.28 4
drt: n_20449 6 4
drt: n_2045 2.2 2
drt: n_20450 8.25 4
drt: n_20451 9.52 4
drt: n_20452 9.8 4
drt: n_20453 9.41 4
drt: n_20454 3.53 3
drt: n_20455 2.44 2
drt: n_20456 9.68 5
drt: n_20457 4.64 3
drt: n_20458 1.8 2
drt: n_20459 6 3
drt: n_2046 3.2 2
drt: n_20460 3.2 2
drt: n_20461 8 3
drt: n_20462 1.2 2
drt: n_20463 7.75 2
drt: n_20464 2.44 2
drt: n_20465 5.8 4
drt: n_20466 2.8 3
drt: n_20467 2.2 2
drt: n_20468 8.04 3
drt: n_20469 1.4 2
drt: n_2047 5.8 2
drt: n_20470 5.81 3
drt: n_20471 1.64 2
drt: n_20472 3.2 3
drt: n_20473 2.6 2
drt: n_20474 6.64 4
drt: n_20475 2.6 2
drt: n_20476 7 2
drt: n_20477 1.2 2
drt: n_20478 5.8 2
drt: n_20479 2 2
drt: n_2048 2.6 2
drt: n_20480 5 2
drt: n_20481 9.2 4
drt: n_20482 10.61 3
drt: n_20483 4.2 2
drt: n_20484 6.4 4
drt: n_20485 2.8 3
drt: n_20486 3.12 2
drt: n_20487 4.2 3
drt: n_20488 1.6 2
drt: n_20489 8.04 3
drt: n_2049 3.96 3
drt: n_20490 3.44 2
drt: n_20491 2.4 3
drt: n_20492 1.2 2
drt: n_20493 4.27 2
drt: n_20494 5.27 2
drt: n_20495 5.07 2
drt: n_20496 1.35 2
drt: n_20497 3.35 2
drt: n_20498 3.72 2
drt: n_20499 2.92 2
drt: n_205 9.6 2
drt: n_2050 5 2
drt: n_20500 1.75 2
drt: n_20501 1.75 2
drt: n_20502 6.95 2
drt: n_20503 4.07 2
drt: n_20504 0.95 2
drt: n_20505 1.32 2
drt: n_20506 23.84 2
drt: n_20507 6.12 2
drt: n_20508 4.72 2
drt: n_20509 19.24 2
drt: n_2051 3.2 3
drt: n_20510 3 2
drt: n_20511 1.8 2
drt: n_20512 5 2
drt: n_20513 6.6 2
drt: n_20514 6.72 2
drt: n_20515 5.73 3
drt: n_20516 1.8 2
drt: n_20517 8.52 2
drt: n_20518 2.6 2
drt: n_20519 2 3
drt: n_2052 5.36 3
drt: n_20520 6.96 3
drt: n_20521 6.24 3
drt: n_20522 6.8 3
drt: n_20523 4.4 2
drt: n_20524 3.64 3
drt: n_20525 2.4 3
drt: n_20526 6.4 3
drt: n_20527 4.72 3
drt: n_20528 4.6 3
drt: n_20529 4.6 3
drt: n_2053 2.72 2
drt: n_20530 5.64 3
drt: n_20531 8.32 3
drt: n_20532 3.95 2
drt: n_20533 3.75 2
drt: n_20534 2.49 2
drt: n_20536 3.75 2
drt: n_20538 2.92 2
drt: n_20539 4.4 2
drt: n_2054 0.6 2
drt: n_20540 6.4 3
drt: n_20541 1.8 2
drt: n_20542 22.44 2
drt: n_20543 3.4 2
drt: n_20544 57.44 2
drt: n_20545 7.32 3
drt: n_20546 3.04 2
drt: n_20547 3.2 3
drt: n_20548 4.13 3
drt: n_20549 0.6 2
drt: n_2055 2.04 2
drt: n_20550 18.61 3
drt: n_20551 2.8 2
drt: n_20552 7.12 3
drt: n_20553 6.64 3
drt: n_20554 7.32 3
drt: n_20555 14.96 5
drt: n_20556 9.92 4
drt: n_20557 1.4 2
drt: n_20558 7.53 4
drt: n_20559 11.12 3
drt: n_2056 2.6 2
drt: n_20560 6.6 4
drt: n_20561 8.52 4
drt: n_20562 3.2 3
drt: n_20563 2.8 2
drt: n_20564 3.96 3
drt: n_20565 1.2 2
drt: n_20566 6.8 3
drt: n_20567 1.2 2
drt: n_20568 12.56 4
drt: n_20569 4.2 3
drt: n_2057 6.6 3
drt: n_20570 2 2
drt: n_20571 4.4 3
drt: n_20572 2.8 2
drt: n_20573 4.2 3
drt: n_20574 2.64 2
drt: n_20575 3.4 3
drt: n_20576 8.2 3
drt: n_20577 2.4 2
drt: n_20578 8.16 4
drt: n_20579 4.64 3
drt: n_2058 2.44 2
drt: n_20580 3.4 2
drt: n_20581 2.6 3
drt: n_20582 7 4
drt: n_20583 3.2 3
drt: n_20584 1.6 2
drt: n_20585 3.4 3
drt: n_20586 0.4 2
drt: n_20587 9.04 4
drt: n_20588 4.73 3
drt: n_20589 1.84 2
drt: n_2059 2.2 2
drt: n_20590 4.44 4
drt: n_20591 3.13 3
drt: n_20592 1.72 2
drt: n_20593 5.8 4
drt: n_20594 6 4
drt: n_20595 7.6 3
drt: n_20596 2 2
drt: n_20597 5.4 4
drt: n_20598 2.6 3
drt: n_20599 1 2
drt: n_206 3.04 2
drt: n_2060 1.4 3
drt: n_20600 5.12 3
drt: n_20601 1.2 2
drt: n_20602 9.61 3
drt: n_20603 2.2 2
drt: n_20604 5.84 3
drt: n_20605 1.84 2
drt: n_20606 3.16 3
drt: n_20607 22.12 4
drt: n_20608 10.01 3
drt: n_20609 1.6 2
drt: n_2061 8.65 5
drt: n_20610 6.04 4
drt: n_20611 2 3
drt: n_20612 1 2
drt: n_20613 9.32 4
drt: n_20614 7.84 3
drt: n_20615 4.72 2
drt: n_20616 5.52 4
drt: n_20617 5.2 3
drt: n_20618 1 2
drt: n_20619 8.73 4
drt: n_2062 3 2
drt: n_20620 2 3
drt: n_20621 2 2
drt: n_20622 2.8 3
drt: n_20623 2.8 2
drt: n_20624 9 3
drt: n_20625 1.2 2
drt: n_20626 2.8 3
drt: n_20627 0.4 2
drt: n_20628 8.4 4
drt: n_20629 5.52 3
drt: n_2063 3.2 2
drt: n_20630 1.8 2
drt: n_20631 3.33 3
drt: n_20632 2.72 2
drt: n_20633 3.6 4
drt: n_20634 6.8 3
drt: n_20635 1.2 2
drt: n_20636 3.2 3
drt: n_20637 0.8 2
drt: n_20638 6.64 3
drt: n_20639 1.92 2
drt: n_2064 3.6 2
drt: n_20640 6.72 4
drt: n_20641 3.76 3
drt: n_20642 1.6 2
drt: n_20643 12.32 4
drt: n_20644 6.56 3
drt: n_20645 3.04 2
drt: n_20646 11 4
drt: n_20647 3 3
drt: n_20648 2 2
drt: n_20649 10.04 4
drt: n_2065 0.4 2
drt: n_20650 4.36 3
drt: n_20651 1.4 2
drt: n_20652 7.32 4
drt: n_20653 3.2 3
drt: n_20654 1.8 2
drt: n_20655 3 3
drt: n_20656 3.32 2
drt: n_20657 3 3
drt: n_20658 0.4 2
drt: n_20659 2.92 2
drt: n_2066 3.6 3
drt: n_20660 73.64 5
drt: n_20661 3.32 2
drt: n_20662 1.35 2
drt: n_20663 5.95 2
drt: n_20664 2.12 2
drt: n_20665 2.95 2
drt: n_20666 2.35 2
drt: n_20667 1.4 2
drt: n_20668 4.13 3
drt: n_20669 12.92 3
drt: n_2067 0.4 2
drt: n_20670 54.04 2
drt: n_20671 5.44 2
drt: n_20672 4.73 3
drt: n_20673 17.4 4
drt: n_20674 4.04 2
drt: n_20675 16.76 4
drt: n_20676 1.6 2
drt: n_20677 11.52 2
drt: n_20678 5.61 3
drt: n_20679 3.6 3
drt: n_2068 1.8 2
drt: n_20680 6.21 3
drt: n_20681 3.4 3
drt: n_20682 2 3
drt: n_20683 5 3
drt: n_20684 5.44 3
drt: n_20685 5.6 3
drt: n_20686 15.73 4
drt: n_20687 11.6 3
drt: n_20688 5.32 2
drt: n_20689 3.2 3
drt: n_2069 4.72 2
drt: n_20690 6.2 3
drt: n_20691 1.8 3
drt: n_20692 4.24 3
drt: n_20693 4 3
drt: n_20694 7.6 3
drt: n_20695 3.8 3
drt: n_20696 3.73 3
drt: n_20697 2.4 2
drt: n_20698 6.6 3
drt: n_20699 2.6 3
drt: n_207 2.4 2
drt: n_2070 1.32 2
drt: n_20700 3 3
drt: n_20701 3 3
drt: n_20702 1.2 2
drt: n_20703 8.19 2
drt: n_20704 6.8 2
drt: n_20705 29.56 2
drt: n_20706 2.2 2
drt: n_20707 10.52 3
drt: n_20708 12.53 4
drt: n_20709 11.44 4
drt: n_2071 3.52 2
drt: n_20710 36.52 4
drt: n_20711 2.4 2
drt: n_20712 4.2 3
drt: n_20713 14.8 3
drt: n_20714 6.53 3
drt: n_20715 20.56 3
drt: n_20716 6.64 3
drt: n_20717 44.72 5
drt: n_20718 2.2 2
drt: n_20719 8.11 4
drt: n_2072 3.6 3
drt: n_20720 4.81 3
drt: n_20721 1.64 2
drt: n_20722 10.36 4
drt: n_20723 1 2
drt: n_20724 7.84 3
drt: n_20725 1.8 2
drt: n_20726 4.8 4
drt: n_20727 9.92 4
drt: n_20728 1 2
drt: n_20729 6.14 4
drt: n_2073 2.8 2
drt: n_20730 7.56 3
drt: n_20731 3.2 2
drt: n_20732 7.6 3
drt: n_20733 1.6 2
drt: n_20734 2.8 3
drt: n_20735 5.76 3
drt: n_20736 1.4 2
drt: n_20737 5.96 3
drt: n_20738 5.56 3
drt: n_20739 2.2 2
drt: n_2074 0.6 2
drt: n_20740 4.12 3
drt: n_20741 3.6 2
drt: n_20742 6.6 3
drt: n_20743 4 2
drt: n_20744 2.6 3
drt: n_20745 10.16 2
drt: n_20746 6.04 3
drt: n_20747 2.2 2
drt: n_20748 4.6 3
drt: n_20749 1.8 2
drt: n_2075 3.4 2
drt: n_20750 0.6 2
drt: n_20751 0.4 2
drt: n_20752 3.8 3
drt: n_20753 4.12 3
drt: n_20754 2.52 2
drt: n_20755 2.4 3
drt: n_20756 1.8 2
drt: n_20757 4.4 3
drt: n_20758 3 3
drt: n_20759 2.4 3
drt: n_2076 2.44 2
drt: n_20760 4.92 2
drt: n_20761 3.2 3
drt: n_20762 9.36 3
drt: n_20763 8.6 2
drt: n_20764 3 3
drt: n_20765 0.4 2
drt: n_20766 3.8 3
drt: n_20767 0.4 2
drt: n_20768 3.04 3
drt: n_20769 1.2 2
drt: n_2077 6.56 3
drt: n_20770 2.56 3
drt: n_20771 6.84 3
drt: n_20772 3.24 3
drt: n_20773 3.32 2
drt: n_20774 11.04 4
drt: n_20775 8.53 4
drt: n_20776 9.44 3
drt: n_20777 4.13 3
drt: n_20778 1.6 2
drt: n_20779 5.2 3
drt: n_2078 1.2 2
drt: n_20780 5.04 3
drt: n_20781 6.8 3
drt: n_20782 1.8 2
drt: n_20783 5 3
drt: n_20784 1.6 2
drt: n_20785 10.32 3
drt: n_20786 1.84 2
drt: n_20787 5.81 4
drt: n_20788 4.93 3
drt: n_20789 8.84 4
drt: n_2079 5.4 2
drt: n_20790 4.2 2
drt: n_20791 10.2 3
drt: n_20792 3.4 3
drt: n_20793 4.2 3
drt: n_20794 0.4 2
drt: n_20795 8.8 4
drt: n_20796 1.75 2
drt: n_20797 2.92 2
drt: n_20798 9.35 2
drt: n_20799 2.47 2
drt: n_208 9.4 2
drt: n_2080 1.4 2
drt: n_20800 0.95 2
drt: n_20801 9.64 4
drt: n_20802 2.92 2
drt: n_20803 1.32 2
drt: n_20804 3.12 2
drt: n_20805 2.2 2
drt: n_20806 7.8 2
drt: n_20807 5.4 2
drt: n_20808 2.4 2
drt: n_20809 2.6 2
drt: n_2081 8.2 2
drt: n_20810 0.6 2
drt: n_20811 8.6 2
drt: n_20812 4.2 2
drt: n_20813 0.6 2
drt: n_20814 10.12 4
drt: n_20815 30.28 4
drt: n_20816 2.2 2
drt: n_20817 5 4
drt: n_20818 1.8 2
drt: n_20819 6.33 3
drt: n_2082 3.72 2
drt: n_20820 2.2 2
drt: n_20821 18.92 3
drt: n_20822 2.61 3
drt: n_20823 1.6 2
drt: n_20824 6.12 3
drt: n_20825 1 2
drt: n_20826 19.33 6
drt: n_20827 8.8 4
drt: n_20828 13.12 4
drt: n_20829 10 4
drt: n_20830 5.72 2
drt: n_20831 2.4 3
drt: n_20832 16.8 5
drt: n_20833 1 2
drt: n_20834 3.2 3
drt: n_20835 2 2
drt: n_20836 3.21 3
drt: n_20837 1.61 2
drt: n_20838 9.92 3
drt: n_20839 1.8 2
drt: n_2084 1.6 2
drt: n_20840 5.2 3
drt: n_20841 3.6 2
drt: n_20842 8.24 3
drt: n_20843 5 2
drt: n_20844 3.4 3
drt: n_20845 4.52 2
drt: n_20846 6.6 3
drt: n_20847 1 2
drt: n_20848 3.96 3
drt: n_20849 1 2
drt: n_2085 0.6 2
drt: n_20850 8.52 3
drt: n_20851 2.2 2
drt: n_20852 4.04 3
drt: n_20853 1.64 2
drt: n_20854 8.93 3
drt: n_20855 4.12 2
drt: n_20856 7.44 3
drt: n_20857 1 2
drt: n_20858 4.2 3
drt: n_20859 1.2 2
drt: n_2086 8.12 3
drt: n_20860 4.4 3
drt: n_20861 1.64 2
drt: n_20862 4.2 3
drt: n_20863 1.2 2
drt: n_20864 2.41 3
drt: n_20865 1.8 2
drt: n_20866 5.72 3
drt: n_20867 1.4 2
drt: n_20868 4.2 3
drt: n_20869 2.2 2
drt: n_2087 5.4 2
drt: n_20870 4.36 3
drt: n_20871 1.6 2
drt: n_20872 8.33 4
drt: n_20873 11.6 4
drt: n_20874 9.12 4
drt: n_20875 6.4 3
drt: n_20876 9.24 4
drt: n_20877 1.4 2
drt: n_20878 2.92 2
drt: n_20879 8.6 4
drt: n_2088 6.52 3
drt: n_20880 3.84 3
drt: n_20881 1.4 2
drt: n_20882 1.32 2
drt: n_20883 2.47 2
drt: n_20885 1.32 2
drt: n_20886 2.15 2
drt: n_20887 3.95 2
drt: n_20888 3.67 2
drt: n_20889 2.92 2
drt: n_2089 3.32 2
drt: n_20890 1.35 2
drt: n_20891 1.35 2
drt: n_20892 3.12 2
drt: n_20893 1.32 2
drt: n_20894 7 2
drt: n_20895 2 2
drt: n_20896 22.32 2
drt: n_20897 7.72 2
drt: n_20898 1.8 2
drt: n_20899 24.12 2
drt: n_209 1 2
drt: n_2090 0.8 2
drt: n_20900 8.92 2
drt: n_20901 6.6 2
drt: n_20902 8.32 2
drt: n_20903 0.6 2
drt: n_20904 3.81 2
drt: n_20905 19.12 3
drt: n_20906 4.84 3
drt: n_20907 7.24 3
drt: n_20908 6.59 2
drt: n_20909 1.32 2
drt: n_2091 3.72 2
drt: n_20910 3.32 2
drt: n_20911 5.92 2
drt: n_20912 5.8 3
drt: n_20913 6 2
drt: n_20914 9.84 3
drt: n_20915 5.8 3
drt: n_20916 5.2 3
drt: n_20917 6.52 3
drt: n_20918 2 2
drt: n_20919 2.2 2
drt: n_2092 1.8 2
drt: n_20920 9.44 3
drt: n_20921 8.6 3
drt: n_20922 13.4 3
drt: n_20923 4.2 3
drt: n_20924 7.6 3
drt: n_20925 34.72 4
drt: n_20926 4.01 4
drt: n_20927 6.4 3
drt: n_20928 3.4 2
drt: n_20929 5.84 3
drt: n_2093 1.8 2
drt: n_20930 3.32 2
drt: n_20931 9.6 3
drt: n_20932 10.8 3
drt: n_20933 0.6 2
drt: n_20934 1.81 3
drt: n_20935 2.41 2
drt: n_20936 8.41 4
drt: n_20937 4.6 3
drt: n_20938 1 2
drt: n_20939 5.84 3
drt: n_2094 6.2 2
drt: n_20940 0.4 2
drt: n_20941 2.4 3
drt: n_20942 1.2 2
drt: n_20943 2.2 3
drt: n_20944 7 4
drt: n_20945 4 3
drt: n_20946 2.6 2
drt: n_20947 24.64 4
drt: n_20948 2 3
drt: n_20949 1.2 2
drt: n_2095 5.2 2
drt: n_20950 16.52 4
drt: n_20951 4.64 3
drt: n_20952 3.12 2
drt: n_20953 9.81 4
drt: n_20954 4.32 3
drt: n_20955 1.4 2
drt: n_20956 2.15 2
drt: n_20957 0.95 2
drt: n_20958 12.4 2
drt: n_20959 6.95 2
drt: n_2096 8.92 3
drt: n_20960 1.32 2
drt: n_20961 2.15 2
drt: n_20962 2.87 2
drt: n_20963 1.32 2
drt: n_20964 1 2
drt: n_20965 0.95 2
drt: n_20966 2.92 2
drt: n_20967 5.27 2
drt: n_20968 0.95 2
drt: n_20969 3.75 2
drt: n_2097 4.8 2
drt: n_20970 2.12 2
drt: n_20971 8.44 2
drt: n_20972 2.15 2
drt: n_20973 4.15 2
drt: n_20974 1.92 2
drt: n_20975 2.2 2
drt: n_20976 6.8 2
drt: n_20977 12.52 2
drt: n_20978 34.77 3
drt: n_20979 17.6 2
drt: n_2098 2.41 3
drt: n_20980 40.92 2
drt: n_20981 6.8 2
drt: n_20982 3 2
drt: n_20983 3.01 3
drt: n_20984 7 3
drt: n_20985 4.04 2
drt: n_20986 8.6 4
drt: n_20987 3 3
drt: n_20988 3 2
drt: n_20989 2.84 3
drt: n_2099 4.2 3
drt: n_20990 2.04 2
drt: n_20991 4.61 3
drt: n_20992 0.4 2
drt: n_20993 3.36 3
drt: n_20994 5.24 3
drt: n_20995 2.8 3
drt: n_20996 3.8 3
drt: n_20997 10.12 4
drt: n_20998 3.6 3
drt: n_20999 1.2 2
drt: n_21 3.4 2
drt: n_210 7 2
drt: n_2100 1.4 2
drt: n_21000 8.13 3
drt: n_21001 4.72 3
drt: n_21002 4.76 3
drt: n_21003 1 2
drt: n_21004 4 3
drt: n_21005 3.4 3
drt: n_21006 6.32 2
drt: n_21007 10.32 2
drt: n_21008 2.55 2
drt: n_21009 14.72 4
drt: n_2101 2.2 2
drt: n_21010 4.27 2
drt: n_21011 2.55 2
drt: n_21012 24.96 2
drt: n_21013 9.96 3
drt: n_21014 2.44 3
drt: n_21015 31.92 5
drt: n_21016 1.64 2
drt: n_21017 8.2 4
drt: n_21018 1.6 2
drt: n_21019 5.4 3
drt: n_2102 2 2
drt: n_21020 3.8 2
drt: n_21021 14.04 5
drt: n_21022 8.64 4
drt: n_21023 3.4 2
drt: n_21024 24.64 3
drt: n_21025 5 4
drt: n_21026 19.64 4
drt: n_21027 1.4 2
drt: n_21028 9.2 3
drt: n_21029 2.6 3
drt: n_2103 1.4 2
drt: n_21030 0.6 2
drt: n_21031 1.8 2
drt: n_21032 3.6 3
drt: n_21033 3.2 3
drt: n_21034 6 2
drt: n_21035 5.6 4
drt: n_21036 6.6 3
drt: n_21037 4.52 2
drt: n_21038 5.32 3
drt: n_21039 3.6 3
drt: n_2104 1.2 2
drt: n_21040 11 3
drt: n_21041 3.2 3
drt: n_21042 6.8 3
drt: n_21043 3 3
drt: n_21044 2.32 2
drt: n_21045 3.24 3
drt: n_21046 1.84 2
drt: n_21047 8.24 3
drt: n_21048 0.4 2
drt: n_21049 3.56 3
drt: n_2105 1.4 2
drt: n_21050 3 3
drt: n_21051 3 2
drt: n_21052 0.6 2
drt: n_21053 3.6 3
drt: n_21054 3.4 2
drt: n_21055 4.2 3
drt: n_21056 5.52 2
drt: n_21057 3.93 3
drt: n_21058 0.4 2
drt: n_21059 3.81 3
drt: n_2106 5.8 3
drt: n_21060 2.8 2
drt: n_21061 6 3
drt: n_21062 3.6 3
drt: n_21063 2.52 2
drt: n_21064 3.21 3
drt: n_21065 0.4 2
drt: n_21066 2.4 2
drt: n_21067 0.4 2
drt: n_21068 2.01 3
drt: n_21069 1.4 2
drt: n_2107 1.8 2
drt: n_21070 2.4 3
drt: n_21071 3.52 2
drt: n_21072 3.2 3
drt: n_21073 4.2 2
drt: n_21074 3 2
drt: n_21075 1.75 2
drt: n_21076 852.35 17
drt: n_21077 10.52 4
drt: n_21078 6.15 2
drt: n_21079 2.2 2
drt: n_2108 3.72 2
drt: n_21080 10.12 2
drt: n_21081 10.65 4
drt: n_21082 1.72 2
drt: n_21083 0.95 2
drt: n_21084 0.6 2
drt: n_21085 5.52 2
drt: n_21086 3 2
drt: n_21087 2.64 2
drt: n_21088 0.6 2
drt: n_21089 4 2
drt: n_2109 1.4 2
drt: n_21090 2.92 2
drt: n_21091 2.4 2
drt: n_21092 10.64 4
drt: n_21093 6.36 4
drt: n_21094 9.92 4
drt: n_21095 83.08 4
drt: n_21096 9.44 4
drt: n_21097 8.8 4
drt: n_21098 3.85 3
drt: n_21099 29.92 4
drt: n_211 3.92 2
drt: n_2110 4.92 3
drt: n_21100 8.2 4
drt: n_21102 1.2 2
drt: n_21103 6.6 3
drt: n_21104 5.6 4
drt: n_21105 6.4 3
drt: n_21106 2.4 3
drt: n_21107 2.6 2
drt: n_21108 7 4
drt: n_21109 2.72 2
drt: n_2111 1.8 2
drt: n_21110 6.2 3
drt: n_21111 6.52 3
drt: n_21112 0.4 2
drt: n_21113 1.4 2
drt: n_21114 3.27 2
drt: n_21115 1.8 2
drt: n_21116 11.32 4
drt: n_21117 23.88 4
drt: n_21118 4.92 3
drt: n_21119 46.77 5
drt: n_2112 5.84 3
drt: n_21120 1.2 2
drt: n_21121 8.32 4
drt: n_21122 4.52 3
drt: n_21123 10.36 4
drt: n_21124 2.2 2
drt: n_21125 6.24 3
drt: n_21126 20.16 5
drt: n_21127 1.64 2
drt: n_21128 24.56 4
drt: n_21129 2.2 2
drt: n_2113 6.44 3
drt: n_21130 13.01 4
drt: n_21131 4.01 4
drt: n_21132 1.4 2
drt: n_21133 9.04 4
drt: n_21134 1.8 2
drt: n_21135 13.12 4
drt: n_21136 4.2 2
drt: n_21137 14.4 4
drt: n_21138 1 2
drt: n_21139 4.2 3
drt: n_2114 2 2
drt: n_21140 1.4 2
drt: n_21141 2.52 2
drt: n_21142 2.4 2
drt: n_21143 3.72 2
drt: n_21144 2.4 2
drt: n_21145 1.8 2
drt: n_21146 2.8 3
drt: n_21147 1.8 2
drt: n_21148 3.84 3
drt: n_21149 1.4 2
drt: n_2115 1.4 2
drt: n_21150 2 3
drt: n_21151 1.4 2
drt: n_21152 4.56 3
drt: n_21153 1 2
drt: n_21154 4.12 2
drt: n_21155 35.88 4
drt: n_21156 5.21 3
drt: n_21157 3.4 2
drt: n_21158 17.32 6
drt: n_21159 18.32 6
drt: n_2116 3.6 2
drt: n_21160 9 6
drt: n_21161 19.76 6
drt: n_21162 27.8 6
drt: n_21163 4 3
drt: n_21164 1.2 2
drt: n_21165 6.92 3
drt: n_21166 3.2 2
drt: n_21167 2.8 3
drt: n_21168 1.64 2
drt: n_21169 4.4 4
drt: n_21170 8.05 4
drt: n_21171 10 4
drt: n_21172 9.92 4
drt: n_21173 11.2 4
drt: n_21174 10.69 4
drt: n_21175 10.2 4
drt: n_21176 5.96 4
drt: n_21177 11 4
drt: n_21178 7.4 4
drt: n_21179 19.92 4
drt: n_2118 1.4 2
drt: n_21180 7.16 4
drt: n_21181 9.84 4
drt: n_21182 4.8 4
drt: n_21183 16.92 4
drt: n_21184 17.48 4
drt: n_21185 18.69 4
drt: n_21186 8.12 4
drt: n_21187 9.8 4
drt: n_21188 4.4 3
drt: n_21189 1.4 2
drt: n_2119 2.8 2
drt: n_21190 15.36 4
drt: n_21191 4.52 2
drt: n_21192 5.12 2
drt: n_21193 13.64 2
drt: n_21194 5.6 2
drt: n_21195 2.2 3
drt: n_21196 0.95 2
drt: n_21197 3.12 2
drt: n_21198 1.75 2
drt: n_21199 3.52 2
drt: n_212 2.2 2
drt: n_2120 2.6 2
drt: n_21200 1.4 2
drt: n_21201 2.4 2
drt: n_21202 1.2 2
drt: n_21203 2.8 2
drt: n_21204 4.8 3
drt: n_21205 3.8 2
drt: n_21206 1.8 2
drt: n_21207 4 2
drt: n_21208 15.56 3
drt: n_21209 4 2
drt: n_2121 1.2 2
drt: n_21210 0.4 2
drt: n_21211 1.84 2
drt: n_21212 3.44 2
drt: n_21213 5.72 2
drt: n_21214 2.04 2
drt: n_21215 2.24 2
drt: n_21216 5.52 2
drt: n_21217 6.2 2
drt: n_21218 1 2
drt: n_21219 1.4 2
drt: n_2122 2.6 3
drt: n_21220 1.6 3
drt: n_21221 1.6 2
drt: n_21222 2.61 3
drt: n_21223 3 2
drt: n_21224 11.52 4
drt: n_21225 2.8 3
drt: n_21226 1.64 2
drt: n_21227 2.8 3
drt: n_21228 2.6 2
drt: n_21229 9.89 4
drt: n_2123 3 2
drt: n_21230 7.73 3
drt: n_21231 1.6 2
drt: n_21232 7.52 3
drt: n_21233 0.4 2
drt: n_21234 6.6 4
drt: n_21235 3.44 3
drt: n_21236 1.64 2
drt: n_21237 8.6 4
drt: n_21238 6.84 3
drt: n_21239 3.92 2
drt: n_2124 6.4 5
drt: n_21240 6.08 4
drt: n_21241 4.4 3
drt: n_21242 1 2
drt: n_21243 8.2 4
drt: n_21244 3.6 3
drt: n_21245 1 2
drt: n_21246 15.04 4
drt: n_21247 5 3
drt: n_21248 1.4 2
drt: n_21249 20.92 4
drt: n_2125 0.4 2
drt: n_21250 9.8 3
drt: n_21251 6.2 2
drt: n_21252 10.8 4
drt: n_21253 6.4 3
drt: n_21254 1.2 2
drt: n_21255 5.8 4
drt: n_21256 5.6 3
drt: n_21257 1.4 2
drt: n_21258 3.2 3
drt: n_21259 2.4 2
drt: n_2126 3.6 2
drt: n_21260 4 4
drt: n_21261 3.56 3
drt: n_21262 1.4 2
drt: n_21263 2.12 2
drt: n_21264 2.95 2
drt: n_21265 1.75 2
drt: n_21266 1.35 2
drt: n_21267 1.32 2
drt: n_21268 5.35 2
drt: n_21269 10.52 2
drt: n_2127 0.6 2
drt: n_21270 4.92 2
drt: n_21271 75.84 2
drt: n_21272 6 2
drt: n_21273 11.32 3
drt: n_21274 28.6 2
drt: n_21275 7.8 2
drt: n_21276 7.84 3
drt: n_21277 7 2
drt: n_21278 4.2 2
drt: n_21279 18.92 2
drt: n_2128 2.24 2
drt: n_21280 5.32 3
drt: n_21281 3.04 2
drt: n_21282 9.2 2
drt: n_21283 5 2
drt: n_21284 1.8 2
drt: n_21285 4.4 2
drt: n_21286 1.4 2
drt: n_21287 5.8 2
drt: n_21288 6 2
drt: n_21289 8.4 2
drt: n_2129 4.41 2
drt: n_21290 7.2 2
drt: n_21291 3.6 2
drt: n_21292 24.24 2
drt: n_21293 2 2
drt: n_21294 1.6 2
drt: n_21295 5.84 2
drt: n_21296 1 2
drt: n_21297 4.6 3
drt: n_21298 3.56 3
drt: n_21299 4.04 3
drt: n_213 5.2 2
drt: n_2130 6.8 3
drt: n_21300 2.4 3
drt: n_21301 3.44 3
drt: n_21302 1.4 2
drt: n_21303 3.8 3
drt: n_21304 10.8 3
drt: n_21305 10.8 3
drt: n_21306 3.72 2
drt: n_21307 76 6
drt: n_21308 13.16 3
drt: n_21309 4.6 3
drt: n_2131 2.2 2
drt: n_21310 4.84 3
drt: n_21311 5.13 3
drt: n_21312 4.93 3
drt: n_21313 3.6 3
drt: n_21314 3.61 3
drt: n_21315 4.2 3
drt: n_21316 5.4 3
drt: n_21317 3.4 3
drt: n_21318 5.52 3
drt: n_21319 3.4 2
drt: n_2132 2.6 2
drt: n_21320 3.4 3
drt: n_21321 3.6 2
drt: n_21322 9.87 2
drt: n_21323 5 2
drt: n_21324 1.92 2
drt: n_21325 2.87 2
drt: n_21326 4.15 2
drt: n_21327 9.44 3
drt: n_21328 6.72 2
drt: n_21329 39.64 3
drt: n_2133 1.8 2
drt: n_21330 4.2 3
drt: n_21331 3.24 2
drt: n_21332 1.6 2
drt: n_21333 3.2 3
drt: n_21334 10.32 2
drt: n_21335 17.96 2
drt: n_21336 10.01 4
drt: n_21337 3.2 3
drt: n_21338 8.6 5
drt: n_21339 1.2 2
drt: n_2134 3.8 3
drt: n_21340 3.8 3
drt: n_21341 13.04 4
drt: n_21342 1.4 2
drt: n_21343 8.76 4
drt: n_21344 6.6 3
drt: n_21345 0.8 2
drt: n_21346 4.6 3
drt: n_21347 3.6 2
drt: n_21348 7.72 3
drt: n_21349 15.52 4
drt: n_2135 4.12 2
drt: n_21350 8.21 3
drt: n_21351 3 2
drt: n_21352 1.6 3
drt: n_21353 5.4 4
drt: n_21354 4.8 3
drt: n_21355 1.2 2
drt: n_21356 9.2 4
drt: n_21357 1.8 3
drt: n_21358 1.2 2
drt: n_21359 4.44 3
drt: n_2136 5.52 2
drt: n_21360 1.92 2
drt: n_21361 6.4 4
drt: n_21362 2 3
drt: n_21363 1 2
drt: n_21364 8.44 4
drt: n_21365 4 3
drt: n_21366 2 2
drt: n_21367 3.8 3
drt: n_21368 2.2 2
drt: n_21369 7.76 3
drt: n_2137 1.4 2
drt: n_21370 2.4 2
drt: n_21371 6.24 3
drt: n_21372 3.52 2
drt: n_21373 6.6 3
drt: n_21374 0.4 2
drt: n_21375 16.64 4
drt: n_21376 2.72 3
drt: n_21377 1.2 2
drt: n_21378 5 3
drt: n_21379 7.6 4
drt: n_2138 0.8 2
drt: n_21380 4.8 3
drt: n_21381 1 2
drt: n_21382 10.12 4
drt: n_21383 5.68 3
drt: n_21384 5 2
drt: n_21385 5 4
drt: n_21386 2.8 3
drt: n_21387 1.2 2
drt: n_21388 3.4 3
drt: n_21389 9.8 4
drt: n_2139 6.41 3
drt: n_21390 2 3
drt: n_21391 1 2
drt: n_21392 3 3
drt: n_21393 6 3
drt: n_21394 4.4 2
drt: n_21395 7.12 4
drt: n_21396 2.8 3
drt: n_21397 1.4 2
drt: n_21398 3.92 3
drt: n_21399 7.6 3
drt: n_214 9.8 2
drt: n_2140 1.6 2
drt: n_21400 3.8 2
drt: n_21401 10.93 4
drt: n_21402 3.76 3
drt: n_21403 1.8 2
drt: n_21404 7.24 4
drt: n_21405 9.6 2
drt: n_21406 1.75 2
drt: n_21407 1.32 2
drt: n_21408 2.2 2
drt: n_21409 3.2 2
drt: n_2141 3 2
drt: n_21410 4.2 2
drt: n_21411 23.12 3
drt: n_21412 5.4 4
drt: n_21413 4.8 3
drt: n_21414 1.4 2
drt: n_21415 5.92 4
drt: n_21416 2 2
drt: n_21417 3.44 3
drt: n_21418 31.6 4
drt: n_21419 3.52 2
drt: n_2142 3.72 2
drt: n_21420 6 4
drt: n_21421 3.8 3
drt: n_21422 1.4 2
drt: n_21423 4 3
drt: n_21424 2.04 2
drt: n_21425 3.8 3
drt: n_21426 3 3
drt: n_21427 10.81 3
drt: n_21428 6.8 3
drt: n_21429 2.2 2
drt: n_2143 2.4 2
drt: n_21430 2.6 3
drt: n_21431 8.12 4
drt: n_21432 2.2 3
drt: n_21433 3.72 2
drt: n_21434 3.32 2
drt: n_21435 6.2 3
drt: n_21436 3.44 3
drt: n_21437 14.41 4
drt: n_21438 1.64 2
drt: n_21439 3.76 3
drt: n_2144 7 3
drt: n_21440 5 3
drt: n_21441 4.6 3
drt: n_21442 4.04 3
drt: n_21443 2 3
drt: n_21444 5.65 3
drt: n_21445 3.4 3
drt: n_21446 4 3
drt: n_21447 2.8 2
drt: n_21448 9.2 3
drt: n_21449 2.8 3
drt: n_2145 2.4 2
drt: n_21450 6.8 3
drt: n_21451 5.2 3
drt: n_21452 4 2
drt: n_21453 6.15 2
drt: n_21454 7.79 2
drt: n_21455 3.32 2
drt: n_21456 7.72 2
drt: n_21457 15.64 3
drt: n_21458 3.32 3
drt: n_21459 33.92 5
drt: n_2146 0.6 2
drt: n_21460 1.8 2
drt: n_21461 3.2 2
drt: n_21462 5.92 3
drt: n_21463 37.88 5
drt: n_21464 4.2 2
drt: n_21465 10.76 5
drt: n_21466 4 3
drt: n_21467 8.44 4
drt: n_21468 2.76 3
drt: n_21469 1 2
drt: n_2147 4.72 2
drt: n_21470 2.01 3
drt: n_21471 9.6 5
drt: n_21472 1.2 2
drt: n_21473 7.24 4
drt: n_21474 4.44 3
drt: n_21475 41.6 4
drt: n_21476 1.8 2
drt: n_21477 8.61 4
drt: n_21478 12.8 4
drt: n_21479 6.52 3
drt: n_2148 0.6 2
drt: n_21480 9.21 5
drt: n_21481 5.6 2
drt: n_21482 4.4 4
drt: n_21483 6.93 4
drt: n_21484 18.23 4
drt: n_21485 9.72 4
drt: n_21486 3.6 3
drt: n_21487 37.88 5
drt: n_21488 2.6 2
drt: n_21489 16.61 4
drt: n_2149 4.2 2
drt: n_21490 10.6 2
drt: n_21491 5.6 3
drt: n_21492 3.4 2
drt: n_21493 1 2
drt: n_21494 6.2 2
drt: n_21495 11.21 4
drt: n_21496 9.32 4
drt: n_21497 12.92 4
drt: n_21498 15.48 4
drt: n_21499 11 4
drt: n_215 6.32 2
drt: n_2150 3.2 2
drt: n_21500 4.4 3
drt: n_21501 1.4 2
drt: n_21502 2.61 3
drt: n_21503 7.4 3
drt: n_21504 3.4 3
drt: n_21505 7.68 4
drt: n_21506 7.2 4
drt: n_21507 3.32 3
drt: n_21508 1.64 2
drt: n_21509 11.42 4
drt: n_2151 2.4 2
drt: n_21510 11.24 4
drt: n_21511 7.44 3
drt: n_21512 2.2 2
drt: n_21513 2.8 4
drt: n_21514 10.97 4
drt: n_21515 4.8 3
drt: n_21516 8.12 3
drt: n_21517 6.6 3
drt: n_21518 1.44 2
drt: n_21519 30.84 6
drt: n_2152 2.2 3
drt: n_21520 3.4 3
drt: n_21521 3.45 3
drt: n_21522 2.2 2
drt: n_21523 3.2 3
drt: n_21524 3.21 3
drt: n_21525 2.4 2
drt: n_21526 3.2 3
drt: n_21527 1.4 2
drt: n_21528 4.6 3
drt: n_21529 6.4 3
drt: n_2153 1 2
drt: n_21530 4.72 3
drt: n_21531 2.24 2
drt: n_21532 3.24 3
drt: n_21533 12.93 6
drt: n_21534 13.92 3
drt: n_21535 25.72 2
drt: n_21536 3 3
drt: n_21537 11.72 3
drt: n_21538 5.15 2
drt: n_21539 3.72 2
drt: n_2154 6.53 3
drt: n_21540 2.92 2
drt: n_21541 5.52 4
drt: n_21542 1.32 2
drt: n_21543 2.8 2
drt: n_21544 17.04 6
drt: n_21545 8.6 4
drt: n_21546 8.93 4
drt: n_21547 14.32 4
drt: n_21548 8.24 4
drt: n_21549 12.6 4
drt: n_2155 2.04 2
drt: n_21550 52.76 4
drt: n_21551 9.94 4
drt: n_21552 7.6 4
drt: n_21553 10.6 4
drt: n_21554 6.8 4
drt: n_21555 5.8 3
drt: n_21556 4.2 2
drt: n_21557 3.36 3
drt: n_21558 1 2
drt: n_21559 11.6 3
drt: n_2156 9.81 3
drt: n_21560 3.6 2
drt: n_21561 0.95 2
drt: n_21562 2.4 2
drt: n_21563 43.44 3
drt: n_21564 5.4 4
drt: n_21565 3.6 3
drt: n_21566 1.2 2
drt: n_21567 5.33 3
drt: n_21568 2.4 2
drt: n_21569 4.8 3
drt: n_2157 0.8 2
drt: n_21570 1.4 2
drt: n_21571 3.24 2
drt: n_21572 2.6 2
drt: n_21573 0.8 2
drt: n_21574 2 2
drt: n_21575 2.8 2
drt: n_21576 6.6 2
drt: n_21577 1.84 2
drt: n_21578 8.32 2
drt: n_21579 2.64 2
drt: n_2158 3.8 3
drt: n_21580 2 2
drt: n_21581 3.04 2
drt: n_21582 4 2
drt: n_21583 6.04 2
drt: n_21584 1.8 2
drt: n_21585 3.4 2
drt: n_21586 2.92 2
drt: n_21587 6.8 2
drt: n_21588 3.04 2
drt: n_21589 1.4 2
drt: n_2159 2.6 2
drt: n_21590 0.4 2
drt: n_21591 4 2
drt: n_21592 1.6 2
drt: n_21593 6.8 4
drt: n_21594 5.4 3
drt: n_21595 2.6 2
drt: n_21596 6.8 4
drt: n_21597 2.8 3
drt: n_21598 2.6 2
drt: n_21599 5.55 2
drt: n_216 3.52 2
drt: n_2160 6.6 3
drt: n_21600 1.32 2
drt: n_21601 2.92 2
drt: n_21602 1.32 2
drt: n_21603 2.92 2
drt: n_21604 10.12 2
drt: n_21605 1.35 2
drt: n_21606 1.32 2
drt: n_21607 5.35 2
drt: n_21609 6.15 2
drt: n_2161 0.6 2
drt: n_21610 2.92 2
drt: n_21611 6.95 2
drt: n_21612 2.44 2
drt: n_21613 3.2 3
drt: n_21614 6.04 2
drt: n_21615 4.72 2
drt: n_21616 8.2 2
drt: n_21617 3.6 2
drt: n_21618 57.37 2
drt: n_21619 2.6 2
drt: n_2162 4 3
drt: n_21620 7.2 3
drt: n_21621 6.01 3
drt: n_21622 8.4 3
drt: n_21623 8.2 3
drt: n_21624 14.2 4
drt: n_21625 4.64 3
drt: n_21626 8.4 3
drt: n_21627 1 2
drt: n_21628 4 3
drt: n_21629 1.01 3
drt: n_2163 1 2
drt: n_21630 4.12 2
drt: n_21631 7.6 3
drt: n_21632 1.4 2
drt: n_21633 4.72 3
drt: n_21634 3.4 3
drt: n_21635 3.64 3
drt: n_21636 0.8 2
drt: n_21637 6 3
drt: n_21639 6.15 2
drt: n_2164 3.4 3
drt: n_21640 7.35 2
drt: n_21641 1.32 2
drt: n_21643 3.75 2
drt: n_21644 9.4 2
drt: n_21645 6.12 3
drt: n_21646 9.12 2
drt: n_21647 1.2 2
drt: n_21648 6 2
drt: n_21649 17.4 2
drt: n_2165 1.2 2
drt: n_21650 8.12 3
drt: n_21651 2.2 2
drt: n_21652 8 3
drt: n_21653 10.6 3
drt: n_21654 6.72 3
drt: n_21655 7.2 3
drt: n_21656 7.12 3
drt: n_21657 2.2 2
drt: n_21658 7.32 3
drt: n_21659 2.8 2
drt: n_2166 4.2 3
drt: n_21660 16.72 4
drt: n_21661 4.2 3
drt: n_21662 4.2 2
drt: n_21663 10.64 4
drt: n_21664 3.44 3
drt: n_21665 1 2
drt: n_21666 6.04 4
drt: n_21667 4.92 3
drt: n_21668 2.32 2
drt: n_21669 8.32 3
drt: n_2167 2.12 2
drt: n_21670 3.12 2
drt: n_21671 10.04 4
drt: n_21672 5.44 3
drt: n_21673 2.6 2
drt: n_21674 5.81 3
drt: n_21675 5.92 3
drt: n_21676 0.4 2
drt: n_21677 10.52 4
drt: n_21678 5.4 3
drt: n_21679 2.4 2
drt: n_2168 2.4 2
drt: n_21680 4.8 4
drt: n_21681 3.6 3
drt: n_21682 1.6 2
drt: n_21683 6.37 4
drt: n_21684 7.32 3
drt: n_21685 1 2
drt: n_21686 7.52 4
drt: n_21687 5.6 3
drt: n_21688 1.4 2
drt: n_21689 8.6 4
drt: n_2169 4.04 3
drt: n_21690 2.96 3
drt: n_21691 1.32 2
drt: n_21692 11.4 3
drt: n_21693 3.52 2
drt: n_21694 8.52 4
drt: n_21695 2.4 3
drt: n_21696 1.4 2
drt: n_21697 11.52 4
drt: n_21698 5.72 3
drt: n_21699 2.56 2
drt: n_217 3 2
drt: n_2170 1 2
drt: n_21700 8.96 4
drt: n_21701 11.2 3
drt: n_21702 4.2 2
drt: n_21703 4.6 4
drt: n_21704 6.32 3
drt: n_21705 1.4 2
drt: n_21706 2.6 3
drt: n_21707 2 2
drt: n_21708 8.36 4
drt: n_21709 6.32 3
drt: n_2171 5.4 3
drt: n_21710 1.8 2
drt: n_21711 4 3
drt: n_21712 0.6 2
drt: n_21713 8.64 4
drt: n_21714 8.05 3
drt: n_21715 2 2
drt: n_21716 12.96 4
drt: n_21717 5.6 3
drt: n_21718 3.8 2
drt: n_21719 11.56 4
drt: n_2172 3.2 2
drt: n_21720 3.4 3
drt: n_21721 1.64 2
drt: n_21722 11.32 4
drt: n_21723 3.6 3
drt: n_21724 1.6 2
drt: n_21725 11.8 4
drt: n_21726 3.4 3
drt: n_21727 3.76 2
drt: n_21728 6.01 4
drt: n_21729 5.4 3
drt: n_2173 7.2 3
drt: n_21730 1.4 2
drt: n_21731 4.4 4
drt: n_21732 4.24 3
drt: n_21733 2.52 2
drt: n_21734 9.8 3
drt: n_21735 3.6 2
drt: n_21736 16.13 4
drt: n_21737 4.4 3
drt: n_21738 1.6 2
drt: n_21739 24.6 4
drt: n_2174 1.6 2
drt: n_21740 12.6 3
drt: n_21741 3 2
drt: n_21742 9.4 4
drt: n_21743 8.72 3
drt: n_21744 1.4 2
drt: n_21745 13.8 4
drt: n_21746 2.8 3
drt: n_21747 2 2
drt: n_21748 22.44 4
drt: n_21749 16.05 3
drt: n_2175 3.84 3
drt: n_21750 6 2
drt: n_21751 10.81 4
drt: n_21752 4.01 3
drt: n_21753 3.8 2
drt: n_21754 4.84 3
drt: n_21755 0.4 2
drt: n_21756 4 4
drt: n_21757 5 3
drt: n_21758 1.52 2
drt: n_21759 13.4 4
drt: n_2176 1.4 2
drt: n_21760 2.32 3
drt: n_21761 2 2
drt: n_21762 5.04 4
drt: n_21763 3.53 3
drt: n_21764 1.8 2
drt: n_21765 1.75 2
drt: n_21766 1.75 2
drt: n_21767 1.35 2
drt: n_21768 10.36 4
drt: n_21769 2.55 2
drt: n_2177 11.41 3
drt: n_21770 1.55 2
drt: n_21771 1.32 2
drt: n_21772 2.92 2
drt: n_21773 3.92 2
drt: n_21774 2.55 2
drt: n_21775 9.24 3
drt: n_21776 5.92 3
drt: n_21777 14.68 4
drt: n_21778 2.52 2
drt: n_21779 4.2 3
drt: n_2178 3.2 2
drt: n_21780 4.76 3
drt: n_21781 14.44 4
drt: n_21782 5 4
drt: n_21783 4 2
drt: n_21784 10.52 4
drt: n_21785 3.2 2
drt: n_21786 5.24 3
drt: n_21787 5.13 3
drt: n_21788 3.8 3
drt: n_21789 2.4 2
drt: n_2179 4.72 3
drt: n_21790 29.64 3
drt: n_21791 7.8 3
drt: n_21792 1 2
drt: n_21793 7.4 3
drt: n_21794 15.93 4
drt: n_21795 3.6 3
drt: n_21796 18.84 4
drt: n_21797 4.6 3
drt: n_21798 3.2 3
drt: n_21799 3.96 3
drt: n_218 1.6 2
drt: n_2180 0.8 2
drt: n_21800 4.32 3
drt: n_21801 3.04 3
drt: n_21802 4.2 3
drt: n_21803 9.8 2
drt: n_21804 3.6 3
drt: n_21805 9.2 4
drt: n_21806 1 2
drt: n_21807 3.8 3
drt: n_21808 2.6 3
drt: n_21809 1.35 2
drt: n_2181 4.4 3
drt: n_21810 8.96 4
drt: n_21811 2.55 2
drt: n_21812 9.96 3
drt: n_21813 2.2 2
drt: n_21814 2.12 2
drt: n_21815 14.82 4
drt: n_21816 1.8 2
drt: n_21817 3 3
drt: n_21818 13.81 5
drt: n_21819 1 2
drt: n_2182 1.6 2
drt: n_21820 1.4 2
drt: n_21821 7.45 4
drt: n_21822 1.64 2
drt: n_21823 8.4 4
drt: n_21824 2.8 3
drt: n_21825 4.2 2
drt: n_21826 4.52 2
drt: n_21827 5.73 3
drt: n_21828 8.4 3
drt: n_21829 3.04 3
drt: n_2183 4.32 3
drt: n_21830 7.85 3
drt: n_21831 5 4
drt: n_21832 7.12 3
drt: n_21833 12.6 4
drt: n_21834 5.12 3
drt: n_21835 1.4 2
drt: n_21836 3.72 2
drt: n_21837 5.64 4
drt: n_21838 18.72 4
drt: n_21839 4.96 3
drt: n_2184 0.8 2
drt: n_21840 2.24 2
drt: n_21841 3.8 3
drt: n_21842 2.52 2
drt: n_21843 4.6 3
drt: n_21844 4.4 2
drt: n_21845 5.6 3
drt: n_21846 1.4 2
drt: n_21847 2.93 3
drt: n_21848 0.8 2
drt: n_21849 5.4 3
drt: n_2185 7.4 2
drt: n_21850 1.2 2
drt: n_21851 2 3
drt: n_21852 3.84 3
drt: n_21853 1 2
drt: n_21854 5.33 3
drt: n_21855 0.4 2
drt: n_21856 2 3
drt: n_21857 1.8 2
drt: n_21858 6.64 3
drt: n_21859 0.4 2
drt: n_2186 11.33 3
drt: n_21860 9 3
drt: n_21861 3.52 3
drt: n_21862 8.25 3
drt: n_21863 1.4 2
drt: n_21864 5.41 3
drt: n_21865 3.12 2
drt: n_21866 4.44 3
drt: n_21867 1.81 3
drt: n_21868 1.8 2
drt: n_21869 4.92 3
drt: n_2187 2.6 2
drt: n_21870 0.4 2
drt: n_21871 5.8 3
drt: n_21872 4.6 2
drt: n_21873 10.69 4
drt: n_21874 1.61 3
drt: n_21875 0.4 2
drt: n_21876 4.6 3
drt: n_21877 0.4 2
drt: n_21878 2.2 3
drt: n_21879 3.12 2
drt: n_2188 3.4 3
drt: n_21880 4.64 3
drt: n_21881 6 3
drt: n_21882 2.12 2
drt: n_21883 2.8 3
drt: n_21884 0.4 2
drt: n_21885 9.72 3
drt: n_21886 4.92 3
drt: n_21887 5.52 3
drt: n_21888 4.2 3
drt: n_21889 10.12 3
drt: n_2189 3 2
drt: n_21890 4.84 3
drt: n_21891 3.4 2
drt: n_21892 15.68 4
drt: n_21893 6.24 3
drt: n_21894 4.6 2
drt: n_21895 7.72 3
drt: n_21896 3.4 2
drt: n_21897 5.4 3
drt: n_21898 2.92 2
drt: n_21899 3.52 2
drt: n_219 11.24 2
drt: n_2190 4.24 3
drt: n_21900 55.56 6
drt: n_21901 2.92 2
drt: n_21902 1.75 2
drt: n_21903 1.32 2
drt: n_21904 1.75 2
drt: n_21905 3.47 2
drt: n_21906 2.72 2
drt: n_21907 3.8 2
drt: n_21908 38.68 3
drt: n_21909 3.4 2
drt: n_2191 0.6 2
drt: n_21910 5.44 2
drt: n_21911 6.4 2
drt: n_21912 18.56 3
drt: n_21913 12.32 4
drt: n_21914 11.92 4
drt: n_21915 6.6 3
drt: n_21916 1.41 3
drt: n_21917 7.24 4
drt: n_21918 4.72 3
drt: n_21919 1.4 2
drt: n_2192 4.2 3
drt: n_21920 11.4 4
drt: n_21921 1.2 2
drt: n_21922 4.52 2
drt: n_21923 6.8 3
drt: n_21924 4.8 2
drt: n_21925 11.16 6
drt: n_21926 2 3
drt: n_21927 1 2
drt: n_21928 9.15 3
drt: n_21929 3.4 2
drt: n_2193 1.8 2
drt: n_21930 1.72 2
drt: n_21931 9.36 4
drt: n_21932 9.65 4
drt: n_21933 14.32 4
drt: n_21934 6 4
drt: n_21935 3.8 2
drt: n_21936 13 4
drt: n_21937 5.68 4
drt: n_21938 3 3
drt: n_21939 1.8 2
drt: n_2194 6.76 3
drt: n_21940 7.24 3
drt: n_21941 3.2 2
drt: n_21942 5.2 3
drt: n_21943 1.4 2
drt: n_21944 3.2 3
drt: n_21945 1.6 2
drt: n_21946 3.6 3
drt: n_21947 1.64 2
drt: n_21948 5.8 3
drt: n_21949 1.6 2
drt: n_2195 0.8 2
drt: n_21950 5.6 3
drt: n_21951 1.4 2
drt: n_21952 7.12 3
drt: n_21953 1 2
drt: n_21954 3.6 3
drt: n_21955 1.4 2
drt: n_21956 5.8 3
drt: n_21957 1.6 2
drt: n_21958 3.8 3
drt: n_21959 1 2
drt: n_2196 4.12 3
drt: n_21960 6.6 3
drt: n_21961 1.2 2
drt: n_21962 3.44 3
drt: n_21963 1 2
drt: n_21964 3.36 3
drt: n_21965 1 2
drt: n_21966 6.72 3
drt: n_21967 4.52 2
drt: n_21968 4 3
drt: n_21969 1.4 2
drt: n_2197 2.2 2
drt: n_21970 5.52 3
drt: n_21971 3.4 2
drt: n_21972 5.36 3
drt: n_21973 1 2
drt: n_21974 6.92 3
drt: n_21975 3 2
drt: n_21976 7.72 4
drt: n_21977 7.09 4
drt: n_21978 7 4
drt: n_21979 10.4 2
drt: n_2198 6.2 3
drt: n_21980 2.4 2
drt: n_21981 3.6 2
drt: n_21982 3.4 2
drt: n_21983 3.72 2
drt: n_21984 6.6 4
drt: n_21985 6.8 3
drt: n_21986 4.32 2
drt: n_21987 3.35 2
drt: n_21988 1180.82 33
drt: n_21989 2.95 2
drt: n_2199 1.4 2
drt: n_21990 2.6 2
drt: n_21991 2.15 2
drt: n_21992 8.47 2
drt: n_21993 6.95 2
drt: n_21994 2.92 2
drt: n_21995 4 2
drt: n_21996 3.32 2
drt: n_21997 3.12 2
drt: n_21998 1.35 2
drt: n_21999 5.6 2
drt: n_22 2.24 2
drt: n_220 3.92 2
drt: n_22000 2.4 2
drt: n_22001 2.12 2
drt: n_22002 18.2 2
drt: n_22003 5 2
drt: n_22004 16.32 2
drt: n_22005 5.52 2
drt: n_22006 12.2 2
drt: n_22007 11.52 2
drt: n_22008 2.44 2
drt: n_22009 7.52 2
drt: n_22010 8.8 3
drt: n_22011 4.2 2
drt: n_22012 23.76 3
drt: n_22013 6.16 3
drt: n_22014 3 3
drt: n_22015 3 2
drt: n_22016 3.81 3
drt: n_22017 5.75 2
drt: n_22018 2.92 2
drt: n_22019 681.18 17
drt: n_2202 3.64 2
drt: n_22020 3.52 2
drt: n_22021 4.12 2
drt: n_22022 7.32 3
drt: n_22023 9 2
drt: n_22024 7 3
drt: n_22025 2.4 2
drt: n_22026 2.4 3
drt: n_22027 7.4 2
drt: n_22028 5.92 3
drt: n_22029 13.92 2
drt: n_2203 15.44 2
drt: n_22030 3 3
drt: n_22031 0.6 2
drt: n_22032 4.64 2
drt: n_22033 6.2 3
drt: n_22034 9.8 4
drt: n_22035 3.6 3
drt: n_22036 1.8 2
drt: n_22037 6.6 4
drt: n_22038 7 3
drt: n_22039 5 2
drt: n_2204 1.6 2
drt: n_22040 2.6 3
drt: n_22041 2.2 2
drt: n_22042 4.68 3
drt: n_22043 5.2 4
drt: n_22044 2.4 3
drt: n_22045 1.8 2
drt: n_22046 10.92 4
drt: n_22047 4.6 3
drt: n_22048 1.4 2
drt: n_2205 2 2
drt: n_22050 2.92 2
drt: n_22051 9.35 2
drt: n_22052 4.72 2
drt: n_22053 1.75 2
drt: n_22054 3.12 2
drt: n_22055 2.92 2
drt: n_22056 1.35 2
drt: n_22057 0.95 2
drt: n_22058 3.15 2
drt: n_22059 4.95 2
drt: n_2206 3 2
drt: n_22060 1.95 2
drt: n_22061 3.35 2
drt: n_22062 3.47 2
drt: n_22063 10.72 2
drt: n_22064 6.96 2
drt: n_22065 23.55 2
drt: n_22066 1.35 2
drt: n_22067 3.52 2
drt: n_22068 1.75 2
drt: n_22069 3.67 2
drt: n_2207 6.52 2
drt: n_22070 1.35 2
drt: n_22072 1.75 2
drt: n_22073 2.92 2
drt: n_22074 1.6 2
drt: n_22075 5 2
drt: n_22076 3.4 2
drt: n_22077 5.92 2
drt: n_22078 7.24 2
drt: n_22079 4.2 2
drt: n_2208 5 2
drt: n_22080 19.68 2
drt: n_22081 4 2
drt: n_22082 8.6 2
drt: n_22083 5.8 2
drt: n_22084 16.52 2
drt: n_22085 4.96 3
drt: n_22086 2.81 3
drt: n_22087 1.64 2
drt: n_22088 2.2 2
drt: n_22089 8.32 3
drt: n_2209 4.44 3
drt: n_22090 7.4 3
drt: n_22091 2.8 3
drt: n_22092 1.21 3
drt: n_22093 2.2 2
drt: n_22094 4.4 3
drt: n_22095 4.33 3
drt: n_22096 6.21 3
drt: n_22097 6.6 3
drt: n_22098 5 3
drt: n_22099 7.04 3
drt: n_221 5.8 2
drt: n_2210 2.8 2
drt: n_22100 5.8 3
drt: n_22101 2.73 3
drt: n_22102 1.04 2
drt: n_22103 9 3
drt: n_22104 2 2
drt: n_22105 4.67 2
drt: n_22106 2.32 2
drt: n_22107 6.55 2
drt: n_22108 14.55 2
drt: n_22109 7.6 4
drt: n_2211 3.2 2
drt: n_22110 1.32 2
drt: n_22112 6.15 2
drt: n_22113 13.64 2
drt: n_22114 10.04 2
drt: n_22115 15.16 2
drt: n_22116 13.08 4
drt: n_22117 2.8 3
drt: n_22118 33.12 5
drt: n_22119 1.4 2
drt: n_2212 2 2
drt: n_22120 8.4 3
drt: n_22121 3.52 2
drt: n_22122 25.6 4
drt: n_22123 4.72 3
drt: n_22124 6.6 4
drt: n_22125 2.6 3
drt: n_22126 0.6 2
drt: n_22127 4.4 3
drt: n_22128 5 3
drt: n_22129 5 3
drt: n_2213 4.04 2
drt: n_22130 4.52 3
drt: n_22131 8.52 2
drt: n_22132 3.36 3
drt: n_22133 2.4 2
drt: n_22134 3 3
drt: n_22135 5.8 3
drt: n_22136 0.4 2
drt: n_22137 2.65 3
drt: n_22138 0.4 2
drt: n_22139 4.8 3
drt: n_2214 13.32 5
drt: n_22140 0.4 2
drt: n_22141 1.8 2
drt: n_22142 4 3
drt: n_22143 2.6 2
drt: n_22144 5.4 3
drt: n_22145 0.4 2
drt: n_22146 3.4 3
drt: n_22147 2.8 2
drt: n_22148 9.6 3
drt: n_22149 5.6 2
drt: n_2215 2.8 2
drt: n_22150 4.72 3
drt: n_22151 7.04 3
drt: n_22152 5.2 2
drt: n_22153 3 3
drt: n_22154 1.4 2
drt: n_22155 5.47 2
drt: n_22156 1.27 2
drt: n_22157 1.32 2
drt: n_22158 3.55 2
drt: n_22159 16.12 2
drt: n_2216 1.4 2
drt: n_22160 3.12 2
drt: n_22161 9 2
drt: n_22162 27.68 2
drt: n_22163 13.77 3
drt: n_22164 10.12 2
drt: n_22165 4.2 2
drt: n_22166 45.96 3
drt: n_22167 6 2
drt: n_22168 6.72 4
drt: n_22169 8.36 4
drt: n_2217 1.6 2
drt: n_22170 6.8 4
drt: n_22171 10.84 3
drt: n_22172 33.32 5
drt: n_22173 1.4 2
drt: n_22174 6.36 4
drt: n_22175 10.96 4
drt: n_22176 8.41 4
drt: n_22177 2.2 2
drt: n_22178 3.6 3
drt: n_22179 5.64 3
drt: n_2218 7.53 2
drt: n_22180 0.8 2
drt: n_22181 3.41 3
drt: n_22182 6.24 3
drt: n_22183 3.8 2
drt: n_22184 36.12 4
drt: n_22185 5.56 3
drt: n_22186 3 3
drt: n_22187 4.72 3
drt: n_22188 8.36 4
drt: n_22189 3.52 3
drt: n_2219 3.8 2
drt: n_22190 3.21 3
drt: n_22191 8.32 3
drt: n_22192 3.96 2
drt: n_22193 1.6 2
drt: n_22194 14.52 4
drt: n_22195 7.61 4
drt: n_22196 59.84 4
drt: n_22197 10.16 5
drt: n_22198 7.72 4
drt: n_22199 3.04 3
drt: n_222 3.32 2
drt: n_2220 2.36 3
drt: n_22200 29.83 5
drt: n_22201 1.4 2
drt: n_22202 7.12 4
drt: n_22203 1.4 2
drt: n_22204 4.8 3
drt: n_22205 6.2 4
drt: n_22206 5.6 3
drt: n_22207 2.52 2
drt: n_22208 9.52 4
drt: n_22209 1.2 2
drt: n_2221 2.04 2
drt: n_22210 22.08 4
drt: n_22211 59.76 4
drt: n_22212 2.84 2
drt: n_22213 36.2 4
drt: n_22214 1.6 2
drt: n_22215 32.01 4
drt: n_22216 4.32 2
drt: n_22217 8.88 4
drt: n_22218 2.6 3
drt: n_22219 1.64 2
drt: n_2222 5.44 3
drt: n_22220 7.4 3
drt: n_22221 1 2
drt: n_22222 13.57 4
drt: n_22223 3.01 3
drt: n_22224 9.92 4
drt: n_22225 3 2
drt: n_22226 7.6 4
drt: n_22227 1.8 2
drt: n_22228 17.04 4
drt: n_22229 1.6 2
drt: n_2223 3.92 3
drt: n_22230 4.6 4
drt: n_22231 1 2
drt: n_22232 23.36 4
drt: n_22233 1.6 2
drt: n_22234 6.8 3
drt: n_22235 1.4 2
drt: n_22236 3.04 3
drt: n_22237 1.4 2
drt: n_22238 3.36 3
drt: n_22239 1 2
drt: n_2224 1.8 2
drt: n_22240 3.44 3
drt: n_22241 3.16 2
drt: n_22242 3.84 3
drt: n_22243 5.01 3
drt: n_22244 3.92 2
drt: n_22245 5.72 3
drt: n_22246 1 2
drt: n_22247 2.25 3
drt: n_22248 1 2
drt: n_22249 1.35 2
drt: n_2225 1.4 2
drt: n_22250 5.95 2
drt: n_22251 19.96 4
drt: n_22252 7.8 4
drt: n_22253 4.2 4
drt: n_22254 6.2 4
drt: n_22255 11.4 4
drt: n_22256 11.94 4
drt: n_22257 8.2 4
drt: n_22258 10.24 4
drt: n_22259 5.2 4
drt: n_2226 4.52 2
drt: n_22260 6.6 4
drt: n_22261 6.88 4
drt: n_22262 5.68 4
drt: n_22263 7.93 4
drt: n_22264 10.4 4
drt: n_22265 11.84 4
drt: n_22266 7 4
drt: n_22267 11.81 4
drt: n_22268 8.36 4
drt: n_22269 5.73 4
drt: n_2227 4.13 3
drt: n_22270 5.56 3
drt: n_22271 3.84 3
drt: n_22272 1 2
drt: n_22273 5.92 2
drt: n_22274 1 2
drt: n_22275 3.72 2
drt: n_22276 1.75 2
drt: n_22278 3.32 2
drt: n_22279 10.72 2
drt: n_2228 2.72 2
drt: n_22280 7.32 2
drt: n_22281 8.41 3
drt: n_22282 1.41 3
drt: n_22283 2 2
drt: n_22284 2.67 2
drt: n_22285 4.8 2
drt: n_22286 4.6 2
drt: n_22287 5.12 2
drt: n_22288 4.2 3
drt: n_22289 4.2 2
drt: n_22290 5.44 3
drt: n_22291 3.72 2
drt: n_22292 3 3
drt: n_22293 5.6 3
drt: n_22294 12.8 3
drt: n_22295 1.6 2
drt: n_22296 5 2
drt: n_22297 19.44 3
drt: n_22298 18.84 3
drt: n_22299 4.13 4
drt: n_223 6.8 2
drt: n_2230 1.92 3
drt: n_22300 6 3
drt: n_22301 3.72 2
drt: n_22302 5.2 3
drt: n_22303 2.04 2
drt: n_22304 7 4
drt: n_22305 5.4 3
drt: n_22306 1.4 2
drt: n_22307 1.75 2
drt: n_22308 8.95 2
drt: n_22309 2.92 2
drt: n_2231 9 3
drt: n_22311 1.35 2
drt: n_22312 11.15 2
drt: n_22313 0.95 2
drt: n_22314 5.27 2
drt: n_22315 12 2
drt: n_22316 3.12 2
drt: n_22317 6.92 2
drt: n_22318 9.44 3
drt: n_22319 5.32 2
drt: n_2232 3.92 2
drt: n_22320 3.4 2
drt: n_22321 8.2 3
drt: n_22322 20 2
drt: n_22323 8.92 2
drt: n_22324 6.52 3
drt: n_22325 4.2 2
drt: n_22326 5.52 2
drt: n_22327 8.04 2
drt: n_22328 19.76 2
drt: n_22329 8 2
drt: n_2233 2.2 2
drt: n_22330 5.6 2
drt: n_22331 8 2
drt: n_22332 3.64 2
drt: n_22333 8.04 2
drt: n_22334 4.6 2
drt: n_22335 3.24 2
drt: n_22336 16.92 2
drt: n_22337 1.6 2
drt: n_22338 19.64 2
drt: n_22339 15.72 2
drt: n_2234 7.6 3
drt: n_22340 5 2
drt: n_22341 4.2 2
drt: n_22342 9.12 2
drt: n_22343 13.8 2
drt: n_22344 9.6 2
drt: n_22345 8.92 2
drt: n_22346 7.2 2
drt: n_22347 9.84 2
drt: n_22348 3.24 2
drt: n_22349 22.24 2
drt: n_2235 3.2 3
drt: n_22350 2.44 2
drt: n_22351 3.4 2
drt: n_22352 10 4
drt: n_22353 8.52 3
drt: n_22354 11.6 4
drt: n_22355 5.52 3
drt: n_22356 3.41 3
drt: n_22357 2.92 2
drt: n_22358 4 3
drt: n_22359 2.92 2
drt: n_2236 6.6 2
drt: n_22360 3.8 3
drt: n_22361 2.92 2
drt: n_22362 10.52 4
drt: n_22363 10.12 3
drt: n_22364 1.6 2
drt: n_22365 7.2 3
drt: n_22366 6.8 3
drt: n_22367 6.6 3
drt: n_22368 5.12 3
drt: n_22369 5.16 3
drt: n_2237 3.2 2
drt: n_22371 2.55 2
drt: n_22373 54.69 5
drt: n_22374 6.55 2
drt: n_22375 2.75 2
drt: n_22376 1.32 2
drt: n_22377 1.32 2
drt: n_22378 9.05 3
drt: n_22379 32.92 2
drt: n_2238 2.64 2
drt: n_22380 5.92 2
drt: n_22381 5.8 3
drt: n_22382 5.6 2
drt: n_22383 4.21 3
drt: n_22384 7.6 2
drt: n_22385 6.6 4
drt: n_22386 9.68 3
drt: n_22387 3.44 3
drt: n_22388 13.53 5
drt: n_22389 1 2
drt: n_2239 3.8 2
drt: n_22390 12.52 4
drt: n_22391 1 2
drt: n_22392 4.44 3
drt: n_22393 6.8 4
drt: n_22394 5 2
drt: n_22395 6.6 3
drt: n_22396 7 5
drt: n_22397 8.92 4
drt: n_22398 8.72 3
drt: n_22399 1.4 2
drt: n_224 2.92 2
drt: n_2240 8 5
drt: n_22400 15 6
drt: n_22401 12 4
drt: n_22402 2.6 2
drt: n_22403 1.4 2
drt: n_22404 2 3
drt: n_22405 4.8 3
drt: n_22406 2.4 2
drt: n_22407 4 3
drt: n_22408 0.6 2
drt: n_22409 8.8 3
drt: n_2241 7.52 2
drt: n_22410 2 2
drt: n_22411 3.33 3
drt: n_22412 4.6 3
drt: n_22413 2.2 3
drt: n_22414 2.6 2
drt: n_22415 8.84 3
drt: n_22416 3.2 3
drt: n_22417 2.4 2
drt: n_22418 5.44 3
drt: n_22419 3.4 2
drt: n_2242 2.6 2
drt: n_22420 3.8 3
drt: n_22421 2.2 2
drt: n_22422 7.04 3
drt: n_22423 9.12 3
drt: n_22424 0.4 2
drt: n_22425 5.53 3
drt: n_22426 1.4 2
drt: n_22427 25.09 6
drt: n_22428 6.55 2
drt: n_22429 4.2 2
drt: n_2243 1.4 2
drt: n_22430 0.95 2
drt: n_22431 4.4 2
drt: n_22432 8.32 2
drt: n_22433 12.05 5
drt: n_22434 1.8 2
drt: n_22435 2.44 2
drt: n_22436 19.92 4
drt: n_22437 5.32 2
drt: n_22438 73.45 4
drt: n_22439 12.2 3
drt: n_2244 1.8 2
drt: n_22440 1.2 2
drt: n_22441 4.6 3
drt: n_22442 4.8 3
drt: n_22443 5.04 3
drt: n_22444 4.04 3
drt: n_22445 6.8 3
drt: n_22446 5.2 3
drt: n_22447 5.44 3
drt: n_22448 29.08 4
drt: n_22449 4.6 3
drt: n_2245 2.4 3
drt: n_22450 3 2
drt: n_22451 5.12 3
drt: n_22452 7.32 3
drt: n_22453 3.13 3
drt: n_22454 3.84 3
drt: n_22455 0.6 2
drt: n_22456 6.4 3
drt: n_22457 4.64 3
drt: n_22458 4 3
drt: n_22459 5 3
drt: n_2246 1 2
drt: n_22460 12.24 3
drt: n_22461 4.12 3
drt: n_22462 4.8 3
drt: n_22463 1.4 2
drt: n_22464 3 3
drt: n_22465 9.88 3
drt: n_22466 4.61 3
drt: n_22467 6.55 2
drt: n_22468 10.12 4
drt: n_22469 2.15 2
drt: n_2247 3.2 2
drt: n_22470 1.4 2
drt: n_22471 2.8 2
drt: n_22472 16.6 3
drt: n_22473 14.21 4
drt: n_22474 2.4 3
drt: n_22475 1.4 2
drt: n_22476 8.2 3
drt: n_22477 3.84 4
drt: n_22478 3.12 3
drt: n_22479 1.2 2
drt: n_2248 2.36 3
drt: n_22480 4.8 4
drt: n_22481 1 2
drt: n_22482 6.32 4
drt: n_22483 49.48 5
drt: n_22484 19.92 4
drt: n_22485 30.4 5
drt: n_22486 1.2 2
drt: n_22487 73.64 4
drt: n_22488 2 3
drt: n_22489 36.52 5
drt: n_2249 3.2 2
drt: n_22490 1 2
drt: n_22491 6.08 3
drt: n_22492 5.4 5
drt: n_22493 1 2
drt: n_22494 3.6 3
drt: n_22495 14.96 5
drt: n_22496 1.6 2
drt: n_22497 3.01 3
drt: n_22498 14.36 5
drt: n_22499 2 2
drt: n_225 4.64 2
drt: n_2250 3.41 3
drt: n_22500 12.6 4
drt: n_22501 10.92 4
drt: n_22502 3.8 3
drt: n_22503 24.16 5
drt: n_22504 3.2 2
drt: n_22505 23.52 4
drt: n_22506 9.32 3
drt: n_22507 3 2
drt: n_22508 10.24 4
drt: n_22509 3 3
drt: n_2251 2.24 2
drt: n_22510 5.2 3
drt: n_22511 2.44 2
drt: n_22512 24.8 4
drt: n_22513 1.4 2
drt: n_22514 9.84 4
drt: n_22515 17.04 4
drt: n_22516 4.6 4
drt: n_22517 15.2 4
drt: n_22518 4.8 4
drt: n_22519 5 4
drt: n_2252 1.4 2
drt: n_22520 2.4 2
drt: n_22521 2.4 3
drt: n_22522 1.2 2
drt: n_22523 3.8 4
drt: n_22524 16.04 4
drt: n_22525 4.32 2
drt: n_22526 2.4 3
drt: n_22527 21.6 4
drt: n_22528 7 2
drt: n_22529 4 3
drt: n_2253 2.2 2
drt: n_22530 4.8 3
drt: n_22531 9.8 3
drt: n_22532 3.8 3
drt: n_22533 6.4 4
drt: n_22534 6.4 4
drt: n_22535 4.4 4
drt: n_22536 3.2 4
drt: n_22537 6.2 4
drt: n_22538 4.44 4
drt: n_22539 7.36 4
drt: n_2254 4.4 3
drt: n_22540 4.96 3
drt: n_22541 7.2 4
drt: n_22542 2.6 3
drt: n_22543 5.2 3
drt: n_22544 5.4 3
drt: n_22545 7.4 3
drt: n_22546 1.72 2
drt: n_22547 3.6 3
drt: n_22548 9.76 3
drt: n_22549 4.8 3
drt: n_2255 3.52 2
drt: n_22550 9.2 3
drt: n_22551 4.92 3
drt: n_22552 2.12 2
drt: n_22553 1.32 2
drt: n_22554 3.67 2
drt: n_22555 4.21 3
drt: n_22556 11.2 2
drt: n_22557 13.4 4
drt: n_22558 13.4 4
drt: n_22559 7.2 4
drt: n_2256 0.8 2
drt: n_22560 6.56 4
drt: n_22561 9.97 4
drt: n_22562 17.04 4
drt: n_22563 9.64 4
drt: n_22564 9.44 4
drt: n_22565 3 3
drt: n_22566 1.4 2
drt: n_22567 8 5
drt: n_22568 6.4 3
drt: n_22569 4.2 2
drt: n_2257 5.4 3
drt: n_22570 5.35 3
drt: n_22571 2.8 2
drt: n_22572 4.12 3
drt: n_22573 1.8 2
drt: n_22574 6.05 4
drt: n_22575 3 2
drt: n_22576 2.92 2
drt: n_22577 9.44 4
drt: n_22578 2.4 3
drt: n_22579 5.64 2
drt: n_2258 4 2
drt: n_22580 3.2 3
drt: n_22581 1 2
drt: n_22582 8.93 3
drt: n_22583 3.52 2
drt: n_22584 6.05 3
drt: n_22585 3.64 2
drt: n_22586 5.4 3
drt: n_22587 4 2
drt: n_22589 3.27 2
drt: n_2259 1.4 2
drt: n_22590 3.8 2
drt: n_22591 5.44 4
drt: n_22592 5 2
drt: n_22593 2.2 2
drt: n_22594 7.2 3
drt: n_22595 4.2 3
drt: n_22596 1.8 2
drt: n_22597 4.52 2
drt: n_22598 1.4 2
drt: n_22599 3.04 2
drt: n_226 1.6 2
drt: n_2260 4.24 2
drt: n_22600 1.84 2
drt: n_22601 1.6 2
drt: n_22602 4.72 2
drt: n_22603 1.2 2
drt: n_22604 3 2
drt: n_22605 4.92 2
drt: n_22606 3.6 2
drt: n_22607 4.6 2
drt: n_22609 2.92 2
drt: n_2261 3.6 3
drt: n_22610 7.75 2
drt: n_22611 4.6 2
drt: n_22612 2.92 2
drt: n_22613 2.92 2
drt: n_22614 4.72 2
drt: n_22615 519.92 10
drt: n_22616 12.84 2
drt: n_22617 1.35 2
drt: n_22618 2.72 2
drt: n_22619 0.95 2
drt: n_2262 1 2
drt: n_22620 1.35 2
drt: n_22621 3.35 2
drt: n_22622 1.8 2
drt: n_22623 8 3
drt: n_22624 1.8 2
drt: n_22625 6.04 2
drt: n_22626 7.52 2
drt: n_22627 9.4 2
drt: n_22628 3.44 3
drt: n_22629 4.04 3
drt: n_2263 4.92 3
drt: n_22630 4.2 3
drt: n_22631 1.01 3
drt: n_22632 1.4 2
drt: n_22633 6.72 3
drt: n_22634 0.6 2
drt: n_22635 4.8 3
drt: n_22636 2.32 3
drt: n_22637 4.12 2
drt: n_22638 4.4 3
drt: n_22639 2.4 2
drt: n_2264 1.6 2
drt: n_22640 8.6 3
drt: n_22641 3.4 2
drt: n_22642 2.15 2
drt: n_22643 2.95 2
drt: n_22644 2.95 2
drt: n_22645 1.32 2
drt: n_22646 8.12 2
drt: n_22647 8 3
drt: n_22648 20.84 2
drt: n_22649 15.04 3
drt: n_2265 8.12 3
drt: n_22650 11.2 3
drt: n_22651 11.8 4
drt: n_22652 4 3
drt: n_22653 0.8 2
drt: n_22654 21.92 4
drt: n_22655 8.6 3
drt: n_22656 1.8 2
drt: n_22657 12.81 4
drt: n_22658 3.56 3
drt: n_22659 1.72 2
drt: n_2266 1.6 2
drt: n_22660 10.6 4
drt: n_22661 3.8 3
drt: n_22662 1.4 2
drt: n_22663 4.77 3
drt: n_22664 4.52 2
drt: n_22665 13.41 4
drt: n_22666 8.52 3
drt: n_22667 3.92 2
drt: n_22668 2.8 3
drt: n_22669 5.21 3
drt: n_2267 3.96 3
drt: n_22670 1.8 2
drt: n_22671 3 3
drt: n_22672 1.04 2
drt: n_22673 8.36 4
drt: n_22674 7.44 3
drt: n_22675 1.8 2
drt: n_22676 6.4 4
drt: n_22677 5.6 3
drt: n_22678 3 2
drt: n_22679 4.64 3
drt: n_2268 0.8 2
drt: n_22680 1.6 2
drt: n_22681 9.64 4
drt: n_22682 7 3
drt: n_22683 3 2
drt: n_22684 8.45 4
drt: n_22685 2.8 3
drt: n_22686 1.64 2
drt: n_22687 14.92 4
drt: n_22688 12.12 3
drt: n_22689 4.92 2
drt: n_2269 14.75 3
drt: n_22690 6.68 4
drt: n_22691 3.84 3
drt: n_22692 1.4 2
drt: n_22693 7.2 4
drt: n_22694 3.6 3
drt: n_22695 1.2 2
drt: n_22696 4.2 4
drt: n_22697 13.8 3
drt: n_22698 4.6 3
drt: n_22699 11.32 4
drt: n_227 12.4 2
drt: n_2270 0.4 2
drt: n_22700 4.6 3
drt: n_22701 1.8 2
drt: n_22702 6.93 4
drt: n_22703 1.6 3
drt: n_22704 1 2
drt: n_22705 11.24 4
drt: n_22706 7.8 3
drt: n_22707 2.2 2
drt: n_22708 11.4 4
drt: n_22709 5.4 3
drt: n_2271 3.6 2
drt: n_22710 1 2
drt: n_22711 5.6 4
drt: n_22712 6.64 3
drt: n_22713 3.6 2
drt: n_22714 14.08 4
drt: n_22715 9.8 3
drt: n_22716 2.2 2
drt: n_22717 6.44 4
drt: n_22718 3 3
drt: n_22719 1.64 2
drt: n_2272 8.12 5
drt: n_22720 16.52 4
drt: n_22721 5.52 3
drt: n_22722 1.4 2
drt: n_22723 13.36 4
drt: n_22724 6 3
drt: n_22725 2.52 2
drt: n_22726 7.8 4
drt: n_22727 3.6 3
drt: n_22728 2.52 2
drt: n_22729 7.72 3
drt: n_2273 1.6 2
drt: n_22730 3.8 2
drt: n_22731 7.28 4
drt: n_22732 5.68 4
drt: n_22733 7.01 4
drt: n_22734 4.6 3
drt: n_22735 5.6 2
drt: n_22736 10.6 3
drt: n_22737 5.32 3
drt: n_22738 9.6 3
drt: n_22739 4.4 3
drt: n_2274 4.6 2
drt: n_22740 3.84 3
drt: n_22741 2.6 3
drt: n_22742 1.2 2
drt: n_22743 6.32 3
drt: n_22744 3.84 3
drt: n_22745 3 3
drt: n_22746 4.2 2
drt: n_22747 7.44 3
drt: n_22748 9.12 3
drt: n_22749 4.4 4
drt: n_2275 5.72 3
drt: n_22750 4.4 3
drt: n_22751 8.52 2
drt: n_22752 13.92 4
drt: n_22753 1.75 2
drt: n_22754 4.47 2
drt: n_22755 3.32 2
drt: n_22756 2.4 2
drt: n_22757 7 2
drt: n_22758 12 3
drt: n_22759 23.92 4
drt: n_2276 2.04 2
drt: n_22760 31.44 4
drt: n_22761 2.6 2
drt: n_22762 9.52 3
drt: n_22763 5.13 3
drt: n_22764 2.01 3
drt: n_22765 5.21 3
drt: n_22766 5.2 3
drt: n_22767 56.72 5
drt: n_22768 1.4 2
drt: n_22769 3.13 3
drt: n_2277 2.2 2
drt: n_22770 8.64 4
drt: n_22771 4.6 3
drt: n_22772 2.84 2
drt: n_22773 12.21 4
drt: n_22774 1.2 2
drt: n_22775 3.13 3
drt: n_22776 1.6 2
drt: n_22777 8.64 4
drt: n_22778 52.36 4
drt: n_22779 7.6 3
drt: n_2278 2.84 2
drt: n_22780 1.4 2
drt: n_22781 5.44 3
drt: n_22782 5.04 2
drt: n_22783 4.2 3
drt: n_22784 3.8 3
drt: n_22785 1.4 2
drt: n_22786 3.6 3
drt: n_22787 1.8 2
drt: n_22788 2.2 3
drt: n_22789 7.84 2
drt: n_2279 2.52 2
drt: n_22790 4 3
drt: n_22791 6 3
drt: n_22792 2.92 2
drt: n_22793 4 3
drt: n_22794 1.2 2
drt: n_22795 3.4 3
drt: n_22796 2.24 2
drt: n_22797 4.84 3
drt: n_22798 1.6 2
drt: n_22799 5.6 3
drt: n_228 9.92 2
drt: n_2280 4.2 2
drt: n_22800 3.6 3
drt: n_22801 3.32 2
drt: n_22802 7.96 4
drt: n_22803 3.4 3
drt: n_22804 1.6 2
drt: n_22805 3.61 3
drt: n_22806 2.4 2
drt: n_22807 6.6 3
drt: n_22808 1.6 2
drt: n_22809 4.8 3
drt: n_2281 3.4 2
drt: n_22810 4.8 2
drt: n_22811 6.12 3
drt: n_22812 3.81 3
drt: n_22813 2.6 2
drt: n_22814 5.04 3
drt: n_22815 3.32 2
drt: n_22816 2 3
drt: n_22817 1.6 2
drt: n_22818 3.6 3
drt: n_22819 0.4 2
drt: n_2282 2 2
drt: n_22820 3 3
drt: n_22821 1.2 2
drt: n_22822 5.16 3
drt: n_22823 2 2
drt: n_22824 7.12 4
drt: n_22825 13.6 4
drt: n_22826 3.12 3
drt: n_22827 1 2
drt: n_22828 3.6 3
drt: n_22829 3.2 2
drt: n_2283 3 3
drt: n_22830 6.2 3
drt: n_22831 9.4 3
drt: n_22832 3 3
drt: n_22833 3.32 2
drt: n_22834 6.76 3
drt: n_22835 0.4 2
drt: n_22836 2.4 3
drt: n_22837 2.2 2
drt: n_22838 7.04 3
drt: n_22839 5 3
drt: n_2284 2 2
drt: n_22840 4.61 4
drt: n_22841 1 2
drt: n_22842 6.12 3
drt: n_22843 6.32 3
drt: n_22844 4.44 3
drt: n_22845 2.4 2
drt: n_22846 1.32 2
drt: n_22847 2.55 2
drt: n_22848 3.35 2
drt: n_22849 1.32 2
drt: n_2285 3.2 3
drt: n_22850 12.92 4
drt: n_22851 6.55 2
drt: n_22852 3.67 2
drt: n_22853 10.4 4
drt: n_22854 3.95 2
drt: n_22855 5.2 3
drt: n_22856 13.2 2
drt: n_22857 1.8 2
drt: n_22858 2.64 2
drt: n_22859 1.6 2
drt: n_2286 1.4 2
drt: n_22860 0.6 2
drt: n_22861 1.84 2
drt: n_22862 5.4 2
drt: n_22863 2.4 2
drt: n_22864 0.6 2
drt: n_22865 2.72 2
drt: n_22866 8.65 4
drt: n_22867 8.8 4
drt: n_22868 4.04 3
drt: n_22869 1 2
drt: n_2287 3.4 3
drt: n_22870 15.36 4
drt: n_22871 2.4 2
drt: n_22872 6.76 3
drt: n_22873 1.6 2
drt: n_22874 19.77 4
drt: n_22875 9 3
drt: n_22876 1 2
drt: n_22877 5.6 3
drt: n_22878 1.61 2
drt: n_22879 16.68 6
drt: n_2288 0.4 2
drt: n_22880 6.64 4
drt: n_22881 3.8 3
drt: n_22882 7.12 2
drt: n_22883 7 4
drt: n_22884 3.4 2
drt: n_22885 15.61 4
drt: n_22886 4 3
drt: n_22887 27.6 5
drt: n_22888 1 2
drt: n_22889 4 3
drt: n_2289 4.24 3
drt: n_22890 1 2
drt: n_22891 3.36 3
drt: n_22892 1.64 2
drt: n_22893 6.52 3
drt: n_22894 1.8 2
drt: n_22895 4 3
drt: n_22896 2.4 2
drt: n_22897 9.72 3
drt: n_22898 2.64 2
drt: n_22899 3.6 3
drt: n_229 3 2
drt: n_2290 1.8 2
drt: n_22900 1 2
drt: n_22901 4 3
drt: n_22902 1.4 2
drt: n_22903 4.4 3
drt: n_22904 4.4 2
drt: n_22905 4.64 3
drt: n_22906 1.6 2
drt: n_22907 5.16 3
drt: n_22908 1 2
drt: n_22909 5.04 3
drt: n_2291 2.4 2
drt: n_22910 2.2 2
drt: n_22911 4 3
drt: n_22912 1.2 2
drt: n_22913 10.12 2
drt: n_22914 2.4 3
drt: n_22915 2.04 2
drt: n_22916 1.8 3
drt: n_22917 1.4 2
drt: n_22918 11.8 3
drt: n_22919 2.4 2
drt: n_2292 0.6 2
drt: n_22920 6.01 3
drt: n_22921 4.4 2
drt: n_22922 3 3
drt: n_22923 3.2 2
drt: n_22924 3.64 3
drt: n_22925 1 2
drt: n_22926 3.4 3
drt: n_22927 1.8 2
drt: n_22928 1.52 2
drt: n_22929 9.04 4
drt: n_2293 7.4 2
drt: n_22930 5.8 4
drt: n_22931 10.8 4
drt: n_22932 0.4 2
drt: n_22933 3.4 2
drt: n_22934 4 2
drt: n_22935 2 2
drt: n_22936 3.8 2
drt: n_22937 2 2
drt: n_22938 5 2
drt: n_22939 1.2 2
drt: n_2294 0.8 2
drt: n_22940 3.92 2
drt: n_22941 1.2 2
drt: n_22942 2.4 2
drt: n_22943 3 2
drt: n_22944 5.24 2
drt: n_22945 2.52 2
drt: n_22946 2.92 2
drt: n_22947 0.8 2
drt: n_22949 2.95 2
drt: n_2295 1.4 2
drt: n_22950 9.19 2
drt: n_22951 9.72 2
drt: n_22952 2 2
drt: n_22953 8.93 3
drt: n_22954 4.84 2
drt: n_22955 5.61 3
drt: n_22957 2.55 2
drt: n_22958 4.12 2
drt: n_22959 4.07 2
drt: n_2296 0.8 2
drt: n_22960 823.75 17
drt: n_22961 5.15 2
drt: n_22962 8.4 3
drt: n_22963 4 2
drt: n_22964 5.6 3
drt: n_22965 7 2
drt: n_22966 2 2
drt: n_22967 7.4 3
drt: n_22968 19.08 2
drt: n_22969 5.44 3
drt: n_2297 1.85 3
drt: n_22970 12.52 2
drt: n_22971 5.2 3
drt: n_22972 1.4 2
drt: n_22973 2.6 2
drt: n_22974 3.24 2
drt: n_22975 4.6 3
drt: n_22976 7.81 3
drt: n_22977 27.52 4
drt: n_22978 5.8 3
drt: n_22979 7.2 2
drt: n_2298 2 2
drt: n_22980 8 4
drt: n_22981 5.72 3
drt: n_22982 2.92 2
drt: n_22983 3.84 2
drt: n_22984 1.8 2
drt: n_22985 7.92 4
drt: n_22986 5.2 3
drt: n_22987 2.2 2
drt: n_22988 10.72 4
drt: n_22989 7.2 3
drt: n_2299 2.2 2
drt: n_22990 1.8 2
drt: n_22991 8.36 4
drt: n_22992 3.16 3
drt: n_22993 1 2
drt: n_22994 23.4 4
drt: n_22995 6.4 3
drt: n_22996 1.4 2
drt: n_22997 5.4 3
drt: n_22998 4.4 2
drt: n_22999 5.13 4
drt: n_23 2.24 2
drt: n_230 2.2 2
drt: n_2300 0.6 2
drt: n_23000 8.64 3
drt: n_23001 2.84 2
drt: n_23002 35.36 4
drt: n_23003 6.4 3
drt: n_23004 4.6 2
drt: n_23005 14.28 4
drt: n_23006 7.6 3
drt: n_23007 2.6 2
drt: n_23008 9.14 4
drt: n_23009 9 3
drt: n_2301 11 3
drt: n_23010 3.8 2
drt: n_23011 3.56 3
drt: n_23012 2 2
drt: n_23013 5.68 4
drt: n_23014 4.73 3
drt: n_23015 1.64 2
drt: n_23016 3.2 3
drt: n_23017 1.2 2
drt: n_23018 5.61 3
drt: n_23019 1.81 2
drt: n_2302 2 2
drt: n_23020 1.2 3
drt: n_23021 1 2
drt: n_23022 9.32 4
drt: n_23023 3.2 3
drt: n_23024 1.4 2
drt: n_23025 14.84 4
drt: n_23026 4.4 3
drt: n_23027 2 2
drt: n_23028 16.64 4
drt: n_23029 3 3
drt: n_2303 5.52 2
drt: n_23030 1.64 2
drt: n_23031 10.12 4
drt: n_23032 3.4 3
drt: n_23033 1.4 2
drt: n_23034 14.8 4
drt: n_23035 2.56 3
drt: n_23036 2.4 2
drt: n_23037 11.44 4
drt: n_23038 5.52 3
drt: n_23039 3.72 2
drt: n_2304 1.6 2
drt: n_23040 11.92 4
drt: n_23041 11.72 3
drt: n_23042 1.8 2
drt: n_23043 8.72 4
drt: n_23044 3.64 3
drt: n_23045 1.64 2
drt: n_23047 1.35 2
drt: n_23048 1.75 2
drt: n_23049 4.15 2
drt: n_23050 2.92 2
drt: n_23051 3.75 2
drt: n_23052 2.92 2
drt: n_23053 6.15 2
drt: n_23054 2.92 2
drt: n_23055 9.35 2
drt: n_23056 5.32 2
drt: n_23057 3.15 2
drt: n_23058 6.44 3
drt: n_23059 5.4 3
drt: n_2306 3.44 3
drt: n_23060 14.92 2
drt: n_23061 9 3
drt: n_23062 17.36 7
drt: n_23063 2.8 2
drt: n_23064 3.4 3
drt: n_23065 3.52 3
drt: n_23066 8.6 3
drt: n_23067 4.6 2
drt: n_23068 8.2 3
drt: n_23069 1.4 2
drt: n_2307 3.44 2
drt: n_23070 35.48 6
drt: n_23071 8 3
drt: n_23072 3.61 3
drt: n_23073 2.2 2
drt: n_23074 3.4 3
drt: n_23075 10.4 5
drt: n_23077 2.92 2
drt: n_23078 4.87 2
drt: n_23079 2.92 2
drt: n_23080 47.36 3
drt: n_23081 7.2 2
drt: n_23082 1.4 2
drt: n_23083 18.4 4
drt: n_23084 4.8 3
drt: n_23085 14 5
drt: n_23086 1 2
drt: n_23087 17.84 4
drt: n_23088 1.4 2
drt: n_23089 3.41 3
drt: n_2309 7.52 3
drt: n_23090 2.6 2
drt: n_23091 12.64 5
drt: n_23092 22.56 3
drt: n_23093 4.8 4
drt: n_23094 4.32 2
drt: n_23095 2.21 3
drt: n_23096 3.2 3
drt: n_23097 13.2 3
drt: n_23098 5.64 3
drt: n_23099 2.4 2
drt: n_231 1.8 2
drt: n_2310 6.8 3
drt: n_23100 7.52 3
drt: n_23101 3.24 2
drt: n_23102 6.84 4
drt: n_23103 3.8 3
drt: n_23104 7.8 3
drt: n_23105 1.6 2
drt: n_23106 3.92 3
drt: n_23107 5.32 2
drt: n_23108 3.8 3
drt: n_23109 3.2 2
drt: n_2311 1.2 2
drt: n_23110 4.4 3
drt: n_23111 1.6 2
drt: n_23112 5.33 3
drt: n_23113 1.4 2
drt: n_23114 3 3
drt: n_23115 5 3
drt: n_23116 4.08 3
drt: n_23117 0.4 2
drt: n_23118 4.53 3
drt: n_23119 1 2
drt: n_2312 1.01 3
drt: n_23120 8.2 3
drt: n_23121 1.2 2
drt: n_23122 5.2 3
drt: n_23123 0.4 2
drt: n_23124 4.64 3
drt: n_23125 0.8 2
drt: n_23126 5.44 3
drt: n_23127 5.04 2
drt: n_23128 8.95 2
drt: n_23129 0.95 2
drt: n_2313 2.2 2
drt: n_23130 9.4 4
drt: n_23131 2.92 2
drt: n_23132 15.76 2
drt: n_23133 2.15 2
drt: n_23134 9.12 4
drt: n_23135 5.99 2
drt: n_23136 3.12 2
drt: n_23137 4.72 2
drt: n_23138 23.96 2
drt: n_23139 4.64 2
drt: n_2314 2.2 2
drt: n_23140 3.32 2
drt: n_23141 2 2
drt: n_23142 1.24 2
drt: n_23143 2.32 2
drt: n_23144 2.2 2
drt: n_23145 12.12 4
drt: n_23146 5.8 4
drt: n_23147 9.93 4
drt: n_23148 28.88 4
drt: n_23149 14.32 4
drt: n_2315 2 2
drt: n_23150 8.4 4
drt: n_23151 8.04 3
drt: n_23152 17.25 4
drt: n_23153 11.12 2
drt: n_23154 6.8 4
drt: n_23155 4 3
drt: n_23156 5 2
drt: n_23157 4.4 3
drt: n_23158 7.04 4
drt: n_23159 8.4 3
drt: n_2316 1.4 2
drt: n_23160 5.6 3
drt: n_23161 11.32 3
drt: n_23162 3.32 2
drt: n_23163 1.95 2
drt: n_23164 4.12 2
drt: n_23165 49.24 2
drt: n_23166 14.76 4
drt: n_23167 6.6 2
drt: n_23168 12.6 4
drt: n_23169 12.4 4
drt: n_2317 8.7 4
drt: n_23170 7.8 3
drt: n_23171 44.04 5
drt: n_23172 1.4 2
drt: n_23173 7.6 4
drt: n_23174 1.4 3
drt: n_23175 12.8 5
drt: n_23176 1 2
drt: n_23177 43.96 4
drt: n_23178 41.04 4
drt: n_23179 1 2
drt: n_2318 3 3
drt: n_23180 20 4
drt: n_23181 1.2 2
drt: n_23182 6.8 4
drt: n_23183 1.6 2
drt: n_23184 11.72 4
drt: n_23185 2.32 2
drt: n_23186 13.4 4
drt: n_23187 3 2
drt: n_23188 11.24 4
drt: n_23189 2.32 2
drt: n_2319 2.2 2
drt: n_23190 2.6 3
drt: n_23191 1.64 2
drt: n_23192 2.4 2
drt: n_23193 2.4 2
drt: n_23194 1.6 2
drt: n_23195 2.2 2
drt: n_23196 1.2 2
drt: n_23197 6 3
drt: n_23198 1.8 2
drt: n_23199 3.6 3
drt: n_232 5.2 2
drt: n_2320 3.32 3
drt: n_23200 2.6 2
drt: n_23201 3.13 3
drt: n_23202 1.6 2
drt: n_23203 1.6 3
drt: n_23204 19.17 4
drt: n_23205 90.68 4
drt: n_23206 7.72 4
drt: n_23207 12.32 6
drt: n_23208 12.93 6
drt: n_23209 7.6 6
drt: n_2321 4.01 3
drt: n_23210 29.72 6
drt: n_23211 24.72 6
drt: n_23212 6.44 3
drt: n_23213 2.84 2
drt: n_23214 2.4 3
drt: n_23215 1 2
drt: n_23216 2.4 3
drt: n_23217 1.4 2
drt: n_23218 14.92 4
drt: n_23219 11.36 4
drt: n_2322 3.72 2
drt: n_23220 6.2 4
drt: n_23221 10.68 4
drt: n_23222 14.18 4
drt: n_23223 10 4
drt: n_23224 8.2 4
drt: n_23225 9.64 4
drt: n_23226 8.2 4
drt: n_23227 10.32 4
drt: n_23228 1.4 2
drt: n_23229 8.24 4
drt: n_2323 0.6 2
drt: n_23230 14.36 4
drt: n_23231 5.4 4
drt: n_23232 17.64 4
drt: n_23233 15.32 4
drt: n_23234 7.36 4
drt: n_23235 4.64 4
drt: n_23236 8.45 4
drt: n_23237 12.6 4
drt: n_23238 4.52 3
drt: n_23239 4.8 3
drt: n_2324 11.64 3
drt: n_23240 2 2
drt: n_23241 2 3
drt: n_23242 4.12 2
drt: n_23243 3 2
drt: n_23244 2.84 2
drt: n_23245 3.72 2
drt: n_23246 2.92 2
drt: n_23247 12.44 3
drt: n_23248 2.92 2
drt: n_23249 4.8 3
drt: n_2325 5.52 2
drt: n_23250 12.04 4
drt: n_23251 2 2
drt: n_23252 6.8 3
drt: n_23253 7.4 2
drt: n_23254 6.36 3
drt: n_23255 4.6 4
drt: n_23256 2 2
drt: n_23257 10.6 3
drt: n_23258 12.32 4
drt: n_23259 8.4 2
drt: n_2326 6.64 3
drt: n_23260 9.12 3
drt: n_23261 4.8 2
drt: n_23262 5.8 4
drt: n_23263 3.84 3
drt: n_23264 2.6 2
drt: n_23265 11.33 4
drt: n_23266 12.81 4
drt: n_23267 6.72 3
drt: n_23268 8.52 3
drt: n_23269 5.24 3
drt: n_2327 5.72 3
drt: n_23270 0.4 2
drt: n_23271 4.6 2
drt: n_23272 9.52 3
drt: n_23273 5.4 3
drt: n_23274 6.13 3
drt: n_23275 9.2 4
drt: n_23276 5.2 3
drt: n_23277 1.4 2
drt: n_23278 15.2 4
drt: n_23279 8.4 3
drt: n_2328 3.4 2
drt: n_23280 1.2 2
drt: n_23281 4.12 2
drt: n_23282 5.04 3
drt: n_23283 14.65 4
drt: n_23284 3.32 3
drt: n_23285 3 2
drt: n_23286 16.36 4
drt: n_23287 6 3
drt: n_23288 4 2
drt: n_23289 2.12 2
drt: n_2329 18.4 4
drt: n_23290 7.35 2
drt: n_23291 937.11 25
drt: n_23292 4.55 2
drt: n_23293 3 2
drt: n_23294 2.92 2
drt: n_23295 2.15 2
drt: n_23296 4.35 2
drt: n_23297 3.52 2
drt: n_23298 2.92 2
drt: n_23299 3.72 2
drt: n_233 7.52 2
drt: n_2330 7.36 4
drt: n_23300 3.4 2
drt: n_23301 2.8 2
drt: n_23302 14.12 2
drt: n_23305 1.75 2
drt: n_23306 0.95 2
drt: n_23307 0.95 2
drt: n_23308 2.15 2
drt: n_23309 4.07 2
drt: n_2331 1.84 2
drt: n_23310 2.55 2
drt: n_23311 1.75 2
drt: n_23312 2.39 2
drt: n_23313 2.95 2
drt: n_23314 1.35 2
drt: n_23315 386.38 8
drt: n_23316 3.15 2
drt: n_23317 3.75 2
drt: n_23318 15.27 2
drt: n_23319 1.32 2
drt: n_2332 8.77 5
drt: n_23320 2.55 2
drt: n_23321 1.32 2
drt: n_23322 2.35 2
drt: n_23323 2.92 2
drt: n_23324 2.92 2
drt: n_23325 8.84 2
drt: n_23326 3.32 2
drt: n_23327 1.6 2
drt: n_23328 17.72 2
drt: n_23329 3.64 2
drt: n_2333 7.92 2
drt: n_23330 3.6 2
drt: n_23331 9.32 2
drt: n_23332 1.8 2
drt: n_23333 5.72 2
drt: n_23334 4.2 2
drt: n_23335 1.4 2
drt: n_23336 7.4 2
drt: n_23337 3.64 2
drt: n_23338 3.52 2
drt: n_23339 5 2
drt: n_2334 7 3
drt: n_23340 2.4 2
drt: n_23341 1.4 2
drt: n_23342 3.4 2
drt: n_23343 2.8 2
drt: n_23344 10.24 3
drt: n_23345 10.48 4
drt: n_23346 4.8 2
drt: n_23347 11.01 3
drt: n_23348 19.24 4
drt: n_23349 4 3
drt: n_2335 4.32 2
drt: n_23350 5.12 3
drt: n_23351 2 2
drt: n_23352 11.45 4
drt: n_23353 4.4 3
drt: n_23354 3.41 3
drt: n_23355 2.6 2
drt: n_23356 2.6 3
drt: n_23357 2.8 3
drt: n_23358 7.56 2
drt: n_23359 7.2 3
drt: n_2336 5.2 3
drt: n_23360 3.4 3
drt: n_23361 2.4 2
drt: n_23362 6.8 3
drt: n_23363 6.6 3
drt: n_23364 5.4 3
drt: n_23365 6.52 3
drt: n_23366 0.4 2
drt: n_23367 1.32 2
drt: n_23369 2.92 2
drt: n_2337 1.8 2
drt: n_23370 4.75 2
drt: n_23371 7.64 2
drt: n_23372 6.32 2
drt: n_23373 9.32 5
drt: n_23374 7.8 4
drt: n_23375 5.8 4
drt: n_23376 5.72 3
drt: n_23377 18.44 5
drt: n_23378 1.8 2
drt: n_23379 3.84 3
drt: n_2338 1.85 3
drt: n_23380 26.64 4
drt: n_23381 1.4 2
drt: n_23382 4.2 3
drt: n_23383 1.6 2
drt: n_23384 6.2 3
drt: n_23385 2.2 2
drt: n_23386 3.8 3
drt: n_23387 1.4 2
drt: n_23388 3.81 4
drt: n_23389 3 3
drt: n_2339 6.2 2
drt: n_23390 1.8 2
drt: n_23391 3.8 3
drt: n_23392 5 2
drt: n_23393 3.24 4
drt: n_23394 12.12 4
drt: n_23395 8.8 3
drt: n_23396 2.4 2
drt: n_23397 5.4 3
drt: n_23398 0.6 2
drt: n_23399 3.2 3
drt: n_234 5 2
drt: n_2340 8.24 3
drt: n_23400 4.73 3
drt: n_23401 3 3
drt: n_23402 1.4 2
drt: n_23403 5.6 3
drt: n_23404 4.4 2
drt: n_23405 4.44 3
drt: n_23406 1.64 2
drt: n_23408 1.32 2
drt: n_23409 2.6 2
drt: n_2341 0.8 2
drt: n_23410 1.75 2
drt: n_23411 7.24 2
drt: n_23412 2.8 2
drt: n_23413 2.04 2
drt: n_23414 16.44 3
drt: n_23415 16.52 4
drt: n_23416 8.52 3
drt: n_23417 9.04 2
drt: n_23418 3.04 3
drt: n_23419 10.88 4
drt: n_2342 5.4 2
drt: n_23420 3.44 3
drt: n_23421 2.2 2
drt: n_23422 4.52 3
drt: n_23423 1.2 2
drt: n_23424 2.6 3
drt: n_23425 7.4 3
drt: n_23426 10.2 3
drt: n_23427 0.4 2
drt: n_23428 2.8 3
drt: n_23429 4.72 3
drt: n_2343 3.2 3
drt: n_23430 3.85 3
drt: n_23431 19.48 4
drt: n_23432 1.8 2
drt: n_23433 4 3
drt: n_23434 3 3
drt: n_23435 3.2 3
drt: n_23436 7.68 3
drt: n_23437 4.6 3
drt: n_23438 2.92 3
drt: n_23439 2.6 3
drt: n_2344 2.6 2
drt: n_23440 5.2 3
drt: n_23441 6.72 3
drt: n_23442 2.4 3
drt: n_23443 5.4 3
drt: n_23444 0.4 2
drt: n_23445 3.73 3
drt: n_23446 3.76 3
drt: n_23447 7.44 3
drt: n_23448 5 3
drt: n_23449 6.92 3
drt: n_2345 4.01 3
drt: n_23450 7.88 3
drt: n_23451 6.24 3
drt: n_23452 5.4 3
drt: n_23453 6.32 2
drt: n_23454 5.8 2
drt: n_23455 2.92 2
drt: n_23456 3.95 2
drt: n_23457 0.6 2
drt: n_23458 11.52 3
drt: n_23459 7.6 3
drt: n_2346 1 2
drt: n_23460 5.6 3
drt: n_23461 35.17 4
drt: n_23462 6.32 3
drt: n_23463 2.8 2
drt: n_23464 6.53 3
drt: n_23465 12.4 5
drt: n_23466 1.6 2
drt: n_23467 10 4
drt: n_23468 32.72 4
drt: n_23469 1 2
drt: n_2347 4.8 3
drt: n_23470 4.04 3
drt: n_23471 66.24 5
drt: n_23472 2.6 2
drt: n_23473 6.56 4
drt: n_23474 8.76 4
drt: n_23475 7.96 4
drt: n_23476 9 4
drt: n_23477 2.17 3
drt: n_23478 50.13 5
drt: n_23479 1 2
drt: n_2348 3.2 2
drt: n_23480 4.01 3
drt: n_23481 34.37 5
drt: n_23482 4.2 2
drt: n_23483 54.12 4
drt: n_23484 2.6 2
drt: n_23485 8 4
drt: n_23486 6.6 3
drt: n_23487 19.53 5
drt: n_23488 4.12 2
drt: n_23489 4.64 3
drt: n_2349 7.84 5
drt: n_23490 2.84 2
drt: n_23491 24.36 4
drt: n_23492 6 3
drt: n_23493 2.64 2
drt: n_23494 3.6 2
drt: n_23495 8.44 4
drt: n_23496 6 4
drt: n_23497 17.16 4
drt: n_23498 10.73 4
drt: n_23499 5.44 4
drt: n_235 2.8 2
drt: n_2350 8.13 4
drt: n_23500 1 2
drt: n_23501 3.53 3
drt: n_23502 1.2 2
drt: n_23503 3.41 3
drt: n_23504 4.21 3
drt: n_23505 2.4 2
drt: n_23506 6.24 4
drt: n_23507 4 3
drt: n_23508 3.4 2
drt: n_23509 11.24 4
drt: n_2351 1.4 2
drt: n_23510 8.01 4
drt: n_23511 2.2 3
drt: n_23512 1 2
drt: n_23513 13.12 4
drt: n_23514 3.14 4
drt: n_23515 3.4 4
drt: n_23516 4.4 3
drt: n_23517 8.04 3
drt: n_23518 5.2 3
drt: n_23519 0.4 2
drt: n_2352 2.4 3
drt: n_23520 3.4 3
drt: n_23521 5.44 3
drt: n_23522 0.4 2
drt: n_23523 3.8 3
drt: n_23524 8.13 3
drt: n_23525 2.12 2
drt: n_23526 28.61 6
drt: n_23527 5.84 3
drt: n_23528 5 3
drt: n_23529 0.4 2
drt: n_2353 16 6
drt: n_23530 5 3
drt: n_23531 0.8 2
drt: n_23532 6.2 3
drt: n_23533 9.2 3
drt: n_23534 5.64 3
drt: n_23535 2.6 2
drt: n_23536 3.84 3
drt: n_23537 2.6 3
drt: n_23538 4.8 3
drt: n_23539 5.4 4
drt: n_2354 5.04 4
drt: n_23540 10.08 6
drt: n_23541 6.36 3
drt: n_23542 3 3
drt: n_23543 85.69 4
drt: n_23544 3.4 3
drt: n_23545 8.4 2
drt: n_23546 2.95 2
drt: n_23547 4.07 2
drt: n_23548 4.73 4
drt: n_23549 2.12 2
drt: n_2355 4.8 3
drt: n_23551 1.35 2
drt: n_23552 4.8 2
drt: n_23553 9.8 4
drt: n_23554 23.76 4
drt: n_23555 11.6 4
drt: n_23556 9.84 4
drt: n_23557 14.2 4
drt: n_23558 11.36 4
drt: n_23559 8.99 4
drt: n_2356 0.6 2
drt: n_23560 2.04 2
drt: n_23561 5.92 4
drt: n_23562 6.4 3
drt: n_23563 6.44 4
drt: n_23564 1.4 2
drt: n_23565 8.52 3
drt: n_23566 2.2 2
drt: n_23567 10.72 2
drt: n_23568 4.2 3
drt: n_23569 1.6 2
drt: n_2357 5.4 2
drt: n_23570 31.28 2
drt: n_23571 7.35 2
drt: n_23572 4.32 3
drt: n_23573 4.6 2
drt: n_23574 4.33 3
drt: n_23575 4 2
drt: n_23576 5.2 2
drt: n_23577 4.33 3
drt: n_23578 1.4 2
drt: n_23579 7.32 2
drt: n_23580 0.6 2
drt: n_23581 9.12 4
drt: n_23582 10.12 4
drt: n_23583 11 4
drt: n_23584 4.92 3
drt: n_23585 12.32 4
drt: n_23586 2.6 2
drt: n_23587 5.52 2
drt: n_23588 7.64 3
drt: n_23589 2.2 2
drt: n_2359 4.21 3
drt: n_23590 6.72 2
drt: n_23591 5 2
drt: n_23592 2 2
drt: n_23593 1.92 2
drt: n_23594 3.32 2
drt: n_23595 2.6 2
drt: n_23596 2.61 3
drt: n_23597 2.6 2
drt: n_23598 2.72 2
drt: n_23599 4.04 2
drt: n_236 4.12 2
drt: n_2360 2.6 2
drt: n_23600 4.6 2
drt: n_23601 5.12 3
drt: n_23602 1.6 2
drt: n_23603 6 3
drt: n_23604 1 2
drt: n_23605 17.4 4
drt: n_23606 11.13 3
drt: n_23607 3.92 2
drt: n_23609 5.64 2
drt: n_2361 0.4 2
drt: n_23610 3.4 2
drt: n_23611 1.35 2
drt: n_23612 5.27 2
drt: n_23614 2.92 2
drt: n_23615 6.72 2
drt: n_23616 3.84 2
drt: n_23617 2.2 2
drt: n_23618 5.2 3
drt: n_23619 11.32 2
drt: n_2362 3.21 3
drt: n_23620 4.52 2
drt: n_23621 5.12 3
drt: n_23622 2.6 2
drt: n_23623 8.2 3
drt: n_23624 2.6 2
drt: n_23625 17 2
drt: n_23626 69.4 2
drt: n_23627 2.04 2
drt: n_23628 2.04 2
drt: n_23629 4.72 2
drt: n_2363 16.69 6
drt: n_23630 3 2
drt: n_23631 14.2 2
drt: n_23632 8.8 2
drt: n_23633 20.64 2
drt: n_23634 3.44 2
drt: n_23635 2.4 2
drt: n_23636 3.4 2
drt: n_23637 4.24 2
drt: n_23638 4.32 2
drt: n_23639 3.8 2
drt: n_2364 9.72 4
drt: n_23640 5.4 2
drt: n_23641 7.2 3
drt: n_23642 1.4 2
drt: n_23643 11.4 4
drt: n_23644 4 2
drt: n_23645 4.25 3
drt: n_23646 1.64 2
drt: n_23647 11 3
drt: n_23648 3 2
drt: n_23649 6.61 3
drt: n_2365 6.64 3
drt: n_23650 1.4 2
drt: n_23651 5 3
drt: n_23652 7.67 2
drt: n_23653 5.4 2
drt: n_23655 2.55 2
drt: n_23656 3.6 3
drt: n_23657 9.8 2
drt: n_23658 5.12 3
drt: n_23659 11.4 2
drt: n_2366 2 2
drt: n_23660 6.8 3
drt: n_23661 2.4 2
drt: n_23662 24 2
drt: n_23663 1.8 2
drt: n_23664 5.21 3
drt: n_23665 9.25 3
drt: n_23666 11.74 5
drt: n_23667 6.6 2
drt: n_23668 11.96 4
drt: n_23669 1.8 2
drt: n_2367 0.6 2
drt: n_23670 2.6 2
drt: n_23671 4.96 3
drt: n_23672 5 3
drt: n_23673 0.4 2
drt: n_23674 4.8 3
drt: n_23675 1.2 2
drt: n_23676 6.61 3
drt: n_23677 10.52 3
drt: n_23678 8.8 3
drt: n_23679 5.8 3
drt: n_2368 4.4 3
drt: n_23680 8.8 3
drt: n_23681 3.6 2
drt: n_23682 10.13 4
drt: n_23683 3.44 3
drt: n_23684 2.8 2
drt: n_23685 6.16 3
drt: n_23686 0.8 2
drt: n_23687 9.4 4
drt: n_23688 2.6 3
drt: n_23689 2.4 2
drt: n_2369 3 2
drt: n_23690 13.12 4
drt: n_23691 9.8 2
drt: n_23692 13.04 4
drt: n_23693 3.47 2
drt: n_23694 12.72 4
drt: n_23695 8.44 4
drt: n_23696 2.41 3
drt: n_23697 2.4 2
drt: n_23698 12.2 4
drt: n_23699 5.12 2
drt: n_237 4.8 2
drt: n_2370 6.2 3
drt: n_23700 5.64 3
drt: n_23701 6.24 3
drt: n_23702 5.52 3
drt: n_23703 9.2 3
drt: n_23704 10.8 3
drt: n_23705 6.6 3
drt: n_23706 6 3
drt: n_23707 4.32 3
drt: n_23708 3.04 3
drt: n_23709 6.04 3
drt: n_2371 0.8 2
drt: n_23710 6.4 3
drt: n_23711 9.72 3
drt: n_23713 2.92 2
drt: n_23714 10.79 2
drt: n_23715 13.16 4
drt: n_23716 1.35 2
drt: n_23717 8.52 2
drt: n_23718 6.8 2
drt: n_23719 7.93 3
drt: n_2372 12.44 4
drt: n_23720 6.44 4
drt: n_23721 1.4 2
drt: n_23722 7.12 3
drt: n_23723 18.25 5
drt: n_23724 3.2 2
drt: n_23725 2 3
drt: n_23726 6.81 4
drt: n_23727 2.96 3
drt: n_23728 10.24 3
drt: n_23729 5.42 3
drt: n_2373 9.16 3
drt: n_23730 16.56 3
drt: n_23731 7.8 4
drt: n_23732 2 3
drt: n_23733 1.4 2
drt: n_23734 3.6 4
drt: n_23735 7.64 3
drt: n_23736 5.4 4
drt: n_23737 4.2 3
drt: n_23738 1.4 2
drt: n_23739 7.84 4
drt: n_2374 7.72 2
drt: n_23740 9.96 4
drt: n_23741 4.4 3
drt: n_23742 1.2 2
drt: n_23743 1.6 2
drt: n_23744 6 3
drt: n_23745 1.2 2
drt: n_23746 3 3
drt: n_23747 3.41 3
drt: n_23748 0.4 2
drt: n_23749 1.8 3
drt: n_2375 0.8 2
drt: n_23750 1 2
drt: n_23751 7.32 3
drt: n_23752 3.92 2
drt: n_23753 2.6 3
drt: n_23754 2.8 2
drt: n_23755 4.4 3
drt: n_23756 0.4 2
drt: n_23757 7.6 3
drt: n_23758 5.6 3
drt: n_23759 1.4 2
drt: n_2376 17.68 4
drt: n_23760 2.6 3
drt: n_23761 0.4 2
drt: n_23762 9.24 3
drt: n_23763 6.6 2
drt: n_23764 4.96 3
drt: n_23765 2.4 2
drt: n_23766 7.12 3
drt: n_23767 2.2 2
drt: n_23768 5.2 3
drt: n_23769 0.4 2
drt: n_2377 14.25 6
drt: n_23770 6.16 3
drt: n_23771 1.6 2
drt: n_23772 4.12 3
drt: n_23773 7.2 4
drt: n_23774 4.64 3
drt: n_23775 0.4 2
drt: n_23776 5.04 3
drt: n_23777 3.12 2
drt: n_23778 1.81 3
drt: n_23779 3.04 2
drt: n_2378 1.6 2
drt: n_23780 1.6 3
drt: n_23781 0.8 2
drt: n_23782 3 3
drt: n_23783 1.4 2
drt: n_23784 3 3
drt: n_23785 2.32 2
drt: n_23786 2.72 3
drt: n_23787 1 2
drt: n_23788 8.4 3
drt: n_23789 9.12 3
drt: n_2379 1.6 2
drt: n_23790 9.52 3
drt: n_23791 2.25 3
drt: n_23792 3.84 2
drt: n_23793 4.96 3
drt: n_23794 6.4 3
drt: n_23795 4.52 3
drt: n_23796 8.72 4
drt: n_23797 7.12 3
drt: n_23798 2.24 2
drt: n_23799 31.24 4
drt: n_238 4.8 2
drt: n_2380 5.13 3
drt: n_23800 3.2 3
drt: n_23801 2.2 2
drt: n_23802 2.8 3
drt: n_23803 3.12 2
drt: n_23804 3 3
drt: n_23806 2.15 2
drt: n_23807 3.32 2
drt: n_23808 12.59 2
drt: n_23809 2.92 2
drt: n_2381 1.52 2
drt: n_23810 4.07 2
drt: n_23811 1.32 2
drt: n_23812 3.6 2
drt: n_23813 889.77 17
drt: n_23814 1.32 2
drt: n_23815 2.2 2
drt: n_23816 48.13 3
drt: n_23817 2.2 2
drt: n_23818 5.52 2
drt: n_23819 6.16 3
drt: n_2382 4.13 3
drt: n_23820 3.8 2
drt: n_23821 47.24 3
drt: n_23822 6.04 4
drt: n_23823 9 4
drt: n_23824 4.8 3
drt: n_23825 10.72 4
drt: n_23826 6.2 4
drt: n_23827 2.6 3
drt: n_23828 1.6 2
drt: n_23829 11.4 3
drt: n_2383 3 3
drt: n_23830 5.12 4
drt: n_23831 2.52 2
drt: n_23832 2.64 2
drt: n_23833 7.44 3
drt: n_23834 1 2
drt: n_23835 6.68 4
drt: n_23836 18.6 6
drt: n_23837 6.4 3
drt: n_23838 1.4 2
drt: n_23839 6.52 3
drt: n_2384 1.8 2
drt: n_23840 2.2 2
drt: n_23841 2.47 2
drt: n_23842 9.8 4
drt: n_23843 35.8 4
drt: n_23844 7.53 4
drt: n_23845 2.72 3
drt: n_23846 1.4 2
drt: n_23847 2.6 3
drt: n_23848 1 2
drt: n_23849 8.24 3
drt: n_2385 11.04 5
drt: n_23850 2.4 2
drt: n_23851 8.32 3
drt: n_23852 1.8 2
drt: n_23853 3.04 3
drt: n_23854 1 2
drt: n_23855 2.2 3
drt: n_23856 2.4 2
drt: n_23857 3.4 3
drt: n_23858 1.4 2
drt: n_23859 7.4 3
drt: n_23860 2.4 2
drt: n_23861 2 3
drt: n_23862 1 2
drt: n_23863 3.4 3
drt: n_23864 1.8 2
drt: n_23865 2.6 3
drt: n_23866 1 2
drt: n_23867 3.36 3
drt: n_23868 6.84 4
drt: n_23869 1.64 2
drt: n_2387 7 3
drt: n_23870 3.36 3
drt: n_23871 1 2
drt: n_23872 2 3
drt: n_23873 1.64 2
drt: n_23874 2.4 3
drt: n_23875 1.4 2
drt: n_23876 3.6 3
drt: n_23877 4 2
drt: n_23878 3.84 3
drt: n_23879 1.4 2
drt: n_2388 9.8 2
drt: n_23880 3.4 3
drt: n_23881 2.6 2
drt: n_23882 6.6 3
drt: n_23883 1.2 2
drt: n_23884 1.92 2
drt: n_23885 6.6 2
drt: n_23886 6.44 4
drt: n_23887 13.28 4
drt: n_23888 8.12 4
drt: n_23889 24.96 4
drt: n_2389 3.4 2
drt: n_23890 9.2 4
drt: n_23891 13.4 4
drt: n_23892 10.4 4
drt: n_23893 6 4
drt: n_23894 9.44 4
drt: n_23895 12.32 4
drt: n_23896 5.64 4
drt: n_23897 11.04 4
drt: n_23898 6.2 4
drt: n_23899 7.24 4
drt: n_239 9.52 2
drt: n_2390 6.33 3
drt: n_23900 6.64 4
drt: n_23901 8.4 4
drt: n_23902 7.21 4
drt: n_23903 0.4 2
drt: n_23904 5.4 2
drt: n_23905 3.8 2
drt: n_23906 4.12 2
drt: n_23907 3.4 2
drt: n_23908 6.4 2
drt: n_23909 2 2
drt: n_2391 0.8 2
drt: n_23910 0.6 2
drt: n_23911 3.72 2
drt: n_23912 1.4 2
drt: n_23913 9.2 2
drt: n_23914 4.72 2
drt: n_23915 2.24 2
drt: n_23916 3.6 2
drt: n_23917 4.8 2
drt: n_23918 1.4 2
drt: n_23919 6.4 2
drt: n_2392 1 2
drt: n_23920 2.15 2
drt: n_23921 5.07 2
drt: n_23922 1.75 2
drt: n_23923 2.44 2
drt: n_23924 6.8 2
drt: n_23925 11.86 3
drt: n_23926 5.72 2
drt: n_23927 2.44 2
drt: n_23928 2.52 2
drt: n_23929 4.36 3
drt: n_2393 3.2 2
drt: n_23930 2.6 3
drt: n_23931 3.2 3
drt: n_23932 6.6 3
drt: n_23933 2.2 2
drt: n_23934 9.55 2
drt: n_23936 1.32 2
drt: n_23937 2.15 2
drt: n_23938 6.96 2
drt: n_23939 1.15 2
drt: n_2394 4.92 3
drt: n_23940 4.12 2
drt: n_23941 7.52 2
drt: n_23942 11.32 3
drt: n_23943 4.32 2
drt: n_23944 27.45 11
drt: n_23945 6 3
drt: n_23946 9.72 3
drt: n_23947 3.41 3
drt: n_23948 3.2 3
drt: n_23949 2.2 2
drt: n_2395 5.8 3
drt: n_23950 2.04 3
drt: n_23951 1 2
drt: n_23952 2.4 2
drt: n_23953 8 4
drt: n_23954 14.24 4
drt: n_23955 2.4 2
drt: n_23956 15.4 4
drt: n_23957 5 3
drt: n_23958 1.8 2
drt: n_23959 6 4
drt: n_2396 4.2 3
drt: n_23960 3.8 3
drt: n_23961 1 2
drt: n_23962 5.8 3
drt: n_23963 0.4 2
drt: n_23964 5.13 4
drt: n_23965 2.8 3
drt: n_23966 1 2
drt: n_23967 3.2 3
drt: n_23968 2.6 2
drt: n_23969 3.64 3
drt: n_2397 1.2 2
drt: n_23970 2.84 2
drt: n_23971 8.24 3
drt: n_23972 0.6 2
drt: n_23973 2.4 3
drt: n_23974 1.2 2
drt: n_23975 7.24 4
drt: n_23976 9.32 3
drt: n_23977 4.41 3
drt: n_23978 1 2
drt: n_23979 19.04 4
drt: n_2398 2 2
drt: n_23980 6.24 3
drt: n_23981 1.4 2
drt: n_23982 6.8 4
drt: n_23983 7 3
drt: n_23984 1.8 2
drt: n_23985 5.1 3
drt: n_23986 4.8 2
drt: n_23987 38.4 4
drt: n_23988 3.2 3
drt: n_23989 1 2
drt: n_2399 1.6 2
drt: n_23990 6.4 4
drt: n_23991 6.92 3
drt: n_23992 2.72 2
drt: n_23993 4.6 3
drt: n_23994 5.84 3
drt: n_23995 8.8 4
drt: n_23996 3.2 3
drt: n_23997 2.2 2
drt: n_23998 8.24 4
drt: n_23999 1.8 3
drt: n_24 8.32 2
drt: n_240 3.84 2
drt: n_2400 2.8 2
drt: n_24000 1.4 2
drt: n_24001 4.2 4
drt: n_24002 6 3
drt: n_24003 3.8 2
drt: n_24004 8.92 4
drt: n_24005 3.8 3
drt: n_24006 1.64 2
drt: n_24007 6.24 3
drt: n_24008 4 2
drt: n_24009 24.56 4
drt: n_2401 4.72 3
drt: n_24010 3.65 3
drt: n_24011 1.4 2
drt: n_24012 16 4
drt: n_24013 6.6 3
drt: n_24014 3.52 2
drt: n_24015 8.93 4
drt: n_24016 19.8 4
drt: n_24017 8.44 3
drt: n_24018 6.6 2
drt: n_24019 4.57 4
drt: n_2402 2.2 2
drt: n_24020 38.72 5
drt: n_24021 1.35 2
drt: n_24022 4.92 2
drt: n_24023 8.12 2
drt: n_24024 4.84 2
drt: n_24025 4.72 2
drt: n_24026 10 4
drt: n_24027 17.52 2
drt: n_24028 5 3
drt: n_24029 2 3
drt: n_2403 6.2 3
drt: n_24030 17.25 5
drt: n_24031 2.6 3
drt: n_24032 3.04 3
drt: n_24033 5 3
drt: n_24034 1.6 2
drt: n_24035 4.4 3
drt: n_24036 3.4 3
drt: n_24037 3.47 2
drt: n_24038 9.4 4
drt: n_24039 2.4 2
drt: n_2404 3 3
drt: n_24040 3.35 2
drt: n_24041 14.04 2
drt: n_24042 6.04 2
drt: n_24043 5.72 2
drt: n_24044 21.52 4
drt: n_24045 7.76 4
drt: n_24046 10.2 4
drt: n_24047 1.6 2
drt: n_24048 3.84 3
drt: n_24049 44.32 5
drt: n_2405 1 2
drt: n_24050 1.4 2
drt: n_24051 7 3
drt: n_24052 4.81 3
drt: n_24053 40.12 4
drt: n_24054 71.98 4
drt: n_24055 7.72 4
drt: n_24056 5.32 3
drt: n_24057 5.2 3
drt: n_24058 2.8 2
drt: n_24059 11.32 3
drt: n_2406 2.56 3
drt: n_24060 4.04 3
drt: n_24061 4.36 3
drt: n_24062 3.92 2
drt: n_24063 6.64 3
drt: n_24064 2.6 3
drt: n_24065 3.6 2
drt: n_24066 4 3
drt: n_24067 3.2 2
drt: n_24068 3 3
drt: n_24069 3.6 2
drt: n_2407 2.6 2
drt: n_24070 7.24 3
drt: n_24071 2.6 3
drt: n_24072 2.4 2
drt: n_24073 2.44 3
drt: n_24074 2.6 2
drt: n_24075 7.4 3
drt: n_24076 0.6 2
drt: n_24077 3.84 3
drt: n_24078 2.6 2
drt: n_24079 3.04 3
drt: n_2408 9.16 3
drt: n_24080 2 2
drt: n_24081 6.73 3
drt: n_24082 3.6 2
drt: n_24083 7.8 3
drt: n_24084 3.61 3
drt: n_24085 1.84 2
drt: n_24086 2.92 2
drt: n_24087 0.95 2
drt: n_24088 2.92 2
drt: n_24089 2.75 2
drt: n_2409 5.8 5
drt: n_24090 4.8 2
drt: n_24091 3.87 2
drt: n_24092 2.44 2
drt: n_24093 7.04 2
drt: n_24094 4.6 2
drt: n_24095 6.6 2
drt: n_24096 62.04 3
drt: n_24097 4.12 2
drt: n_24098 13.32 4
drt: n_24099 6.4 4
drt: n_241 2.04 2
drt: n_2410 2.6 2
drt: n_24100 5.6 4
drt: n_24101 6.36 3
drt: n_24102 39.65 5
drt: n_24103 1.4 2
drt: n_24104 1.8 3
drt: n_24105 13.72 4
drt: n_24106 9.6 4
drt: n_24107 6.8 4
drt: n_24108 1.8 2
drt: n_24109 4.84 3
drt: n_2411 2 2
drt: n_24110 4.81 3
drt: n_24111 5.01 3
drt: n_24112 0.4 2
drt: n_24113 4.41 3
drt: n_24114 15.12 4
drt: n_24115 5.72 3
drt: n_24116 4.32 3
drt: n_24117 3.8 3
drt: n_24118 8.4 3
drt: n_24119 2.8 3
drt: n_2412 4.8 2
drt: n_24120 9.64 3
drt: n_24121 7.53 4
drt: n_24122 3.07 2
drt: n_24123 4.2 2
drt: n_24124 7.8 4
drt: n_24125 7.72 4
drt: n_24126 6.04 2
drt: n_24127 38.28 3
drt: n_24128 3.8 3
drt: n_24129 7.84 5
drt: n_2413 12.32 6
drt: n_24130 1.2 2
drt: n_24131 16.36 4
drt: n_24132 5.2 3
drt: n_24133 46.92 5
drt: n_24134 3.4 2
drt: n_24135 13.52 4
drt: n_24136 3.44 2
drt: n_24137 6.6 3
drt: n_24138 3.4 2
drt: n_24139 9.32 4
drt: n_2414 1 2
drt: n_24140 4.8 3
drt: n_24141 1.2 2
drt: n_24142 50.76 4
drt: n_24143 1 2
drt: n_24144 48.24 4
drt: n_24145 1.4 2
drt: n_24146 28.12 4
drt: n_24147 2 2
drt: n_24148 7.53 4
drt: n_24149 1.91 3
drt: n_2415 5.12 2
drt: n_24150 2 2
drt: n_24151 8.25 4
drt: n_24152 1.6 2
drt: n_24153 10.81 4
drt: n_24154 2.92 2
drt: n_24155 11.32 4
drt: n_24156 2.4 2
drt: n_24157 13.2 4
drt: n_24158 1.4 2
drt: n_24159 21.12 4
drt: n_2416 2.44 2
drt: n_24160 1.2 2
drt: n_24161 5.24 3
drt: n_24162 1.4 2
drt: n_24163 5.4 3
drt: n_24164 2.2 2
drt: n_24166 6.95 2
drt: n_24167 5 2
drt: n_24168 6.52 3
drt: n_24169 3.72 2
drt: n_2417 2.52 2
drt: n_24170 5.6 3
drt: n_24171 3.4 3
drt: n_24172 1.4 2
drt: n_24173 7.04 3
drt: n_24174 2.2 2
drt: n_24175 4.4 3
drt: n_24176 2.02 3
drt: n_24177 1.8 2
drt: n_24178 3.52 2
drt: n_24179 2.92 2
drt: n_24180 3.12 2
drt: n_24181 2.41 3
drt: n_24182 3.04 2
drt: n_24183 7 5
drt: n_24184 6.84 4
drt: n_24185 13.44 4
drt: n_24186 11.52 4
drt: n_24187 9.8 4
drt: n_24188 11.68 4
drt: n_24189 11.12 4
drt: n_2419 17.04 5
drt: n_24190 2.8 3
drt: n_24191 6.32 4
drt: n_24192 4.6 2
drt: n_24193 5.6 2
drt: n_24194 4.2 2
drt: n_24195 5.8 3
drt: n_24196 5.24 3
drt: n_24197 4.4 2
drt: n_24198 1.21 3
drt: n_24199 1.2 2
drt: n_242 3.72 2
drt: n_2420 9.12 3
drt: n_24200 9.32 2
drt: n_24201 5.96 3
drt: n_24202 3 2
drt: n_24203 6.2 3
drt: n_24204 5.4 2
drt: n_24205 6.01 3
drt: n_24206 2.92 2
drt: n_24207 2.92 2
drt: n_24208 5.8 3
drt: n_24209 1.6 2
drt: n_2421 15.44 6
drt: n_24210 8.6 3
drt: n_24211 6.4 2
drt: n_24212 5.8 4
drt: n_24213 5.93 3
drt: n_24214 6.8 2
drt: n_24215 6.88 4
drt: n_24216 6.6 3
drt: n_24217 8.44 2
drt: n_24218 9.04 4
drt: n_24219 8.56 4
drt: n_2422 17.88 6
drt: n_24220 7.2 3
drt: n_24221 12.44 2
drt: n_24222 4 2
drt: n_24223 3.04 3
drt: n_24224 10.12 4
drt: n_24225 15.76 4
drt: n_24226 2.2 3
drt: n_24227 14.04 4
drt: n_24228 3.8 3
drt: n_24229 1.8 2
drt: n_2423 0.6 2
drt: n_24230 11.12 4
drt: n_24231 3.73 3
drt: n_24232 3.12 2
drt: n_24233 6.44 4
drt: n_24234 3.6 3
drt: n_24235 2.2 2
drt: n_24236 1.01 3
drt: n_24237 4.52 2
drt: n_24238 11.73 3
drt: n_24239 3.8 2
drt: n_2424 13.13 5
drt: n_24240 5.12 4
drt: n_24241 4.52 3
drt: n_24242 1.4 2
drt: n_24243 4.6 4
drt: n_24244 4.4 3
drt: n_24245 1.4 2
drt: n_24246 11.96 4
drt: n_24247 4.4 3
drt: n_24248 3.2 2
drt: n_24249 7.52 4
drt: n_2425 6.2 2
drt: n_24250 6.53 3
drt: n_24251 2.72 2
drt: n_24252 5.24 4
drt: n_24253 5.13 3
drt: n_24254 2.92 2
drt: n_24255 4.4 4
drt: n_24256 4.12 3
drt: n_24257 1.64 2
drt: n_24258 3.8 3
drt: n_24259 0.8 2
drt: n_2426 1.2 2
drt: n_24260 9.12 3
drt: n_24261 2.2 2
drt: n_24262 20 4
drt: n_24263 2.44 3
drt: n_24264 1 2
drt: n_24265 4.6 4
drt: n_24266 8.4 3
drt: n_24267 1.4 2
drt: n_24268 12.55 3
drt: n_24269 1.2 2
drt: n_24270 9.2 4
drt: n_24271 4.52 3
drt: n_24272 1.4 2
drt: n_24273 13.52 4
drt: n_24274 5.72 3
drt: n_24275 1 2
drt: n_24276 5.32 3
drt: n_24277 1.84 2
drt: n_24278 28.32 4
drt: n_24279 1.61 3
drt: n_2428 7.8 4
drt: n_24280 1.64 2
drt: n_24281 4 4
drt: n_24282 6.4 3
drt: n_24283 1.2 2
drt: n_24284 8.2 4
drt: n_24285 2.6 3
drt: n_24286 3 2
drt: n_24287 10.32 4
drt: n_24288 8.52 3
drt: n_24289 1.4 2
drt: n_2429 4.32 2
drt: n_24290 1.92 2
drt: n_24291 6.4 2
drt: n_24292 1.75 2
drt: n_24293 6.95 2
drt: n_24294 1.75 2
drt: n_24295 2.92 2
drt: n_24296 2.16 2
drt: n_24297 3.12 2
drt: n_24298 2.55 2
drt: n_24299 8.99 2
drt: n_243 4.92 2
drt: n_2430 18.64 6
drt: n_24300 6.95 2
drt: n_24301 2.15 2
drt: n_24302 2.95 2
drt: n_24303 4.92 2
drt: n_24304 7.24 2
drt: n_24305 4.2 2
drt: n_24306 0.95 2
drt: n_24307 8.35 2
drt: n_24308 6.95 2
drt: n_24309 2.2 2
drt: n_2431 12.81 4
drt: n_24310 1.72 2
drt: n_24311 5.8 4
drt: n_24312 6.64 3
drt: n_24313 1.8 2
drt: n_24314 6.44 2
drt: n_24315 1.8 2
drt: n_24316 5.6 4
drt: n_24317 5.6 3
drt: n_24318 2.2 2
drt: n_24319 3.8 3
drt: n_2432 4 2
drt: n_24320 4.6 2
drt: n_24321 9.72 3
drt: n_24322 7.04 3
drt: n_24323 4 3
drt: n_24324 4.4 2
drt: n_24325 2.6 2
drt: n_24326 1.6 2
drt: n_24327 2 3
drt: n_24328 2.4 3
drt: n_24329 17.42 5
drt: n_2433 19.36 6
drt: n_24330 1 2
drt: n_24331 7.76 4
drt: n_24332 21.32 4
drt: n_24333 2.8 3
drt: n_24334 1.2 2
drt: n_24335 3.8 3
drt: n_24336 3 2
drt: n_24337 2.6 3
drt: n_24338 34.76 4
drt: n_24339 1.2 2
drt: n_2434 5.2 4
drt: n_24340 4.6 3
drt: n_24341 4.4 3
drt: n_24342 1.6 2
drt: n_24343 6.21 3
drt: n_24344 1.8 2
drt: n_24345 7.52 3
drt: n_24346 2.6 3
drt: n_24347 4.8 3
drt: n_24348 8.4 3
drt: n_24349 3.8 2
drt: n_2435 1.4 2
drt: n_24350 7.8 3
drt: n_24351 2.24 2
drt: n_24352 5.6 3
drt: n_24353 1.64 2
drt: n_24354 1.61 3
drt: n_24355 3.4 2
drt: n_24356 6.32 4
drt: n_24357 7 3
drt: n_24358 1.2 2
drt: n_24359 3.8 3
drt: n_2436 3.52 3
drt: n_24360 1.6 2
drt: n_24361 3.67 2
drt: n_24362 3.95 2
drt: n_24363 1.72 2
drt: n_24364 2.15 2
drt: n_24365 4.6 2
drt: n_24366 7.52 3
drt: n_24367 2.6 2
drt: n_24368 5.92 2
drt: n_24369 3.8 2
drt: n_2437 2.4 2
drt: n_24370 22 4
drt: n_24371 5 2
drt: n_24372 1.61 3
drt: n_24373 2 2
drt: n_24374 4 3
drt: n_24375 8.4 3
drt: n_24376 2.93 3
drt: n_24377 2.8 3
drt: n_24378 5.8 3
drt: n_24379 7.8 3
drt: n_2438 26.32 8
drt: n_24380 8.2 4
drt: n_24381 4.32 3
drt: n_24382 3.72 2
drt: n_24383 2.84 3
drt: n_24384 4.64 3
drt: n_24385 4 3
drt: n_24386 4.64 3
drt: n_24387 3.44 3
drt: n_24388 2.8 3
drt: n_24389 4.64 3
drt: n_2439 16.12 6
drt: n_24390 3.6 3
drt: n_24391 4.2 2
drt: n_24392 5.2 3
drt: n_24393 3.6 2
drt: n_24394 7.4 3
drt: n_24395 2.24 3
drt: n_24396 5 3
drt: n_24397 3.4 3
drt: n_24398 6.44 3
drt: n_24399 4.2 3
drt: n_244 5.2 2
drt: n_2440 29.72 6
drt: n_24400 5.52 3
drt: n_24401 5.4 3
drt: n_24402 1.32 2
drt: n_24403 2.72 2
drt: n_24404 44.64 2
drt: n_24405 6.2 3
drt: n_24406 6.4 4
drt: n_24408 1.6 2
drt: n_24409 12.2 3
drt: n_2441 1.8 2
drt: n_24410 22.44 4
drt: n_24411 3.2 3
drt: n_24412 1.2 2
drt: n_24413 25.33 4
drt: n_24414 6.4 2
drt: n_24415 10.4 4
drt: n_24416 2.96 3
drt: n_24417 41.12 5
drt: n_24418 1 2
drt: n_24419 13.8 4
drt: n_2442 18.61 7
drt: n_24420 3.6 3
drt: n_24421 30.13 5
drt: n_24422 2.84 2
drt: n_24423 6 3
drt: n_24424 7.2 5
drt: n_24425 1.8 2
drt: n_24426 3.6 3
drt: n_24427 11.33 5
drt: n_24428 2.2 2
drt: n_24429 7.92 3
drt: n_2443 2.92 2
drt: n_24430 4.15 2
drt: n_24431 1 2
drt: n_24432 4.01 4
drt: n_24433 7.04 4
drt: n_24434 3.44 3
drt: n_24435 15.44 5
drt: n_24436 1 2
drt: n_24437 25.36 4
drt: n_24438 2.4 2
drt: n_24439 3.73 3
drt: n_2444 6.6 2
drt: n_24440 3.2 3
drt: n_24441 2.6 2
drt: n_24442 3.64 3
drt: n_24443 1.8 2
drt: n_24444 3.4 3
drt: n_24445 1.8 2
drt: n_24446 27.68 4
drt: n_24447 1.4 2
drt: n_24448 7.97 4
drt: n_24449 12.84 4
drt: n_2445 11.52 5
drt: n_24450 9.44 4
drt: n_24451 7.32 4
drt: n_24452 6.6 4
drt: n_24453 1 2
drt: n_24454 16.52 4
drt: n_24455 4.2 3
drt: n_24456 1.64 2
drt: n_24457 14.6 4
drt: n_24458 5.8 3
drt: n_24459 2.2 2
drt: n_2446 2 2
drt: n_24460 5.01 3
drt: n_24461 32.16 4
drt: n_24462 1.4 2
drt: n_24463 11.68 4
drt: n_24464 1.2 2
drt: n_24465 2.64 3
drt: n_24466 3.84 3
drt: n_24467 3.84 3
drt: n_24468 4.4 4
drt: n_24469 3.8 3
drt: n_2447 0.4 2
drt: n_24470 5.61 3
drt: n_24471 8.12 4
drt: n_24472 6.24 4
drt: n_24473 11.84 4
drt: n_24474 6.16 4
drt: n_24475 6.4 4
drt: n_24476 5.6 4
drt: n_24477 5.44 4
drt: n_24478 2 3
drt: n_24479 2.6 3
drt: n_2448 34.01 5
drt: n_24480 6.56 3
drt: n_24481 1.8 3
drt: n_24482 5.12 3
drt: n_24483 6.84 3
drt: n_24484 10.93 3
drt: n_24485 2.8 3
drt: n_24486 1 2
drt: n_24487 6.05 3
drt: n_24488 3.2 3
drt: n_24489 1.15 2
drt: n_2449 4.8 3
drt: n_24490 7.35 2
drt: n_24491 1.32 2
drt: n_24492 4.55 2
drt: n_24493 14.64 4
drt: n_24494 2.15 2
drt: n_24495 1.32 2
drt: n_24496 7 4
drt: n_24497 2.92 2
drt: n_24498 9.52 2
drt: n_24499 2.04 2
drt: n_245 5.32 2
drt: n_2450 2.6 2
drt: n_24500 10.72 2
drt: n_24501 1.4 2
drt: n_24502 5.4 3
drt: n_24503 1.8 2
drt: n_24504 2 2
drt: n_24505 12.04 3
drt: n_24506 6.2 2
drt: n_24507 6.6 2
drt: n_24508 0.6 2
drt: n_24509 2 2
drt: n_2451 6.44 4
drt: n_24510 0.8 2
drt: n_24511 15.36 4
drt: n_24512 6.2 4
drt: n_24513 7.64 4
drt: n_24514 4 3
drt: n_24515 5.92 3
drt: n_24516 2.84 2
drt: n_24517 16.12 4
drt: n_24518 20.61 3
drt: n_2452 8.52 4
drt: n_24520 2.84 2
drt: n_24521 3.4 4
drt: n_24522 1.2 2
drt: n_24523 6.2 3
drt: n_24524 2.8 2
drt: n_24525 8.92 3
drt: n_24526 2.4 2
drt: n_24527 9.66 6
drt: n_24528 5.2 2
drt: n_24529 10 4
drt: n_2453 9.12 3
drt: n_24530 1 2
drt: n_24531 24.64 3
drt: n_24532 3.8 3
drt: n_24533 1.4 2
drt: n_24534 11.8 3
drt: n_24535 1 2
drt: n_24536 6 3
drt: n_24537 2.2 2
drt: n_24538 10.6 3
drt: n_24539 4 2
drt: n_2454 0.6 2
drt: n_24540 7.4 3
drt: n_24541 1.8 2
drt: n_24542 3.61 3
drt: n_24543 2.2 2
drt: n_24544 4.2 3
drt: n_24545 1 2
drt: n_24546 6.4 3
drt: n_24547 4.2 2
drt: n_24548 4.53 3
drt: n_24549 1.4 2
drt: n_2455 6.32 3
drt: n_24550 2.6 3
drt: n_24551 1.6 2
drt: n_24552 3.72 3
drt: n_24553 1.4 2
drt: n_24554 3.13 3
drt: n_24555 3 2
drt: n_24556 8.4 3
drt: n_24557 4.8 3
drt: n_24558 1 2
drt: n_24559 4.6 3
drt: n_2456 2 2
drt: n_24560 1.4 2
drt: n_24561 7.84 4
drt: n_24562 1.8 2
drt: n_24563 3.2 3
drt: n_24564 1.4 2
drt: n_24565 3.96 3
drt: n_24566 6.44 2
drt: n_24567 11.2 3
drt: n_24568 11 2
drt: n_24569 8.32 3
drt: n_2457 3.84 3
drt: n_24570 7.8 4
drt: n_24571 2.44 2
drt: n_24572 7.4 4
drt: n_24573 3.41 3
drt: n_24574 7.2 3
drt: n_24575 12.12 3
drt: n_24576 0.4 2
drt: n_24577 3.96 3
drt: n_24578 7.92 3
drt: n_24579 3.4 2
drt: n_2458 3.4 2
drt: n_24580 4.12 2
drt: n_24581 8.84 3
drt: n_24582 1.4 2
drt: n_24583 12.12 4
drt: n_24584 6.6 3
drt: n_24585 4.6 2
drt: n_24586 14.25 4
drt: n_24587 6.52 3
drt: n_24588 1 2
drt: n_24589 5.12 3
drt: n_2459 0.6 2
drt: n_24590 2.8 2
drt: n_24591 11.4 4
drt: n_24592 3.8 3
drt: n_24593 2 2
drt: n_24594 2.12 2
drt: n_24595 2.8 2
drt: n_24596 6.12 2
drt: n_24598 2.55 2
drt: n_246 7.32 2
drt: n_2460 5.6 3
drt: n_24600 3.75 2
drt: n_24601 2.75 2
drt: n_24603 2.15 2
drt: n_24604 1.15 2
drt: n_24605 1.32 2
drt: n_24606 3 2
drt: n_24608 9.2 2
drt: n_24609 1.67 2
drt: n_2461 0.6 2
drt: n_24610 2.75 2
drt: n_24611 1.87 2
drt: n_24612 7.12 2
drt: n_24613 3.55 2
drt: n_24614 1.35 2
drt: n_24616 1.72 2
drt: n_24617 5 2
drt: n_24618 8.07 2
drt: n_24619 2.6 2
drt: n_2462 2 2
drt: n_24620 2.95 2
drt: n_24621 6.12 2
drt: n_24623 2.92 2
drt: n_24624 1.55 2
drt: n_24625 3.61 2
drt: n_24626 5.04 2
drt: n_24627 8.44 4
drt: n_24628 0.6 2
drt: n_24629 7.2 2
drt: n_2463 0.8 2
drt: n_24630 2.04 2
drt: n_24631 8.92 2
drt: n_24632 4.96 2
drt: n_24633 4.6 2
drt: n_24634 35.32 2
drt: n_24635 2.6 2
drt: n_24636 18.12 2
drt: n_24637 2.32 2
drt: n_24638 11.6 2
drt: n_24639 10.32 2
drt: n_2464 0.8 2
drt: n_24640 23.64 4
drt: n_24641 7.52 2
drt: n_24642 2.2 2
drt: n_24643 63.6 2
drt: n_24644 13 2
drt: n_24645 52.24 2
drt: n_24646 2.2 2
drt: n_24647 4.8 3
drt: n_24648 4.6 3
drt: n_24649 1.8 2
drt: n_2465 4.2 2
drt: n_24650 3.72 3
drt: n_24651 2.4 2
drt: n_24652 6.27 3
drt: n_24653 1.6 2
drt: n_24654 2.61 3
drt: n_24655 3.6 2
drt: n_24656 5.12 3
drt: n_24657 5.04 3
drt: n_24658 12.33 3
drt: n_24659 9.52 3
drt: n_2466 4 3
drt: n_24660 6.84 3
drt: n_24661 4.4 3
drt: n_24662 1.4 2
drt: n_24663 8.15 2
drt: n_24665 1.55 2
drt: n_24666 2.92 2
drt: n_24667 1.32 2
drt: n_24668 13.04 2
drt: n_24669 7.2 3
drt: n_2467 0.6 2
drt: n_24670 5.6 3
drt: n_24671 1.6 2
drt: n_24672 40.72 4
drt: n_24673 6.2 3
drt: n_24674 3.8 2
drt: n_24675 3.6 3
drt: n_24676 2.4 2
drt: n_24677 5.6 3
drt: n_24678 3.6 2
drt: n_24679 10.68 3
drt: n_2468 2.6 3
drt: n_24680 2.12 2
drt: n_24681 3.6 3
drt: n_24682 2.4 2
drt: n_24683 4.8 3
drt: n_24684 0.4 2
drt: n_24685 23.36 4
drt: n_24686 4.4 3
drt: n_24687 1.8 2
drt: n_24688 3.64 3
drt: n_24689 0.8 2
drt: n_2469 1.4 2
drt: n_24690 0.6 2
drt: n_24691 34.44 3
drt: n_24692 6.64 4
drt: n_24693 7.32 3
drt: n_24694 2.4 3
drt: n_24695 0.8 2
drt: n_24697 4.8 3
drt: n_24698 1.4 2
drt: n_24699 4.2 3
drt: n_247 2.6 2
drt: n_2470 4.6 2
drt: n_24700 5.53 3
drt: n_24701 4.4 3
drt: n_24702 2.4 3
drt: n_24703 4.2 3
drt: n_24704 3.2 3
drt: n_24705 9.12 3
drt: n_24706 5.24 3
drt: n_24707 8.6 3
drt: n_24708 4.92 3
drt: n_24709 4.73 3
drt: n_2471 0.8 2
drt: n_24711 4.55 2
drt: n_24712 8.2 4
drt: n_24713 4.52 2
drt: n_24714 5.92 2
drt: n_24715 10.52 2
drt: n_24716 4.92 3
drt: n_24717 2.2 2
drt: n_24718 4.32 2
drt: n_24719 9.2 2
drt: n_2472 3.04 2
drt: n_24720 12.2 3
drt: n_24721 2.6 2
drt: n_24722 14.41 4
drt: n_24723 40.24 4
drt: n_24724 2.4 2
drt: n_24725 36.92 3
drt: n_24726 3.4 3
drt: n_24727 33.08 5
drt: n_24728 1.92 2
drt: n_24729 1.2 3
drt: n_2473 0.8 2
drt: n_24730 9.6 3
drt: n_24731 8.6 3
drt: n_24732 3.64 3
drt: n_24733 62.04 5
drt: n_24734 1.2 2
drt: n_24735 10.84 3
drt: n_24736 12.64 4
drt: n_24737 7.12 3
drt: n_24738 2.4 2
drt: n_24739 12.44 4
drt: n_2474 3 3
drt: n_24740 7 4
drt: n_24742 5.72 3
drt: n_24743 6.92 3
drt: n_24744 2.44 2
drt: n_24745 11 3
drt: n_24746 4.8 2
drt: n_24747 3.6 3
drt: n_24748 4.2 3
drt: n_24749 5.8 2
drt: n_2475 3.8 2
drt: n_24750 5.92 3
drt: n_24751 1.6 2
drt: n_24752 5.64 3
drt: n_24753 0.8 2
drt: n_24754 8.6 3
drt: n_24755 4.2 2
drt: n_24756 7.6 3
drt: n_24757 4 3
drt: n_24758 3.2 2
drt: n_24759 4.32 3
drt: n_2476 4.72 2
drt: n_24760 1.4 2
drt: n_24761 4.6 3
drt: n_24762 1.6 2
drt: n_24763 4.92 3
drt: n_24764 3.6 3
drt: n_24765 1.4 2
drt: n_24766 5.2 3
drt: n_24767 5.8 4
drt: n_24768 3.4 3
drt: n_24769 4.6 2
drt: n_2477 0.6 2
drt: n_24770 6.6 3
drt: n_24771 0.4 2
drt: n_24772 5.32 3
drt: n_24773 3.2 2
drt: n_24774 6.6 3
drt: n_24775 1.6 2
drt: n_24776 4.24 3
drt: n_24777 2.6 2
drt: n_24778 4.24 3
drt: n_24779 3.32 2
drt: n_2478 15.17 5
drt: n_24780 5.4 3
drt: n_24781 1.81 3
drt: n_24782 0.8 2
drt: n_24783 4.04 3
drt: n_24784 3.8 2
drt: n_24785 3 3
drt: n_24786 1.8 2
drt: n_24787 5 3
drt: n_24788 0.4 2
drt: n_24789 3.2 3
drt: n_2479 2.6 2
drt: n_24790 2.8 2
drt: n_24791 10.4 4
drt: n_24792 4.2 3
drt: n_24793 3 2
drt: n_24794 10.8 4
drt: n_24795 3.8 3
drt: n_24796 0.4 2
drt: n_24797 7.84 3
drt: n_24798 3 3
drt: n_24799 4.2 3
drt: n_248 5.52 2
drt: n_2480 3.6 2
drt: n_24800 0.6 2
drt: n_24801 5.8 3
drt: n_24802 2.92 2
drt: n_24803 6.8 3
drt: n_24804 1.84 2
drt: n_24805 6.32 3
drt: n_24806 4.84 3
drt: n_24807 1.6 2
drt: n_24808 15.52 4
drt: n_24809 1.4 2
drt: n_2481 5.24 3
drt: n_24810 4.61 3
drt: n_24811 10.64 3
drt: n_24812 3.4 3
drt: n_24813 2 2
drt: n_24814 2.52 3
drt: n_24815 1.32 2
drt: n_24816 10.07 2
drt: n_24817 3.12 2
drt: n_24819 17.27 2
drt: n_2482 1.2 2
drt: n_24820 8.72 4
drt: n_24821 3.12 2
drt: n_24822 1.75 2
drt: n_24823 11 2
drt: n_24824 3 2
drt: n_24825 6.6 2
drt: n_24826 6.92 2
drt: n_24827 1 2
drt: n_24828 0.6 2
drt: n_24829 4.52 2
drt: n_2483 1.6 2
drt: n_24830 5.12 2
drt: n_24831 17.92 2
drt: n_24832 10.24 4
drt: n_24833 11.32 4
drt: n_24834 9.72 4
drt: n_24835 34.24 4
drt: n_24837 2.04 2
drt: n_24838 6.25 4
drt: n_24839 27.84 5
drt: n_2484 13.52 3
drt: n_24840 3 3
drt: n_24841 2.8 3
drt: n_24842 7 3
drt: n_24843 10.76 3
drt: n_24844 5.84 3
drt: n_24845 0.8 2
drt: n_24846 29.52 4
drt: n_24847 2.8 2
drt: n_24848 4.2 3
drt: n_24849 28.2 4
drt: n_2485 2.6 2
drt: n_24850 9.75 2
drt: n_24851 6.2 4
drt: n_24852 3.2 3
drt: n_24853 52 5
drt: n_24854 1.8 2
drt: n_24855 12.8 4
drt: n_24856 4.32 3
drt: n_24857 12.24 5
drt: n_24858 3.12 2
drt: n_24859 44.92 4
drt: n_2486 9.32 3
drt: n_24860 15.2 2
drt: n_24861 23.24 4
drt: n_24862 1.8 2
drt: n_24863 19.29 4
drt: n_24864 1.8 2
drt: n_24865 3.2 4
drt: n_24866 2.04 2
drt: n_24867 7.4 4
drt: n_24868 4.4 2
drt: n_24869 15.73 4
drt: n_2487 1.8 2
drt: n_24870 1.8 2
drt: n_24871 6.6 3
drt: n_24872 6.4 4
drt: n_24873 1.2 2
drt: n_24874 1.2 2
drt: n_24875 1.52 2
drt: n_24876 3 2
drt: n_24877 2.44 2
drt: n_24878 1.84 2
drt: n_24879 6 3
drt: n_2488 9.4 5
drt: n_24880 3.92 2
drt: n_24881 3.36 3
drt: n_24882 1 2
drt: n_24883 21.4 3
drt: n_24884 4.24 3
drt: n_24885 2.12 2
drt: n_24886 55.52 4
drt: n_24887 46.16 4
drt: n_24888 18.73 6
drt: n_24889 17.52 6
drt: n_2489 1.4 2
drt: n_24890 13.6 6
drt: n_24891 14.76 6
drt: n_24892 27.72 6
drt: n_24893 3.6 4
drt: n_24894 2.6 3
drt: n_24895 1.8 2
drt: n_24896 5.01 3
drt: n_24897 3.2 2
drt: n_24898 2.41 3
drt: n_24899 2.72 2
drt: n_249 3 2
drt: n_2490 10.04 4
drt: n_24900 14 4
drt: n_24901 4.64 2
drt: n_24902 6.2 3
drt: n_24903 2.2 2
drt: n_24904 1.8 2
drt: n_24905 0.4 2
drt: n_24906 1.8 2
drt: n_24907 3 2
drt: n_24908 2.24 2
drt: n_24909 3.12 2
drt: n_2491 4.8 2
drt: n_24910 6.2 3
drt: n_24911 8.4 2
drt: n_24912 4 2
drt: n_24913 6.2 2
drt: n_24914 0.8 2
drt: n_24915 7.64 4
drt: n_24916 4.2 3
drt: n_24917 2.61 2
drt: n_24918 1.35 2
drt: n_24919 2.87 2
drt: n_2492 12.6 5
drt: n_24920 3.75 2
drt: n_24921 4.15 2
drt: n_24923 1.35 2
drt: n_24924 4.72 2
drt: n_24925 25.8 2
drt: n_24926 5.24 2
drt: n_24927 6 2
drt: n_24928 5 3
drt: n_24929 24.52 2
drt: n_2493 6 3
drt: n_24930 4.92 2
drt: n_24931 6.8 4
drt: n_24932 5.72 3
drt: n_24933 2.52 2
drt: n_24934 12.2 4
drt: n_24935 8.22 4
drt: n_24936 10.2 4
drt: n_24937 11.52 4
drt: n_24938 5.8 4
drt: n_24939 6.32 3
drt: n_2494 4.04 3
drt: n_24940 6.12 2
drt: n_24941 5 4
drt: n_24942 13.4 4
drt: n_24943 5.97 4
drt: n_24944 13.92 2
drt: n_24945 4.6 2
drt: n_24946 3.92 2
drt: n_24947 9.32 4
drt: n_24948 6.12 2
drt: n_24949 10.2 3
drt: n_2495 2.44 2
drt: n_24950 3.8 2
drt: n_24951 8.6 2
drt: n_24952 6.84 4
drt: n_24953 5.8 2
drt: n_24954 10.52 4
drt: n_24955 4.2 2
drt: n_24956 18.12 4
drt: n_24957 13.52 2
drt: n_24958 6.2 4
drt: n_24959 5.4 2
drt: n_2496 4.92 3
drt: n_24960 5.6 4
drt: n_24961 5 2
drt: n_24962 9.24 4
drt: n_24963 3.92 2
drt: n_24964 2 2
drt: n_24965 29.24 2
drt: n_24966 6.2 4
drt: n_24967 5.12 2
drt: n_24968 3.4 2
drt: n_24969 12.72 2
drt: n_2497 1.6 2
drt: n_24970 8.64 2
drt: n_24971 3.6 2
drt: n_24972 4.64 3
drt: n_24973 1.8 2
drt: n_24974 7.64 3
drt: n_24975 7.6 2
drt: n_24976 5.2 3
drt: n_24977 5.8 2
drt: n_24978 7 3
drt: n_24979 6.44 3
drt: n_2498 2.4 2
drt: n_24980 1.4 2
drt: n_24981 10.6 3
drt: n_24982 4 3
drt: n_24983 3.87 2
drt: n_24985 4.35 2
drt: n_24986 4.81 3
drt: n_24987 3.6 2
drt: n_24988 3.41 3
drt: n_24989 5.32 2
drt: n_2499 2.8 3
drt: n_24990 8.04 4
drt: n_24991 7.4 4
drt: n_24992 6.6 4
drt: n_24993 4.65 4
drt: n_24994 1.92 2
drt: n_24995 3.72 2
drt: n_24996 6 3
drt: n_24997 7.04 4
drt: n_24998 1.4 2
drt: n_24999 5.13 3
drt: n_25 2.24 2
drt: n_250 2.24 2
drt: n_2500 2 2
drt: n_25000 3.92 2
drt: n_25001 6.44 3
drt: n_25002 3.8 3
drt: n_25003 1.84 2
drt: n_25004 10.28 5
drt: n_25005 3.44 3
drt: n_25006 4.2 4
drt: n_25007 5.2 3
drt: n_25008 1.4 2
drt: n_25009 4 4
drt: n_2501 1.12 2
drt: n_25010 8.6 3
drt: n_25011 2.2 2
drt: n_25012 4.32 3
drt: n_25013 3.72 2
drt: n_25014 15.44 3
drt: n_25015 2.8 2
drt: n_25016 7.4 4
drt: n_25017 6.8 3
drt: n_25018 1.4 2
drt: n_25019 1.6 3
drt: n_2502 0.6 2
drt: n_25020 1.4 2
drt: n_25021 16.16 6
drt: n_25022 2.87 2
drt: n_25023 2.95 2
drt: n_25024 0.95 2
drt: n_25025 2.75 2
drt: n_25026 14.24 2
drt: n_25027 8.12 2
drt: n_25028 12.44 4
drt: n_25029 42.44 3
drt: n_2503 3.72 3
drt: n_25030 2.2 3
drt: n_25031 8.8 3
drt: n_25032 8.72 3
drt: n_25033 6.4 3
drt: n_25034 2.2 2
drt: n_25035 3.47 2
drt: n_25036 1.35 2
drt: n_25038 2.35 2
drt: n_25039 3.64 2
drt: n_2504 2.8 3
drt: n_25040 3.32 2
drt: n_25041 2.2 3
drt: n_25042 7.8 5
drt: n_25043 1 2
drt: n_25044 15.12 4
drt: n_25045 4.72 2
drt: n_25046 1.64 2
drt: n_25047 7.2 3
drt: n_25048 10.8 4
drt: n_25049 4.04 3
drt: n_2505 12.17 5
drt: n_25050 3.6 2
drt: n_25051 4.21 4
drt: n_25052 1.4 2
drt: n_25053 3.76 3
drt: n_25054 5.2 3
drt: n_25055 5.6 3
drt: n_25056 3.4 3
drt: n_25057 0.8 2
drt: n_25058 4.2 3
drt: n_25059 3 2
drt: n_2506 19.88 7
drt: n_25060 3.8 4
drt: n_25061 21.16 3
drt: n_25062 9.2 3
drt: n_25063 5.72 2
drt: n_25064 4.92 3
drt: n_25065 3.4 2
drt: n_25066 5.44 3
drt: n_25067 1.2 2
drt: n_25068 5.8 3
drt: n_25069 0.4 2
drt: n_2507 2 2
drt: n_25070 18.13 6
drt: n_25071 7.6 3
drt: n_25072 0.4 2
drt: n_25073 5.4 3
drt: n_25074 1.32 2
drt: n_25075 4.8 3
drt: n_25076 9.52 3
drt: n_25077 6.72 3
drt: n_25078 0.4 2
drt: n_25079 4 3
drt: n_2508 3.8 2
drt: n_25080 1.2 2
drt: n_25081 6 3
drt: n_25082 1 2
drt: n_25083 7.76 3
drt: n_25084 0.4 2
drt: n_25085 2.6 3
drt: n_25086 0.8 2
drt: n_25087 6.04 3
drt: n_25088 1.8 2
drt: n_25089 2.8 3
drt: n_2509 7.2 3
drt: n_25090 4.6 2
drt: n_25091 11.12 2
drt: n_25092 12.12 4
drt: n_25093 4.35 2
drt: n_25095 3.4 2
drt: n_25096 2.95 2
drt: n_25097 3.6 2
drt: n_25098 1.8 2
drt: n_25099 4.4 2
drt: n_251 6.2 2
drt: n_25100 5.2 3
drt: n_25101 15.61 4
drt: n_25102 13.6 3
drt: n_25103 4 2
drt: n_25104 1.4 2
drt: n_25105 5.8 3
drt: n_25106 3.85 3
drt: n_25107 2.4 2
drt: n_25108 13.4 3
drt: n_25109 5.64 3
drt: n_2511 1.8 2
drt: n_25110 8.32 3
drt: n_25111 2.4 2
drt: n_25112 3.24 3
drt: n_25113 6.2 3
drt: n_25114 4.92 3
drt: n_25115 6.6 3
drt: n_25116 1.8 3
drt: n_25117 6.2 3
drt: n_25118 3.8 3
drt: n_25119 3.84 3
drt: n_2512 14.04 6
drt: n_25120 5.8 3
drt: n_25121 8.32 3
drt: n_25122 4 3
drt: n_25123 6.32 3
drt: n_25124 3.2 3
drt: n_25125 4.4 3
drt: n_25126 5.8 3
drt: n_25127 3.8 3
drt: n_25128 2.61 3
drt: n_25129 3.2 2
drt: n_2513 13.81 7
drt: n_25130 5.41 3
drt: n_25131 3.13 3
drt: n_25132 9.4 3
drt: n_25133 2.8 3
drt: n_25134 6.41 3
drt: n_25135 2.95 2
drt: n_25136 3.35 2
drt: n_25137 24.95 3
drt: n_25138 2.6 2
drt: n_25139 48.44 3
drt: n_2514 3.52 2
drt: n_25140 1.6 2
drt: n_25141 2.2 2
drt: n_25142 3.6 2
drt: n_25143 9 3
drt: n_25144 3.24 2
drt: n_25145 2 2
drt: n_25146 20.84 4
drt: n_25147 2.4 3
drt: n_25148 1.6 2
drt: n_25149 3.6 3
drt: n_2515 3.24 2
drt: n_25150 14.52 5
drt: n_25151 1.8 2
drt: n_25152 4.8 4
drt: n_25153 23.96 4
drt: n_25154 3 2
drt: n_25155 2.6 3
drt: n_25156 57.08 5
drt: n_25157 1 2
drt: n_25158 8.52 4
drt: n_25159 12.6 4
drt: n_2516 10.77 4
drt: n_25160 7.61 4
drt: n_25161 2.6 3
drt: n_25162 38.65 5
drt: n_25163 1.84 2
drt: n_25164 2.6 3
drt: n_25165 39.04 5
drt: n_25166 1 2
drt: n_25167 60.08 4
drt: n_25168 1.4 2
drt: n_25169 5.28 4
drt: n_2517 45.16 9
drt: n_25170 11.84 3
drt: n_25171 31.76 5
drt: n_25172 3 2
drt: n_25173 5.24 3
drt: n_25174 2.84 2
drt: n_25175 3.76 3
drt: n_25176 1.4 2
drt: n_25177 4.32 2
drt: n_25178 11.8 4
drt: n_25179 7.6 4
drt: n_2518 6.8 4
drt: n_25180 7.6 4
drt: n_25181 7.2 4
drt: n_25182 1.2 2
drt: n_25183 8.64 4
drt: n_25184 12.81 4
drt: n_25185 4.4 3
drt: n_25186 1.81 2
drt: n_25187 7.53 3
drt: n_25188 7.4 4
drt: n_25189 3.64 3
drt: n_2519 0.6 2
drt: n_25190 7.8 4
drt: n_25191 2.8 3
drt: n_25192 1.8 2
drt: n_25193 11.13 4
drt: n_25194 8.61 3
drt: n_25195 5.8 2
drt: n_25196 7.64 4
drt: n_25197 3.2 4
drt: n_25198 5.05 4
drt: n_25199 3.94 3
drt: n_252 4.6 2
drt: n_2520 27.64 5
drt: n_25200 6.52 3
drt: n_25201 33.44 6
drt: n_25202 5.4 3
drt: n_25203 2.8 2
drt: n_25204 2.13 3
drt: n_25205 7.53 3
drt: n_25206 0.8 2
drt: n_25207 4.2 3
drt: n_25208 5 3
drt: n_25209 0.4 2
drt: n_2521 16.26 5
drt: n_25210 5.44 3
drt: n_25211 0.4 2
drt: n_25212 4.6 3
drt: n_25213 0.8 2
drt: n_25214 8.84 3
drt: n_25215 3.32 3
drt: n_25216 7.2 3
drt: n_25217 4.4 3
drt: n_25218 0.6 2
drt: n_25219 5.93 3
drt: n_2522 16.57 6
drt: n_25220 6.2 4
drt: n_25221 20.24 6
drt: n_25222 9.4 3
drt: n_25223 11.57 3
drt: n_25224 5.52 3
drt: n_25225 60.92 2
drt: n_25226 1.4 2
drt: n_25227 3.2 3
drt: n_25228 2.61 2
drt: n_25229 9.64 3
drt: n_2523 25.24 5
drt: n_25230 5.64 4
drt: n_25231 4.12 2
drt: n_25233 9.79 2
drt: n_25234 0.4 2
drt: n_25235 2.4 2
drt: n_25236 6.6 2
drt: n_25237 2.84 2
drt: n_25238 1 2
drt: n_25239 2.32 2
drt: n_2524 4.32 2
drt: n_25240 1.2 2
drt: n_25241 3.2 2
drt: n_25242 5 2
drt: n_25243 3.4 2
drt: n_25244 7.8 2
drt: n_25245 4.2 2
drt: n_25246 3.8 2
drt: n_25247 2.2 2
drt: n_25248 5.72 2
drt: n_25249 2.2 2
drt: n_2525 19.92 7
drt: n_25250 3 2
drt: n_25251 6.2 2
drt: n_25253 32.28 4
drt: n_25254 5.35 2
drt: n_25255 3.55 2
drt: n_25256 3.35 2
drt: n_25257 2.87 2
drt: n_25258 3 2
drt: n_25259 13.64 2
drt: n_2526 8.5 3
drt: n_25260 6.4 3
drt: n_25261 5.8 2
drt: n_25262 10.2 4
drt: n_25263 7.04 4
drt: n_25264 2.4 2
drt: n_25265 6.4 2
drt: n_25266 6.2 4
drt: n_25267 3.8 2
drt: n_25268 8.68 4
drt: n_25269 11.92 4
drt: n_2527 23.76 6
drt: n_25270 8.2 2
drt: n_25271 4.73 3
drt: n_25272 4.16 3
drt: n_25273 5.2 3
drt: n_25274 4.41 3
drt: n_25275 2.6 2
drt: n_25276 8.4 3
drt: n_25277 3.4 2
drt: n_25278 7.56 3
drt: n_25279 4.52 2
drt: n_2528 18.01 6
drt: n_25280 1.32 2
drt: n_25282 2.92 2
drt: n_25283 2.92 2
drt: n_25284 8.55 2
drt: n_25286 9.52 2
drt: n_25287 3.56 3
drt: n_25288 9.64 2
drt: n_25289 17.16 2
drt: n_2529 2.6 3
drt: n_25290 8.73 4
drt: n_25291 7.44 3
drt: n_25292 18.16 3
drt: n_25293 8.04 4
drt: n_25294 15.2 4
drt: n_25295 12.32 4
drt: n_25296 5 2
drt: n_25297 24.6 4
drt: n_25298 7.72 4
drt: n_25299 8.84 4
drt: n_253 2.8 2
drt: n_2530 1.64 2
drt: n_25300 3.8 3
drt: n_25301 5.44 3
drt: n_25302 3.8 2
drt: n_25303 3.6 3
drt: n_25304 1.6 2
drt: n_25305 10.36 4
drt: n_25306 6.13 3
drt: n_25307 0.8 2
drt: n_25308 7.8 4
drt: n_25309 6.36 3
drt: n_2531 1 2
drt: n_25310 4.6 2
drt: n_25311 15.08 4
drt: n_25312 6.04 3
drt: n_25313 1.4 2
drt: n_25314 10.4 4
drt: n_25315 2.4 3
drt: n_25316 1.4 2
drt: n_25317 9.04 4
drt: n_25318 8.12 3
drt: n_25319 1.8 2
drt: n_2532 6.92 3
drt: n_25320 6 4
drt: n_25321 3.81 3
drt: n_25322 2.6 2
drt: n_25323 11.01 4
drt: n_25324 11 3
drt: n_25325 6.2 2
drt: n_25326 7.65 4
drt: n_25327 6.32 3
drt: n_25328 3.92 2
drt: n_25329 4.12 3
drt: n_2533 22.44 6
drt: n_25330 1.6 2
drt: n_25331 10.8 4
drt: n_25332 5.2 3
drt: n_25333 1.2 2
drt: n_25334 2.6 3
drt: n_25335 1.6 2
drt: n_25336 11.6 4
drt: n_25337 6.6 3
drt: n_25338 5.2 2
drt: n_25339 7.8 4
drt: n_2534 4.44 3
drt: n_25340 3 3
drt: n_25341 2 2
drt: n_25342 6.21 3
drt: n_25343 1.2 2
drt: n_25344 71.56 4
drt: n_25345 4.8 3
drt: n_25346 1 2
drt: n_25347 9.6 4
drt: n_25348 9.72 3
drt: n_25349 1.32 2
drt: n_2535 6 4
drt: n_25351 8.12 2
drt: n_25353 2.87 2
drt: n_25355 1.72 2
drt: n_25356 4.16 3
drt: n_25357 10.24 4
drt: n_25358 1.64 2
drt: n_25359 2.32 2
drt: n_2536 8.81 3
drt: n_25360 2.72 2
drt: n_25361 10.12 2
drt: n_25362 4.32 2
drt: n_25363 3.2 2
drt: n_25364 4.8 3
drt: n_25365 7.8 3
drt: n_25366 4.8 3
drt: n_25367 3.12 2
drt: n_25368 2.4 3
drt: n_25369 1.4 2
drt: n_2537 9.6 5
drt: n_25370 3.6 3
drt: n_25371 2.8 3
drt: n_25372 2.4 3
drt: n_25374 4.15 2
drt: n_25375 9.32 4
drt: n_25376 7.28 4
drt: n_25377 8.44 3
drt: n_25378 43.09 4
drt: n_25379 1.92 2
drt: n_2538 13.57 5
drt: n_25380 4.2 3
drt: n_25381 2.2 2
drt: n_25382 4.13 3
drt: n_25383 2 2
drt: n_25384 6.92 3
drt: n_25385 4.4 2
drt: n_25386 6.24 3
drt: n_25387 9.12 4
drt: n_25388 7.2 3
drt: n_25389 1.8 2
drt: n_2539 8.6 4
drt: n_25390 11.32 3
drt: n_25391 2.2 2
drt: n_25392 2.4 3
drt: n_25393 4.81 3
drt: n_25394 1.2 2
drt: n_25395 4.4 3
drt: n_25396 2.2 2
drt: n_25397 11 3
drt: n_25398 2 2
drt: n_254 3.92 2
drt: n_2540 14.16 6
drt: n_25400 4.27 2
drt: n_25402 24.76 4
drt: n_25403 2.2 2
drt: n_25404 7.6 2
drt: n_25405 11.2 3
drt: n_25406 8.32 3
drt: n_25407 5 2
drt: n_25408 4.35 2
drt: n_25409 5.8 3
drt: n_2541 18.8 4
drt: n_25410 6.4 3
drt: n_25411 1.6 3
drt: n_25412 5.8 3
drt: n_25413 6.72 3
drt: n_25414 3.4 3
drt: n_25415 7.72 3
drt: n_25416 5.24 3
drt: n_25417 3.84 3
drt: n_25418 5.2 3
drt: n_25419 4.16 3
drt: n_2542 1 2
drt: n_25420 7 3
drt: n_25421 4.16 3
drt: n_25422 3.07 2
drt: n_25423 4.4 2
drt: n_25424 8.24 3
drt: n_25425 1 2
drt: n_25427 3.6 2
drt: n_25428 7 4
drt: n_25429 1 2
drt: n_2543 4.44 3
drt: n_25430 5 3
drt: n_25431 21.37 5
drt: n_25432 2.4 2
drt: n_25433 3.32 2
drt: n_25434 5.96 4
drt: n_25435 3.2 3
drt: n_25436 7.32 3
drt: n_25437 16.8 3
drt: n_25438 11.16 4
drt: n_25439 10.72 4
drt: n_2544 0.8 2
drt: n_25440 8.36 4
drt: n_25441 3.56 3
drt: n_25442 8.32 3
drt: n_25443 8.85 4
drt: n_25444 9.72 3
drt: n_25445 4.6 3
drt: n_25446 4.8 3
drt: n_25447 4.2 3
drt: n_25448 3 4
drt: n_25449 7.16 3
drt: n_2545 5 3
drt: n_25450 3.4 2
drt: n_25451 1.2 2
drt: n_25452 6.72 3
drt: n_25453 2.2 2
drt: n_25454 7.4 3
drt: n_25455 3 3
drt: n_25456 0.6 2
drt: n_25457 8.12 3
drt: n_25458 2 2
drt: n_25459 12 3
drt: n_2546 21.2 6
drt: n_25460 7.48 3
drt: n_25461 3.8 2
drt: n_25462 27.28 3
drt: n_25463 5.2 3
drt: n_25464 2.6 2
drt: n_25465 5.12 3
drt: n_25466 2.45 2
drt: n_25467 9.72 3
drt: n_25468 1.44 2
drt: n_25469 5.73 3
drt: n_2547 4.52 2
drt: n_25470 0.8 2
drt: n_25471 9.4 3
drt: n_25472 2.52 3
drt: n_25473 2 2
drt: n_25474 4.6 3
drt: n_25475 0.4 2
drt: n_25476 4.4 3
drt: n_25477 4.96 3
drt: n_25478 5.2 2
drt: n_25479 5 3
drt: n_2548 35.84 8
drt: n_25480 3.6 2
drt: n_25481 2.72 3
drt: n_25482 4.32 2
drt: n_25483 3.6 3
drt: n_25484 1.6 2
drt: n_25485 3.4 3
drt: n_25486 1.8 2
drt: n_25487 4.4 3
drt: n_25488 3.2 2
drt: n_25489 8.4 3
drt: n_2549 10.14 5
drt: n_25490 1.2 2
drt: n_25491 4.32 3
drt: n_25492 5.12 2
drt: n_25493 5.12 3
drt: n_25494 3.84 2
drt: n_25495 2.64 3
drt: n_25496 6.72 3
drt: n_25497 2 2
drt: n_25498 4.8 3
drt: n_25499 7.12 3
drt: n_255 6 2
drt: n_2550 19.16 7
drt: n_25500 5.92 3
drt: n_25501 3.24 2
drt: n_25502 7.53 3
drt: n_25503 2.6 3
drt: n_25504 4 4
drt: n_25505 6.64 3
drt: n_25506 5.72 3
drt: n_25507 2 2
drt: n_25508 6.92 3
drt: n_25509 0.4 2
drt: n_2551 4.4 2
drt: n_25510 5.52 3
drt: n_25511 5.44 3
drt: n_25512 4.12 2
drt: n_25513 13.72 4
drt: n_25514 8.53 2
drt: n_25516 3.41 3
drt: n_25517 4.4 2
drt: n_25518 2.92 2
drt: n_25519 6.92 2
drt: n_2552 1.64 2
drt: n_25520 2.55 2
drt: n_25521 0.4 2
drt: n_25522 3.32 2
drt: n_25523 4.55 2
drt: n_25524 2.15 2
drt: n_25525 7.8 2
drt: n_25526 29.24 3
drt: n_25527 5.2 2
drt: n_25528 4.4 2
drt: n_25529 71.16 3
drt: n_2553 4.12 2
drt: n_25530 13.28 3
drt: n_25531 9.72 3
drt: n_25532 4.52 2
drt: n_25533 9.64 4
drt: n_25534 3.6 2
drt: n_25535 10.97 4
drt: n_25536 6.8 3
drt: n_25537 3.04 2
drt: n_25538 3.04 2
drt: n_25539 8.76 3
drt: n_2554 16.6 5
drt: n_25540 5.8 2
drt: n_25541 7.4 3
drt: n_25542 1.2 2
drt: n_25543 6.72 3
drt: n_25544 3.64 3
drt: n_25545 1.8 2
drt: n_25547 1.32 2
drt: n_25548 9.47 2
drt: n_25549 8 3
drt: n_2555 7.92 4
drt: n_25550 2.84 2
drt: n_25551 4.56 3
drt: n_25552 10.12 2
drt: n_25553 4 3
drt: n_25554 5.92 2
drt: n_25555 6.33 3
drt: n_25556 2.2 2
drt: n_25557 5.2 3
drt: n_25558 1.8 2
drt: n_25559 12.32 4
drt: n_2556 8.04 4
drt: n_25560 16.8 2
drt: n_25561 4.2 3
drt: n_25562 1.8 2
drt: n_25563 1.4 2
drt: n_25564 12 2
drt: n_25565 3.2 2
drt: n_25566 31.76 4
drt: n_25567 1.6 3
drt: n_25568 1.6 2
drt: n_25569 18.8 4
drt: n_2557 1.4 2
drt: n_25570 2.6 2
drt: n_25571 5.2 3
drt: n_25572 4.8 2
drt: n_25573 1.2 3
drt: n_25574 1 2
drt: n_25575 4 4
drt: n_25576 3.8 3
drt: n_25577 1.8 2
drt: n_25578 8 4
drt: n_25579 4.52 3
drt: n_2558 11.92 3
drt: n_25580 3.6 2
drt: n_25581 5.8 4
drt: n_25582 7.52 3
drt: n_25583 2.6 2
drt: n_25584 4.64 3
drt: n_25585 13.16 4
drt: n_25586 8.48 3
drt: n_25587 3.2 2
drt: n_25588 16.04 4
drt: n_25589 10.52 3
drt: n_2559 6.4 3
drt: n_25590 1.4 2
drt: n_25591 5.36 4
drt: n_25592 3.64 3
drt: n_25593 2.04 2
drt: n_25594 10.53 4
drt: n_25595 3 3
drt: n_25596 1.4 2
drt: n_25597 24.24 4
drt: n_25598 6.2 3
drt: n_25599 2.8 2
drt: n_256 3.2 2
drt: n_2560 2.4 2
drt: n_25600 6.81 4
drt: n_25601 6.4 3
drt: n_25602 5.41 3
drt: n_25603 1.6 2
drt: n_25604 15.32 3
drt: n_25605 6.4 3
drt: n_25606 1 2
drt: n_25607 4 3
drt: n_25608 2 2
drt: n_25609 8.01 4
drt: n_2561 1.8 2
drt: n_25610 8.2 3
drt: n_25611 1.2 2
drt: n_25612 3.2 3
drt: n_25613 1 2
drt: n_25614 5.6 4
drt: n_25615 2.8 3
drt: n_25616 1.6 2
drt: n_25617 3.64 3
drt: n_25618 1.2 2
drt: n_25619 3.64 3
drt: n_2562 12.16 4
drt: n_25620 1.4 2
drt: n_25621 4.04 3
drt: n_25622 1 2
drt: n_25623 44.08 4
drt: n_25624 6 3
drt: n_25625 1.4 2
drt: n_25626 47.85 3
drt: n_25627 11.96 2
drt: n_25628 16.72 3
drt: n_25629 3.2 3
drt: n_2563 3.81 3
drt: n_25630 1.8 2
drt: n_25631 6.52 3
drt: n_25632 3 2
drt: n_25633 19.52 3
drt: n_25634 8.2 3
drt: n_25635 2.6 2
drt: n_25636 22.44 4
drt: n_25637 5.96 3
drt: n_25638 2.52 2
drt: n_25639 8.6 4
drt: n_2564 4.4 2
drt: n_25640 2.4 3
drt: n_25641 1.2 2
drt: n_25642 19.84 4
drt: n_25643 3 3
drt: n_25644 1 2
drt: n_25645 6.84 4
drt: n_25646 5.36 3
drt: n_25647 3.46 2
drt: n_25648 2.41 4
drt: n_25649 8.6 3
drt: n_2565 3.6 4
drt: n_25650 1 2
drt: n_25651 17.28 4
drt: n_25652 6.44 3
drt: n_25653 1.6 2
drt: n_25654 8.44 3
drt: n_25655 1.2 2
drt: n_25656 1.35 2
drt: n_25658 4.07 2
drt: n_25659 12.64 3
drt: n_2566 4.4 2
drt: n_25660 7.4 3
drt: n_25661 1.8 2
drt: n_25663 2.67 2
drt: n_25664 2.4 2
drt: n_25666 2.55 2
drt: n_25667 2.92 2
drt: n_25668 4 2
drt: n_25669 1.35 2
drt: n_2567 8.4 4
drt: n_25670 2.55 2
drt: n_25671 3.27 2
drt: n_25672 1.75 2
drt: n_25673 6.24 2
drt: n_25675 2.2 2
drt: n_25676 2.15 2
drt: n_25678 3.75 2
drt: n_25679 3.32 2
drt: n_2568 1.2 2
drt: n_25680 707.65 17
drt: n_25681 5.32 2
drt: n_25682 3.8 2
drt: n_25684 7.27 2
drt: n_25685 8.52 2
drt: n_25686 6.96 3
drt: n_25687 2.2 2
drt: n_25688 20.05 4
drt: n_25689 8.64 2
drt: n_2569 2.4 2
drt: n_25690 3 2
drt: n_25691 5.85 3
drt: n_25692 4.2 2
drt: n_25693 2.04 2
drt: n_25694 12.52 2
drt: n_25695 2.2 2
drt: n_25696 13.52 2
drt: n_25697 8 2
drt: n_25698 17.52 2
drt: n_25699 17.73 4
drt: n_257 5.41 2
drt: n_2570 11.24 4
drt: n_25700 4.8 3
drt: n_25701 1.8 2
drt: n_25702 8.34 3
drt: n_25703 3 3
drt: n_25704 1.6 2
drt: n_25705 7.75 2
drt: n_25706 10.92 4
drt: n_25707 3 2
drt: n_25708 8.2 3
drt: n_25709 4.93 3
drt: n_2571 8.33 4
drt: n_25710 2.72 2
drt: n_25711 10.75 3
drt: n_25712 10.87 3
drt: n_25713 2.4 2
drt: n_25714 2 2
drt: n_25715 6 3
drt: n_25716 2.6 2
drt: n_25717 8.12 3
drt: n_25718 10.92 3
drt: n_25719 4.32 2
drt: n_2572 3.2 2
drt: n_25720 1.4 3
drt: n_25721 2.32 2
drt: n_25722 7.21 3
drt: n_25723 0.4 2
drt: n_25724 12.92 4
drt: n_25725 44.57 5
drt: n_25726 1.35 2
drt: n_25727 5.75 2
drt: n_25728 5.6 4
drt: n_25729 4.4 3
drt: n_2573 4.4 3
drt: n_25730 4.12 2
drt: n_25731 1.35 2
drt: n_25732 6.2 2
drt: n_25733 43.36 3
drt: n_25734 4.8 2
drt: n_25735 6.92 3
drt: n_25736 6.52 3
drt: n_25737 9.52 3
drt: n_25738 5 3
drt: n_25739 7.8 3
drt: n_2574 13.4 3
drt: n_25740 3 2
drt: n_25741 9.35 2
drt: n_25743 3.52 2
drt: n_25744 10.2 2
drt: n_25745 1.8 2
drt: n_25746 15.52 4
drt: n_25747 16.64 4
drt: n_25748 2.8 2
drt: n_25749 2.8 3
drt: n_2575 24.56 5
drt: n_25750 37.32 5
drt: n_25751 1.4 2
drt: n_25752 28.6 3
drt: n_25753 8.92 4
drt: n_25754 2.4 3
drt: n_25755 1.2 2
drt: n_25756 2.61 3
drt: n_25757 8.24 3
drt: n_25758 42.88 4
drt: n_25759 3.76 3
drt: n_2576 4.2 3
drt: n_25760 5 3
drt: n_25761 4 3
drt: n_25762 5.2 3
drt: n_25763 6.4 2
drt: n_25764 5.73 3
drt: n_25765 3 3
drt: n_25766 6.6 3
drt: n_25767 2.4 2
drt: n_25768 2.4 3
drt: n_25769 2.6 3
drt: n_2577 1.4 2
drt: n_25770 2.6 2
drt: n_25771 6.04 3
drt: n_25772 3.44 2
drt: n_25773 3.92 3
drt: n_25774 1.2 2
drt: n_25775 6.61 3
drt: n_25776 2 2
drt: n_25777 6.4 3
drt: n_25778 5.2 3
drt: n_25779 3 2
drt: n_2578 6.44 3
drt: n_25780 6.8 3
drt: n_25781 6 3
drt: n_25782 0.4 2
drt: n_25783 4.45 3
drt: n_25784 3.12 2
drt: n_25785 3.73 3
drt: n_25786 1.4 2
drt: n_25787 7.6 3
drt: n_25788 0.4 2
drt: n_25789 8.12 3
drt: n_2579 6.6 2
drt: n_25790 4 3
drt: n_25791 0.8 2
drt: n_25792 5.84 4
drt: n_25793 3.07 2
drt: n_25794 6.79 2
drt: n_25795 7.35 2
drt: n_25796 9.15 2
drt: n_25797 2.55 2
drt: n_25798 6.44 2
drt: n_25799 2.2 2
drt: n_258 4.32 2
drt: n_2580 4.6 2
drt: n_25800 2.32 2
drt: n_25801 7.32 2
drt: n_25802 4.72 2
drt: n_25803 13.32 2
drt: n_25804 18.25 3
drt: n_25805 1 2
drt: n_25806 9 4
drt: n_25807 4.24 2
drt: n_25808 2.2 2
drt: n_25809 0.6 2
drt: n_2581 38.24 8
drt: n_25810 2.84 2
drt: n_25811 2.84 2
drt: n_25812 3.52 2
drt: n_25813 8.72 3
drt: n_25814 34.04 5
drt: n_25815 3.92 2
drt: n_25816 2.4 2
drt: n_25817 3.36 3
drt: n_25818 1.64 2
drt: n_25819 5.36 3
drt: n_2582 4.2 2
drt: n_25820 5.88 3
drt: n_25821 4.62 2
drt: n_25822 5 3
drt: n_25823 8.32 3
drt: n_25824 6.24 3
drt: n_25825 4.8 3
drt: n_25826 4.53 3
drt: n_25827 3.56 3
drt: n_25828 2.4 3
drt: n_25829 4 3
drt: n_2583 19.56 6
drt: n_25830 8.2 3
drt: n_25831 12 3
drt: n_25832 6 2
drt: n_25833 9.32 3
drt: n_25834 7.92 2
drt: n_25835 11.52 3
drt: n_25836 5.16 3
drt: n_25837 2.6 3
drt: n_25838 8.6 3
drt: n_25839 5.41 4
drt: n_2584 16.04 5
drt: n_25840 5 2
drt: n_25841 4.52 2
drt: n_25842 6.4 2
drt: n_25843 5.6 3
drt: n_25844 14.4 4
drt: n_25845 3.8 2
drt: n_25846 31.84 4
drt: n_25847 9 6
drt: n_25848 33.36 4
drt: n_25849 7.92 4
drt: n_2585 2.2 2
drt: n_25850 5.84 3
drt: n_25851 2.52 2
drt: n_25852 5.8 3
drt: n_25853 1.4 2
drt: n_25854 7.2 4
drt: n_25855 1 2
drt: n_25856 5.2 4
drt: n_25857 1.64 2
drt: n_25858 3.24 3
drt: n_25859 1.2 2
drt: n_2586 2.2 2
drt: n_25860 51.36 4
drt: n_25861 2.2 2
drt: n_25862 35.32 4
drt: n_25863 1.6 2
drt: n_25864 39 4
drt: n_25865 1 2
drt: n_25866 6.6 2
drt: n_25867 5.4 4
drt: n_25868 2.4 3
drt: n_25869 1 2
drt: n_2587 2.72 2
drt: n_25870 44.4 3
drt: n_25871 4.04 3
drt: n_25872 1.4 2
drt: n_25873 7.4 3
drt: n_25874 12.6 4
drt: n_25875 4.36 3
drt: n_25876 2.2 2
drt: n_25878 2.87 2
drt: n_25879 1.32 2
drt: n_2588 22.16 7
drt: n_25880 5 2
drt: n_25881 1.72 2
drt: n_25883 6.15 2
drt: n_25884 3.07 2
drt: n_25886 4.95 2
drt: n_25887 6.44 2
drt: n_25888 1.35 2
drt: n_25889 6.55 2
drt: n_2589 14.81 5
drt: n_25890 7.6 3
drt: n_25891 2.8 2
drt: n_25892 2.35 2
drt: n_25893 3.52 2
drt: n_25894 1.35 2
drt: n_25896 1.35 2
drt: n_25897 2.52 2
drt: n_25898 8.27 2
drt: n_25899 1.35 2
drt: n_259 3.4 2
drt: n_2590 4 3
drt: n_25900 2.52 2
drt: n_25902 6.15 2
drt: n_25904 4.07 2
drt: n_25905 10.44 3
drt: n_25906 5.72 2
drt: n_25907 1.35 2
drt: n_25908 1.35 2
drt: n_25909 5.72 2
drt: n_2591 6.93 3
drt: n_25910 6.32 3
drt: n_25911 12.36 2
drt: n_25912 2.4 2
drt: n_25913 12.72 2
drt: n_25914 4.2 2
drt: n_25915 12.4 2
drt: n_25916 12.32 2
drt: n_25917 2.32 2
drt: n_25918 11.6 2
drt: n_25919 6.4 2
drt: n_2592 3 2
drt: n_25920 8.2 2
drt: n_25921 60.44 2
drt: n_25922 11.44 2
drt: n_25923 11.2 2
drt: n_25924 10 2
drt: n_25925 4.4 3
drt: n_25926 5.36 4
drt: n_25927 2.2 2
drt: n_25928 7.92 3
drt: n_25929 3.2 3
drt: n_2593 12.96 5
drt: n_25930 5 3
drt: n_25931 5.35 2
drt: n_25932 8.2 3
drt: n_25933 1.15 2
drt: n_25934 4.95 2
drt: n_25935 8.13 4
drt: n_25936 7.64 4
drt: n_25937 4.6 3
drt: n_25938 23.36 4
drt: n_25939 8.03 4
drt: n_2594 8.64 3
drt: n_25940 5.53 3
drt: n_25941 4.4 2
drt: n_25942 1.64 2
drt: n_25943 5.8 4
drt: n_25944 2.4 2
drt: n_25945 7.76 4
drt: n_25946 5.8 3
drt: n_25947 1.64 2
drt: n_25948 2 3
drt: n_25949 5.4 2
drt: n_2595 3.44 2
drt: n_25950 12.28 4
drt: n_25951 3.4 3
drt: n_25952 2.04 2
drt: n_25953 7.52 4
drt: n_25954 13.8 4
drt: n_25955 12.2 3
drt: n_25956 2 2
drt: n_25957 8.44 4
drt: n_25958 5.8 3
drt: n_25959 1.4 2
drt: n_2596 3.2 3
drt: n_25960 11.4 4
drt: n_25961 10 3
drt: n_25962 1.6 2
drt: n_25963 7.93 4
drt: n_25964 7.4 4
drt: n_25965 4.52 2
drt: n_25966 14.44 4
drt: n_25967 3.57 4
drt: n_25968 5.44 2
drt: n_25969 4.75 2
drt: n_2597 18.12 6
drt: n_25970 5.35 2
drt: n_25971 3.35 2
drt: n_25972 4.64 3
drt: n_25973 2.2 2
drt: n_25974 1.6 2
drt: n_25975 10.12 2
drt: n_25976 29.65 4
drt: n_25977 7.8 3
drt: n_25978 6 3
drt: n_25979 1.4 2
drt: n_2598 0.8 2
drt: n_25980 6.12 3
drt: n_25981 8.2 3
drt: n_25982 1.4 3
drt: n_25983 18.36 5
drt: n_25984 1.2 2
drt: n_25985 10.04 4
drt: n_25986 11.6 2
drt: n_25987 7 3
drt: n_25988 9.04 4
drt: n_25989 4.2 3
drt: n_2599 11.4 5
drt: n_25990 1.4 2
drt: n_25991 3.6 3
drt: n_25992 4.4 3
drt: n_25993 1.4 2
drt: n_25994 6.6 3
drt: n_25995 3.6 3
drt: n_25996 9 3
drt: n_25997 4.6 3
drt: n_25998 2.92 2
drt: n_25999 3 3
drt: n_26 8.61 2
drt: n_260 2.2 2
drt: n_2600 2.8 2
drt: n_26000 3.6 2
drt: n_26001 2.61 3
drt: n_26002 1.2 2
drt: n_26003 5.92 4
drt: n_26004 4.2 3
drt: n_26005 3 2
drt: n_26006 6.52 3
drt: n_26007 0.4 2
drt: n_26008 6.24 3
drt: n_26009 1.6 2
drt: n_2601 15.84 6
drt: n_26010 7.72 3
drt: n_26011 2.64 2
drt: n_26012 2.92 2
drt: n_26013 1.35 2
drt: n_26014 3.32 2
drt: n_26016 2.8 3
drt: n_26017 5 2
drt: n_26018 0.6 2
drt: n_26019 9.81 3
drt: n_2602 0.6 2
drt: n_26020 2.04 2
drt: n_26021 4.8 3
drt: n_26022 2.2 2
drt: n_26023 0.6 2
drt: n_26024 42.24 4
drt: n_26025 5 3
drt: n_26026 8.4 3
drt: n_26027 3.6 2
drt: n_26028 5 3
drt: n_26029 3.2 3
drt: n_2603 10.52 5
drt: n_26030 5.04 3
drt: n_26031 5 3
drt: n_26032 7.44 3
drt: n_26033 3.2 3
drt: n_26034 4 3
drt: n_26035 4.8 3
drt: n_26036 6.93 3
drt: n_26037 4.8 3
drt: n_26038 7 3
drt: n_26039 3.4 3
drt: n_2604 1.4 2
drt: n_26040 5.93 3
drt: n_26041 8.32 3
drt: n_26042 3.64 3
drt: n_26043 8.6 3
drt: n_26044 4 3
drt: n_26045 4.4 3
drt: n_26046 6.8 2
drt: n_26047 2.4 3
drt: n_26048 4.24 3
drt: n_26049 7.52 3
drt: n_2605 10.93 5
drt: n_26050 7.8 4
drt: n_26051 6.32 2
drt: n_26052 3.2 2
drt: n_26053 14.72 3
drt: n_26054 1.6 2
drt: n_26055 3.6 2
drt: n_26056 1.4 2
drt: n_26057 4 2
drt: n_26058 1.2 2
drt: n_26059 2.32 2
drt: n_2606 20.76 3
drt: n_26060 1.4 2
drt: n_26061 4.13 3
drt: n_26062 3.24 2
drt: n_26063 5.2 2
drt: n_26064 4.84 2
drt: n_26065 1.6 2
drt: n_26066 0.4 2
drt: n_26067 6.2 3
drt: n_26068 12.73 4
drt: n_26069 5.2 3
drt: n_2607 9.56 5
drt: n_26070 4.2 2
drt: n_26071 7.2 3
drt: n_26072 29.12 4
drt: n_26073 4.44 3
drt: n_26074 1 2
drt: n_26075 19.76 4
drt: n_26076 1.6 2
drt: n_26077 11.6 4
drt: n_26078 24.92 6
drt: n_26079 4.8 4
drt: n_2608 11.04 3
drt: n_26080 6.92 3
drt: n_26081 28.96 5
drt: n_26082 2.72 2
drt: n_26083 1.6 3
drt: n_26084 5.21 5
drt: n_26085 1.4 2
drt: n_26086 6.8 3
drt: n_26087 18 5
drt: n_26088 4.6 2
drt: n_26089 13.6 4
drt: n_2609 2.72 2
drt: n_26090 7.68 4
drt: n_26091 4.52 3
drt: n_26092 19.36 5
drt: n_26093 1.64 2
drt: n_26094 99.4 4
drt: n_26095 4.45 4
drt: n_26096 3.36 3
drt: n_26097 1 2
drt: n_26098 12 2
drt: n_26099 3.2 2
drt: n_261 6.8 2
drt: n_2610 5.76 4
drt: n_26100 6.96 3
drt: n_26101 2.2 2
drt: n_26102 2.84 2
drt: n_26103 5.2 3
drt: n_26104 8.97 4
drt: n_26105 1.8 2
drt: n_26106 2 3
drt: n_26107 4.6 3
drt: n_26108 1.2 2
drt: n_26109 3.04 2
drt: n_2611 6.2 3
drt: n_26110 32.85 4
drt: n_26111 1.6 2
drt: n_26112 1.6 2
drt: n_26113 10.44 4
drt: n_26114 1.8 2
drt: n_26115 1.4 3
drt: n_26116 5 3
drt: n_26117 0.4 2
drt: n_26118 2.2 2
drt: n_26119 3.8 4
drt: n_2612 2.24 2
drt: n_26121 3.35 2
drt: n_26122 4.52 2
drt: n_26123 3.8 3
drt: n_26124 19.72 4
drt: n_26125 4.45 4
drt: n_26126 11.53 4
drt: n_26127 1.35 2
drt: n_26128 7.32 4
drt: n_26129 5.2 4
drt: n_2613 3.2 3
drt: n_26130 6.16 4
drt: n_26131 5.32 4
drt: n_26132 6.24 3
drt: n_26133 1.8 3
drt: n_26134 5.92 2
drt: n_26135 1.6 3
drt: n_26136 7.52 3
drt: n_26137 5.2 3
drt: n_26138 6.21 3
drt: n_26139 7.76 3
drt: n_2614 3.96 3
drt: n_26140 2 3
drt: n_26141 1.15 2
drt: n_26142 5 3
drt: n_26143 24.04 2
drt: n_26144 2.4 3
drt: n_26145 1.4 2
drt: n_26146 7.4 4
drt: n_26147 11.73 3
drt: n_26148 18.74 2
drt: n_26149 6.4 2
drt: n_2615 1.4 2
drt: n_26150 4.16 3
drt: n_26151 3.6 2
drt: n_26152 4.4 2
drt: n_26153 2.6 2
drt: n_26154 35.12 2
drt: n_26155 2 2
drt: n_26156 12.12 2
drt: n_26157 7.4 2
drt: n_26158 13.36 2
drt: n_26159 7 2
drt: n_2616 16.16 5
drt: n_26160 14.4 3
drt: n_26161 5.72 2
drt: n_26162 2.8 2
drt: n_26163 11 2
drt: n_26164 4.92 2
drt: n_26165 1.4 2
drt: n_26166 2.04 2
drt: n_26167 2 2
drt: n_26168 12.4 2
drt: n_26169 7.84 4
drt: n_2617 6.44 4
drt: n_26170 2.92 2
drt: n_26171 7.32 3
drt: n_26172 5.72 3
drt: n_26173 2.4 2
drt: n_26174 4.41 3
drt: n_26175 4.52 2
drt: n_26176 5.96 3
drt: n_26177 2.04 2
drt: n_26178 5.75 2
drt: n_26179 5.16 3
drt: n_2618 9.92 5
drt: n_26180 3.18 4
drt: n_26181 10.28 3
drt: n_26182 5.12 2
drt: n_26183 4.55 2
drt: n_26184 351.17 11
drt: n_26185 2.92 2
drt: n_26186 3.44 3
drt: n_26187 1.4 2
drt: n_26188 5.8 3
drt: n_26189 4.2 2
drt: n_2619 2.6 2
drt: n_26190 26.2 2
drt: n_26191 3 3
drt: n_26192 0.6 2
drt: n_26193 9.01 4
drt: n_26194 7 4
drt: n_26195 2.6 3
drt: n_26196 3.2 3
drt: n_26197 2 2
drt: n_26198 8.12 3
drt: n_26199 8.84 4
drt: n_262 7.8 2
drt: n_2620 3.4 2
drt: n_26200 4.01 3
drt: n_26201 3.2 2
drt: n_26202 5.53 4
drt: n_26203 2.76 3
drt: n_26204 2.6 2
drt: n_26205 6.44 4
drt: n_26206 7.6 3
drt: n_26207 6.72 2
drt: n_26208 4.72 3
drt: n_26209 4 2
drt: n_2621 4.8 3
drt: n_26210 8.24 4
drt: n_26211 3.24 3
drt: n_26212 1 2
drt: n_26213 5.64 3
drt: n_26214 0.6 2
drt: n_26215 2.44 2
drt: n_26216 17.44 4
drt: n_26217 18.92 4
drt: n_26218 5.52 2
drt: n_26219 7.6 2
drt: n_2622 3.8 2
drt: n_26220 4.52 2
drt: n_26221 15.05 4
drt: n_26222 2.44 2
drt: n_26223 3.32 2
drt: n_26224 12.56 4
drt: n_26225 1 2
drt: n_26226 3.36 3
drt: n_26227 1 2
drt: n_26228 0.95 2
drt: n_26229 1.35 2
drt: n_2623 4.2 2
drt: n_26231 2.55 2
drt: n_26233 1.55 2
drt: n_26234 1.75 2
drt: n_26235 5.6 3
drt: n_26237 0.95 2
drt: n_26238 3.72 2
drt: n_26239 6.2 2
drt: n_2624 13.44 5
drt: n_26240 3.24 2
drt: n_26241 2.2 2
drt: n_26242 3.04 2
drt: n_26243 3.8 2
drt: n_26244 6.8 3
drt: n_26245 9.52 4
drt: n_26246 3.93 3
drt: n_26247 11.44 4
drt: n_26248 4.76 3
drt: n_26249 10.56 4
drt: n_2625 11.36 3
drt: n_26250 6 3
drt: n_26251 5 4
drt: n_26252 5.6 3
drt: n_26253 22.72 4
drt: n_26254 4.44 2
drt: n_26255 4.92 2
drt: n_26256 23.2 4
drt: n_26257 2.4 2
drt: n_26258 5.92 2
drt: n_26259 17.64 2
drt: n_2626 39.48 7
drt: n_26260 5.35 2
drt: n_26261 3.32 2
drt: n_26262 2.64 3
drt: n_26263 8.53 3
drt: n_26264 6.4 3
drt: n_26265 2.6 2
drt: n_26266 4.7 3
drt: n_26267 16.73 3
drt: n_26268 4.6 2
drt: n_26269 1.2 2
drt: n_2627 15.37 6
drt: n_26270 11.24 3
drt: n_26271 5.8 3
drt: n_26272 1 2
drt: n_26273 8.52 3
drt: n_26274 4.72 3
drt: n_26275 2.2 2
drt: n_26276 7.2 3
drt: n_26277 9.28 3
drt: n_26278 1.52 2
drt: n_26279 10.32 5
drt: n_2628 5.8 4
drt: n_26280 9.24 3
drt: n_26281 4.04 2
drt: n_26282 3.6 3
drt: n_26283 1.4 2
drt: n_26284 15.32 4
drt: n_26285 7.6 3
drt: n_26286 6.8 2
drt: n_26287 3.84 3
drt: n_26288 0.4 2
drt: n_26289 4.4 3
drt: n_2629 2.6 2
drt: n_26290 2.64 2
drt: n_26291 9.02 3
drt: n_26292 1.4 2
drt: n_26293 1.4 2
drt: n_26294 11.4 6
drt: n_26295 1 2
drt: n_26296 22.16 6
drt: n_26297 1 2
drt: n_26298 13.13 6
drt: n_26299 1 2
drt: n_263 3.8 2
drt: n_2630 6.64 4
drt: n_26300 16.64 6
drt: n_26301 2 2
drt: n_26302 23.53 6
drt: n_26303 3 3
drt: n_26304 0.4 2
drt: n_26306 15.25 2
drt: n_26307 0.6 2
drt: n_26308 8.2 2
drt: n_26309 4.36 3
drt: n_2631 2.84 2
drt: n_26310 2.84 2
drt: n_26311 1.8 2
drt: n_26312 122.8 6
drt: n_26313 8.04 3
drt: n_26314 1.6 2
drt: n_26315 2.8 3
drt: n_26316 3.8 3
drt: n_26317 3.53 3
drt: n_26318 3.41 3
drt: n_26319 29.73 3
drt: n_2632 3.12 2
drt: n_26320 4.2 3
drt: n_26321 6 3
drt: n_26322 5.2 3
drt: n_26323 7.4 3
drt: n_26324 7 3
drt: n_26325 6.12 3
drt: n_26326 4.16 3
drt: n_26327 4.52 2
drt: n_26328 11.44 2
drt: n_26329 46.92 3
drt: n_2633 4.41 4
drt: n_26330 2.84 2
drt: n_26331 1.4 2
drt: n_26332 1.2 2
drt: n_26333 2.8 2
drt: n_26334 3.4 2
drt: n_26335 2.84 2
drt: n_26336 1.92 2
drt: n_26337 5.8 2
drt: n_26338 0.4 2
drt: n_26339 2 2
drt: n_2634 4.2 2
drt: n_26340 4.4 2
drt: n_26341 4 2
drt: n_26342 3.52 2
drt: n_26343 2.8 2
drt: n_26344 2.4 2
drt: n_26345 4.24 2
drt: n_26346 1.6 2
drt: n_26347 1.6 2
drt: n_26348 0.8 2
drt: n_26349 1.8 2
drt: n_2635 14.2 5
drt: n_26350 7.72 4
drt: n_26351 33.52 4
drt: n_26352 1.4 2
drt: n_26353 3 3
drt: n_26354 0.4 2
drt: n_26355 15.64 4
drt: n_26356 1.72 2
drt: n_26357 2.2 3
drt: n_26358 23.12 4
drt: n_26359 2.92 2
drt: n_2636 14.64 5
drt: n_26360 6.12 3
drt: n_26361 3 3
drt: n_26362 4.01 3
drt: n_26363 66.24 5
drt: n_26364 1.64 2
drt: n_26365 5.6 4
drt: n_26366 8.4 3
drt: n_26367 1 2
drt: n_26368 6.6 2
drt: n_26369 3.72 3
drt: n_2637 1.72 2
drt: n_26370 4.2 3
drt: n_26371 0.4 2
drt: n_26372 3 3
drt: n_26373 0.4 2
drt: n_26374 6.93 3
drt: n_26375 4.12 2
drt: n_26376 1.8 3
drt: n_26377 1.2 2
drt: n_26378 6.32 3
drt: n_26379 5.4 3
drt: n_2638 4.2 3
drt: n_26380 2.12 2
drt: n_26381 4.68 4
drt: n_26382 1.61 3
drt: n_26383 2 2
drt: n_26384 5.92 3
drt: n_26385 0.8 2
drt: n_26386 7.32 3
drt: n_26387 1.8 2
drt: n_26388 5.6 3
drt: n_26389 1.2 2
drt: n_2639 2 2
drt: n_26390 5.4 3
drt: n_26391 0.4 2
drt: n_26392 5.56 3
drt: n_26393 7.12 3
drt: n_26394 3.4 2
drt: n_26395 2.2 3
drt: n_26396 2.4 2
drt: n_26397 2.2 2
drt: n_26398 3.64 3
drt: n_26399 1.8 2
drt: n_264 5.12 2
drt: n_2640 2.6 2
drt: n_26400 8 3
drt: n_26401 1.2 2
drt: n_26402 6.4 3
drt: n_26403 4.2 2
drt: n_26404 7 3
drt: n_26405 2.52 2
drt: n_26406 5.25 3
drt: n_26407 1.84 2
drt: n_26408 7.4 4
drt: n_26409 7.64 4
drt: n_2641 13.64 5
drt: n_26410 2.8 3
drt: n_26411 0.4 2
drt: n_26412 3.2 3
drt: n_26413 6.44 3
drt: n_26414 2.6 3
drt: n_26415 3.35 2
drt: n_26416 5.44 3
drt: n_26417 3.32 2
drt: n_26418 6.24 3
drt: n_26419 0.4 2
drt: n_2642 6.6 2
drt: n_26420 7.73 5
drt: n_26421 6 3
drt: n_26422 1.6 2
drt: n_26423 4.53 3
drt: n_26424 3.96 3
drt: n_26425 6.6 2
drt: n_26426 7.8 3
drt: n_26427 6.4 2
drt: n_26428 6.72 3
drt: n_26429 1.2 2
drt: n_2643 22.96 5
drt: n_26430 2.01 3
drt: n_26431 0.4 2
drt: n_26432 9 3
drt: n_26433 4.92 2
drt: n_26434 1.35 2
drt: n_26435 7 2
drt: n_26436 0.95 2
drt: n_26437 1.75 2
drt: n_26438 2.8 3
drt: n_26439 4.32 3
drt: n_2644 2.21 3
drt: n_26440 7 3
drt: n_26441 2.8 3
drt: n_26442 2 2
drt: n_26443 12 4
drt: n_26444 3.12 2
drt: n_26445 6.33 3
drt: n_26446 2.6 2
drt: n_26447 3.84 3
drt: n_26448 2 2
drt: n_26449 1 2
drt: n_2645 12.44 4
drt: n_26450 1.32 2
drt: n_26451 2.32 2
drt: n_26452 1.35 2
drt: n_26453 0.95 2
drt: n_26454 570.58 14
drt: n_26455 1.15 2
drt: n_26456 1 2
drt: n_26457 3.8 3
drt: n_26458 19.08 2
drt: n_26459 10.72 4
drt: n_2646 11.25 5
drt: n_26460 4.8 2
drt: n_26461 7.21 3
drt: n_26462 0.6 2
drt: n_26463 7 2
drt: n_26464 0.6 2
drt: n_26465 4.4 2
drt: n_26466 30.6 4
drt: n_26467 5.2 2
drt: n_26468 7.96 4
drt: n_26469 3.2 3
drt: n_2647 2.2 2
drt: n_26470 1.2 2
drt: n_26471 7 3
drt: n_26472 0.4 2
drt: n_26473 5.15 4
drt: n_26474 2.4 3
drt: n_26475 1.85 2
drt: n_26476 3.92 3
drt: n_26477 1.6 2
drt: n_26478 6.04 3
drt: n_26479 0.4 2
drt: n_26480 7.2 4
drt: n_26481 4.6 3
drt: n_26482 3.2 2
drt: n_26483 5.84 4
drt: n_26484 6.12 3
drt: n_26485 1.4 2
drt: n_26486 13.44 4
drt: n_26487 2.72 3
drt: n_26488 2 2
drt: n_26489 8.53 4
drt: n_2649 6.4 3
drt: n_26490 3.92 3
drt: n_26491 1.4 2
drt: n_26492 16.44 4
drt: n_26493 4.96 3
drt: n_26494 3.92 2
drt: n_26495 5.85 4
drt: n_26496 3.92 3
drt: n_26497 2 2
drt: n_26498 57.52 4
drt: n_26499 1.8 3
drt: n_265 7.12 2
drt: n_2650 3.32 2
drt: n_26500 1.6 2
drt: n_26501 8.04 4
drt: n_26502 78.76 4
drt: n_26503 6.32 3
drt: n_26504 3.4 2
drt: n_26505 8 4
drt: n_26506 4.61 3
drt: n_26507 1.4 2
drt: n_26508 3.84 2
drt: n_26509 6.64 4
drt: n_2651 25.85 7
drt: n_26510 3.8 3
drt: n_26511 1 2
drt: n_26512 9.2 4
drt: n_26513 4.6 3
drt: n_26514 1.2 2
drt: n_26515 5.32 3
drt: n_26516 2.15 2
drt: n_26517 7.4 2
drt: n_26518 4 3
drt: n_26519 1.2 2
drt: n_2652 30.2 7
drt: n_26520 6.65 4
drt: n_26522 2.55 2
drt: n_26523 3.47 2
drt: n_26524 1.32 2
drt: n_26526 0.95 2
drt: n_26528 2.52 2
drt: n_26529 1.2 2
drt: n_2653 36 8
drt: n_26530 5.75 2
drt: n_26532 3.2 2
drt: n_26533 2.47 2
drt: n_26534 2.52 2
drt: n_26535 2.92 2
drt: n_26536 1.55 2
drt: n_26537 2.15 2
drt: n_26538 4.47 2
drt: n_26539 3.75 2
drt: n_2654 26.32 7
drt: n_26540 6.4 3
drt: n_26541 3.6 2
drt: n_26542 12.2 2
drt: n_26543 4.8 3
drt: n_26544 13.21 4
drt: n_26545 1.4 2
drt: n_26546 1.4 2
drt: n_26547 7.52 2
drt: n_26548 3.61 2
drt: n_26549 5.2 4
drt: n_2655 15.24 5
drt: n_26550 1 2
drt: n_26551 3.4 3
drt: n_26552 22.96 5
drt: n_26553 5.36 3
drt: n_26554 2.2 2
drt: n_26555 16.96 6
drt: n_26556 3 3
drt: n_26557 29.04 5
drt: n_26558 1.4 2
drt: n_26559 3.36 3
drt: n_2656 11.48 4
drt: n_26560 23.24 4
drt: n_26561 3.4 2
drt: n_26562 2.2 2
drt: n_26563 7.6 2
drt: n_26564 6.6 2
drt: n_26566 0.8 2
drt: n_26567 1 2
drt: n_26568 21.13 4
drt: n_26569 3.2 2
drt: n_2657 19.28 6
drt: n_26570 5.44 4
drt: n_26571 1.8 2
drt: n_26572 9.08 4
drt: n_26573 1.4 2
drt: n_26574 31.56 4
drt: n_26575 1.2 2
drt: n_26576 5.8 3
drt: n_26577 5.92 3
drt: n_26578 4.24 3
drt: n_26579 1.52 2
drt: n_2658 4.44 3
drt: n_26580 5.32 2
drt: n_26581 3.4 3
drt: n_26582 42.56 4
drt: n_26583 8.12 2
drt: n_26584 1.8 2
drt: n_26585 2.8 3
drt: n_26586 11.69 4
drt: n_26587 1.2 2
drt: n_26588 3.8 4
drt: n_26589 7.44 3
drt: n_2659 3 2
drt: n_26590 0.8 2
drt: n_26591 12.4 4
drt: n_26592 3.4 3
drt: n_26593 1.6 2
drt: n_26594 3.72 3
drt: n_26595 0.8 2
drt: n_26596 3.8 3
drt: n_26597 4.12 2
drt: n_26598 3.2 3
drt: n_26599 2.2 2
drt: n_266 4.32 2
drt: n_2660 14.04 5
drt: n_26600 3.64 2
drt: n_26601 1.8 2
drt: n_26602 14.2 7
drt: n_26603 2.8 2
drt: n_26604 2.44 2
drt: n_26605 24.12 5
drt: n_26606 95.36 3
drt: n_26607 4.52 2
drt: n_26608 6.72 2
drt: n_26609 36.74 6
drt: n_2661 6.52 3
drt: n_26610 4.6 3
drt: n_26611 2.4 2
drt: n_26612 2.2 3
drt: n_26613 3.8 3
drt: n_26614 4.36 3
drt: n_26615 5.93 3
drt: n_26616 6.04 3
drt: n_26617 1.8 2
drt: n_26618 57.36 7
drt: n_26619 10.04 4
drt: n_2662 0.4 2
drt: n_26620 8.55 2
drt: n_26621 1.8 2
drt: n_26622 0.4 2
drt: n_26623 3.4 2
drt: n_26624 6.64 3
drt: n_26625 1.4 2
drt: n_26626 4.32 2
drt: n_26627 4.84 4
drt: n_26628 1 2
drt: n_26629 19.84 4
drt: n_2663 2.2 2
drt: n_26630 1.2 2
drt: n_26631 4.12 2
drt: n_26632 13.32 4
drt: n_26633 22.6 3
drt: n_26634 3.52 2
drt: n_26635 7.2 2
drt: n_26636 5.84 3
drt: n_26637 45 4
drt: n_26638 4.12 2
drt: n_26639 4.72 3
drt: n_2664 6.72 3
drt: n_26640 5.65 3
drt: n_26641 3.4 3
drt: n_26642 1 2
drt: n_26643 5.64 4
drt: n_26644 6.6 3
drt: n_26645 5.2 3
drt: n_26646 0.4 2
drt: n_26647 7.72 3
drt: n_26648 0.6 2
drt: n_26649 6.2 3
drt: n_2665 3 3
drt: n_26650 2 2
drt: n_26651 5.12 3
drt: n_26652 4.6 2
drt: n_26653 3 3
drt: n_26654 2.24 2
drt: n_26655 4 3
drt: n_26656 3.4 2
drt: n_26657 7 3
drt: n_26658 3 3
drt: n_26659 2.32 2
drt: n_2666 4.04 2
drt: n_26660 4.92 3
drt: n_26661 0.4 2
drt: n_26662 6.32 3
drt: n_26663 1.84 2
drt: n_26664 4.8 3
drt: n_26665 1.6 2
drt: n_26666 6 3
drt: n_26667 0.4 2
drt: n_26668 4.64 3
drt: n_26669 1 2
drt: n_26670 10.2 5
drt: n_26671 39.4 2
drt: n_26672 1.75 2
drt: n_26673 10.8 3
drt: n_26674 14.44 2
drt: n_26675 4.95 2
drt: n_26676 4.52 3
drt: n_26677 4.32 2
drt: n_26678 6.6 3
drt: n_26679 2.92 2
drt: n_2668 23 9
drt: n_26680 1.35 2
drt: n_26681 0.95 2
drt: n_26682 4.4 3
drt: n_26683 5.8 2
drt: n_26684 11.73 3
drt: n_26685 24.28 2
drt: n_26686 5.2 3
drt: n_26687 5.44 2
drt: n_26688 3.67 2
drt: n_26689 5.44 3
drt: n_2669 2.4 2
drt: n_26690 2.44 2
drt: n_26691 6.2 3
drt: n_26692 3.92 2
drt: n_26693 6.85 3
drt: n_26694 40.52 4
drt: n_26695 6.24 2
drt: n_26696 2 2
drt: n_26697 1.8 2
drt: n_26698 3.04 2
drt: n_26699 1.4 2
drt: n_267 12.24 2
drt: n_26700 1.6 2
drt: n_26701 1.2 2
drt: n_26702 5.6 2
drt: n_26703 4.2 2
drt: n_26704 0.4 2
drt: n_26705 3.4 4
drt: n_26706 3.6 3
drt: n_26707 1 2
drt: n_26708 3.6 3
drt: n_26709 1.6 2
drt: n_2671 2.4 2
drt: n_26710 6.52 4
drt: n_26711 3.2 3
drt: n_26712 1.2 2
drt: n_26713 15.12 4
drt: n_26714 5.4 3
drt: n_26715 4.6 2
drt: n_26716 9.44 4
drt: n_26717 3.6 3
drt: n_26718 2.82 2
drt: n_26719 6.84 4
drt: n_2672 5.04 3
drt: n_26720 7.32 3
drt: n_26721 3.72 2
drt: n_26722 8.12 4
drt: n_26723 4.72 3
drt: n_26724 2 2
drt: n_26725 7 4
drt: n_26726 7.6 3
drt: n_26727 2.6 2
drt: n_26728 2.6 4
drt: n_26729 3 3
drt: n_2673 30.52 8
drt: n_26730 1.6 2
drt: n_26731 11.4 4
drt: n_26732 3.4 3
drt: n_26733 3.2 2
drt: n_26734 9.4 4
drt: n_26735 4 3
drt: n_26736 1 2
drt: n_26737 8.64 4
drt: n_26738 7 3
drt: n_26739 1.6 2
drt: n_2674 7.41 3
drt: n_26740 6 4
drt: n_26741 5.92 3
drt: n_26742 4.52 2
drt: n_26743 17.36 6
drt: n_26744 10.4 4
drt: n_26745 7.12 3
drt: n_26746 4.2 2
drt: n_26747 3.2 4
drt: n_26748 3.8 3
drt: n_26749 1.2 2
drt: n_2675 4.32 2
drt: n_26750 3.4 4
drt: n_26751 3.2 3
drt: n_26752 1.2 2
drt: n_26753 7.33 4
drt: n_26754 3.16 3
drt: n_26755 1.64 2
drt: n_26756 10.32 4
drt: n_26757 5.04 3
drt: n_26758 1.64 2
drt: n_26759 24.81 4
drt: n_2676 8.4 4
drt: n_26760 1.75 2
drt: n_26761 3.4 2
drt: n_26762 3 3
drt: n_26764 101.89 5
drt: n_26765 4.15 2
drt: n_26766 1.32 2
drt: n_26767 3.32 2
drt: n_26768 5.8 3
drt: n_2677 1.8 2
drt: n_26771 2.2 2
drt: n_26772 4 3
drt: n_26774 11.67 2
drt: n_26775 3.21 3
drt: n_26776 4.6 3
drt: n_26777 2.8 3
drt: n_26778 4 3
drt: n_26779 6.84 3
drt: n_2678 4.92 2
drt: n_26780 3.4 3
drt: n_26781 5.92 3
drt: n_26783 8.15 2
drt: n_26784 5.9 3
drt: n_26785 1.32 2
drt: n_26786 7 3
drt: n_26787 4.8 3
drt: n_26788 4.88 3
drt: n_26789 7.2 3
drt: n_2679 6.92 2
drt: n_26790 1.32 2
drt: n_26791 3.8 3
drt: n_26792 4.04 3
drt: n_26793 2.81 3
drt: n_26794 1.15 2
drt: n_26795 2.8 3
drt: n_26796 1.32 2
drt: n_26797 4.04 3
drt: n_26798 4.96 3
drt: n_26799 2.95 2
drt: n_268 2.92 2
drt: n_2680 1.8 2
drt: n_26800 2.92 2
drt: n_26801 8.2 3
drt: n_26803 1.32 2
drt: n_26804 7.32 3
drt: n_26806 1.75 2
drt: n_26807 2.8 3
drt: n_26808 0.95 2
drt: n_26809 2.92 2
drt: n_2681 8.2 3
drt: n_26810 10.19 2
drt: n_26811 3.67 2
drt: n_26812 3.07 2
drt: n_26814 2.8 2
drt: n_26815 1.6 2
drt: n_26816 2.2 2
drt: n_26817 8 2
drt: n_26818 5.92 2
drt: n_26819 4.04 2
drt: n_2682 2 2
drt: n_26820 3.92 2
drt: n_26821 35.32 2
drt: n_26822 7.52 2
drt: n_26823 13.92 2
drt: n_26824 7 2
drt: n_26825 4.2 2
drt: n_26826 1.4 2
drt: n_26827 5.12 2
drt: n_26828 12.52 2
drt: n_26829 6.92 2
drt: n_26830 4.81 3
drt: n_26831 10 4
drt: n_26832 5.8 3
drt: n_26833 2.6 3
drt: n_26834 4.24 3
drt: n_26835 2.2 2
drt: n_26836 5.2 3
drt: n_26837 6.4 3
drt: n_26838 2.01 3
drt: n_26839 3.4 3
drt: n_26840 1.2 2
drt: n_26841 2.73 3
drt: n_26842 5.8 2
drt: n_26843 1.15 2
drt: n_26844 1.6 3
drt: n_26845 13.6 5
drt: n_26846 1.4 2
drt: n_26847 0.95 2
drt: n_26848 4 4
drt: n_26849 5.4 3
drt: n_2685 2.04 2
drt: n_26850 4.15 2
drt: n_26851 5.8 4
drt: n_26852 10.92 5
drt: n_26853 1 2
drt: n_26854 3.04 3
drt: n_26855 56.21 5
drt: n_26856 1.4 2
drt: n_26857 9.48 4
drt: n_26858 6 4
drt: n_26859 7.52 4
drt: n_2686 9.44 4
drt: n_26860 2.4 3
drt: n_26861 30.44 5
drt: n_26862 1.64 2
drt: n_26863 3.36 3
drt: n_26864 45.92 5
drt: n_26865 1.8 2
drt: n_26866 71.77 4
drt: n_26867 4.52 2
drt: n_26868 10.74 4
drt: n_26869 14.72 4
drt: n_2687 3.32 2
drt: n_26870 6 3
drt: n_26871 3.52 2
drt: n_26872 2.92 2
drt: n_26873 17.84 4
drt: n_26874 5.92 2
drt: n_26875 1.6 2
drt: n_26876 5.01 4
drt: n_26877 3.2 4
drt: n_26878 3.6 3
drt: n_26879 9.32 3
drt: n_26880 3 3
drt: n_26881 3 3
drt: n_26882 2.4 3
drt: n_26883 7.92 3
drt: n_26884 9.56 3
drt: n_26885 3.15 3
drt: n_26886 7.54 4
drt: n_26887 9.36 3
drt: n_26888 3.75 3
drt: n_26889 3.4 3
drt: n_2689 4 2
drt: n_26890 2 3
drt: n_26891 2.4 2
drt: n_26892 8.8 4
drt: n_26893 3.8 3
drt: n_26894 2.8 2
drt: n_26895 4.8 3
drt: n_26896 2.6 3
drt: n_26897 2.6 3
drt: n_26898 43.77 4
drt: n_26899 2.6 3
drt: n_269 10.68 2
drt: n_2690 5.6 2
drt: n_26900 2 2
drt: n_26901 2 3
drt: n_26902 8.2 4
drt: n_26903 3 3
drt: n_26904 1.2 2
drt: n_26905 3.44 3
drt: n_26906 1.4 2
drt: n_26907 3.44 3
drt: n_26908 1.8 2
drt: n_26909 34.52 3
drt: n_2691 12.94 5
drt: n_26910 22.56 4
drt: n_26911 2 3
drt: n_26912 2.2 2
drt: n_26913 10 4
drt: n_26914 6.01 3
drt: n_26915 1 2
drt: n_26916 14.04 4
drt: n_26917 5.2 3
drt: n_26918 4.72 2
drt: n_26919 4.8 3
drt: n_2692 2.4 2
drt: n_26920 2 2
drt: n_26921 4.4 3
drt: n_26922 0.6 2
drt: n_26923 1.75 2
drt: n_26924 4.55 2
drt: n_26925 2.2 2
drt: n_26926 8.2 4
drt: n_26927 7.75 3
drt: n_26928 8.6 2
drt: n_26929 3 3
drt: n_2693 2.6 3
drt: n_26930 8 2
drt: n_26931 3.24 2
drt: n_26932 7.84 3
drt: n_26933 5.32 3
drt: n_26934 4.04 3
drt: n_26935 4.2 3
drt: n_26936 6.4 3
drt: n_26937 5 2
drt: n_26938 3.6 3
drt: n_26939 2.6 2
drt: n_2694 4.72 2
drt: n_26940 2.8 3
drt: n_26941 4.4 3
drt: n_26942 1.8 2
drt: n_26943 9.8 4
drt: n_26945 7.8 2
drt: n_26946 2 2
drt: n_26947 2.6 2
drt: n_26948 10.85 5
drt: n_26949 2.44 2
drt: n_2695 11.64 3
drt: n_26950 8.44 5
drt: n_26951 1 2
drt: n_26952 7.36 5
drt: n_26953 3.4 3
drt: n_26954 0.6 2
drt: n_26955 3.72 2
drt: n_26956 1.8 2
drt: n_26957 7.8 5
drt: n_26958 2.2 2
drt: n_26959 8.8 5
drt: n_2696 2.44 3
drt: n_26960 3.92 3
drt: n_26961 2.6 2
drt: n_26962 3.41 3
drt: n_26963 3 2
drt: n_26964 5.4 3
drt: n_26965 3.6 2
drt: n_26966 4.24 3
drt: n_26967 2.04 2
drt: n_26968 4.8 3
drt: n_26969 3.8 4
drt: n_2697 3.8 3
drt: n_26970 2.84 2
drt: n_26971 0.6 2
drt: n_26972 5.4 3
drt: n_26973 0.8 2
drt: n_26974 4.4 3
drt: n_26975 11.6 3
drt: n_26976 2.2 2
drt: n_26977 2.8 2
drt: n_26978 0.6 2
drt: n_26979 15.64 3
drt: n_2698 2.72 2
drt: n_26980 5.8 3
drt: n_26981 3.04 2
drt: n_26982 8.44 3
drt: n_26983 4.24 2
drt: n_26984 6.8 3
drt: n_26985 22.56 3
drt: n_26986 8.72 3
drt: n_26987 2.4 2
drt: n_26988 6.52 2
drt: n_26989 2.24 2
drt: n_2699 16.76 6
drt: n_26990 9 3
drt: n_26991 4.61 3
drt: n_26992 2.6 2
drt: n_26993 12.4 4
drt: n_26994 22.12 4
drt: n_26995 2.84 3
drt: n_26996 2.6 2
drt: n_26997 2 2
drt: n_26998 9.24 2
drt: n_26999 3 2
drt: n_27 1.6 2
drt: n_270 1.8 2
drt: n_2700 5.04 3
drt: n_27000 2 2
drt: n_27001 2.84 2
drt: n_27002 4.84 3
drt: n_27003 13.4 4
drt: n_27004 11.52 3
drt: n_27005 4.4 2
drt: n_27006 13.52 3
drt: n_27007 13.84 4
drt: n_27008 4 3
drt: n_27009 2 2
drt: n_27011 3.12 2
drt: n_27012 439.65 13
drt: n_27013 4.4 3
drt: n_27014 4.67 2
drt: n_27015 5.8 3
drt: n_27016 6.44 3
drt: n_27017 6.96 3
drt: n_27018 4.72 3
drt: n_27019 3.53 3
drt: n_2702 1.6 2
drt: n_27020 4 3
drt: n_27021 2 3
drt: n_27022 4.4 3
drt: n_27023 5.24 3
drt: n_27024 6.6 3
drt: n_27025 5.2 3
drt: n_27026 3.64 3
drt: n_27028 4.15 2
drt: n_27029 2.92 2
drt: n_2703 4.92 3
drt: n_27030 6.12 2
drt: n_27031 3.2 2
drt: n_27032 3.4 2
drt: n_27033 6.6 3
drt: n_27034 10.92 2
drt: n_27035 5 2
drt: n_27036 8.56 3
drt: n_27037 4.72 2
drt: n_27038 11.2 2
drt: n_27039 2.2 2
drt: n_2704 4.6 3
drt: n_27040 4.6 2
drt: n_27041 29.56 2
drt: n_27042 5.6 2
drt: n_27043 30.36 2
drt: n_27044 32.33 3
drt: n_27045 1.6 2
drt: n_27046 9.84 3
drt: n_27047 3.12 2
drt: n_27048 3.72 2
drt: n_2705 9.6 4
drt: n_27050 3.12 2
drt: n_27051 16.52 4
drt: n_27052 9.12 2
drt: n_27053 12.4 2
drt: n_27054 5.4 2
drt: n_27055 6.8 2
drt: n_27056 6.6 2
drt: n_27057 13.8 2
drt: n_27058 3.44 2
drt: n_27059 4.92 2
drt: n_2706 1.6 2
drt: n_27060 29.52 2
drt: n_27061 8.64 2
drt: n_27062 5.2 2
drt: n_27063 3.21 3
drt: n_27064 2.8 2
drt: n_27065 6.8 3
drt: n_27066 4.2 2
drt: n_27067 1.01 3
drt: n_27068 3.84 2
drt: n_27069 6.8 3
drt: n_2707 13.33 5
drt: n_27070 4.4 2
drt: n_27071 14.32 3
drt: n_27072 5.6 2
drt: n_27074 7.04 2
drt: n_27075 1.8 2
drt: n_27076 1.32 2
drt: n_27077 1 2
drt: n_27078 9.38 4
drt: n_27079 4.4 3
drt: n_2708 16.76 4
drt: n_27080 7.8 2
drt: n_27081 2.2 2
drt: n_27082 5.2 3
drt: n_27083 1.8 2
drt: n_27084 1 2
drt: n_27085 0.8 2
drt: n_27086 11.8 5
drt: n_27087 5.6 3
drt: n_27088 5 3
drt: n_27089 1.2 2
drt: n_2709 4.8 3
drt: n_27090 6.6 3
drt: n_27091 2 2
drt: n_27092 5.6 3
drt: n_27093 1.2 2
drt: n_27094 4.84 3
drt: n_27095 4.92 3
drt: n_27096 0.4 2
drt: n_27097 7.44 3
drt: n_27098 1.2 2
drt: n_27099 7.12 3
drt: n_271 5.92 2
drt: n_2710 3.92 2
drt: n_27100 2 2
drt: n_27101 3.8 3
drt: n_27102 3.8 2
drt: n_27103 4.6 3
drt: n_27104 5.8 2
drt: n_27105 10.4 4
drt: n_27106 4.52 3
drt: n_27107 2 2
drt: n_27108 4.92 3
drt: n_27109 0.4 2
drt: n_2711 4.5 3
drt: n_27110 7 3
drt: n_27111 1.4 2
drt: n_27112 5.2 3
drt: n_27113 2.4 2
drt: n_27114 5.6 3
drt: n_27115 6.4 2
drt: n_27116 2.8 3
drt: n_27117 0.4 2
drt: n_27118 2.44 3
drt: n_27119 6.8 3
drt: n_2712 5.4 2
drt: n_27120 0.4 2
drt: n_27121 9.12 3
drt: n_27122 1.4 3
drt: n_27123 2.6 3
drt: n_27124 4.2 3
drt: n_27125 3.2 3
drt: n_27126 0.4 2
drt: n_27127 2 3
drt: n_27128 0.4 2
drt: n_27129 7.04 3
drt: n_2713 3.04 3
drt: n_27130 3.05 3
drt: n_27131 0.4 2
drt: n_27132 3.2 3
drt: n_27133 0.4 2
drt: n_27134 5.96 4
drt: n_27135 3.44 3
drt: n_27136 1.2 2
drt: n_27137 9.36 4
drt: n_27138 4.64 3
drt: n_27139 3.72 2
drt: n_2714 2.4 3
drt: n_27140 13.52 4
drt: n_27141 8.92 3
drt: n_27142 1.8 2
drt: n_27143 6 4
drt: n_27144 2 3
drt: n_27145 1.8 2
drt: n_27146 0.95 2
drt: n_27147 2.75 2
drt: n_27148 4.07 2
drt: n_27149 3.75 2
drt: n_2715 5.4 3
drt: n_27150 3.12 2
drt: n_27151 6.8 3
drt: n_27152 3.32 2
drt: n_27153 2.92 2
drt: n_27154 3.07 2
drt: n_27155 4.35 2
drt: n_27156 3.4 2
drt: n_27157 11.68 2
drt: n_27158 5 2
drt: n_27159 20.32 6
drt: n_2716 4.2 3
drt: n_27160 4.4 2
drt: n_27161 5.65 3
drt: n_27162 12.76 4
drt: n_27163 1.4 2
drt: n_27164 5.6 3
drt: n_27165 2.8 2
drt: n_27166 10 3
drt: n_27167 4.72 2
drt: n_27169 1.64 2
drt: n_2717 15.2 3
drt: n_27170 2.52 2
drt: n_27171 6.92 3
drt: n_27172 1.4 2
drt: n_27173 3.36 3
drt: n_27174 87.24 4
drt: n_27175 4.2 2
drt: n_27176 3.41 3
drt: n_27177 1.4 2
drt: n_27178 7.12 3
drt: n_27179 4.4 3
drt: n_2718 5 2
drt: n_27180 6.04 3
drt: n_27181 4.4 3
drt: n_27182 8.8 3
drt: n_27183 3.32 3
drt: n_27184 0.6 2
drt: n_27185 3.4 3
drt: n_27186 2.8 2
drt: n_27187 2.6 3
drt: n_27188 2 2
drt: n_27189 6.52 3
drt: n_2719 6.92 3
drt: n_27190 2.2 2
drt: n_27191 2.01 3
drt: n_27192 2.6 2
drt: n_27193 2.44 2
drt: n_27194 332.81 7
drt: n_27195 10.72 5
drt: n_27196 1.4 2
drt: n_27197 13.4 6
drt: n_27198 8.96 3
drt: n_27199 6.64 3
drt: n_272 2.4 2
drt: n_2720 7.84 3
drt: n_27200 4.96 2
drt: n_27201 5.12 3
drt: n_27202 3.8 2
drt: n_27203 2.2 3
drt: n_27204 3.4 2
drt: n_27205 3.8 3
drt: n_27206 5.2 2
drt: n_27208 1.35 2
drt: n_27209 2.92 2
drt: n_2721 14.09 7
drt: n_27210 1.4 2
drt: n_27211 7.92 4
drt: n_27212 5.96 3
drt: n_27213 6.4 3
drt: n_27214 2.2 3
drt: n_27215 1.6 2
drt: n_27216 0.4 2
drt: n_27217 3.8 2
drt: n_27218 3.6 2
drt: n_27219 2.6 2
drt: n_2722 5 2
drt: n_27220 4.12 2
drt: n_27221 5.92 2
drt: n_27222 6 2
drt: n_27223 4.76 2
drt: n_27224 3.96 3
drt: n_27225 0.6 2
drt: n_27226 3.84 2
drt: n_27227 1.8 2
drt: n_27228 0.8 2
drt: n_27229 6.8 2
drt: n_2723 6.52 3
drt: n_27230 6.2 3
drt: n_27231 45.52 7
drt: n_27233 4.41 4
drt: n_27234 3 3
drt: n_27235 1.2 2
drt: n_27236 6.64 3
drt: n_27237 1.41 2
drt: n_27238 4.04 3
drt: n_27239 4 2
drt: n_2724 5.24 3
drt: n_27240 2.44 2
drt: n_27241 2.8 3
drt: n_27242 6.6 2
drt: n_27243 5.35 2
drt: n_27244 4.2 3
drt: n_27245 3.92 2
drt: n_27246 9.16 4
drt: n_27247 4.6 3
drt: n_27248 6.79 2
drt: n_27249 2.2 2
drt: n_2725 2.12 2
drt: n_27250 6 4
drt: n_27252 2.15 2
drt: n_27253 6.32 2
drt: n_27254 13.36 2
drt: n_27255 2.4 3
drt: n_27256 2.84 2
drt: n_27257 4.44 2
drt: n_27258 7.12 3
drt: n_27259 7.52 3
drt: n_2726 14.99 3
drt: n_27260 0.95 2
drt: n_27261 2.92 2
drt: n_27262 7.92 4
drt: n_27263 4.92 3
drt: n_27264 3.8 2
drt: n_27265 4.92 2
drt: n_27267 2.87 2
drt: n_27268 23.04 2
drt: n_27269 5.6 3
drt: n_2727 2.2 2
drt: n_27270 79.07 4
drt: n_27271 3.04 3
drt: n_27272 0.6 2
drt: n_27273 6.32 3
drt: n_27274 2 2
drt: n_27275 3.4 3
drt: n_27276 3.52 2
drt: n_27277 3.6 3
drt: n_27278 1.6 2
drt: n_27279 4.84 3
drt: n_2728 5.6 3
drt: n_27280 7.4 3
drt: n_27281 0.6 2
drt: n_27282 7.84 3
drt: n_27283 2.84 2
drt: n_27284 6.12 3
drt: n_27285 1.2 2
drt: n_27286 7.44 3
drt: n_27287 3 3
drt: n_27288 0.4 2
drt: n_27289 3.24 3
drt: n_2729 1.6 2
drt: n_27290 0.4 2
drt: n_27291 13.61 4
drt: n_27292 4.4 3
drt: n_27293 1 2
drt: n_27294 3.2 3
drt: n_27295 2 2
drt: n_27296 2.85 3
drt: n_27297 4.2 2
drt: n_27298 3 4
drt: n_27299 3.33 3
drt: n_273 4.72 2
drt: n_2730 0.6 2
drt: n_27300 2 2
drt: n_27301 10.76 3
drt: n_27302 4.01 3
drt: n_27303 2 2
drt: n_27304 7.24 4
drt: n_27305 2.84 3
drt: n_27306 2.44 2
drt: n_27307 14 4
drt: n_27308 11.6 3
drt: n_27309 7.2 2
drt: n_2731 5.4 2
drt: n_27310 9.96 4
drt: n_27311 5.2 3
drt: n_27312 2.2 2
drt: n_27313 7.45 4
drt: n_27314 3.53 3
drt: n_27315 1.2 2
drt: n_27316 6.8 4
drt: n_27317 3.6 3
drt: n_27318 2.2 2
drt: n_27319 15.32 4
drt: n_2732 6 3
drt: n_27320 10.8 3
drt: n_27321 5.4 2
drt: n_27322 5.2 4
drt: n_27323 4.2 3
drt: n_27324 1.4 2
drt: n_27325 6.64 4
drt: n_27326 4.64 3
drt: n_27327 3.12 2
drt: n_27328 5.6 4
drt: n_27329 3.24 3
drt: n_2733 5.4 3
drt: n_27330 1.52 2
drt: n_27331 8.6 4
drt: n_27332 4.24 3
drt: n_27333 1.8 2
drt: n_27334 12.85 4
drt: n_27335 4.64 3
drt: n_27336 1.8 2
drt: n_27337 6.92 4
drt: n_27338 1.92 3
drt: n_27339 1 2
drt: n_2734 9 4
drt: n_27340 6.44 3
drt: n_27341 3.32 2
drt: n_27343 4.2 2
drt: n_27344 2.8 2
drt: n_27346 6.15 2
drt: n_27348 1.92 2
drt: n_27349 2.15 2
drt: n_2735 3.4 3
drt: n_27350 1.6 2
drt: n_27351 1.35 2
drt: n_27352 0.95 2
drt: n_27353 2.2 2
drt: n_27354 67.36 2
drt: n_27355 5.92 2
drt: n_27356 17.8 2
drt: n_27357 14.72 2
drt: n_27358 11.12 2
drt: n_27359 1.6 2
drt: n_2736 2 2
drt: n_27360 5.8 3
drt: n_27361 2.4 2
drt: n_27362 3 3
drt: n_27363 4.6 3
drt: n_27364 7.2 3
drt: n_27366 1.8 2
drt: n_27367 9.64 3
drt: n_27368 11.4 2
drt: n_27369 9.4 3
drt: n_2737 16.2 7
drt: n_27370 3.76 2
drt: n_27372 7.32 2
drt: n_27373 3.6 3
drt: n_27374 34.24 5
drt: n_27375 2.92 2
drt: n_27376 9.4 3
drt: n_27377 4.92 2
drt: n_27379 2.2 2
drt: n_2738 4.72 3
drt: n_27380 16.2 4
drt: n_27381 3.4 3
drt: n_27382 2.8 3
drt: n_27383 8.64 3
drt: n_27384 2 2
drt: n_27385 17 4
drt: n_27386 1 2
drt: n_27387 4.6 3
drt: n_27388 1 2
drt: n_27389 6 4
drt: n_2739 4.8 2
drt: n_27390 1.8 3
drt: n_27391 1.4 2
drt: n_27392 7.04 3
drt: n_27393 4 2
drt: n_27394 4.52 3
drt: n_27395 25.52 3
drt: n_27396 5.8 2
drt: n_27397 6.44 4
drt: n_27398 3.8 2
drt: n_27399 1.75 2
drt: n_274 6.72 2
drt: n_2740 3.4 2
drt: n_27400 322.32 7
drt: n_27401 2.52 2
drt: n_27402 12.12 4
drt: n_27403 2 2
drt: n_27404 4.6 2
drt: n_27405 1.84 2
drt: n_27406 4.52 2
drt: n_27407 6.6 2
drt: n_27408 7.84 2
drt: n_27409 1.4 2
drt: n_2741 6.32 4
drt: n_27410 2.6 2
drt: n_27411 5.6 2
drt: n_27412 1.8 2
drt: n_27413 2.72 2
drt: n_27414 5.12 2
drt: n_27415 8.76 3
drt: n_27416 2.84 2
drt: n_27417 3.6 2
drt: n_27418 4.8 3
drt: n_27419 1 2
drt: n_2742 1.64 2
drt: n_27420 9.56 2
drt: n_27421 0.8 2
drt: n_27422 5.2 3
drt: n_27423 1 2
drt: n_27424 2.24 2
drt: n_27425 2.84 2
drt: n_27426 4.72 3
drt: n_27427 1.2 2
drt: n_27428 4.84 2
drt: n_27429 4.8 3
drt: n_2743 53.41 10
drt: n_27430 7.08 3
drt: n_27431 1 2
drt: n_27432 8 3
drt: n_27433 0.6 2
drt: n_27434 2 2
drt: n_27435 10.64 3
drt: n_27436 2.6 2
drt: n_27437 42.72 5
drt: n_27438 1.4 2
drt: n_27439 7.64 3
drt: n_2744 1.6 2
drt: n_27440 5.4 3
drt: n_27441 4 3
drt: n_27442 2.2 2
drt: n_27443 4.8 3
drt: n_27444 12.81 4
drt: n_27445 5 3
drt: n_27446 20.6 2
drt: n_27447 3.24 2
drt: n_27448 2 2
drt: n_27449 1420.01 66
drt: n_2745 3.2 2
drt: n_27450 42.44 4
drt: n_27451 5.2 2
drt: n_27452 288.01 9
drt: n_27453 4.4 2
drt: n_27454 11.92 3
drt: n_27455 2.84 2
drt: n_27456 50.49 9
drt: n_27457 2.01 3
drt: n_27458 11.04 2
drt: n_27459 24.77 3
drt: n_2746 3.8 3
drt: n_27460 0.6 2
drt: n_27461 3.96 2
drt: n_27462 6.55 2
drt: n_27463 7.12 3
drt: n_27464 4.6 2
drt: n_27465 5.2 3
drt: n_27466 8.72 2
drt: n_27467 13 3
drt: n_27468 2.8 2
drt: n_27469 6.8 3
drt: n_2747 18.05 7
drt: n_27470 12.72 2
drt: n_27471 8 3
drt: n_27472 16.28 2
drt: n_27473 5.16 3
drt: n_27474 14.64 4
drt: n_27475 7.4 3
drt: n_27476 5.6 2
drt: n_27477 1.6 2
drt: n_27478 3.6 2
drt: n_27479 5.4 3
drt: n_2748 6.6 3
drt: n_27480 1.6 2
drt: n_27481 2.6 2
drt: n_27482 5.92 3
drt: n_27483 2 2
drt: n_27484 2.92 2
drt: n_27485 1.32 2
drt: n_27486 3.2 3
drt: n_27487 2.2 2
drt: n_27488 7.6 4
drt: n_27489 5.8 3
drt: n_2749 0.4 2
drt: n_27490 3.24 2
drt: n_27491 12.12 4
drt: n_27492 5.04 3
drt: n_27493 2.2 2
drt: n_27494 4.16 3
drt: n_27495 0.4 2
drt: n_27496 7.36 4
drt: n_27497 3.64 3
drt: n_27498 1.64 2
drt: n_27499 4.33 3
drt: n_275 2 2
drt: n_2750 9.72 4
drt: n_27500 11.28 4
drt: n_27501 9.32 3
drt: n_27502 1.4 2
drt: n_27503 1.35 2
drt: n_27504 12.24 4
drt: n_27505 3.6 3
drt: n_27506 5 2
drt: n_27507 7.68 4
drt: n_27508 5.44 3
drt: n_27509 3.44 2
drt: n_2751 8.4 4
drt: n_27510 10.04 4
drt: n_27511 3.84 3
drt: n_27512 1 2
drt: n_27513 2.81 4
drt: n_27514 3.24 3
drt: n_27515 2.6 2
drt: n_27516 10.64 4
drt: n_27517 8.72 3
drt: n_27518 1 2
drt: n_27519 18.2 4
drt: n_2752 18 7
drt: n_27520 3 3
drt: n_27521 2.2 2
drt: n_27522 20.96 4
drt: n_27523 11.12 3
drt: n_27524 1.4 2
drt: n_27525 10.92 4
drt: n_27526 6.72 3
drt: n_27527 3.8 2
drt: n_27528 19.52 4
drt: n_27529 3.4 3
drt: n_2753 5.97 4
drt: n_27530 2.6 2
drt: n_27531 9.92 3
drt: n_27532 7.44 2
drt: n_27533 5.2 4
drt: n_27534 4.16 3
drt: n_27535 3.4 2
drt: n_27536 6.48 4
drt: n_27537 7.12 3
drt: n_27538 1.8 2
drt: n_27539 5.2 4
drt: n_2754 2.8 2
drt: n_27540 3.8 3
drt: n_27541 1 2
drt: n_27542 8.65 4
drt: n_27543 6.72 3
drt: n_27544 2.2 2
drt: n_27546 1.32 2
drt: n_27547 5.2 3
drt: n_27548 1.27 2
drt: n_27549 1.75 2
drt: n_2755 12.45 3
drt: n_27550 10.44 2
drt: n_27551 12.27 2
drt: n_27552 2.87 2
drt: n_27553 1.32 2
drt: n_27554 6.15 2
drt: n_27556 1.75 2
drt: n_27557 1.32 2
drt: n_27559 2.92 2
drt: n_2756 3.67 3
drt: n_27560 1.75 2
drt: n_27561 1.32 2
drt: n_27562 8.25 3
drt: n_27563 10.12 3
drt: n_27564 5.8 2
drt: n_27566 2.15 2
drt: n_27567 3.64 2
drt: n_27568 1.8 2
drt: n_27569 6.2 2
drt: n_2757 4.92 2
drt: n_27570 35.16 6
drt: n_27571 59.64 2
drt: n_27572 4.61 3
drt: n_27573 4.72 2
drt: n_27574 4.32 3
drt: n_27575 2.01 2
drt: n_27576 1.61 3
drt: n_27577 0.4 2
drt: n_27578 3.2 3
drt: n_27579 9.32 3
drt: n_27580 1.8 2
drt: n_27581 17.05 7
drt: n_27582 3.12 2
drt: n_27583 4.6 3
drt: n_27584 1.4 2
drt: n_27585 8.12 3
drt: n_27586 4.24 3
drt: n_27587 4 3
drt: n_27588 6.6 3
drt: n_27589 8.21 3
drt: n_2759 6.2 3
drt: n_27590 5.84 3
drt: n_27591 8.6 3
drt: n_27592 7.6 3
drt: n_27593 4 3
drt: n_27594 4 3
drt: n_27595 7.64 3
drt: n_27596 3 3
drt: n_27597 2.2 3
drt: n_27598 3.41 3
drt: n_27599 4.2 3
drt: n_276 4.52 2
drt: n_2760 12.01 4
drt: n_27600 3.2 3
drt: n_27601 3.8 3
drt: n_27602 2.93 3
drt: n_27603 3.4 3
drt: n_27604 3 2
drt: n_27605 5.2 4
drt: n_27606 2.8 3
drt: n_27607 1.2 2
drt: n_27609 9.07 2
drt: n_2761 2.84 2
drt: n_27610 7.72 2
drt: n_27611 6.8 2
drt: n_27612 5.36 3
drt: n_27614 1.72 2
drt: n_27615 7 2
drt: n_27616 5.8 3
drt: n_27617 2.6 2
drt: n_27618 13.16 2
drt: n_27619 27.36 4
drt: n_2762 16.73 6
drt: n_27620 3.84 3
drt: n_27621 1 2
drt: n_27622 8.4 4
drt: n_27623 1.2 2
drt: n_27624 20.96 5
drt: n_27625 4.8 2
drt: n_27626 0.8 2
drt: n_27627 3.8 3
drt: n_27628 2.2 2
drt: n_27629 1.8 2
drt: n_2763 5.2 3
drt: n_27630 15.92 5
drt: n_27631 5.64 3
drt: n_27632 3.8 3
drt: n_27633 4.44 3
drt: n_27634 4.52 3
drt: n_27635 5.12 3
drt: n_27636 7.48 3
drt: n_27637 1.4 3
drt: n_27638 3.16 3
drt: n_27639 20.24 3
drt: n_27640 3.12 2
drt: n_27641 2.84 2
drt: n_27642 3.32 3
drt: n_27643 5.6 3
drt: n_27644 5.6 3
drt: n_27645 5.92 3
drt: n_27646 3.4 2
drt: n_27647 1.75 2
drt: n_27648 6 3
drt: n_27649 1.8 2
drt: n_2765 8.6 3
drt: n_27650 8.12 2
drt: n_27651 3.4 3
drt: n_27652 1.8 2
drt: n_27653 12.84 3
drt: n_27654 5.96 3
drt: n_27655 3.2 2
drt: n_27656 12.13 3
drt: n_27657 4.12 2
drt: n_27658 12.72 3
drt: n_27659 2.2 2
drt: n_2766 0.8 2
drt: n_27660 6.24 3
drt: n_27661 7.92 3
drt: n_27662 1.01 3
drt: n_27663 3 3
drt: n_27664 1.2 2
drt: n_27665 2.6 2
drt: n_27666 2.01 2
drt: n_27667 6.44 4
drt: n_27668 5.6 2
drt: n_27669 4 3
drt: n_2767 11.8 4
drt: n_27670 2.41 3
drt: n_27671 0.4 2
drt: n_27672 10.61 4
drt: n_27673 7.6 3
drt: n_27674 3.4 2
drt: n_27675 15.49 3
drt: n_27676 14.72 4
drt: n_27677 5.8 3
drt: n_27678 1 2
drt: n_27679 4.81 3
drt: n_2768 6.4 4
drt: n_27680 2.92 2
drt: n_27681 337.89 10
drt: n_27682 1.75 2
drt: n_27684 2.92 2
drt: n_27685 3.8 2
drt: n_27686 1.32 2
drt: n_27687 2.52 2
drt: n_2769 7.84 3
drt: n_27690 3.27 2
drt: n_27691 1.32 2
drt: n_27692 23.76 3
drt: n_27693 6.2 2
drt: n_27694 7 2
drt: n_27695 6.95 2
drt: n_27696 8.99 2
drt: n_27698 2.95 2
drt: n_27699 3.92 2
drt: n_277 9.12 2
drt: n_2770 7.6 2
drt: n_27700 3.55 2
drt: n_27701 2.2 2
drt: n_27702 1.32 2
drt: n_27704 5.75 2
drt: n_27705 4.8 3
drt: n_27706 0.6 2
drt: n_27708 2.67 2
drt: n_27709 773.18 17
drt: n_2771 8.4 3
drt: n_27710 3.92 2
drt: n_27711 8.35 2
drt: n_27713 8.47 2
drt: n_27715 2.6 2
drt: n_27716 3.12 2
drt: n_27717 4.56 4
drt: n_27719 2.6 2
drt: n_2772 7.6 3
drt: n_27720 1.35 2
drt: n_27721 7.4 2
drt: n_27722 9.8 2
drt: n_27723 8.84 2
drt: n_27724 6.2 2
drt: n_27725 8.96 2
drt: n_27726 2.92 2
drt: n_27727 2 2
drt: n_27728 12.4 2
drt: n_27729 9.52 2
drt: n_2773 4.8 2
drt: n_27730 10.04 2
drt: n_27731 24.44 2
drt: n_27732 1.75 2
drt: n_27733 4.2 2
drt: n_27734 1.6 2
drt: n_27735 5 2
drt: n_27736 5.2 3
drt: n_27737 2.52 2
drt: n_27738 2.6 2
drt: n_27739 36.24 4
drt: n_2774 3 2
drt: n_27740 13.04 3
drt: n_27741 3.45 3
drt: n_27742 2.12 2
drt: n_27743 3.4 3
drt: n_27744 5.6 2
drt: n_27745 2.41 3
drt: n_27746 1 2
drt: n_27747 1.15 2
drt: n_27748 2.8 2
drt: n_27749 4.12 2
drt: n_2775 3.2 2
drt: n_27750 112.36 4
drt: n_27751 5.72 2
drt: n_27752 4.6 2
drt: n_27753 5.2 2
drt: n_27754 89.52 4
drt: n_27755 2.8 2
drt: n_27756 2.84 2
drt: n_27757 4.56 3
drt: n_27758 6.2 3
drt: n_27759 4.13 3
drt: n_2776 8.52 3
drt: n_27760 3.8 3
drt: n_27761 5.12 3
drt: n_27762 3.16 3
drt: n_27763 2.8 3
drt: n_27764 3.2 3
drt: n_27765 4.92 3
drt: n_27766 3.6 3
drt: n_27767 10.6 4
drt: n_27768 7.8 3
drt: n_27769 1.4 2
drt: n_2777 1.6 2
drt: n_27770 6 4
drt: n_27771 3.56 3
drt: n_27772 1.2 2
drt: n_27773 9.4 4
drt: n_27774 2.6 3
drt: n_27775 2.6 2
drt: n_27776 10.35 2
drt: n_27777 8.6 4
drt: n_27778 5.2 3
drt: n_27779 4.2 2
drt: n_2778 1.4 2
drt: n_27780 8.6 4
drt: n_27781 3.4 3
drt: n_27782 2.6 2
drt: n_27783 0.6 2
drt: n_27784 9.92 2
drt: n_27785 10.4 4
drt: n_27786 3 3
drt: n_27787 2.4 2
drt: n_27788 5 2
drt: n_27789 5.4 3
drt: n_2779 0.6 2
drt: n_27790 2.84 2
drt: n_27791 7.32 2
drt: n_27792 7.04 4
drt: n_27793 1.64 2
drt: n_27794 14.61 3
drt: n_27795 5.92 3
drt: n_27796 4 2
drt: n_27797 1 2
drt: n_27798 18.32 2
drt: n_27799 0.4 2
drt: n_278 0.8 2
drt: n_2780 39.04 7
drt: n_27800 2.61 3
drt: n_27801 0.6 2
drt: n_27802 4.33 3
drt: n_27803 4 3
drt: n_27804 4.04 3
drt: n_27805 2.04 2
drt: n_27806 5.61 3
drt: n_27807 2 2
drt: n_27808 4.32 3
drt: n_27809 2.92 2
drt: n_2781 10.05 4
drt: n_27810 4.73 3
drt: n_27811 3.72 2
drt: n_27812 1.41 3
drt: n_27813 2.64 2
drt: n_27814 8.21 3
drt: n_27815 5.8 3
drt: n_27816 4.96 3
drt: n_27817 5.2 3
drt: n_27818 2.4 2
drt: n_27819 3.6 3
drt: n_2782 2.4 2
drt: n_27820 3.72 2
drt: n_27821 4.81 4
drt: n_27822 4.8 3
drt: n_27823 3.8 2
drt: n_27824 3.56 3
drt: n_27825 6.24 3
drt: n_27826 8.56 3
drt: n_27827 6.16 3
drt: n_27828 3.72 2
drt: n_27829 14.16 6
drt: n_2783 4.72 3
drt: n_27830 5 3
drt: n_27831 2.2 2
drt: n_27832 6.6 2
drt: n_27833 7.53 3
drt: n_27834 22.04 2
drt: n_27835 5.92 2
drt: n_27836 2.4 2
drt: n_27837 6.92 2
drt: n_27838 3.4 2
drt: n_27839 2 2
drt: n_2784 2.24 2
drt: n_27840 3.92 2
drt: n_27841 2.84 2
drt: n_27842 4.52 2
drt: n_27843 3.2 2
drt: n_27844 7.52 2
drt: n_27845 9.6 3
drt: n_27846 3.8 2
drt: n_27847 4.32 2
drt: n_27848 4.12 2
drt: n_27849 0.6 2
drt: n_2785 7.32 3
drt: n_27850 2.84 2
drt: n_27851 4.12 2
drt: n_27852 4.2 3
drt: n_27853 1.4 2
drt: n_27854 6.52 4
drt: n_27855 3.64 3
drt: n_27856 1.4 2
drt: n_27857 8.56 4
drt: n_27858 4.87 2
drt: n_27859 2.92 2
drt: n_2786 5 2
drt: n_27860 2.84 2
drt: n_27861 9.8 2
drt: n_27862 22.16 4
drt: n_27863 8.2 3
drt: n_27864 3.6 2
drt: n_27865 3.4 3
drt: n_27866 5.32 2
drt: n_27867 12.12 3
drt: n_27868 5.2 2
drt: n_27869 17.76 2
drt: n_2787 17.3 3
drt: n_27870 2.4 2
drt: n_27871 5.92 2
drt: n_27872 5.45 3
drt: n_27873 28.76 2
drt: n_27874 3.64 2
drt: n_27875 6.52 3
drt: n_27876 4.2 2
drt: n_27877 22.12 2
drt: n_27878 1.8 2
drt: n_27879 10.4 2
drt: n_2788 9.32 2
drt: n_27880 4.92 2
drt: n_27881 1.6 2
drt: n_27882 12.2 2
drt: n_27883 5.24 2
drt: n_27884 7.04 2
drt: n_27885 6.12 2
drt: n_27886 6.12 2
drt: n_27887 2.2 2
drt: n_27888 7.4 2
drt: n_27889 13.92 2
drt: n_2789 4.7 3
drt: n_27890 4.4 2
drt: n_27891 4.15 2
drt: n_27892 1.6 2
drt: n_27893 4.2 2
drt: n_27894 98.04 5
drt: n_27895 1.4 2
drt: n_27897 1.6 2
drt: n_27898 6.92 3
drt: n_27899 6.52 2
drt: n_279 9.12 2
drt: n_2790 8.44 2
drt: n_27900 6.8 2
drt: n_27901 1.4 2
drt: n_27903 4.32 2
drt: n_27904 60 5
drt: n_27905 2.4 2
drt: n_27907 4.6 2
drt: n_27908 3.93 3
drt: n_27909 1.6 2
drt: n_2791 8.2 4
drt: n_27910 6.4 3
drt: n_27911 4.44 3
drt: n_27912 3.96 3
drt: n_27913 5.67 2
drt: n_27914 6.44 4
drt: n_27915 6.21 3
drt: n_27916 2.2 2
drt: n_27917 6.52 4
drt: n_27918 3.2 3
drt: n_27919 2.4 2
drt: n_2792 0.8 2
drt: n_27920 4.05 4
drt: n_27921 3.6 3
drt: n_27922 1.4 2
drt: n_27923 15.24 4
drt: n_27924 3.6 3
drt: n_27925 3 2
drt: n_27927 0.95 2
drt: n_27928 1.32 2
drt: n_2793 9.24 3
drt: n_27930 2.92 2
drt: n_27931 1.67 2
drt: n_27932 4.92 2
drt: n_27933 790.9 17
drt: n_27934 1.32 2
drt: n_27935 3 2
drt: n_27936 33.36 5
drt: n_27937 4.64 3
drt: n_27938 2.4 2
drt: n_27939 9.53 4
drt: n_2794 4 4
drt: n_27940 5.4 3
drt: n_27941 1.2 2
drt: n_27942 4.84 3
drt: n_27943 5.32 3
drt: n_27944 6.52 2
drt: n_27945 6.32 2
drt: n_27946 2.2 3
drt: n_27947 2.2 2
drt: n_27948 2.4 3
drt: n_27949 1.4 2
drt: n_2795 5.97 3
drt: n_27950 7.4 3
drt: n_27951 2 2
drt: n_27952 3.64 3
drt: n_27953 0.4 2
drt: n_27954 2.81 3
drt: n_27955 1.2 2
drt: n_27956 3.76 3
drt: n_27957 2.72 2
drt: n_27958 8.81 3
drt: n_27959 3.04 2
drt: n_2796 5.2 3
drt: n_27960 3.2 3
drt: n_27961 2.6 2
drt: n_27962 3.84 3
drt: n_27963 0.6 2
drt: n_27964 1.6 2
drt: n_27965 0.6 2
drt: n_27966 0.6 2
drt: n_27967 3.32 2
drt: n_27968 12.04 4
drt: n_27969 9.4 3
drt: n_2797 3.4 2
drt: n_27970 1 2
drt: n_27971 2.6 2
drt: n_27972 1 2
drt: n_27973 7.4 2
drt: n_27974 1.4 2
drt: n_27975 1.6 2
drt: n_27976 1.4 2
drt: n_27977 1.8 2
drt: n_27978 5 2
drt: n_27979 1.2 2
drt: n_2798 2.8 3
drt: n_27980 1.6 2
drt: n_27981 2.2 2
drt: n_27982 2.24 2
drt: n_27983 6 2
drt: n_27984 5.88 3
drt: n_27985 1.4 2
drt: n_27986 12.4 3
drt: n_27987 8.8 2
drt: n_27989 1.27 2
drt: n_2799 18.64 3
drt: n_27990 1 2
drt: n_27991 14 3
drt: n_27992 2.2 2
drt: n_27993 10.6 3
drt: n_27994 2.6 2
drt: n_27995 3.2 3
drt: n_27996 6.32 3
drt: n_27998 2.15 2
drt: n_27999 4.52 2
drt: n_28 7 2
drt: n_280 0.4 2
drt: n_2800 6.8 2
drt: n_28000 5 2
drt: n_28001 3.4 3
drt: n_28002 3.2 3
drt: n_28003 14.12 3
drt: n_28004 3.6 2
drt: n_28005 6.52 3
drt: n_28006 7.84 3
drt: n_28007 3.64 3
drt: n_28008 26.76 3
drt: n_28009 5.41 3
drt: n_2801 17 4
drt: n_28010 2.95 2
drt: n_28011 2.95 2
drt: n_28012 7.92 2
drt: n_28013 6.15 2
drt: n_28015 4.4 2
drt: n_28016 6 3
drt: n_28017 2.8 2
drt: n_28018 3.6 3
drt: n_28019 6.2 2
drt: n_2802 9.6 3
drt: n_28020 5 3
drt: n_28021 7.04 2
drt: n_28022 4.13 3
drt: n_28023 2.2 2
drt: n_28024 5.6 3
drt: n_28025 1.8 2
drt: n_28026 4.21 4
drt: n_28027 8.6 3
drt: n_28028 1 2
drt: n_28029 4.6 3
drt: n_2803 3.8 2
drt: n_28030 4.16 3
drt: n_28031 1 2
drt: n_28032 3 3
drt: n_28033 1.2 2
drt: n_28034 3.84 3
drt: n_28035 1.64 2
drt: n_28036 3.6 3
drt: n_28037 2.64 2
drt: n_28039 7.44 3
drt: n_2804 2.61 3
drt: n_28040 7.44 4
drt: n_28041 4.84 3
drt: n_28042 4 2
drt: n_28043 26.44 4
drt: n_28044 3.6 3
drt: n_28045 1 2
drt: n_28046 1.8 2
drt: n_28047 4 3
drt: n_28048 14.36 4
drt: n_28049 4.84 3
drt: n_2805 5.4 3
drt: n_28050 1 2
drt: n_28051 18.92 4
drt: n_28052 4.72 3
drt: n_28053 2.84 2
drt: n_28054 6.32 4
drt: n_28055 3.2 3
drt: n_28056 2.2 2
drt: n_28057 8.44 4
drt: n_28058 3 3
drt: n_28059 1.8 2
drt: n_2806 13.6 4
drt: n_28060 10.2 2
drt: n_28061 4 4
drt: n_28062 3.6 3
drt: n_28063 2.8 2
drt: n_28064 7.12 4
drt: n_28065 1.6 3
drt: n_28066 1.2 2
drt: n_28067 14.52 4
drt: n_28068 5.32 3
drt: n_28069 4.4 2
drt: n_2807 4.6 2
drt: n_28070 10.4 4
drt: n_28071 2.81 3
drt: n_28072 1 2
drt: n_28073 14.76 4
drt: n_28074 8.4 3
drt: n_28075 2.52 2
drt: n_28076 8.2 4
drt: n_28077 4 3
drt: n_28078 2.2 2
drt: n_28079 4.64 3
drt: n_2808 11 4
drt: n_28080 11.36 4
drt: n_28081 3.4 3
drt: n_28082 4.12 2
drt: n_28083 2.47 2
drt: n_28085 1.35 2
drt: n_28086 2.12 2
drt: n_28087 1.32 2
drt: n_28088 8.95 2
drt: n_28089 6.32 3
drt: n_2809 7.32 4
drt: n_28090 4.2 2
drt: n_28091 2.84 2
drt: n_28092 2.4 3
drt: n_28093 2.44 2
drt: n_28094 6.84 2
drt: n_28095 7.4 2
drt: n_28096 6.52 2
drt: n_28097 6.2 2
drt: n_28098 7.52 2
drt: n_28099 2.6 2
drt: n_281 3.2 2
drt: n_2810 3.64 3
drt: n_28100 5.6 2
drt: n_28101 8.44 4
drt: n_28102 3.84 3
drt: n_28103 1.8 2
drt: n_28104 11.85 4
drt: n_28105 4.32 2
drt: n_28107 1.35 2
drt: n_28108 3.6 3
drt: n_28109 2.2 2
drt: n_2811 0.6 2
drt: n_28110 3.2 3
drt: n_28111 1.64 2
drt: n_28112 5.04 3
drt: n_28113 4.84 3
drt: n_28114 6 3
drt: n_28115 4.72 3
drt: n_28116 5.8 3
drt: n_28117 5.92 3
drt: n_28118 3.2 3
drt: n_28119 6.61 3
drt: n_2812 2.44 2
drt: n_28120 1.6 3
drt: n_28121 8.8 2
drt: n_28122 6.2 3
drt: n_28123 11.64 2
drt: n_28124 3.35 2
drt: n_28125 6.4 3
drt: n_28126 0.95 2
drt: n_28127 10.07 2
drt: n_28128 6.6 3
drt: n_28129 4.2 2
drt: n_2813 6 3
drt: n_28130 7.32 3
drt: n_28131 2.52 2
drt: n_28132 6.8 3
drt: n_28133 8.52 2
drt: n_28134 5.2 3
drt: n_28135 3.12 2
drt: n_28136 6.72 3
drt: n_28137 6.6 2
drt: n_28138 3.6 2
drt: n_28139 0.4 2
drt: n_28140 0.6 2
drt: n_28141 3.32 2
drt: n_28142 3.4 2
drt: n_28144 2.72 2
drt: n_28145 9.64 4
drt: n_28146 4.8 3
drt: n_28147 1.2 2
drt: n_28148 6.6 4
drt: n_28149 5.2 3
drt: n_2815 4.92 3
drt: n_28150 1 2
drt: n_28151 12.76 4
drt: n_28152 4 3
drt: n_28153 1 2
drt: n_28154 5.92 4
drt: n_28155 3 3
drt: n_28156 1 2
drt: n_28157 3.6 3
drt: n_28158 1.8 2
drt: n_28159 6.2 4
drt: n_2816 2 2
drt: n_28160 4.4 3
drt: n_28161 1 2
drt: n_28162 14.52 4
drt: n_28163 4.24 3
drt: n_28164 2.2 2
drt: n_28165 8.32 4
drt: n_28166 3.53 3
drt: n_28167 1 2
drt: n_28168 4.8 3
drt: n_28169 2.2 2
drt: n_2817 7.72 3
drt: n_28170 13.04 4
drt: n_28171 6.92 3
drt: n_28172 3.2 2
drt: n_28173 0.4 2
drt: n_28174 6.6 4
drt: n_28175 2.4 3
drt: n_28176 1.64 2
drt: n_28177 7.12 3
drt: n_28178 15.12 4
drt: n_28179 5.8 3
drt: n_2818 2.44 2
drt: n_28180 1 2
drt: n_28181 4.6 3
drt: n_28182 1.2 2
drt: n_28183 11.92 4
drt: n_28184 7.12 3
drt: n_28185 3.8 2
drt: n_28186 3.2 4
drt: n_28187 3.2 3
drt: n_28188 1.2 2
drt: n_28189 14.4 4
drt: n_2819 4.4 2
drt: n_28190 15.4 3
drt: n_28191 8.92 2
drt: n_28192 13.72 4
drt: n_28193 4.24 3
drt: n_28194 1.21 2
drt: n_28195 5.6 4
drt: n_28196 3.56 3
drt: n_28197 1 2
drt: n_28198 5.21 3
drt: n_28199 2.21 2
drt: n_282 10.72 2
drt: n_2820 1.4 2
drt: n_28200 4.93 4
drt: n_28201 4.76 3
drt: n_28202 2.2 2
drt: n_28203 6.77 4
drt: n_28204 5.2 3
drt: n_28205 1.64 2
drt: n_28206 0.95 2
drt: n_28207 4.55 2
drt: n_28208 2.55 2
drt: n_28209 4.12 2
drt: n_2821 14.32 3
drt: n_28210 1.35 2
drt: n_28212 1.32 2
drt: n_28213 1.35 2
drt: n_28214 1.75 2
drt: n_28215 1.32 2
drt: n_28216 1.32 2
drt: n_28217 1.75 2
drt: n_28218 4.15 2
drt: n_28219 5.35 2
drt: n_2822 8.32 2
drt: n_28220 5.47 2
drt: n_28221 14.92 6
drt: n_28222 17.74 5
drt: n_28223 48.2 4
drt: n_28224 2.81 3
drt: n_28225 1.8 2
drt: n_28226 6.32 3
drt: n_28227 1.4 2
drt: n_28228 4.8 3
drt: n_28229 0.8 2
drt: n_2823 34.6 3
drt: n_28230 3.8 2
drt: n_28231 4.6 2
drt: n_28232 31.32 2
drt: n_28233 7.24 2
drt: n_28234 13.4 4
drt: n_28235 12.07 2
drt: n_28236 10.52 4
drt: n_28237 5.4 3
drt: n_28238 1.8 2
drt: n_28239 1.52 2
drt: n_2824 1.4 2
drt: n_28240 7.56 4
drt: n_28241 5.92 3
drt: n_28242 1.4 2
drt: n_28243 6.8 4
drt: n_28244 5 3
drt: n_28245 2.2 2
drt: n_28246 45.68 5
drt: n_28247 10.48 5
drt: n_28248 15 4
drt: n_28249 2.8 3
drt: n_2825 7.75 3
drt: n_28250 1 2
drt: n_28251 2.8 4
drt: n_28252 4.4 3
drt: n_28253 3.32 2
drt: n_28254 14.65 5
drt: n_28255 8.92 4
drt: n_28256 6.44 3
drt: n_28257 1.6 2
drt: n_28258 3.6 2
drt: n_2826 6.6 2
drt: n_28260 8.12 3
drt: n_28261 2.6 2
drt: n_28263 3.92 2
drt: n_28264 7.52 3
drt: n_28265 4.73 3
drt: n_28266 4.44 3
drt: n_28267 1.4 2
drt: n_28268 9.2 3
drt: n_28269 8.12 3
drt: n_2827 6.12 4
drt: n_28270 10.64 2
drt: n_28271 8.09 3
drt: n_28272 3.8 2
drt: n_28273 2.85 3
drt: n_28274 7.2 3
drt: n_28275 5.52 3
drt: n_28276 7.6 2
drt: n_28277 2 2
drt: n_28278 6.4 2
drt: n_28279 10.72 3
drt: n_2828 23.92 7
drt: n_28280 13.32 3
drt: n_28281 4.2 2
drt: n_28282 9.92 4
drt: n_28283 6.8 3
drt: n_28284 1.4 2
drt: n_28285 4.8 4
drt: n_28286 3.2 3
drt: n_28287 1.4 2
drt: n_28288 3.4 3
drt: n_28289 18.8 3
drt: n_2829 2.4 2
drt: n_28290 1.4 2
drt: n_28291 4.2 3
drt: n_28294 4.52 2
drt: n_28295 12.44 2
drt: n_28297 1.75 2
drt: n_28298 3.32 2
drt: n_28299 8.4 2
drt: n_283 3 2
drt: n_2830 5.6 3
drt: n_28301 1.32 2
drt: n_28302 2.8 2
drt: n_28303 609.73 21
drt: n_28304 4.87 2
drt: n_28306 1.35 2
drt: n_28308 1.92 2
drt: n_2831 2 2
drt: n_28310 1.32 2
drt: n_28312 4.6 2
drt: n_28314 3.12 2
drt: n_28315 1.75 2
drt: n_28316 1.95 2
drt: n_28317 3.55 2
drt: n_28318 4.52 2
drt: n_28319 12.59 2
drt: n_2832 3 3
drt: n_28320 3.72 2
drt: n_28321 1.35 2
drt: n_28322 3.52 2
drt: n_28323 6.52 2
drt: n_28324 1.35 2
drt: n_28325 6.64 2
drt: n_28326 4.04 2
drt: n_28327 11.12 2
drt: n_28328 5.2 2
drt: n_28329 7.4 2
drt: n_2833 2.6 2
drt: n_28330 1.8 2
drt: n_28331 1.92 2
drt: n_28332 6.96 2
drt: n_28333 5.8 2
drt: n_28334 2.04 2
drt: n_28335 2.2 2
drt: n_28336 3.6 2
drt: n_28337 12.68 2
drt: n_28338 3.4 3
drt: n_28339 7.12 3
drt: n_2834 5.4 3
drt: n_28340 6.73 3
drt: n_28341 6.32 2
drt: n_28342 34.4 4
drt: n_28343 13.44 3
drt: n_28344 5.32 2
drt: n_28345 11.32 4
drt: n_28346 4.04 3
drt: n_28347 1.6 2
drt: n_28348 7.64 4
drt: n_28349 5.6 3
drt: n_2835 7.04 3
drt: n_28350 1.8 2
drt: n_28351 6.36 4
drt: n_28352 5.72 3
drt: n_28353 2.44 2
drt: n_28354 20.31 4
drt: n_28355 6.4 2
drt: n_28356 4.56 3
drt: n_28357 5.32 2
drt: n_28359 4.15 2
drt: n_2836 0.8 2
drt: n_28360 3.01 3
drt: n_28361 7 3
drt: n_28362 411.5 9
drt: n_28363 1.27 2
drt: n_28365 1.2 2
drt: n_28366 2.35 2
drt: n_28367 2.92 2
drt: n_28368 1.35 2
drt: n_28369 4.04 2
drt: n_2837 13.12 5
drt: n_28370 2 2
drt: n_28371 9.52 3
drt: n_28372 3.72 2
drt: n_28373 1.2 2
drt: n_28374 0.6 2
drt: n_28375 2.72 2
drt: n_28376 5.4 2
drt: n_28377 1.6 2
drt: n_28378 5.4 2
drt: n_28379 2 2
drt: n_2838 7.4 3
drt: n_28380 2.92 3
drt: n_28381 6.4 2
drt: n_28382 4 2
drt: n_28383 4.32 2
drt: n_28384 6.2 2
drt: n_28385 2.8 2
drt: n_28386 4.6 4
drt: n_28387 4.24 3
drt: n_28388 1 2
drt: n_28389 5.41 3
drt: n_2839 9.4 4
drt: n_28390 0.6 2
drt: n_28391 7.2 3
drt: n_28392 9.92 2
drt: n_28393 5.4 3
drt: n_28394 5.8 2
drt: n_28396 11.27 2
drt: n_28397 4.52 2
drt: n_28398 1.72 2
drt: n_28399 2 2
drt: n_284 2.64 2
drt: n_2840 1.6 2
drt: n_28400 17.8 5
drt: n_28401 1.8 2
drt: n_28402 22.84 2
drt: n_28403 11.4 2
drt: n_28404 7.72 3
drt: n_28405 8.4 2
drt: n_28406 5.4 2
drt: n_28407 4.76 3
drt: n_28408 1.6 2
drt: n_28409 2.8 2
drt: n_2841 5.24 3
drt: n_28410 23.36 2
drt: n_28411 1.8 2
drt: n_28412 6.4 2
drt: n_28413 3.24 2
drt: n_28414 7.12 2
drt: n_28415 5.8 2
drt: n_28416 5.8 2
drt: n_28417 13.8 2
drt: n_28418 4.12 2
drt: n_28419 6.32 2
drt: n_2842 8.6 3
drt: n_28420 18.16 2
drt: n_28421 3.44 2
drt: n_28422 1.35 2
drt: n_28424 5.47 2
drt: n_28425 1.35 2
drt: n_28427 11.72 2
drt: n_28429 2.92 2
drt: n_2843 2 2
drt: n_28430 4.12 3
drt: n_28431 5.6 4
drt: n_28432 2.32 2
drt: n_28433 3.92 2
drt: n_28434 4.12 2
drt: n_28435 11.28 4
drt: n_28436 3.6 3
drt: n_28437 3 2
drt: n_28438 23.92 4
drt: n_28439 5.2 3
drt: n_2844 7 3
drt: n_28440 1.8 2
drt: n_28441 17.56 4
drt: n_28442 4.16 3
drt: n_28443 2.44 2
drt: n_28444 2.2 3
drt: n_28445 1.4 2
drt: n_28446 13.12 4
drt: n_28447 5.6 3
drt: n_28448 1 2
drt: n_28449 9.2 4
drt: n_2845 7.48 4
drt: n_28450 2.72 3
drt: n_28451 1.4 2
drt: n_28452 14.4 4
drt: n_28453 7.6 3
drt: n_28454 2.6 2
drt: n_28455 2.41 4
drt: n_28456 7.8 3
drt: n_28457 1.6 2
drt: n_28458 3.21 4
drt: n_28459 2 3
drt: n_2846 4.32 2
drt: n_28460 1 2
drt: n_28461 11.72 4
drt: n_28462 3 3
drt: n_28463 1.2 2
drt: n_28464 11.33 4
drt: n_28465 5.4 3
drt: n_28466 3.13 2
drt: n_28467 6.48 4
drt: n_28468 3.96 3
drt: n_28469 1 2
drt: n_2847 2 2
drt: n_28470 10.6 4
drt: n_28471 11.8 3
drt: n_28472 6.6 2
drt: n_28473 7.72 4
drt: n_28474 2.8 3
drt: n_28475 1.4 2
drt: n_28476 12.6 3
drt: n_28477 2 2
drt: n_28478 7.39 2
drt: n_2848 3.6 3
drt: n_28480 4.72 2
drt: n_28481 8.19 2
drt: n_28482 3.52 3
drt: n_28484 3.27 2
drt: n_28485 2.92 2
drt: n_28486 16.59 3
drt: n_28487 10.16 2
drt: n_28488 4.32 2
drt: n_28489 2.04 2
drt: n_2849 4.8 3
drt: n_28490 2.44 2
drt: n_28491 32.16 2
drt: n_28492 6.2 2
drt: n_28493 10.2 2
drt: n_28494 2.15 2
drt: n_28495 3 2
drt: n_28496 1.41 2
drt: n_28497 3.2 2
drt: n_28498 5.6 2
drt: n_28499 2.6 2
drt: n_285 3.8 2
drt: n_2850 1 2
drt: n_28500 2.4 2
drt: n_28501 4 2
drt: n_28502 2 2
drt: n_28503 0.8 2
drt: n_28504 5 2
drt: n_28505 3.12 2
drt: n_28506 1.4 2
drt: n_28507 1.4 2
drt: n_28508 1.6 2
drt: n_28509 6.04 2
drt: n_2851 15.44 5
drt: n_28510 5.32 2
drt: n_28511 6.4 2
drt: n_28513 6.52 2
drt: n_28515 2.75 2
drt: n_28516 10 2
drt: n_28517 8.32 2
drt: n_28518 17.6 4
drt: n_28519 4.6 3
drt: n_2852 5.32 2
drt: n_28520 2 2
drt: n_28521 4.84 3
drt: n_28522 13.72 2
drt: n_28523 4.6 3
drt: n_28524 5.8 3
drt: n_28525 54.52 5
drt: n_28527 1.35 2
drt: n_28528 1.35 2
drt: n_28529 1.32 2
drt: n_2853 1 2
drt: n_28530 4.56 3
drt: n_28531 2.4 2
drt: n_28532 5.2 3
drt: n_28533 6.32 2
drt: n_28534 4.52 3
drt: n_28535 11.32 2
drt: n_28536 10.32 3
drt: n_28537 4.4 2
drt: n_28538 11.72 3
drt: n_28539 6.6 2
drt: n_2854 0.8 2
drt: n_28540 7.24 2
drt: n_28541 4.4 2
drt: n_28542 3.32 2
drt: n_28543 1.6 2
drt: n_28544 10.12 4
drt: n_28545 5.8 3
drt: n_28546 1 2
drt: n_28547 8.12 4
drt: n_28548 5.92 3
drt: n_28549 1.4 2
drt: n_2855 2.8 3
drt: n_28550 9.44 4
drt: n_28551 2 3
drt: n_28552 1.6 2
drt: n_28553 14.49 4
drt: n_28554 2.8 3
drt: n_28555 2.6 2
drt: n_28556 8.01 4
drt: n_28557 5.21 3
drt: n_28558 1.4 2
drt: n_28559 22.56 4
drt: n_2856 7.52 3
drt: n_28560 6 3
drt: n_28561 3.2 2
drt: n_28562 7.4 4
drt: n_28563 5.2 3
drt: n_28564 1.4 2
drt: n_28565 8.56 4
drt: n_28566 7.44 3
drt: n_28567 3.8 2
drt: n_28568 6.4 4
drt: n_28569 3.16 3
drt: n_2857 7.6 4
drt: n_28570 1 2
drt: n_28571 6.34 4
drt: n_28572 5.12 3
drt: n_28573 3.8 2
drt: n_28574 6.81 4
drt: n_28575 3.16 3
drt: n_28576 1.64 2
drt: n_28577 9.61 4
drt: n_28578 2.53 3
drt: n_28579 2 2
drt: n_28580 9.6 4
drt: n_28581 4.01 3
drt: n_28582 1.2 2
drt: n_28583 11.01 4
drt: n_28584 5.52 3
drt: n_28585 3.12 2
drt: n_28586 6.08 4
drt: n_28587 8.52 3
drt: n_28588 1.4 2
drt: n_28589 7.8 4
drt: n_2859 16.72 3
drt: n_28590 8.72 3
drt: n_28591 1.8 2
drt: n_28592 7.64 4
drt: n_28593 3.16 3
drt: n_28594 1 2
drt: n_28595 2.55 2
drt: n_28597 201.01 8
drt: n_28598 2.92 2
drt: n_28599 6.36 3
drt: n_286 2.52 2
drt: n_2860 4.6 2
drt: n_28601 1.32 2
drt: n_28602 1.35 2
drt: n_28603 10.24 3
drt: n_28604 3.27 2
drt: n_28606 2.15 2
drt: n_28607 870.68 17
drt: n_28608 700.77 17
drt: n_28609 0.95 2
drt: n_2861 3.8 2
drt: n_28611 1.32 2
drt: n_28612 1.72 2
drt: n_28613 5.27 2
drt: n_28614 2.52 2
drt: n_28616 3.35 2
drt: n_28617 10.19 2
drt: n_28619 2.2 2
drt: n_2862 4.04 2
drt: n_28622 2.67 2
drt: n_28623 7.6 3
drt: n_28624 5 2
drt: n_28625 3.12 2
drt: n_28626 4.72 2
drt: n_28627 12 2
drt: n_28628 6.13 3
drt: n_28629 4.04 2
drt: n_2863 1 2
drt: n_28630 75.56 2
drt: n_28631 3.24 2
drt: n_28632 3 2
drt: n_28633 7.04 3
drt: n_28634 3.84 2
drt: n_28635 10 2
drt: n_28636 2.6 2
drt: n_28637 2.6 4
drt: n_28638 3.4 3
drt: n_28639 1.8 2
drt: n_2864 22.52 7
drt: n_28640 9.44 2
drt: n_28641 9.56 3
drt: n_28642 6.8 2
drt: n_28643 11 3
drt: n_28644 37.52 8
drt: n_28645 3.4 2
drt: n_28646 9.8 3
drt: n_28647 4.2 2
drt: n_28648 7.92 3
drt: n_28649 6.12 2
drt: n_2865 4.8 3
drt: n_28650 11.24 4
drt: n_28652 2.55 2
drt: n_28653 7.64 3
drt: n_28654 8.12 3
drt: n_28655 1.6 2
drt: n_28656 5.8 3
drt: n_28657 1.92 2
drt: n_28658 7.8 3
drt: n_28659 3.6 2
drt: n_2866 8.2 3
drt: n_28660 6.64 4
drt: n_28661 3.32 3
drt: n_28662 1 2
drt: n_28663 10.2 4
drt: n_28664 6.64 3
drt: n_28665 1 2
drt: n_28666 9.32 2
drt: n_28668 3.95 2
drt: n_28669 2.67 2
drt: n_2867 2.4 2
drt: n_28670 3.35 2
drt: n_28672 3.6 2
drt: n_28673 3.75 2
drt: n_28674 3.4 2
drt: n_28677 4.27 2
drt: n_28678 2.95 2
drt: n_28679 1.32 2
drt: n_2868 14.84 3
drt: n_28680 4.15 2
drt: n_28681 1.35 2
drt: n_28682 432.88 9
drt: n_28683 3.32 2
drt: n_28684 2.52 2
drt: n_28686 5.52 2
drt: n_28687 10.39 2
drt: n_28689 3.32 2
drt: n_2869 5.01 4
drt: n_28690 4.67 2
drt: n_28691 2.55 2
drt: n_28693 4.8 2
drt: n_28694 11.84 2
drt: n_28695 28.12 2
drt: n_28696 3.8 2
drt: n_28697 3.72 2
drt: n_28698 2.72 2
drt: n_28699 6.52 2
drt: n_287 4.4 2
drt: n_2870 21.6 8
drt: n_28700 4.32 2
drt: n_28701 8.4 2
drt: n_28702 7.52 2
drt: n_28703 1.4 2
drt: n_28704 5.12 2
drt: n_28705 2.6 2
drt: n_28706 26.8 2
drt: n_28707 8.64 2
drt: n_28708 7.72 2
drt: n_28709 8.8 3
drt: n_2871 1.4 2
drt: n_28710 4.4 2
drt: n_28712 2.2 2
drt: n_28713 8.44 4
drt: n_28714 4.6 3
drt: n_28715 3.44 2
drt: n_28716 7.75 2
drt: n_28717 10.28 4
drt: n_28718 1.6 3
drt: n_28719 1.6 2
drt: n_2872 0.6 2
drt: n_28720 14.52 4
drt: n_28721 6.2 3
drt: n_28722 1.6 2
drt: n_28723 6.8 3
drt: n_28724 1 2
drt: n_28725 5.01 4
drt: n_28726 1.8 3
drt: n_28727 1.2 2
drt: n_28728 2.8 3
drt: n_28729 1.4 2
drt: n_2873 6.4 2
drt: n_28730 10.92 4
drt: n_28731 3.72 3
drt: n_28732 3.2 2
drt: n_28733 18.24 4
drt: n_28734 3.4 3
drt: n_28735 1.4 2
drt: n_28736 1.32 2
drt: n_28737 9.4 3
drt: n_28738 4 4
drt: n_28739 4.2 2
drt: n_2874 7.2 3
drt: n_28740 1.32 2
drt: n_28741 2.52 2
drt: n_28742 4.6 3
drt: n_28743 2.8 2
drt: n_28744 7 2
drt: n_28745 9.2 3
drt: n_28746 0.4 2
drt: n_28747 5.52 2
drt: n_28748 4.15 2
drt: n_28749 7.04 2
drt: n_2875 12.2 5
drt: n_28750 2.4 2
drt: n_28751 2.6 2
drt: n_28752 1.87 2
drt: n_28753 1.4 2
drt: n_28754 4.52 2
drt: n_28755 4.72 2
drt: n_28756 3.92 2
drt: n_28757 0.6 2
drt: n_28758 2.87 2
drt: n_28759 2.47 2
drt: n_2876 5.72 3
drt: n_28760 10.72 4
drt: n_28761 1.4 3
drt: n_28762 1.64 2
drt: n_28763 1.35 2
drt: n_28764 2.8 2
drt: n_28765 2.72 2
drt: n_28766 8.04 3
drt: n_28767 1 2
drt: n_28769 8.59 2
drt: n_2877 11.8 3
drt: n_28770 10.84 2
drt: n_28771 263.48 8
drt: n_28772 2.92 2
drt: n_28773 3 2
drt: n_28774 17.64 2
drt: n_28775 4.8 2
drt: n_28776 4.64 4
drt: n_28777 4.4 2
drt: n_28778 9.2 4
drt: n_28779 41.16 2
drt: n_2878 7.4 3
drt: n_28780 10.92 2
drt: n_28781 5.2 3
drt: n_28782 5 2
drt: n_28783 4.4 2
drt: n_28784 8.12 2
drt: n_28785 7.4 2
drt: n_28786 35.16 2
drt: n_28787 1.8 2
drt: n_28788 3.32 2
drt: n_28789 2.44 2
drt: n_2879 5.44 3
drt: n_28790 2.6 2
drt: n_28791 5.12 2
drt: n_28792 28.52 2
drt: n_28793 5.8 2
drt: n_28794 9.2 2
drt: n_28795 66.84 2
drt: n_28796 2.4 2
drt: n_28797 1 2
drt: n_28798 19.96 5
drt: n_28799 2.4 3
drt: n_288 0.8 2
drt: n_2880 5.01 4
drt: n_28800 1 2
drt: n_28801 6.32 3
drt: n_28802 2.8 3
drt: n_28803 1 2
drt: n_28804 16.64 2
drt: n_28805 18.32 4
drt: n_28806 10.24 4
drt: n_28807 12.04 4
drt: n_28808 7.72 3
drt: n_28809 2.2 2
drt: n_2881 4.72 3
drt: n_28810 6.6 4
drt: n_28811 2.8 3
drt: n_28812 1.8 2
drt: n_28813 10.35 3
drt: n_28814 4.8 3
drt: n_28815 3.4 2
drt: n_28816 8.24 4
drt: n_28817 5.13 3
drt: n_28818 1.4 2
drt: n_28819 2.12 2
drt: n_2882 2.04 2
drt: n_28821 0.95 2
drt: n_28822 4.47 2
drt: n_28823 2.72 2
drt: n_28824 1.4 2
drt: n_28825 0.6 2
drt: n_28826 4 2
drt: n_28827 3.8 2
drt: n_28828 2 2
drt: n_28829 2.8 2
drt: n_2883 14.2 4
drt: n_28830 3.75 2
drt: n_28831 1.2 2
drt: n_28832 1.64 2
drt: n_28833 1.2 2
drt: n_28834 3.32 2
drt: n_28835 3.92 2
drt: n_28836 2.4 2
drt: n_28837 3.2 2
drt: n_28838 3.04 2
drt: n_28839 1.81 2
drt: n_2884 2.04 2
drt: n_28840 1.6 2
drt: n_28841 8.2 2
drt: n_28842 11.4 2
drt: n_28843 11.68 2
drt: n_28844 2.92 2
drt: n_28845 2.73 2
drt: n_28846 15.04 2
drt: n_28847 4.04 2
drt: n_28848 1.55 2
drt: n_28849 13.52 3
drt: n_2885 2.44 2
drt: n_28850 4.44 3
drt: n_28851 1.4 2
drt: n_28853 3.2 2
drt: n_28854 10.8 2
drt: n_28855 4 2
drt: n_28856 6.4 3
drt: n_28857 21.65 2
drt: n_28858 5.4 3
drt: n_28859 5.92 3
drt: n_2886 6.04 3
drt: n_28860 5.2 3
drt: n_28861 4.72 3
drt: n_28862 1.6 2
drt: n_28863 9.16 5
drt: n_28864 4.2 3
drt: n_28865 1.4 2
drt: n_28866 1.32 2
drt: n_28867 2.92 2
drt: n_28868 3.47 2
drt: n_2887 2.04 2
drt: n_28870 3.35 2
drt: n_28871 3.92 2
drt: n_28872 2.8 3
drt: n_28873 2.4 2
drt: n_28874 6.4 4
drt: n_28875 9.8 3
drt: n_28876 1.8 2
drt: n_28877 12.4 4
drt: n_28878 2.8 3
drt: n_28879 2.6 2
drt: n_2888 4.2 3
drt: n_28880 11.92 4
drt: n_28881 3.8 3
drt: n_28882 1.8 2
drt: n_28883 7.22 4
drt: n_28884 12.6 3
drt: n_28885 2.92 2
drt: n_28886 7 4
drt: n_28887 4.4 3
drt: n_28888 2.2 2
drt: n_28889 8.65 4
drt: n_2889 2.4 2
drt: n_28890 9.44 3
drt: n_28891 8 2
drt: n_28892 5.21 4
drt: n_28893 6.72 3
drt: n_28894 3.4 2
drt: n_28895 6.6 4
drt: n_28896 4.8 3
drt: n_28897 2.2 2
drt: n_28898 4.13 4
drt: n_28899 3.56 3
drt: n_289 2.6 2
drt: n_2890 6.95 3
drt: n_28900 1.6 2
drt: n_28901 6.25 4
drt: n_28902 3.01 3
drt: n_28903 1 2
drt: n_28904 19.44 4
drt: n_28905 9.2 3
drt: n_28906 8.32 2
drt: n_28907 10.4 4
drt: n_28908 3.4 3
drt: n_28909 1.4 2
drt: n_2891 7.4 2
drt: n_28910 5.67 2
drt: n_28911 2.95 2
drt: n_28912 7.4 2
drt: n_28913 2.92 2
drt: n_28914 4.55 2
drt: n_28915 1.32 2
drt: n_28917 3.6 2
drt: n_28919 2.92 2
drt: n_2892 6.2 2
drt: n_28920 5.8 2
drt: n_28921 4.92 2
drt: n_28923 2.32 2
drt: n_28925 10.04 2
drt: n_28926 2.92 2
drt: n_28927 13.6 6
drt: n_28928 510.44 11
drt: n_28929 2.15 2
drt: n_2893 1.9 3
drt: n_28931 0.95 2
drt: n_28932 4.84 3
drt: n_28933 1.6 2
drt: n_28934 3.4 2
drt: n_28935 4.2 2
drt: n_28936 14 2
drt: n_28937 3.92 2
drt: n_28938 1.6 2
drt: n_28939 12.89 4
drt: n_2894 2.8 2
drt: n_28940 11.4 2
drt: n_28941 2.55 3
drt: n_28942 1.4 2
drt: n_28943 11.49 4
drt: n_28944 2.6 2
drt: n_28945 2.2 2
drt: n_28948 8.6 2
drt: n_28949 5.04 3
drt: n_2895 1.6 2
drt: n_28950 4.72 2
drt: n_28951 5.2 3
drt: n_28952 2.92 2
drt: n_28953 6.12 2
drt: n_28954 4.6 3
drt: n_28955 2.2 2
drt: n_28956 4.4 3
drt: n_28957 10.12 2
drt: n_28958 2.4 2
drt: n_28959 5.4 3
drt: n_2896 3.32 2
drt: n_28960 2.6 2
drt: n_28961 3 3
drt: n_28962 12.52 2
drt: n_28963 4.36 3
drt: n_28964 3.4 2
drt: n_28965 10.4 3
drt: n_28966 4.6 2
drt: n_28967 9.8 4
drt: n_28968 3.8 3
drt: n_28969 1.64 2
drt: n_2897 3.2 2
drt: n_28970 7.81 4
drt: n_28971 8.6 3
drt: n_28972 4.8 2
drt: n_28973 11.64 4
drt: n_28974 4.8 3
drt: n_28975 2.6 2
drt: n_28976 2.39 3
drt: n_28977 1.64 2
drt: n_28978 9.76 4
drt: n_28979 4.33 3
drt: n_2898 9.32 4
drt: n_28980 1.8 2
drt: n_28981 3.32 2
drt: n_28982 11.36 4
drt: n_28983 4 3
drt: n_28984 1.64 2
drt: n_28985 10.64 4
drt: n_28986 12.12 3
drt: n_28987 9.72 2
drt: n_28988 9.64 4
drt: n_28989 5.37 3
drt: n_2899 1.4 2
drt: n_28990 2.44 2
drt: n_28991 7.04 4
drt: n_28992 3.2 3
drt: n_28993 2 2
drt: n_28994 13.2 4
drt: n_28995 7.4 3
drt: n_28996 1.4 2
drt: n_28997 9.76 4
drt: n_28998 6.4 3
drt: n_28999 1 2
drt: n_29 2.8 2
drt: n_290 6.92 2
drt: n_2900 0.4 2
drt: n_29000 4.08 4
drt: n_29001 2.73 3
drt: n_29002 1.64 2
drt: n_29003 9.8 4
drt: n_29004 2.2 3
drt: n_29005 2.2 2
drt: n_29006 16.2 4
drt: n_29007 2.4 3
drt: n_29008 1.8 2
drt: n_29009 8.32 4
drt: n_2901 4.2 3
drt: n_29010 3.6 3
drt: n_29011 1.8 2
drt: n_29012 8.24 4
drt: n_29013 4 3
drt: n_29014 1.8 2
drt: n_29015 3.8 2
drt: n_29016 2.6 2
drt: n_29017 9.09 4
drt: n_29018 2 3
drt: n_29019 1.64 2
drt: n_2902 4.55 3
drt: n_29020 1.32 2
drt: n_29021 3.35 2
drt: n_29023 0.95 2
drt: n_29024 2.92 2
drt: n_29026 5.35 2
drt: n_29027 6.75 2
drt: n_29029 2.15 2
drt: n_2903 2.92 2
drt: n_29030 2.95 2
drt: n_29031 0.95 2
drt: n_29033 757.42 17
drt: n_29034 2.15 2
drt: n_29035 3.75 2
drt: n_29036 1.4 2
drt: n_29037 2.27 2
drt: n_29038 1.75 2
drt: n_29039 4.32 2
drt: n_2904 3 2
drt: n_29040 2.04 2
drt: n_29042 7.79 2
drt: n_29043 2.4 2
drt: n_29045 2.92 2
drt: n_29046 683.2 17
drt: n_29047 0.95 2
drt: n_29049 4.6 2
drt: n_2905 2.92 2
drt: n_29050 8.24 4
drt: n_29051 2.4 2
drt: n_29052 3.6 2
drt: n_29053 12.04 2
drt: n_29054 8.2 2
drt: n_29055 7.6 2
drt: n_29056 6.92 2
drt: n_29057 10.6 2
drt: n_29058 7.12 2
drt: n_29059 3.92 2
drt: n_2906 7.6 3
drt: n_29060 2.8 2
drt: n_29061 2.4 2
drt: n_29062 12.2 4
drt: n_29063 3 3
drt: n_29064 2 2
drt: n_29065 4.6 3
drt: n_29066 4.6 2
drt: n_29067 6.6 2
drt: n_29068 485.29 10
drt: n_29069 5.72 2
drt: n_2907 8.95 3
drt: n_29070 2.4 2
drt: n_29071 13.4 2
drt: n_29072 2.4 3
drt: n_29073 3.92 2
drt: n_29074 11 4
drt: n_29075 12.32 4
drt: n_29076 52.89 4
drt: n_29077 19.72 4
drt: n_29078 2.2 2
drt: n_29079 3.4 3
drt: n_2908 5 2
drt: n_29080 6.6 2
drt: n_29081 13.33 4
drt: n_29082 6.52 3
drt: n_29083 5.32 2
drt: n_29084 14.8 2
drt: n_29085 7.44 4
drt: n_29086 3.4 3
drt: n_29087 3 2
drt: n_29088 3.32 2
drt: n_29089 9.33 4
drt: n_2909 6.7 3
drt: n_29090 10.61 3
drt: n_29091 2.72 2
drt: n_29092 1.8 2
drt: n_29093 5.4 4
drt: n_29094 6 3
drt: n_29095 1 2
drt: n_29096 8.33 3
drt: n_29097 8.56 3
drt: n_29098 6.84 2
drt: n_291 4.52 2
drt: n_2910 4.2 2
drt: n_29100 1.72 2
drt: n_29101 9.39 2
drt: n_29103 3.92 2
drt: n_29104 877.4 19
drt: n_29105 5.75 2
drt: n_29106 3.12 2
drt: n_29108 1.75 2
drt: n_29109 1.35 2
drt: n_2911 6.47 3
drt: n_29110 31.2 2
drt: n_29111 9.8 2
drt: n_29112 3.12 2
drt: n_29113 15.72 2
drt: n_29114 7.24 2
drt: n_29115 35.4 2
drt: n_29116 9.32 2
drt: n_29117 6.08 3
drt: n_29118 1.4 2
drt: n_29119 3.64 2
drt: n_2912 2.44 2
drt: n_29120 45 2
drt: n_29121 1.81 2
drt: n_29122 1.8 2
drt: n_29123 4.92 2
drt: n_29124 5.44 2
drt: n_29125 2.04 2
drt: n_29126 6.8 2
drt: n_29127 6.21 3
drt: n_29128 1.4 2
drt: n_29129 62.92 4
drt: n_2913 3.64 3
drt: n_29130 2.44 2
drt: n_29131 3.52 2
drt: n_29132 6.84 2
drt: n_29133 3.4 2
drt: n_29134 7.4 2
drt: n_29135 14.72 5
drt: n_29136 2.8 2
drt: n_29137 7.92 3
drt: n_29138 4 3
drt: n_29139 1.8 2
drt: n_2914 1.8 2
drt: n_29140 2.4 3
drt: n_29141 3.4 3
drt: n_29142 1 2
drt: n_29143 4.13 3
drt: n_29144 3.2 3
drt: n_29145 1.6 2
drt: n_29146 2.4 3
drt: n_29147 6.64 3
drt: n_29148 2.8 2
drt: n_29149 10.12 2
drt: n_2915 1.6 2
drt: n_29150 4.92 3
drt: n_29151 1.6 2
drt: n_29152 7.12 4
drt: n_29153 7.24 3
drt: n_29154 3.04 2
drt: n_29155 6.4 4
drt: n_29156 4.8 3
drt: n_29157 1 2
drt: n_29158 9.33 3
drt: n_29159 7.64 3
drt: n_2916 3.2 2
drt: n_29160 8.6 3
drt: n_29161 3.25 3
drt: n_29162 8.96 3
drt: n_29163 2.44 2
drt: n_29164 2.2 2
drt: n_29165 2.04 2
drt: n_29166 1.8 2
drt: n_29167 1.95 2
drt: n_29168 7 4
drt: n_29169 6.2 3
drt: n_2917 6.5 3
drt: n_29170 1.2 2
drt: n_29171 2.92 2
drt: n_29174 1.75 2
drt: n_29175 3.52 2
drt: n_29176 4.27 2
drt: n_29178 1.35 2
drt: n_29179 1.32 2
drt: n_2918 4.52 2
drt: n_29180 4.52 2
drt: n_29181 2.92 2
drt: n_29182 1.6 2
drt: n_29183 8.92 2
drt: n_29184 15.52 2
drt: n_29185 5.2 2
drt: n_29186 10.64 4
drt: n_29187 23.84 2
drt: n_29188 14.52 3
drt: n_29189 2.2 2
drt: n_2919 4.92 2
drt: n_29190 6.6 3
drt: n_29191 4 3
drt: n_29192 6.72 3
drt: n_29193 1.4 2
drt: n_29194 11.2 5
drt: n_29195 4.6 3
drt: n_29196 8.92 3
drt: n_29197 1.6 2
drt: n_29198 14.92 5
drt: n_29199 5.4 3
drt: n_292 2.2 2
drt: n_2920 7.59 3
drt: n_29200 1.2 2
drt: n_29201 47.32 5
drt: n_29202 4.6 3
drt: n_29203 1.6 2
drt: n_29204 265.53 6
drt: n_29205 1.32 2
drt: n_29206 1.35 2
drt: n_29207 4.15 2
drt: n_29208 1.75 2
drt: n_2921 4.12 2
drt: n_29210 2.75 2
drt: n_29211 3.55 2
drt: n_29212 4.84 3
drt: n_29213 7.32 2
drt: n_29214 6.72 3
drt: n_29215 4.84 2
drt: n_29216 6.32 2
drt: n_29217 4.6 3
drt: n_29218 1.2 2
drt: n_29219 6.84 4
drt: n_2922 3.6 2
drt: n_29220 4.2 3
drt: n_29221 2.52 2
drt: n_29222 16.24 4
drt: n_29223 8.34 3
drt: n_29224 6 2
drt: n_29225 14.13 4
drt: n_29226 2.2 3
drt: n_29227 1.64 2
drt: n_29228 18.64 4
drt: n_29229 6.8 3
drt: n_2923 5.88 3
drt: n_29230 1.4 2
drt: n_29231 3.6 3
drt: n_29232 1.6 2
drt: n_29233 6.48 3
drt: n_29234 54.6 5
drt: n_29235 2.8 2
drt: n_29236 11.05 3
drt: n_29237 2.6 2
drt: n_29238 6.04 3
drt: n_29239 2 2
drt: n_2924 1.4 2
drt: n_29240 5.44 3
drt: n_29241 4.12 2
drt: n_29242 4.93 3
drt: n_29243 1.4 2
drt: n_29244 4.81 3
drt: n_29245 4.6 2
drt: n_29246 2.44 2
drt: n_29247 1.6 2
drt: n_29248 3 2
drt: n_29249 2.4 2
drt: n_2925 1.8 2
drt: n_29250 2.12 2
drt: n_29251 1.32 2
drt: n_29252 0.95 2
drt: n_29253 3.12 2
drt: n_29254 7.67 2
drt: n_29256 1.35 2
drt: n_29257 3.47 2
drt: n_29258 3.07 2
drt: n_2926 0.6 2
drt: n_29260 1.35 2
drt: n_29261 818.5 17
drt: n_29263 8.12 2
drt: n_29264 789.14 17
drt: n_29265 3.95 2
drt: n_29266 302.61 7
drt: n_29268 2.72 2
drt: n_29269 330.89 8
drt: n_2927 5.55 3
drt: n_29270 3.72 2
drt: n_29271 36.56 2
drt: n_29272 10.92 2
drt: n_29273 2.52 2
drt: n_29274 5.8 2
drt: n_29275 17.44 2
drt: n_29276 11.2 4
drt: n_29277 3.6 3
drt: n_29278 1.2 2
drt: n_29279 50.96 5
drt: n_2928 4.88 2
drt: n_29280 6.64 3
drt: n_29281 3 2
drt: n_29282 5.04 3
drt: n_29283 8.6 3
drt: n_29284 1.8 2
drt: n_29285 2.8 3
drt: n_29286 4.64 3
drt: n_29287 1.4 2
drt: n_29288 2.2 3
drt: n_29289 2.61 3
drt: n_2929 1.4 2
drt: n_29290 1.64 2
drt: n_29291 7.2 3
drt: n_29292 4.12 3
drt: n_29293 2.6 2
drt: n_29294 18.27 5
drt: n_29295 16.2 3
drt: n_29296 1.4 2
drt: n_29297 2.4 3
drt: n_29298 4.93 3
drt: n_29299 1.8 2
drt: n_293 1.6 2
drt: n_2930 4.95 3
drt: n_29300 2.47 2
drt: n_29302 1.75 2
drt: n_29304 1.75 2
drt: n_29305 2.92 2
drt: n_29306 2.95 2
drt: n_29307 1.4 2
drt: n_29308 5.44 3
drt: n_29309 4.4 2
drt: n_2931 1.2 2
drt: n_29310 7.12 2
drt: n_29311 6.12 2
drt: n_29312 2.52 2
drt: n_29313 10.4 3
drt: n_29314 4.84 2
drt: n_29315 8.12 3
drt: n_29316 2.8 3
drt: n_29317 1.92 2
drt: n_29318 4.01 4
drt: n_29319 3.6 3
drt: n_2932 4.2 2
drt: n_29320 1.2 2
drt: n_29321 8.2 4
drt: n_29322 6.04 3
drt: n_29323 2.24 2
drt: n_29324 9.24 4
drt: n_29325 7.8 3
drt: n_29326 1.6 2
drt: n_29327 7.16 4
drt: n_29328 5.32 3
drt: n_29329 1.2 2
drt: n_2933 4.8 2
drt: n_29330 5.2 3
drt: n_29331 1.4 2
drt: n_29332 3.4 2
drt: n_29333 11.2 4
drt: n_29334 10.84 3
drt: n_29335 7.6 2
drt: n_29336 2.92 2
drt: n_29337 1.32 2
drt: n_29338 1.72 2
drt: n_2934 5 2
drt: n_29340 2.55 2
drt: n_29341 3.35 2
drt: n_29342 3.67 2
drt: n_29343 1.75 2
drt: n_29344 1.35 2
drt: n_29346 3.47 2
drt: n_29347 3.73 2
drt: n_29349 2.52 2
drt: n_2935 5.92 2
drt: n_29350 3 2
drt: n_29351 3.8 2
drt: n_29353 5.96 2
drt: n_29354 3.72 2
drt: n_29355 1.4 2
drt: n_29356 5.8 2
drt: n_29357 4.92 2
drt: n_29358 34.08 2
drt: n_29359 2.2 2
drt: n_2936 2.2 2
drt: n_29360 7.04 2
drt: n_29361 4 3
drt: n_29362 7.92 3
drt: n_29363 1.2 2
drt: n_29364 4.2 3
drt: n_29365 5 3
drt: n_29366 2.2 2
drt: n_29367 5.8 2
drt: n_29368 6.15 2
drt: n_29369 10.8 4
drt: n_2937 7.8 2
drt: n_29370 7.4 2
drt: n_29371 8.2 2
drt: n_29372 5 2
drt: n_29373 3.76 3
drt: n_29374 3.64 2
drt: n_29375 7.72 3
drt: n_29376 4.72 2
drt: n_29377 4.04 3
drt: n_29378 29.36 2
drt: n_29379 6.04 3
drt: n_2938 9.8 4
drt: n_29380 6.92 2
drt: n_29381 14.72 3
drt: n_29382 16 2
drt: n_29383 13.72 4
drt: n_29384 2.92 2
drt: n_29385 12.19 3
drt: n_29386 6.39 3
drt: n_29387 3.32 2
drt: n_29388 3.96 3
drt: n_29389 3 2
drt: n_2939 9.2 3
drt: n_29390 7.32 3
drt: n_29391 3 2
drt: n_29392 3.96 3
drt: n_29393 2.2 2
drt: n_29394 2.12 2
drt: n_29396 4.52 2
drt: n_29398 1.35 2
drt: n_29399 8.87 2
drt: n_294 2.2 2
drt: n_2940 2.2 2
drt: n_29400 11.75 2
drt: n_29401 1.35 2
drt: n_29403 2.92 2
drt: n_29404 3.72 2
drt: n_29406 3.35 2
drt: n_29408 2.15 2
drt: n_29409 7.12 2
drt: n_2941 2.2 2
drt: n_29410 1.75 2
drt: n_29411 7.12 2
drt: n_29412 2.84 2
drt: n_29413 3.4 2
drt: n_29415 0.95 2
drt: n_29416 4.12 2
drt: n_29417 6.92 2
drt: n_29418 2.72 2
drt: n_29419 17.28 2
drt: n_2942 3.8 2
drt: n_29420 2.8 2
drt: n_29421 30.12 2
drt: n_29422 6.41 3
drt: n_29423 4.4 3
drt: n_29424 1.8 2
drt: n_29425 6.32 3
drt: n_29426 10.4 3
drt: n_29427 5.72 3
drt: n_29428 1.6 2
drt: n_29429 10.8 5
drt: n_2943 2 2
drt: n_29430 7.12 3
drt: n_29431 1 2
drt: n_29432 3.92 2
drt: n_29433 4.15 2
drt: n_29434 4.8 3
drt: n_29435 2.2 2
drt: n_29437 2.75 2
drt: n_29438 12.04 4
drt: n_29439 11.92 2
drt: n_2944 3.2 2
drt: n_29440 4.6 2
drt: n_29441 3 2
drt: n_29442 25.76 2
drt: n_29443 3.44 2
drt: n_29444 16.72 2
drt: n_29446 2.92 2
drt: n_29447 12.92 2
drt: n_29448 6.12 3
drt: n_29449 9.68 3
drt: n_2945 4.8 2
drt: n_29450 1.4 2
drt: n_29451 10.72 3
drt: n_29452 12 2
drt: n_29454 1.35 2
drt: n_29455 7.2 4
drt: n_29456 63.72 5
drt: n_29457 3.2 3
drt: n_29458 1.6 2
drt: n_29459 14.2 3
drt: n_2946 2.4 2
drt: n_29460 2 2
drt: n_29462 5.35 2
drt: n_29463 5.75 2
drt: n_29464 1.35 2
drt: n_29465 4.47 2
drt: n_29466 7.52 2
drt: n_29467 5.2 3
drt: n_29468 3.6 3
drt: n_29469 1.8 2
drt: n_2947 6.12 2
drt: n_29470 0.95 2
drt: n_29471 5.76 3
drt: n_29472 8.64 3
drt: n_29473 1 2
drt: n_29474 5.04 3
drt: n_29475 5.2 3
drt: n_29476 2.8 2
drt: n_29477 3 3
drt: n_29478 5.2 3
drt: n_29479 2 2
drt: n_2948 4 3
drt: n_29480 4.56 3
drt: n_29481 4 3
drt: n_29482 1 2
drt: n_29483 6.4 3
drt: n_29484 2.2 3
drt: n_29485 1 2
drt: n_29486 6.12 3
drt: n_29487 7 3
drt: n_29488 3.72 2
drt: n_29489 52.44 5
drt: n_2949 6.4 3
drt: n_29490 2.52 2
drt: n_29491 5.64 2
drt: n_29492 3.55 2
drt: n_29493 2.15 2
drt: n_29494 2.44 2
drt: n_29495 2.15 2
drt: n_29496 499.52 10
drt: n_29497 0.95 2
drt: n_29498 1.75 2
drt: n_295 1.8 2
drt: n_2950 3.4 3
drt: n_29500 2.15 2
drt: n_29501 8.92 2
drt: n_29502 6.21 3
drt: n_29503 7 2
drt: n_29504 3.8 2
drt: n_29505 4.72 2
drt: n_29506 0.8 2
drt: n_29507 7.2 3
drt: n_29508 2.84 2
drt: n_29509 5.04 3
drt: n_2951 2.8 2
drt: n_29510 4.64 3
drt: n_29511 1 2
drt: n_29512 8.2 3
drt: n_29513 3.8 3
drt: n_29514 1.8 2
drt: n_29515 4.4 2
drt: n_29516 4.2 3
drt: n_29517 6.64 3
drt: n_29518 1.4 2
drt: n_29519 4.4 3
drt: n_2952 1.8 2
drt: n_29520 3.8 3
drt: n_29521 1.4 2
drt: n_29522 4.67 2
drt: n_29524 4.6 2
drt: n_29525 1.35 2
drt: n_29526 3.65 2
drt: n_29528 4.32 2
drt: n_2953 1 2
drt: n_29530 2.92 2
drt: n_29532 5.15 2
drt: n_29533 6.55 2
drt: n_29534 4.8 3
drt: n_29535 2.6 3
drt: n_29536 1 2
drt: n_29537 4.8 3
drt: n_29538 6.4 3
drt: n_29539 1 2
drt: n_2954 4.4 2
drt: n_29540 5.07 2
drt: n_29541 8.76 3
drt: n_29542 3.16 3
drt: n_29543 1.8 2
drt: n_29544 8 3
drt: n_29545 5.84 3
drt: n_29546 1.64 2
drt: n_29547 6.2 3
drt: n_29548 5.01 3
drt: n_29549 2.4 2
drt: n_2955 1.8 2
drt: n_29550 4.2 3
drt: n_29551 9.6 3
drt: n_29552 1.4 2
drt: n_29553 0.32 2
drt: n_29556 2.95 2
drt: n_29557 10.8 2
drt: n_29559 2.2 2
drt: n_2956 1.24 2
drt: n_29561 2.92 2
drt: n_29562 7.2 5
drt: n_29563 18.52 3
drt: n_29564 5.4 2
drt: n_29566 2.07 2
drt: n_29567 8.4 2
drt: n_29569 1.32 2
drt: n_2957 2.24 2
drt: n_29570 4.15 2
drt: n_29572 7.75 2
drt: n_29573 13.64 2
drt: n_29574 2.2 2
drt: n_29575 7 2
drt: n_29576 8.24 3
drt: n_29577 7.4 3
drt: n_29578 3 2
drt: n_29579 3.72 2
drt: n_2958 2 2
drt: n_29580 3.35 2
drt: n_29581 9.14 4
drt: n_29583 0.95 2
drt: n_29584 5.47 2
drt: n_29585 2.15 2
drt: n_29587 8.2 2
drt: n_29588 1.32 2
drt: n_29589 1.75 2
drt: n_2959 5.92 3
drt: n_29592 6.76 2
drt: n_29593 9.24 2
drt: n_29594 6.12 2
drt: n_29596 1.95 2
drt: n_29598 15.12 2
drt: n_296 2 2
drt: n_2960 4.32 2
drt: n_29600 2.15 2
drt: n_29601 2.92 2
drt: n_29602 12.32 2
drt: n_29603 3.92 2
drt: n_29604 9.92 2
drt: n_29605 2.44 2
drt: n_29606 0.95 2
drt: n_29607 5.12 2
drt: n_29608 2.52 2
drt: n_29609 23.4 2
drt: n_2961 1.8 2
drt: n_29611 1.32 2
drt: n_29612 1.8 3
drt: n_29613 4.4 3
drt: n_29614 1 2
drt: n_29616 11.27 2
drt: n_29617 462.45 10
drt: n_29618 3.32 2
drt: n_29619 1.35 2
drt: n_2962 6.1 3
drt: n_29620 1.55 2
drt: n_29622 0.95 2
drt: n_29623 5.72 2
drt: n_29624 6 2
drt: n_29625 4.84 2
drt: n_29626 7.32 2
drt: n_29627 10.85 2
drt: n_29629 3.35 2
drt: n_2963 8 2
drt: n_29630 4.64 2
drt: n_29631 6.15 2
drt: n_29632 4.32 2
drt: n_29633 26.8 2
drt: n_29634 3.6 3
drt: n_29635 8.2 3
drt: n_29636 1.6 2
drt: n_29638 1.32 2
drt: n_29639 8.2 2
drt: n_2964 1 2
drt: n_29640 8.72 2
drt: n_29641 6.2 2
drt: n_29642 15.8 2
drt: n_29643 50.01 2
drt: n_29644 1.35 2
drt: n_29646 7.55 2
drt: n_29647 2.12 2
drt: n_29649 3.32 2
drt: n_2965 3.32 2
drt: n_29650 4.27 2
drt: n_29651 6.15 2
drt: n_29652 2.95 2
drt: n_29653 7 2
drt: n_29654 1.35 2
drt: n_29656 1.32 2
drt: n_29657 1.55 2
drt: n_29658 2.81 3
drt: n_29659 1.4 2
drt: n_2966 4.12 2
drt: n_29660 2.95 2
drt: n_29662 0.95 2
drt: n_29664 591.86 17
drt: n_29665 13.12 2
drt: n_29667 2.55 2
drt: n_29668 1.32 2
drt: n_29669 2.87 2
drt: n_29670 1.35 2
drt: n_29672 4.75 2
drt: n_29673 5.72 2
drt: n_29674 5.6 4
drt: n_29675 8.52 3
drt: n_29676 5.92 3
drt: n_29677 3.32 2
drt: n_29678 3.35 2
drt: n_2968 3 3
drt: n_29680 1.35 2
drt: n_29681 5.35 2
drt: n_29682 6.15 2
drt: n_29683 643.51 17
drt: n_29684 5.52 2
drt: n_29685 1.47 2
drt: n_29686 3.35 2
drt: n_29687 208.93 7
drt: n_29688 2.2 2
drt: n_29689 4.12 2
drt: n_2969 1 2
drt: n_29691 604.13 17
drt: n_29692 3.75 2
drt: n_29693 2.8 2
drt: n_29694 2.2 2
drt: n_29695 4.12 2
drt: n_29696 3.75 2
drt: n_29698 933.87 17
drt: n_29699 11.95 2
drt: n_297 1.4 2
drt: n_2970 4.32 3
drt: n_29700 15.32 2
drt: n_29701 4.32 3
drt: n_29702 2.4 3
drt: n_29703 1.8 2
drt: n_29705 0.95 2
drt: n_29706 2.52 2
drt: n_29707 18.04 2
drt: n_29708 1.32 2
drt: n_29709 6.75 2
drt: n_2971 3.2 2
drt: n_29710 2.55 2
drt: n_2972 3.04 2
drt: n_2973 1.6 2
drt: n_2974 1.8 2
drt: n_2975 4.4 2
drt: n_2976 2.6 2
drt: n_2977 2.2 2
drt: n_2978 1.6 2
drt: n_2979 3.32 2
drt: n_298 2.8 2
drt: n_2980 2.04 2
drt: n_2981 2 2
drt: n_2982 1.8 2
drt: n_2983 2.2 2
drt: n_2984 1.8 2
drt: n_2985 3.12 2
drt: n_2986 4.53 3
drt: n_2987 1.2 2
drt: n_2988 6.6 2
drt: n_2989 2.2 2
drt: n_299 4 2
drt: n_2990 1.6 2
drt: n_2991 3.8 3
drt: n_2992 1 2
drt: n_2993 4 2
drt: n_2994 1.4 2
drt: n_2995 0.4 2
drt: n_2996 1.8 2
drt: n_2997 10.56 4
drt: n_2998 7.32 4
drt: n_2999 2.52 2
drt: n_3 4 2
drt: n_30 7.32 2
drt: n_300 4.92 2
drt: n_3000 4 2
drt: n_3001 4 2
drt: n_3002 7.92 3
drt: n_3003 1.8 2
drt: n_3004 3.6 3
drt: n_3005 0.4 2
drt: n_3006 4.72 3
drt: n_3007 1.4 2
drt: n_3008 4.16 3
drt: n_3009 0.6 2
drt: n_301 6.04 2
drt: n_3010 4.2 2
drt: n_3011 21.49 7
drt: n_3012 5.32 2
drt: n_3013 7.59 3
drt: n_3014 2.4 2
drt: n_3015 15.56 3
drt: n_3016 2.4 2
drt: n_3017 0.4 2
drt: n_3018 1.6 2
drt: n_3019 5.12 3
drt: n_302 3.8 2
drt: n_3020 19.24 6
drt: n_3021 2.8 3
drt: n_3022 5.8 3
drt: n_3023 1.4 2
drt: n_3024 4.2 4
drt: n_3025 7.72 4
drt: n_3026 10.28 3
drt: n_3027 6.2 4
drt: n_3028 3 2
drt: n_3029 3.99 3
drt: n_303 3.6 2
drt: n_3030 1.4 2
drt: n_3031 7.41 4
drt: n_3032 6.2 2
drt: n_3033 6.6 3
drt: n_3034 4.4 3
drt: n_3035 29.88 7
drt: n_3036 21.44 7
drt: n_3037 7.53 4
drt: n_3038 19 7
drt: n_3039 11.4 4
drt: n_304 0.8 2
drt: n_3040 8.32 4
drt: n_3041 9.96 4
drt: n_3042 10.8 4
drt: n_3043 17.52 7
drt: n_3044 10.2 4
drt: n_3045 12.56 4
drt: n_3046 7.4 3
drt: n_3047 2.96 3
drt: n_3048 5.72 2
drt: n_3049 1.4 2
drt: n_305 8.4 2
drt: n_3050 2.6 3
drt: n_3051 3.4 2
drt: n_3052 15.92 4
drt: n_3053 1.6 2
drt: n_3054 10.72 4
drt: n_3055 3 2
drt: n_3056 9.2 3
drt: n_3057 3.8 2
drt: n_3058 2 2
drt: n_3059 1.8 2
drt: n_306 7.12 2
drt: n_3060 3.4 3
drt: n_3061 2.4 2
drt: n_3062 0.6 2
drt: n_3063 4.8 3
drt: n_3064 3.72 2
drt: n_3065 5.6 3
drt: n_3066 7.04 2
drt: n_3067 7.4 2
drt: n_3068 1.8 2
drt: n_307 5.12 2
drt: n_3070 3.4 3
drt: n_3071 1.6 2
drt: n_3072 3.24 3
drt: n_3073 5.53 3
drt: n_3074 1 2
drt: n_3075 18.76 7
drt: n_3076 5.8 4
drt: n_3077 25.33 7
drt: n_3078 3.4 3
drt: n_3079 18.72 7
drt: n_308 5.24 2
drt: n_3080 3.72 2
drt: n_3081 4.36 3
drt: n_3082 6.01 4
drt: n_3083 6.64 3
drt: n_3084 3.4 3
drt: n_3085 6.8 2
drt: n_3086 2.24 2
drt: n_3087 0.4 2
drt: n_3088 1.2 2
drt: n_3089 3.04 2
drt: n_309 3.92 2
drt: n_3090 4.2 4
drt: n_3091 6.12 2
drt: n_3092 2.2 2
drt: n_3093 1.6 2
drt: n_3094 4.4 2
drt: n_3095 7.4 5
drt: n_3096 19.01 5
drt: n_3097 1 2
drt: n_3098 13.64 4
drt: n_3099 2.6 2
drt: n_31 4.6 2
drt: n_310 2 2
drt: n_3100 5.2 3
drt: n_3101 3.6 3
drt: n_3102 1.6 2
drt: n_3103 9.72 2
drt: n_3104 9.48 4
drt: n_3105 3.92 2
drt: n_3106 4.13 3
drt: n_3107 23.81 6
drt: n_3108 3.8 3
drt: n_3109 1 2
drt: n_311 3.72 2
drt: n_3110 3.72 3
drt: n_3111 1.8 2
drt: n_3112 6.12 2
drt: n_3113 5.2 2
drt: n_3114 2.81 3
drt: n_3115 13.32 4
drt: n_3116 6.04 2
drt: n_3117 2.52 2
drt: n_3118 5.12 2
drt: n_3119 2.8 3
drt: n_312 4.84 2
drt: n_3120 8.4 4
drt: n_3121 5.4 2
drt: n_3122 4.2 3
drt: n_3123 3.8 2
drt: n_3124 4.4 3
drt: n_3125 2.44 2
drt: n_3126 8.8 4
drt: n_3127 3 3
drt: n_3128 7.32 2
drt: n_3129 51.96 10
drt: n_313 4.44 2
drt: n_3130 3.8 2
drt: n_3131 6.4 4
drt: n_3132 39.77 10
drt: n_3133 5 2
drt: n_3134 3 2
drt: n_3135 4.72 3
drt: n_3136 5.66 4
drt: n_3137 5.8 2
drt: n_3138 5.64 4
drt: n_3139 2.2 2
drt: n_314 2.2 2
drt: n_3140 4 3
drt: n_3141 9.81 4
drt: n_3142 3.32 2
drt: n_3143 12.16 4
drt: n_3144 6.4 5
drt: n_3145 1.6 2
drt: n_3146 10.6 4
drt: n_3147 2 2
drt: n_3148 2.8 2
drt: n_3149 5.44 2
drt: n_315 4.72 2
drt: n_3150 3 2
drt: n_3151 2.4 3
drt: n_3152 3.41 3
drt: n_3153 8.55 3
drt: n_3154 3.33 3
drt: n_3155 2.96 3
drt: n_3156 6.2 4
drt: n_3157 1.6 3
drt: n_3158 8.32 2
drt: n_3159 1.8 2
drt: n_316 6.6 2
drt: n_3160 5.04 3
drt: n_3161 3 2
drt: n_3162 0.8 2
drt: n_3163 2 2
drt: n_3164 4.07 3
drt: n_3165 4.04 2
drt: n_3166 1 2
drt: n_3167 1.84 2
drt: n_3168 1.4 2
drt: n_3169 10.96 6
drt: n_317 6.92 2
drt: n_3170 8.25 4
drt: n_3171 1.95 2
drt: n_3172 7.32 3
drt: n_3173 10.44 3
drt: n_3174 64.48 8
drt: n_3175 13.4 5
drt: n_3176 40.52 6
drt: n_3177 20.52 5
drt: n_3178 11.8 4
drt: n_3179 2.2 2
drt: n_318 8.32 2
drt: n_3180 2.04 2
drt: n_3181 3.52 2
drt: n_3182 3.32 2
drt: n_3183 4.64 3
drt: n_3184 3.72 2
drt: n_3185 8.52 3
drt: n_3186 60.24 11
drt: n_3187 44.48 7
drt: n_3188 51.52 10
drt: n_3189 53.24 11
drt: n_319 4.4 2
drt: n_3190 1.6 2
drt: n_3191 51.25 8
drt: n_3192 1.8 2
drt: n_3193 42.44 11
drt: n_3194 4.36 2
drt: n_3195 3.2 3
drt: n_3196 5.6 3
drt: n_3197 4.65 3
drt: n_3198 3.2 3
drt: n_3199 6.2 3
drt: n_32 2 2
drt: n_320 3.92 2
drt: n_3200 6.32 3
drt: n_3201 2.4 3
drt: n_3202 4.32 3
drt: n_3203 3.8 3
drt: n_3204 3.2 3
drt: n_3205 3.8 2
drt: n_3206 7.12 3
drt: n_3207 5.24 3
drt: n_3208 4.12 3
drt: n_3209 2.4 3
drt: n_321 4 2
drt: n_3210 3.6 3
drt: n_3211 6.52 4
drt: n_3212 5.2 3
drt: n_3213 4.76 3
drt: n_3214 4.4 2
drt: n_3215 11.93 4
drt: n_3216 1 2
drt: n_3217 6.15 3
drt: n_3218 3.8 2
drt: n_3219 3 2
drt: n_322 7.92 2
drt: n_3220 7.4 3
drt: n_3221 1.6 2
drt: n_3222 4.17 4
drt: n_3223 2.8 3
drt: n_3224 4 3
drt: n_3225 6.05 3
drt: n_3226 5.75 3
drt: n_3227 2.2 2
drt: n_3228 5.52 2
drt: n_3229 25.76 7
drt: n_323 2.8 2
drt: n_3230 2.2 3
drt: n_3231 10.27 3
drt: n_3232 7.72 2
drt: n_3233 10.2 4
drt: n_3234 8.62 4
drt: n_3235 6.8 3
drt: n_3236 0.6 2
drt: n_3237 11.44 4
drt: n_3238 18.86 6
drt: n_3239 3.4 3
drt: n_324 2.6 2
drt: n_3240 2.6 2
drt: n_3241 14.56 6
drt: n_3242 16.73 4
drt: n_3243 5 2
drt: n_3244 1.2 2
drt: n_3245 22.76 8
drt: n_3246 1.4 2
drt: n_3247 4.92 3
drt: n_3248 3.4 3
drt: n_3249 4.4 3
drt: n_325 0.8 2
drt: n_3250 4.55 3
drt: n_3251 3 2
drt: n_3252 3.6 3
drt: n_3253 5.32 3
drt: n_3254 3.4 3
drt: n_3255 8.72 4
drt: n_3256 5.12 3
drt: n_3257 6.52 4
drt: n_3258 3.12 3
drt: n_3259 22.56 5
drt: n_326 3.12 2
drt: n_3260 18.04 6
drt: n_3261 4.61 3
drt: n_3262 6.2 3
drt: n_3263 12.33 7
drt: n_3264 3.44 2
drt: n_3266 2.2 2
drt: n_3267 5.2 3
drt: n_3268 6.2 3
drt: n_3269 3.2 2
drt: n_327 1.8 2
drt: n_3270 4.32 2
drt: n_3271 2 3
drt: n_3272 7.13 3
drt: n_32729 5.4 2
drt: n_3273 3.8 3
drt: n_32730 0.8 2
drt: n_32731 7.32 2
drt: n_32732 9.84 4
drt: n_32733 6 3
drt: n_32734 2 2
drt: n_32735 12.2 3
drt: n_32736 1 2
drt: n_32737 11.2 3
drt: n_32738 6.84 3
drt: n_32739 7.8 3
drt: n_3274 7 4
drt: n_32740 7.61 3
drt: n_32741 6.76 3
drt: n_32742 1.8 2
drt: n_32743 5.4 3
drt: n_32744 72.12 9
drt: n_3275 6 2
drt: n_3276 0.6 2
drt: n_3277 1 2
drt: n_3278 1.2 2
drt: n_3279 2.44 2
drt: n_328 2 2
drt: n_3280 2.24 2
drt: n_3281 2.77 3
drt: n_3282 12.64 4
drt: n_3283 3.32 2
drt: n_3284 9.8 3
drt: n_3285 8.01 4
drt: n_3286 7.44 2
drt: n_3287 23.04 6
drt: n_3288 5 2
drt: n_3289 8.92 4
drt: n_329 3.6 2
drt: n_3290 1.8 2
drt: n_3291 11.32 5
drt: n_3292 11.2 5
drt: n_3293 10.72 4
drt: n_3294 6.32 3
drt: n_3295 18.77 4
drt: n_3296 6.4 2
drt: n_3297 5.4 2
drt: n_3298 4.8 3
drt: n_3299 4.04 2
drt: n_33 2 2
drt: n_330 5.04 2
drt: n_3300 3.6 3
drt: n_3301 16.32 4
drt: n_3302 5 2
drt: n_3303 4.72 3
drt: n_3304 2 2
drt: n_3305 12.2 4
drt: n_3306 3 3
drt: n_3307 3.2 4
drt: n_3308 4.32 2
drt: n_3309 3 3
drt: n_331 4 2
drt: n_3310 3 3
drt: n_3311 6.44 3
drt: n_3312 3.6 2
drt: n_3313 3.21 3
drt: n_3314 5.8 3
drt: n_3315 3.6 2
drt: n_3316 1.8 2
drt: n_3317 5.8 2
drt: n_3318 7.4 4
drt: n_3319 3.4 2
drt: n_332 12.44 2
drt: n_3320 2.2 2
drt: n_3321 12.56 4
drt: n_3322 9.01 3
drt: n_3323 15 7
drt: n_3324 4.8 3
drt: n_3325 6.6 3
drt: n_3326 3 3
drt: n_3327 3.4 3
drt: n_3328 9.8 4
drt: n_3329 2.04 2
drt: n_333 2.4 2
drt: n_3330 4.6 3
drt: n_3331 7.4 3
drt: n_3332 4.32 3
drt: n_3333 4.53 3
drt: n_3334 3.4 3
drt: n_3335 6.2 2
drt: n_3336 3.4 3
drt: n_3337 0.6 2
drt: n_3338 2.4 3
drt: n_3339 10.81 4
drt: n_334 4 2
drt: n_3340 5 2
drt: n_3341 3.84 3
drt: n_3342 9.88 4
drt: n_3343 6.8 3
drt: n_3344 4 2
drt: n_3345 3.56 3
drt: n_3346 8.01 4
drt: n_3347 1.8 2
drt: n_3348 22.76 3
drt: n_3349 4 2
drt: n_335 3.4 2
drt: n_3350 2.52 2
drt: n_3351 4.6 4
drt: n_3352 2.4 2
drt: n_3353 5.24 3
drt: n_3354 6.81 4
drt: n_3355 2.8 3
drt: n_3356 2.8 2
drt: n_3357 1.4 2
drt: n_3358 10.4 3
drt: n_3359 8.6 3
drt: n_336 4.4 2
drt: n_3360 6.8 3
drt: n_3361 2.92 2
drt: n_3362 8 3
drt: n_3363 9.8 4
drt: n_3364 16.61 4
drt: n_3365 1.4 2
drt: n_3366 11.2 4
drt: n_3367 2.84 2
drt: n_3368 6.2 3
drt: n_3369 2.44 2
drt: n_337 1.6 2
drt: n_3370 6.72 3
drt: n_3371 1.4 2
drt: n_3372 5.4 3
drt: n_3373 8.2 3
drt: n_3374 4.4 2
drt: n_3375 1.44 2
drt: n_3376 7.55 4
drt: n_3377 2.2 2
drt: n_3378 3.2 2
drt: n_3379 7.04 4
drt: n_338 4.72 2
drt: n_3380 1.84 2
drt: n_3381 1.2 2
drt: n_3382 2.4 2
drt: n_3383 17.12 4
drt: n_3384 9.16 4
drt: n_3385 6.32 3
drt: n_3386 4.2 3
drt: n_3387 6.57 4
drt: n_3388 9.2 3
drt: n_3389 5 3
drt: n_339 5.72 2
drt: n_3390 34.21 9
drt: n_3391 1.4 2
drt: n_3392 1.4 2
drt: n_3393 12.32 4
drt: n_3394 3.64 2
drt: n_3395 5.2 2
drt: n_3396 5 2
drt: n_3397 7.2 3
drt: n_3398 7.76 4
drt: n_3399 7.44 5
drt: n_34 14.84 2
drt: n_340 1.2 2
drt: n_3400 1.95 3
drt: n_3401 1.64 2
drt: n_3403 2.8 3
drt: n_3404 24.76 4
drt: n_3406 3.01 3
drt: n_3407 3.2 2
drt: n_3409 26.35 9
drt: n_341 1.6 2
drt: n_3410 1.4 2
drt: n_3414 0.6 2
drt: n_3415 6 4
drt: n_3416 2.2 2
drt: n_3417 6.8 3
drt: n_3418 5.76 3
drt: n_3419 1.4 2
drt: n_342 1.8 2
drt: n_3420 3.84 3
drt: n_3421 4.32 3
drt: n_3422 2.2 2
drt: n_3423 1.4 2
drt: n_3424 2.01 3
drt: n_3425 13.19 4
drt: n_3426 4.2 2
drt: n_3427 1.6 2
drt: n_343 5 2
drt: n_3430 3.4 2
drt: n_3431 7.2 4
drt: n_3432 2.6 3
drt: n_3433 1.8 2
drt: n_3434 2.6 2
drt: n_3435 0.8 2
drt: n_3436 6.2 3
drt: n_3437 2.8 3
drt: n_3438 5.85 3
drt: n_3439 3.4 3
drt: n_344 4.6 2
drt: n_3440 1.4 2
drt: n_3441 2.04 2
drt: n_3445 32.74 8
drt: n_3446 7.8 2
drt: n_3447 14.68 3
drt: n_3448 6.12 3
drt: n_3449 5.72 3
drt: n_345 1.6 2
drt: n_3450 4.12 3
drt: n_3451 5.64 3
drt: n_3452 4.92 2
drt: n_3453 3.53 3
drt: n_3455 5.15 3
drt: n_3456 3.4 2
drt: n_3457 8.75 3
drt: n_3458 1.2 2
drt: n_3459 11.44 4
drt: n_346 4.4 2
drt: n_3460 4.56 3
drt: n_3461 5.16 2
drt: n_3462 7.2 3
drt: n_3464 6.46 4
drt: n_3465 4.19 3
drt: n_3466 2.2 2
drt: n_3467 4.56 3
drt: n_3468 4.64 3
drt: n_3469 1.8 2
drt: n_347 2.6 2
drt: n_3470 31.69 8
drt: n_3471 3.2 2
drt: n_3472 3.01 4
drt: n_3473 4.72 3
drt: n_3474 1.4 2
drt: n_3475 0.6 2
drt: n_3476 0.8 2
drt: n_3477 14.4 3
drt: n_3478 1.4 2
drt: n_348 2.24 2
drt: n_3481 14.12 6
drt: n_3482 37.92 7
drt: n_3483 1.92 2
drt: n_3484 3.8 3
drt: n_3485 15.92 5
drt: n_3486 6.52 3
drt: n_3487 2 2
drt: n_3488 4.52 3
drt: n_3489 1 2
drt: n_349 2.8 2
drt: n_3490 2 2
drt: n_3491 12.06 4
drt: n_3492 3.8 2
drt: n_3493 2.04 2
drt: n_3494 0.6 2
drt: n_3495 3.4 2
drt: n_3496 5 3
drt: n_3498 3.44 3
drt: n_3499 1.4 2
drt: n_35 2.4 2
drt: n_350 5.72 2
drt: n_3500 3.6 3
drt: n_3501 8.6 3
drt: n_3502 5.56 3
drt: n_3503 4.32 2
drt: n_3504 17.32 5
drt: n_3505 5.2 2
drt: n_3506 3.8 2
drt: n_3507 9.32 4
drt: n_3508 3.6 3
drt: n_3509 3.2 2
drt: n_351 2.24 2
drt: n_3510 9.27 4
drt: n_3511 10.32 4
drt: n_3512 1.8 2
drt: n_3513 5.75 3
drt: n_3514 1 2
drt: n_3515 1.6 2
drt: n_3516 4.8 5
drt: n_3517 1 2
drt: n_3518 9.25 4
drt: n_3519 1.2 2
drt: n_352 8.56 2
drt: n_3520 1.8 2
drt: n_3521 1.6 2
drt: n_3522 2.95 4
drt: n_3523 1 2
drt: n_3524 7.44 4
drt: n_3525 3.92 2
drt: n_3526 9.44 3
drt: n_3527 3 3
drt: n_3528 1.8 2
drt: n_3529 10.2 4
drt: n_353 6.12 2
drt: n_3530 12.72 5
drt: n_3531 2.95 3
drt: n_3532 1.8 2
drt: n_3533 10 3
drt: n_3534 2.2 2
drt: n_3535 11.14 5
drt: n_3536 4.75 3
drt: n_3537 1.4 2
drt: n_3538 17.75 4
drt: n_3539 1.2 2
drt: n_354 6.93 2
drt: n_3540 0.4 2
drt: n_3541 2.4 2
drt: n_3542 6.6 3
drt: n_3543 4.8 3
drt: n_3544 4.6 2
drt: n_3545 10.92 5
drt: n_3546 6.95 3
drt: n_3547 2.8 2
drt: n_3548 6.95 4
drt: n_3549 1.8 2
drt: n_355 1.8 2
drt: n_3550 1.32 2
drt: n_3551 16.99 4
drt: n_3552 3.92 2
drt: n_3553 3.6 3
drt: n_3554 1.75 3
drt: n_3555 1 2
drt: n_3557 2.52 2
drt: n_3558 3.8 3
drt: n_3559 1.6 2
drt: n_356 13.4 2
drt: n_3560 25.36 7
drt: n_3561 2.4 2
drt: n_3562 6.2 3
drt: n_3563 7.53 4
drt: n_3564 3.15 3
drt: n_3565 1 2
drt: n_3566 7.64 3
drt: n_3568 20.24 6
drt: n_3569 3.2 2
drt: n_357 4.4 2
drt: n_3570 1.6 2
drt: n_3571 7 3
drt: n_3572 3 2
drt: n_3573 3.4 3
drt: n_3574 1.2 2
drt: n_3575 7 2
drt: n_3576 6.2 3
drt: n_3577 4.68 3
drt: n_3578 1.4 2
drt: n_3579 3 2
drt: n_358 2.92 2
drt: n_3580 4.41 3
drt: n_3581 0.6 2
drt: n_3582 6.72 3
drt: n_3583 5.27 3
drt: n_3584 3.96 3
drt: n_3585 2.4 2
drt: n_3586 6.72 3
drt: n_3587 4.12 2
drt: n_3588 1.2 2
drt: n_3589 4 3
drt: n_359 1.6 2
drt: n_3590 2.8 2
drt: n_3591 32.84 5
drt: n_3592 4 3
drt: n_3593 5.4 3
drt: n_3594 8.4 2
drt: n_3595 0.8 2
drt: n_3596 0.6 2
drt: n_3597 2.4 2
drt: n_3598 7.32 2
drt: n_3599 1 2
drt: n_36 6.52 2
drt: n_360 1.4 2
drt: n_3600 3.2 2
drt: n_3601 3.6 3
drt: n_3602 10.75 5
drt: n_3603 5.52 2
drt: n_3604 9 3
drt: n_3605 3.41 2
drt: n_3606 5.6 2
drt: n_3607 4 3
drt: n_3608 15.76 6
drt: n_3609 4.72 2
drt: n_361 5.2 2
drt: n_3611 3 2
drt: n_3612 2 2
drt: n_3613 4.44 3
drt: n_3614 2.4 2
drt: n_3615 5.8 3
drt: n_3616 2.6 2
drt: n_3617 8.8 4
drt: n_3618 4.6 3
drt: n_3619 1.4 2
drt: n_362 2.24 2
drt: n_3620 4.04 3
drt: n_3621 2.4 2
drt: n_3622 2.4 3
drt: n_3623 1 2
drt: n_3624 5.4 3
drt: n_3625 2.8 2
drt: n_3626 6.55 3
drt: n_3627 2.2 2
drt: n_3628 0.6 2
drt: n_3629 11.81 3
drt: n_363 4.6 2
drt: n_3630 2.2 2
drt: n_3631 2.2 2
drt: n_3632 4.6 3
drt: n_3633 33.24 2
drt: n_3634 12.72 4
drt: n_3635 11.76 2
drt: n_3636 6.04 3
drt: n_3637 4.2 2
drt: n_3638 9.53 3
drt: n_3639 1.8 2
drt: n_364 0.6 2
drt: n_3640 1.8 2
drt: n_3641 35.76 8
drt: n_3642 3.2 3
drt: n_3643 2.8 3
drt: n_3644 4.2 2
drt: n_3645 3 2
drt: n_3646 10.2 5
drt: n_3647 1.8 2
drt: n_3648 2.8 2
drt: n_3649 1.4 2
drt: n_365 3.52 2
drt: n_3650 4.8 4
drt: n_3651 3.84 3
drt: n_3652 2.45 2
drt: n_3653 15.2 3
drt: n_3654 1.6 2
drt: n_3655 9.72 3
drt: n_3656 12.44 2
drt: n_3657 2.8 3
drt: n_3658 2.4 3
drt: n_3659 2.21 3
drt: n_366 3.32 2
drt: n_3660 3 2
drt: n_3661 15.04 3
drt: n_3662 5.32 4
drt: n_3663 4.2 3
drt: n_3664 2.04 2
drt: n_3665 5.2 3
drt: n_3666 6 3
drt: n_3667 1.6 2
drt: n_3668 5.2 2
drt: n_3669 6.54 4
drt: n_367 10.92 2
drt: n_3670 4.93 3
drt: n_3671 5 2
drt: n_3672 5.8 3
drt: n_3673 7.92 3
drt: n_3674 2.2 2
drt: n_3675 1.64 2
drt: n_3676 4.8 3
drt: n_3677 1.4 2
drt: n_3678 4.4 3
drt: n_3679 2 2
drt: n_368 2.32 2
drt: n_3680 2.6 3
drt: n_3681 1.44 2
drt: n_3682 0.6 2
drt: n_3683 3.2 2
drt: n_3684 2 2
drt: n_3685 3.8 2
drt: n_3686 6.8 3
drt: n_3687 7.2 3
drt: n_3688 2 2
drt: n_3689 5.05 3
drt: n_369 2.4 2
drt: n_3690 1.2 2
drt: n_3691 8.33 3
drt: n_3692 6.64 4
drt: n_3693 1.4 2
drt: n_3694 10.41 4
drt: n_3695 3.6 3
drt: n_3696 1.6 2
drt: n_3697 5.64 4
drt: n_3698 3.4 3
drt: n_3699 2.2 2
drt: n_37 4.12 2
drt: n_370 2 2
drt: n_3700 3.45 3
drt: n_3701 1.8 2
drt: n_3702 2.4 3
drt: n_3703 1 2
drt: n_3704 6.84 3
drt: n_3705 2.2 2
drt: n_3706 6.6 3
drt: n_3707 2.8 2
drt: n_3708 4.53 3
drt: n_3709 1.8 2
drt: n_371 0.8 2
drt: n_3710 8.73 3
drt: n_3711 4.6 2
drt: n_3712 7.32 3
drt: n_3713 1.8 2
drt: n_3714 1.41 3
drt: n_3715 1.2 2
drt: n_3716 11.84 4
drt: n_3717 1.92 3
drt: n_3718 1.4 2
drt: n_3719 5.41 3
drt: n_372 4.4 2
drt: n_3720 2 2
drt: n_3721 6.12 3
drt: n_3722 2.12 2
drt: n_3723 4.93 4
drt: n_3724 44.64 9
drt: n_3725 7.4 4
drt: n_3726 3.4 3
drt: n_3727 1.2 2
drt: n_3728 4.95 3
drt: n_3729 3.4 3
drt: n_373 1.8 2
drt: n_3730 5.8 3
drt: n_3731 7.92 3
drt: n_3732 3.2 3
drt: n_3733 12.12 3
drt: n_3734 8.24 3
drt: n_3735 6.95 3
drt: n_3736 17.24 6
drt: n_3737 43.64 7
drt: n_3738 31.48 2
drt: n_3739 28.01 8
drt: n_374 1.6 2
drt: n_3740 3.72 2
drt: n_3741 13.32 6
drt: n_3742 13.97 7
drt: n_3743 15.72 2
drt: n_3744 20.08 7
drt: n_3745 12.84 2
drt: n_3746 6.8 5
drt: n_3747 112.41 9
drt: n_3748 9.6 2
drt: n_3749 8.8 3
drt: n_375 8.72 2
drt: n_3750 10.15 3
drt: n_3751 9.6 4
drt: n_3752 9.6 4
drt: n_3753 12.6 5
drt: n_3754 2.8 2
drt: n_3755 15.61 5
drt: n_3756 11.6 4
drt: n_3757 7.24 3
drt: n_3758 9.46 5
drt: n_3759 31.52 2
drt: n_376 2.44 2
drt: n_3760 7.52 4
drt: n_3761 9.81 4
drt: n_3762 8.04 3
drt: n_3763 8.8 5
drt: n_3764 4.52 3
drt: n_3765 4.4 3
drt: n_3766 4.52 2
drt: n_3767 7.4 3
drt: n_3768 2.4 2
drt: n_3769 11.4 2
drt: n_377 2.12 2
drt: n_3770 7 4
drt: n_3771 42.68 10
drt: n_3772 0.6 2
drt: n_3773 10.73 5
drt: n_3774 3.67 3
drt: n_3775 2.32 2
drt: n_3776 9.64 4
drt: n_3777 11.33 4
drt: n_3778 4.55 3
drt: n_3779 3.92 2
drt: n_378 5 2
drt: n_3780 10.72 5
drt: n_3781 12.21 6
drt: n_3782 5.4 3
drt: n_3783 11.52 3
drt: n_3784 11.28 4
drt: n_3785 8.44 3
drt: n_3786 0.8 2
drt: n_3787 16.12 3
drt: n_3788 3.01 4
drt: n_3789 7 3
drt: n_379 2.24 2
drt: n_3790 1.2 2
drt: n_3791 9.56 3
drt: n_3792 26.76 6
drt: n_3793 7.72 4
drt: n_3795 14.53 3
drt: n_3796 4.17 4
drt: n_3797 3.44 2
drt: n_3798 17.91 3
drt: n_3799 6.32 3
drt: n_38 3.8 2
drt: n_380 4.84 2
drt: n_3800 1.2 2
drt: n_3801 8.2 3
drt: n_3802 15.16 3
drt: n_3803 14.8 4
drt: n_3804 6.6 2
drt: n_3805 7.35 3
drt: n_3806 7.4 4
drt: n_3807 4.6 2
drt: n_3808 7.55 3
drt: n_3809 5.72 3
drt: n_381 17.24 2
drt: n_3811 5.54 4
drt: n_3812 5 2
drt: n_3813 2.2 2
drt: n_3814 3.72 3
drt: n_3815 1.4 2
drt: n_3816 2.92 2
drt: n_3817 1.6 2
drt: n_3818 6.53 4
drt: n_3819 2.2 2
drt: n_382 3 2
drt: n_3820 4.84 3
drt: n_3821 6.25 3
drt: n_3822 21.84 5
drt: n_3823 2.4 2
drt: n_3824 6.41 3
drt: n_3825 1.6 2
drt: n_3826 3.12 2
drt: n_3827 6 4
drt: n_3828 7.41 3
drt: n_3829 1.4 2
drt: n_383 8.12 2
drt: n_3830 4.8 3
drt: n_3831 1.2 2
drt: n_3832 3.72 3
drt: n_3833 49.8 9
drt: n_3834 4.2 4
drt: n_3835 2.72 2
drt: n_3836 2.24 2
drt: n_3837 5.95 3
drt: n_3838 8.64 4
drt: n_3839 9.89 4
drt: n_384 2.24 2
drt: n_3840 1 2
drt: n_3841 4.32 3
drt: n_3842 10.6 3
drt: n_3843 5.2 2
drt: n_3844 2.52 2
drt: n_3845 12.6 5
drt: n_3846 2.2 2
drt: n_3847 12.44 5
drt: n_3848 12 4
drt: n_3849 15.12 6
drt: n_385 3.04 2
drt: n_3850 5.85 3
drt: n_3851 5.64 3
drt: n_3852 6.33 3
drt: n_3853 12.12 4
drt: n_3854 3.6 2
drt: n_3855 2.32 2
drt: n_3856 2.8 2
drt: n_3857 2.6 2
drt: n_3858 1.2 2
drt: n_3859 10 5
drt: n_386 4.64 2
drt: n_3860 6.6 3
drt: n_3861 1.6 2
drt: n_3862 3.2 2
drt: n_3863 7.12 2
drt: n_3864 4.6 3
drt: n_3865 8.12 3
drt: n_3866 13.2 5
drt: n_3867 0.8 2
drt: n_3868 9.21 5
drt: n_3869 4.81 4
drt: n_387 3.8 2
drt: n_3870 29.41 5
drt: n_3871 6 2
drt: n_3872 17.04 5
drt: n_3873 3.72 2
drt: n_3874 1.2 2
drt: n_3875 5.72 3
drt: n_3876 6.13 3
drt: n_3877 1 2
drt: n_3878 10.34 4
drt: n_3879 6.6 5
drt: n_388 5.24 2
drt: n_3880 6.31 4
drt: n_3881 2.4 2
drt: n_3882 0.6 2
drt: n_3883 1.6 2
drt: n_3884 2.8 2
drt: n_3885 9.8 5
drt: n_3886 1.6 2
drt: n_3887 32.97 8
drt: n_3888 1.4 2
drt: n_3889 8.61 3
drt: n_389 1.4 2
drt: n_3890 4.12 2
drt: n_3891 6.2 3
drt: n_3892 5 3
drt: n_3893 3.32 2
drt: n_3894 7.59 3
drt: n_3895 1.4 2
drt: n_3896 10.32 3
drt: n_3897 6.2 3
drt: n_3898 1.64 2
drt: n_3899 5.53 4
drt: n_39 4.72 2
drt: n_390 2.2 2
drt: n_3900 3.8 2
drt: n_3901 1.4 2
drt: n_3902 5.88 4
drt: n_3903 7.33 5
drt: n_3904 1.4 2
drt: n_3905 1.8 2
drt: n_3906 1.8 2
drt: n_3907 2.44 3
drt: n_3908 1.4 2
drt: n_3909 6.64 4
drt: n_391 6.32 2
drt: n_3910 2.2 2
drt: n_3911 3.9 3
drt: n_3912 6.32 3
drt: n_3913 2.6 2
drt: n_3914 2.6 2
drt: n_3915 0.4 2
drt: n_3916 11.12 5
drt: n_3917 2.6 2
drt: n_3918 6.55 4
drt: n_392 4.32 2
drt: n_3920 3.39 3
drt: n_3921 1 2
drt: n_3922 5.75 3
drt: n_3923 1.2 2
drt: n_3924 1 2
drt: n_3925 2.4 3
drt: n_3926 1.8 2
drt: n_3927 5.4 4
drt: n_3928 1.75 3
drt: n_3929 1.8 2
drt: n_393 2.4 2
drt: n_3930 6.76 3
drt: n_3931 3.8 2
drt: n_3932 7.47 3
drt: n_3933 1 2
drt: n_3934 11.95 3
drt: n_3935 1.6 2
drt: n_3936 4.12 3
drt: n_3937 2.2 2
drt: n_3938 7.8 3
drt: n_3939 1 2
drt: n_394 4.92 2
drt: n_3940 4.35 3
drt: n_3941 1.2 2
drt: n_3942 3 2
drt: n_3943 3.4 4
drt: n_3944 5.02 3
drt: n_3945 2 2
drt: n_3946 7 4
drt: n_3947 6.75 3
drt: n_3948 1 2
drt: n_3949 5.8 4
drt: n_395 3.6 2
drt: n_3950 8.32 3
drt: n_3951 1.52 2
drt: n_3952 6.55 3
drt: n_3953 6.52 2
drt: n_3954 11.12 5
drt: n_3955 5.92 3
drt: n_3956 2 2
drt: n_3957 17.2 4
drt: n_3958 3.32 2
drt: n_3959 5.95 3
drt: n_396 6 2
drt: n_3960 1 2
drt: n_3961 3.35 3
drt: n_3962 1.8 2
drt: n_3963 19.52 5
drt: n_3964 5.36 3
drt: n_3965 2.01 2
drt: n_3966 9.2 3
drt: n_3967 2.2 2
drt: n_3968 7.01 5
drt: n_3969 3.75 3
drt: n_397 2.8 2
drt: n_3970 1.84 2
drt: n_3971 4.8 3
drt: n_3972 1.6 2
drt: n_3973 9.52 2
drt: n_3974 4.24 2
drt: n_3975 3.96 3
drt: n_3976 2.84 2
drt: n_3977 3.8 2
drt: n_3978 3.4 4
drt: n_3979 1.4 2
drt: n_398 2.24 2
drt: n_3980 16.16 4
drt: n_3981 9.95 4
drt: n_3982 1 2
drt: n_3983 6.15 4
drt: n_3984 1 2
drt: n_3985 5.19 4
drt: n_3986 2.8 2
drt: n_3987 1.61 3
drt: n_3988 1.8 2
drt: n_3989 13.16 6
drt: n_399 5.6 2
drt: n_3990 6.72 2
drt: n_3991 1 2
drt: n_3992 1.6 2
drt: n_3993 8 5
drt: n_3994 3.6 2
drt: n_3995 8.2 3
drt: n_3996 12.44 4
drt: n_3997 1.4 2
drt: n_3998 15.35 4
drt: n_3999 2.44 2
drt: n_4 11.21 2
drt: n_40 1.4 2
drt: n_400 2 2
drt: n_4000 10.8 5
drt: n_4001 8.52 2
drt: n_4002 3 2
drt: n_4003 6.72 3
drt: n_4004 13.76 5
drt: n_4005 2.2 2
drt: n_4006 15.4 3
drt: n_4007 3.4 3
drt: n_4008 1.4 2
drt: n_4009 2.44 2
drt: n_401 2.24 2
drt: n_4010 0.6 2
drt: n_4011 10.65 5
drt: n_4012 1.2 2
drt: n_4013 8.92 4
drt: n_4014 1.4 2
drt: n_4015 7.92 4
drt: n_4016 3.4 4
drt: n_4017 7.4 3
drt: n_4018 7.32 4
drt: n_4019 5 2
drt: n_402 7.52 2
drt: n_4020 2.8 3
drt: n_4021 32.08 9
drt: n_4022 10 4
drt: n_4023 2.8 2
drt: n_4024 1.4 2
drt: n_4025 6.75 3
drt: n_4026 3 2
drt: n_4027 13.36 5
drt: n_4028 2.72 2
drt: n_4029 5.04 4
drt: n_403 9.44 2
drt: n_4030 6.24 4
drt: n_4031 0.4 2
drt: n_4032 9 3
drt: n_4033 4 2
drt: n_4034 5.88 4
drt: n_4035 2.4 3
drt: n_4036 2.2 2
drt: n_4037 1.2 2
drt: n_4039 10.25 3
drt: n_404 3.72 2
drt: n_4040 5.81 3
drt: n_4041 2.6 2
drt: n_4042 17.96 4
drt: n_4043 9.34 3
drt: n_4044 3.72 2
drt: n_4045 2.2 2
drt: n_4046 3.6 3
drt: n_4047 1.4 2
drt: n_4048 2 3
drt: n_4049 1 2
drt: n_405 3.04 2
drt: n_4050 2.24 3
drt: n_4051 2.44 2
drt: n_4052 4 2
drt: n_4053 2.2 2
drt: n_4054 3.92 2
drt: n_4055 22.96 7
drt: n_4056 2.24 2
drt: n_4057 32.75 7
drt: n_4058 8.95 3
drt: n_4059 10.2 4
drt: n_406 8.4 2
drt: n_4060 2.8 3
drt: n_4061 2.2 2
drt: n_4062 9.68 3
drt: n_4063 5.53 3
drt: n_4064 2.2 2
drt: n_4065 4.8 3
drt: n_4066 7.4 3
drt: n_4067 1.8 2
drt: n_4068 3.8 3
drt: n_4069 2.2 2
drt: n_407 4.52 2
drt: n_4070 0.4 2
drt: n_4071 2.44 2
drt: n_4072 10.76 3
drt: n_4074 4.92 3
drt: n_4075 4.92 2
drt: n_4076 7.04 3
drt: n_4077 3.8 2
drt: n_4078 2.8 2
drt: n_408 2.4 2
drt: n_4080 10.52 4
drt: n_4081 3.2 2
drt: n_4082 12.2 3
drt: n_4083 8.27 3
drt: n_4084 4.32 3
drt: n_4085 1.8 2
drt: n_4086 3.2 3
drt: n_4087 1.4 2
drt: n_4088 8.4 3
drt: n_4089 19.32 5
drt: n_409 2 2
drt: n_4090 4.2 3
drt: n_4091 4.36 3
drt: n_4092 1.2 2
drt: n_4093 5.4 4
drt: n_4094 4.8 3
drt: n_4095 3 2
drt: n_4097 4.2 3
drt: n_4098 2.04 2
drt: n_4099 6.8 5
drt: n_41 3.76 2
drt: n_410 5.92 2
drt: n_4100 2.2 2
drt: n_4101 2.2 2
drt: n_4102 8 4
drt: n_4103 3.24 3
drt: n_4104 1.64 2
drt: n_4105 7.65 4
drt: n_4106 2.33 3
drt: n_4107 3 2
drt: n_4108 2.6 2
drt: n_4109 6.4 2
drt: n_411 6.4 2
drt: n_4110 4.8 4
drt: n_4111 1.4 3
drt: n_4112 2.8 2
drt: n_4114 6.4 2
drt: n_4115 5.6 4
drt: n_4116 1.8 3
drt: n_4117 3.8 2
drt: n_4118 3.61 3
drt: n_4119 3.12 2
drt: n_412 2.8 2
drt: n_4120 0.8 2
drt: n_4121 9.56 4
drt: n_4122 25.6 5
drt: n_4123 3.92 2
drt: n_4124 4.12 2
drt: n_4126 4 3
drt: n_4127 1.8 2
drt: n_4128 4.6 2
drt: n_4129 5.2 3
drt: n_413 1.6 2
drt: n_4130 5.12 3
drt: n_4131 6.4 2
drt: n_4132 6.32 3
drt: n_4133 1.64 2
drt: n_4134 7.72 3
drt: n_4135 7.92 3
drt: n_4136 2.72 2
drt: n_4137 2 2
drt: n_4138 16.8 6
drt: n_4139 9.28 3
drt: n_414 9 2
drt: n_4140 3.32 2
drt: n_4141 18.2 3
drt: n_4142 3.6 2
drt: n_4143 19.84 6
drt: n_4144 8.12 4
drt: n_4145 9.12 3
drt: n_4146 5.6 4
drt: n_4147 2 2
drt: n_4148 7.01 5
drt: n_4149 5.44 3
drt: n_415 5.72 2
drt: n_4150 2 2
drt: n_4151 10.25 4
drt: n_4152 2 2
drt: n_4153 2 2
drt: n_4154 0.6 2
drt: n_4155 8.52 4
drt: n_4156 6.21 3
drt: n_4158 2.05 3
drt: n_4159 20.44 5
drt: n_416 4.2 2
drt: n_4160 10 4
drt: n_4161 1.8 2
drt: n_4162 508.8 23
drt: n_4163 6.96 4
drt: n_4164 2 2
drt: n_4165 2.4 3
drt: n_4166 9.53 4
drt: n_4167 8.12 2
drt: n_4168 27.16 5
drt: n_4169 1.4 2
drt: n_417 1.4 2
drt: n_4170 10.85 4
drt: n_4171 2.64 2
drt: n_4172 7.6 6
drt: n_4173 1 2
drt: n_4174 3.8 2
drt: n_4175 2.2 2
drt: n_4176 6 3
drt: n_4177 1.64 2
drt: n_418 2 2
drt: n_4180 51.73 12
drt: n_4181 1.4 2
drt: n_4182 9.2 4
drt: n_4183 5.56 4
drt: n_4185 4.6 4
drt: n_4186 9.44 4
drt: n_419 2.24 2
drt: n_4190 3.6 2
drt: n_4192 4.72 3
drt: n_4193 1.8 2
drt: n_4194 38.24 3
drt: n_4195 9.8 2
drt: n_4196 2.41 3
drt: n_4197 5.8 3
drt: n_4198 13.96 4
drt: n_4199 8.4 4
drt: n_42 4.2 2
drt: n_420 6 2
drt: n_4201 8.12 3
drt: n_4202 12.36 2
drt: n_4203 4.61 5
drt: n_4204 2 2
drt: n_4205 5.08 4
drt: n_4206 4.04 3
drt: n_4207 2.84 2
drt: n_4208 1.8 2
drt: n_4209 5.6 3
drt: n_421 4.6 2
drt: n_4210 11.52 5
drt: n_4211 6.32 3
drt: n_4212 2.12 2
drt: n_4213 11 5
drt: n_4214 1.2 2
drt: n_4215 1.6 2
drt: n_4217 3.8 3
drt: n_4218 16.04 5
drt: n_4219 4.6 2
drt: n_422 3.32 2
drt: n_4220 8.32 4
drt: n_4221 10.2 3
drt: n_4222 7.4 2
drt: n_4223 6.85 4
drt: n_4224 8.89 5
drt: n_4225 4.44 3
drt: n_4226 11.44 6
drt: n_4227 1.8 2
drt: n_4228 1.85 3
drt: n_4229 1.64 2
drt: n_423 3.92 2
drt: n_4230 8.2 4
drt: n_4231 9.52 4
drt: n_4232 7.6 4
drt: n_4233 12.6 3
drt: n_4234 4.92 2
drt: n_4235 1.64 2
drt: n_4236 6.93 4
drt: n_4239 8.8 4
drt: n_424 3.12 2
drt: n_4240 6.93 3
drt: n_4241 1 2
drt: n_4247 5.05 3
drt: n_4248 5.2 3
drt: n_4249 1.4 2
drt: n_425 4.52 2
drt: n_4250 5.4 4
drt: n_4251 8.72 4
drt: n_4252 1 2
drt: n_4253 5.12 3
drt: n_4254 1.6 2
drt: n_4256 1 2
drt: n_4257 8 4
drt: n_4258 20.12 6
drt: n_4259 3.8 3
drt: n_426 4.92 2
drt: n_4260 6.52 3
drt: n_4262 1.64 2
drt: n_4263 3 2
drt: n_4264 3.6 3
drt: n_4265 1.6 2
drt: n_4266 6.72 3
drt: n_4267 0.4 2
drt: n_427 5.2 2
drt: n_4270 153.24 14
drt: n_4276 21.19 11
drt: n_428 2.84 2
drt: n_4280 525.48 25
drt: n_4288 6.21 4
drt: n_4289 3.05 3
drt: n_429 3.72 2
drt: n_4290 3.8 2
drt: n_4291 6.8 3
drt: n_4292 1.4 2
drt: n_4293 6.4 3
drt: n_4294 1.4 2
drt: n_4295 29.44 3
drt: n_4296 1.8 2
drt: n_4297 19.48 3
drt: n_4298 3.6 2
drt: n_4299 10.12 3
drt: n_43 10.32 2
drt: n_430 1.4 2
drt: n_4300 3.6 2
drt: n_4301 71.64 3
drt: n_4302 1.8 2
drt: n_4303 6.12 3
drt: n_4304 1.2 2
drt: n_4305 10.33 3
drt: n_4306 4.32 2
drt: n_4307 7.32 3
drt: n_4308 5.6 2
drt: n_4309 5.4 4
drt: n_431 1.64 2
drt: n_4310 7.06 3
drt: n_4311 7.6 3
drt: n_4312 9.12 2
drt: n_4315 2.2 3
drt: n_4316 4 2
drt: n_4317 15.2 5
drt: n_4318 1 2
drt: n_4319 22.12 3
drt: n_432 2 2
drt: n_4320 3.4 2
drt: n_4322 1.8 2
drt: n_4323 5.8 3
drt: n_4324 1 2
drt: n_4325 12.32 5
drt: n_4326 1 2
drt: n_4327 2.76 3
drt: n_4328 1.64 2
drt: n_4329 34.57 8
drt: n_433 6.6 2
drt: n_4331 3.2 2
drt: n_4332 4.6 2
drt: n_4334 2.04 2
drt: n_4335 2.72 2
drt: n_4336 6.2 4
drt: n_4337 1.8 2
drt: n_4338 22.28 6
drt: n_434 0.8 2
drt: n_4340 3 2
drt: n_4341 8.32 5
drt: n_4342 1.2 2
drt: n_4343 33.12 8
drt: n_4344 2.2 2
drt: n_4345 11 4
drt: n_4346 7.64 3
drt: n_4347 6 4
drt: n_4349 3.64 3
drt: n_435 5.64 2
drt: n_4350 2.84 2
drt: n_4352 7.2 4
drt: n_4353 4.2 3
drt: n_4354 1.8 2
drt: n_4355 3.2 3
drt: n_4356 3.4 2
drt: n_4357 0.6 2
drt: n_4358 3.4 3
drt: n_4359 2.2 2
drt: n_436 3 2
drt: n_4360 3.92 2
drt: n_4362 1.64 2
drt: n_4364 14.58 3
drt: n_4365 5.6 3
drt: n_4366 2.2 2
drt: n_4367 4.6 2
drt: n_4368 3.4 2
drt: n_4369 12 4
drt: n_437 1.44 2
drt: n_4370 6.4 4
drt: n_4371 2.2 2
drt: n_4373 13.12 5
drt: n_4374 7.52 4
drt: n_4376 24.28 6
drt: n_4377 1.6 2
drt: n_4378 2.4 2
drt: n_4379 0.4 2
drt: n_438 11.12 2
drt: n_4380 1.2 2
drt: n_4381 0.4 2
drt: n_4382 3.4 2
drt: n_4383 8 3
drt: n_4385 4 2
drt: n_4386 16.4 4
drt: n_4387 2.8 3
drt: n_4388 6.24 4
drt: n_4389 20.92 5
drt: n_439 9.2 2
drt: n_4390 3.84 3
drt: n_4391 8.24 3
drt: n_4392 11 4
drt: n_4393 4.44 3
drt: n_4394 5.92 3
drt: n_4395 2.52 2
drt: n_4396 8.84 3
drt: n_4397 6.8 4
drt: n_4398 2.04 2
drt: n_4399 2.4 2
drt: n_44 2.84 2
drt: n_440 2.2 2
drt: n_4400 3.52 2
drt: n_4401 9.28 6
drt: n_4402 14.72 4
drt: n_4403 11.92 5
drt: n_4404 1 2
drt: n_4405 6.32 3
drt: n_4406 10.36 3
drt: n_4407 7.64 2
drt: n_4408 11.6 5
drt: n_4409 32.4 4
drt: n_441 8.96 2
drt: n_4410 3.2 3
drt: n_4411 4.85 4
drt: n_4412 5.97 4
drt: n_4413 8.81 4
drt: n_4414 5.52 3
drt: n_4415 8.64 3
drt: n_4416 3.05 3
drt: n_4417 9.32 3
drt: n_4418 5.32 2
drt: n_4419 14.29 5
drt: n_442 1.8 2
drt: n_4420 6.6 4
drt: n_4421 6.24 4
drt: n_4422 3.52 3
drt: n_4423 7.64 3
drt: n_4424 4.72 3
drt: n_4425 7.61 3
drt: n_4426 9.04 4
drt: n_4427 5.64 3
drt: n_4428 5.8 3
drt: n_4429 10.8 4
drt: n_443 4.12 2
drt: n_4430 7.2 4
drt: n_4431 5.01 4
drt: n_4432 18.05 5
drt: n_4433 5.6 3
drt: n_4434 3.6 3
drt: n_4435 8.24 4
drt: n_4436 7.44 4
drt: n_4437 5.64 3
drt: n_4438 5.2 3
drt: n_4439 5.24 4
drt: n_444 12.12 2
drt: n_4440 8.8 4
drt: n_4441 6.73 4
drt: n_4442 6 3
drt: n_4443 9.96 4
drt: n_4444 48.48 4
drt: n_4445 5.44 4
drt: n_4446 23.28 4
drt: n_4447 8.8 3
drt: n_4448 3.2 3
drt: n_4449 6.36 4
drt: n_445 5.12 2
drt: n_4450 13.12 5
drt: n_4451 4.96 3
drt: n_4452 4 3
drt: n_4453 3.05 3
drt: n_4454 18 5
drt: n_4455 8.13 4
drt: n_4456 5 3
drt: n_4457 16.24 5
drt: n_4458 6.44 4
drt: n_4459 7.84 4
drt: n_446 14.6 2
drt: n_4460 4.81 4
drt: n_4461 8.16 5
drt: n_4462 3.84 3
drt: n_4463 4.2 3
drt: n_4464 8.05 4
drt: n_4465 6.04 3
drt: n_4466 9 4
drt: n_4467 7.32 3
drt: n_4468 8.32 4
drt: n_4469 18.04 5
drt: n_447 7 2
drt: n_4470 8.12 3
drt: n_4471 7.4 4
drt: n_4472 4.4 3
drt: n_4473 15 4
drt: n_4474 16.5 4
drt: n_4475 5.4 3
drt: n_4476 27.32 5
drt: n_4477 2.2 2
drt: n_4478 2.04 2
drt: n_4479 14.72 5
drt: n_448 2.52 2
drt: n_4480 3.64 3
drt: n_4481 8.04 4
drt: n_4482 3.8 3
drt: n_4483 5.2 4
drt: n_4484 6.45 4
drt: n_4485 5.04 3
drt: n_4486 11.04 5
drt: n_4487 7.2 4
drt: n_4488 4.92 3
drt: n_4489 4.92 3
drt: n_449 2.2 2
drt: n_4490 23.96 5
drt: n_4491 8.8 4
drt: n_4492 15.04 5
drt: n_4493 3.4 3
drt: n_4494 5 3
drt: n_4495 3.81 4
drt: n_4496 18.33 4
drt: n_4497 7.6 4
drt: n_4498 29.32 5
drt: n_4499 10.52 3
drt: n_45 5.12 2
drt: n_450 3.52 2
drt: n_4500 7.33 4
drt: n_4501 5.04 3
drt: n_4502 3.73 3
drt: n_4503 8.32 4
drt: n_4504 11.32 3
drt: n_4505 2.04 2
drt: n_4506 8.12 4
drt: n_4507 4.84 3
drt: n_4508 6.25 4
drt: n_4509 4.84 3
drt: n_451 2 2
drt: n_4510 5.64 3
drt: n_4511 5.84 4
drt: n_4512 2.8 3
drt: n_4513 3.44 3
drt: n_4514 17.06 6
drt: n_4515 15.13 5
drt: n_4516 5.56 4
drt: n_4517 1.64 2
drt: n_4518 3.6 3
drt: n_4519 5.12 2
drt: n_452 2 2
drt: n_4520 6.44 3
drt: n_4521 21.36 5
drt: n_4522 8.8 4
drt: n_4523 18.12 5
drt: n_4524 3.8 3
drt: n_4525 6.8 3
drt: n_4526 1.92 2
drt: n_4527 4.21 3
drt: n_4528 1.4 2
drt: n_4529 39.65 10
drt: n_453 4.4 2
drt: n_4530 5.72 3
drt: n_4531 9.61 4
drt: n_4532 6.21 3
drt: n_4533 7 4
drt: n_4534 6.32 3
drt: n_4535 4.44 2
drt: n_4536 19.26 3
drt: n_4537 3.8 2
drt: n_4538 1 2
drt: n_4539 5.32 2
drt: n_454 11.12 2
drt: n_4540 7.8 4
drt: n_4541 3.8 2
drt: n_4542 3.2 2
drt: n_4543 9.6 3
drt: n_4544 8.6 3
drt: n_4545 2.64 2
drt: n_4546 14.4 3
drt: n_4547 11.44 4
drt: n_4548 23.4 5
drt: n_4549 8 3
drt: n_455 7.2 2
drt: n_4550 3.12 2
drt: n_4551 0.4 2
drt: n_4552 3.6 2
drt: n_4553 9.27 3
drt: n_4554 5 4
drt: n_4555 1.4 2
drt: n_4556 2.2 2
drt: n_4557 1.6 2
drt: n_4558 1.6 2
drt: n_4559 1.2 2
drt: n_456 4 2
drt: n_4560 2 2
drt: n_4561 1.6 2
drt: n_4562 5.56 3
drt: n_4563 2 2
drt: n_4564 2.6 2
drt: n_4565 3.32 2
drt: n_4566 7.2 4
drt: n_4567 14.4 3
drt: n_4568 9.6 2
drt: n_4569 2 2
drt: n_457 1.4 2
drt: n_4570 3.4 4
drt: n_4571 3.52 3
drt: n_4572 2.04 2
drt: n_4573 7.12 4
drt: n_4574 8.6 3
drt: n_4575 7.12 2
drt: n_4576 6.92 2
drt: n_4577 5.4 3
drt: n_4578 3.4 2
drt: n_4579 5.2 3
drt: n_458 2.2 2
drt: n_4580 1.8 2
drt: n_4581 2.4 2
drt: n_4582 25.64 6
drt: n_4583 12.64 3
drt: n_4584 2.6 2
drt: n_4585 9.64 4
drt: n_4586 1.2 2
drt: n_4587 5.52 2
drt: n_4588 3 3
drt: n_4589 1.4 2
drt: n_459 2 2
drt: n_4590 3.52 2
drt: n_4591 6.4 2
drt: n_4592 6.44 4
drt: n_4593 26.48 8
drt: n_4594 4.75 4
drt: n_4595 7.24 3
drt: n_4596 5.6 3
drt: n_4597 4 2
drt: n_4598 3.4 4
drt: n_4599 6.32 4
drt: n_46 7.2 2
drt: n_460 3.32 2
drt: n_4600 1.4 2
drt: n_4601 5.93 4
drt: n_4602 2.96 3
drt: n_4603 2.61 3
drt: n_4604 14.61 5
drt: n_4605 3.6 3
drt: n_4606 8.72 4
drt: n_4607 1.2 2
drt: n_4608 8.52 4
drt: n_4609 19.37 4
drt: n_461 5.6 2
drt: n_4610 1.2 2
drt: n_4611 4.6 3
drt: n_4612 0.6 2
drt: n_4613 4.32 3
drt: n_4614 2.2 2
drt: n_4615 7.48 4
drt: n_4616 2.6 3
drt: n_4617 1 2
drt: n_4618 5.6 3
drt: n_4619 1.84 2
drt: n_462 7.24 2
drt: n_4620 4.32 2
drt: n_4621 10 4
drt: n_4622 2 2
drt: n_4623 1.21 3
drt: n_4624 5.8 3
drt: n_4625 3.64 2
drt: n_4626 4 3
drt: n_4627 5.4 3
drt: n_4628 7.8 2
drt: n_4629 4.33 4
drt: n_463 3.8 2
drt: n_4630 12.2 3
drt: n_4631 4.6 2
drt: n_4632 6.56 3
drt: n_4633 1.6 2
drt: n_4634 7.52 4
drt: n_4635 1.64 2
drt: n_4636 18.85 5
drt: n_4637 2.2 2
drt: n_4638 10.4 4
drt: n_4639 9.52 5
drt: n_464 5.4 2
drt: n_4640 7.97 5
drt: n_4641 2.6 2
drt: n_4642 6.6 5
drt: n_4643 10.01 4
drt: n_4644 4.8 2
drt: n_4645 10.4 4
drt: n_4646 5.92 4
drt: n_4647 4.2 2
drt: n_4648 1.6 2
drt: n_4649 1.24 2
drt: n_465 11.6 2
drt: n_4650 3 2
drt: n_4651 6.04 4
drt: n_4652 4.6 3
drt: n_4653 2.6 2
drt: n_4654 52.77 9
drt: n_4655 11.81 5
drt: n_4656 2.92 2
drt: n_4657 5 3
drt: n_4658 1.4 2
drt: n_4659 3.6 4
drt: n_466 4.92 2
drt: n_4660 5.2 3
drt: n_4661 1.8 2
drt: n_4662 5.8 3
drt: n_4663 1.4 2
drt: n_4664 11.77 6
drt: n_4665 1 2
drt: n_4666 1.6 2
drt: n_4667 2.2 2
drt: n_4668 39.85 10
drt: n_4669 5.93 3
drt: n_467 0.4 2
drt: n_4670 1.8 2
drt: n_4671 3 2
drt: n_4672 2.2 3
drt: n_4673 1 2
drt: n_4674 3.6 3
drt: n_4675 4.2 2
drt: n_4676 3.6 2
drt: n_4677 7.71 4
drt: n_4678 3.92 2
drt: n_4679 1.8 2
drt: n_468 3.4 2
drt: n_4680 8.05 3
drt: n_4681 3.2 2
drt: n_4682 2.6 2
drt: n_4683 4.2 3
drt: n_4684 2 2
drt: n_4685 4.76 3
drt: n_4686 2.52 2
drt: n_4687 22.92 9
drt: n_4688 2.4 3
drt: n_4689 2.04 2
drt: n_469 7.32 2
drt: n_4690 1.6 2
drt: n_4691 1 2
drt: n_4692 8.36 5
drt: n_4693 2.2 2
drt: n_4694 17.63 4
drt: n_4695 2.4 2
drt: n_4696 7.84 4
drt: n_4697 1.64 2
drt: n_4698 4 3
drt: n_4699 1.2 2
drt: n_47 4.8 2
drt: n_470 3.52 2
drt: n_4700 6.44 4
drt: n_4701 1.2 2
drt: n_4702 5.6 3
drt: n_4703 3.2 2
drt: n_4704 3.64 2
drt: n_4705 1.6 2
drt: n_4706 4.44 4
drt: n_4707 7.8 4
drt: n_4708 3.8 2
drt: n_4709 4.4 2
drt: n_471 5.84 2
drt: n_4710 10.2 4
drt: n_4711 1.6 2
drt: n_4712 1.6 2
drt: n_4713 2.24 2
drt: n_4714 4.4 4
drt: n_4715 3.2 2
drt: n_4716 4.6 4
drt: n_4717 9.24 3
drt: n_4718 3.24 2
drt: n_4719 8.8 4
drt: n_472 2.64 2
drt: n_4720 5.6 4
drt: n_4722 8.56 4
drt: n_4723 1.8 2
drt: n_4724 1.8 2
drt: n_4725 6.16 4
drt: n_4726 1.64 2
drt: n_4727 7.8 3
drt: n_4728 2.4 2
drt: n_4729 8.52 3
drt: n_473 2 2
drt: n_4730 2 2
drt: n_4731 0.6 2
drt: n_4732 5.6 4
drt: n_4733 0.4 2
drt: n_4734 2.61 3
drt: n_4735 4.2 2
drt: n_4736 3.4 2
drt: n_4737 35.46 8
drt: n_4738 31.37 8
drt: n_4739 11.85 5
drt: n_474 1.2 2
drt: n_4740 5.84 5
drt: n_4741 1 2
drt: n_4742 11.52 5
drt: n_4743 1.84 2
drt: n_4744 31.28 8
drt: n_4745 36.28 8
drt: n_4746 39.54 8
drt: n_4747 2.6 2
drt: n_4748 7.8 4
drt: n_4749 1.8 2
drt: n_475 2.2 2
drt: n_4750 1.8 2
drt: n_4751 2.8 3
drt: n_4752 2.21 2
drt: n_4753 0.6 2
drt: n_4754 1.4 2
drt: n_4755 3.8 3
drt: n_4756 3 2
drt: n_4757 7.24 4
drt: n_4758 1.2 2
drt: n_4759 6.24 5
drt: n_476 5.92 2
drt: n_4760 12.8 5
drt: n_4761 2.8 2
drt: n_4762 3.64 2
drt: n_4763 12.04 4
drt: n_4764 1.4 2
drt: n_4765 2 3
drt: n_4766 3.4 3
drt: n_4767 5.64 3
drt: n_4768 9.64 4
drt: n_4769 3.8 3
drt: n_477 3.04 2
drt: n_4770 0.4 2
drt: n_4771 8.2 3
drt: n_4772 8.12 4
drt: n_4773 4.4 2
drt: n_4774 2.84 3
drt: n_4775 3.2 3
drt: n_4776 1.8 2
drt: n_4777 3.4 3
drt: n_4778 3 2
drt: n_4779 5.8 3
drt: n_478 3.72 2
drt: n_4780 7.12 3
drt: n_4781 1.2 2
drt: n_4782 5 3
drt: n_4783 5.4 4
drt: n_4784 3.2 2
drt: n_4785 4.04 3
drt: n_4786 4.52 3
drt: n_4787 4.4 3
drt: n_4788 4.36 3
drt: n_4789 7.12 3
drt: n_479 4.2 2
drt: n_4790 7.4 3
drt: n_4791 2.52 2
drt: n_4793 8.08 4
drt: n_4794 18.76 6
drt: n_4796 2 2
drt: n_4797 11.24 4
drt: n_4798 4.4 3
drt: n_4799 4.32 2
drt: n_48 6.92 2
drt: n_480 5.2 2
drt: n_4800 17.36 5
drt: n_4801 1.8 3
drt: n_4802 4.8 2
drt: n_4804 11.53 4
drt: n_4805 6.36 3
drt: n_4806 3.2 2
drt: n_4807 3.2 3
drt: n_4808 8.36 4
drt: n_4809 4.8 3
drt: n_481 2 2
drt: n_4810 8.72 2
drt: n_4811 12.77 4
drt: n_4812 8.21 4
drt: n_4813 9.2 3
drt: n_4814 4.8 3
drt: n_4815 7.75 4
drt: n_4816 4.5 4
drt: n_4817 10.04 3
drt: n_4818 3 3
drt: n_4819 8.15 4
drt: n_482 2 2
drt: n_4820 6.39 4
drt: n_4821 13.48 4
drt: n_4822 4.6 4
drt: n_4823 9.47 4
drt: n_4824 6.8 2
drt: n_4825 20.54 8
drt: n_4826 9.44 4
drt: n_4827 2.04 2
drt: n_4828 15.76 6
drt: n_4829 6 2
drt: n_483 8.8 2
drt: n_4830 8.4 4
drt: n_4831 2.4 2
drt: n_4832 6 4
drt: n_4833 9.24 4
drt: n_4834 1.6 2
drt: n_4835 1.21 3
drt: n_4836 4.52 3
drt: n_4837 1.2 2
drt: n_4838 3.92 2
drt: n_4839 2.4 2
drt: n_484 1.4 2
drt: n_4840 1.8 2
drt: n_4841 7.88 4
drt: n_4842 2.4 2
drt: n_4843 2.8 3
drt: n_4844 17.91 4
drt: n_4845 2.04 2
drt: n_4846 13.61 5
drt: n_4847 26.4 7
drt: n_4848 3.8 4
drt: n_4849 3 2
drt: n_485 4.2 2
drt: n_4850 4 4
drt: n_4851 1.2 2
drt: n_4852 2.4 2
drt: n_4853 3.21 3
drt: n_4854 2.22 4
drt: n_4855 4.52 2
drt: n_4856 2.2 2
drt: n_4857 9 5
drt: n_4858 9.2 4
drt: n_4859 3.04 2
drt: n_486 4 2
drt: n_4860 350.53 14
drt: n_4861 11.2 3
drt: n_4862 8.56 4
drt: n_4863 9.4 5
drt: n_4864 3.6 2
drt: n_4865 4.2 2
drt: n_4866 2.6 2
drt: n_4867 2.8 2
drt: n_4868 6.95 4
drt: n_4869 12.55 4
drt: n_487 1.6 2
drt: n_4870 5.8 3
drt: n_4871 4.79 4
drt: n_4872 10.32 4
drt: n_4873 0.6 2
drt: n_4874 1.6 2
drt: n_4876 2 2
drt: n_4878 1.6 2
drt: n_4879 8.64 4
drt: n_488 5.32 2
drt: n_4880 3.2 2
drt: n_4881 78.44 3
drt: n_4882 12.84 2
drt: n_4883 5.84 4
drt: n_4884 20.64 5
drt: n_4885 8.4 3
drt: n_4886 1 2
drt: n_4887 4.92 3
drt: n_4888 2.72 2
drt: n_4889 2.2 2
drt: n_489 2 2
drt: n_4890 5.32 3
drt: n_4891 3.36 3
drt: n_4892 6.36 3
drt: n_4893 2.2 2
drt: n_4894 12.92 4
drt: n_4895 13.04 4
drt: n_4896 0.4 2
drt: n_4898 1.64 2
drt: n_4899 7.12 3
drt: n_49 1.44 2
drt: n_490 3.6 2
drt: n_4900 2.4 2
drt: n_4901 6.64 3
drt: n_4902 4.6 3
drt: n_4903 30.01 8
drt: n_4905 5.55 2
drt: n_4906 4.2 3
drt: n_4907 1.4 2
drt: n_4908 2.6 3
drt: n_4909 6.2 4
drt: n_491 1.4 2
drt: n_4911 6.24 4
drt: n_4912 6.64 3
drt: n_4913 3.4 2
drt: n_4914 32.65 8
drt: n_4915 20.44 4
drt: n_4916 10.17 6
drt: n_4917 5 2
drt: n_4918 1.2 2
drt: n_4919 9.99 4
drt: n_492 2 2
drt: n_4920 8.24 4
drt: n_4921 25.64 5
drt: n_4922 6 2
drt: n_4923 10.25 4
drt: n_4924 9.24 3
drt: n_4925 2 2
drt: n_4927 11.99 6
drt: n_4928 8.48 4
drt: n_4929 16.96 6
drt: n_493 5.8 2
drt: n_4931 0.6 2
drt: n_4932 7.12 4
drt: n_4933 10.2 3
drt: n_4934 1.4 2
drt: n_4935 8.6 3
drt: n_4936 13.04 6
drt: n_4937 34.93 7
drt: n_4938 4.6 3
drt: n_4939 33.2 8
drt: n_494 2.2 2
drt: n_4940 7.04 3
drt: n_4941 7.84 4
drt: n_4942 25.12 8
drt: n_4943 6.32 3
drt: n_4944 5.47 4
drt: n_4945 10.19 4
drt: n_4946 25.01 10
drt: n_4947 2 2
drt: n_4948 14.77 6
drt: n_4949 5.2 3
drt: n_495 1.6 2
drt: n_4950 4.2 2
drt: n_4951 9.92 4
drt: n_4952 12 4
drt: n_4953 8.12 4
drt: n_4954 4.4 2
drt: n_4955 4.64 3
drt: n_4956 8.7 5
drt: n_4957 16.96 5
drt: n_4958 11.12 4
drt: n_4959 5.8 3
drt: n_496 6.52 2
drt: n_4960 7.13 3
drt: n_4961 3.6 3
drt: n_4962 5.72 3
drt: n_4963 3.52 2
drt: n_4964 11.4 4
drt: n_4965 11.32 4
drt: n_4966 1.4 2
drt: n_4967 3.81 3
drt: n_4968 2.72 2
drt: n_4969 7.6 3
drt: n_497 3 2
drt: n_4970 11.24 6
drt: n_4971 4.44 2
drt: n_4972 9.72 4
drt: n_4973 2.2 2
drt: n_4974 16.16 4
drt: n_4975 2.2 2
drt: n_4976 5.6 3
drt: n_4977 5.8 3
drt: n_4978 5 2
drt: n_4979 1.32 2
drt: n_498 3.8 2
drt: n_4980 5.4 5
drt: n_4981 1.2 2
drt: n_4982 1.6 2
drt: n_4983 5.2 2
drt: n_4984 8.6 3
drt: n_4985 6.44 3
drt: n_4986 4 2
drt: n_4987 2.4 2
drt: n_4988 3.52 2
drt: n_4989 3.32 3
drt: n_499 2.92 2
drt: n_4990 0.4 2
drt: n_4991 10.01 5
drt: n_4992 31.64 9
drt: n_4993 4.2 2
drt: n_4994 2.6 2
drt: n_4995 5.6 3
drt: n_4996 1.2 2
drt: n_4997 7.4 5
drt: n_4998 4.16 4
drt: n_4999 3.56 3
drt: n_5 5.6 2
drt: n_50 2.2 2
drt: n_500 2.24 2
drt: n_5000 1.64 2
drt: n_5001 3.8 2
drt: n_5003 357.2 11
drt: n_5006 1.44 2
drt: n_501 3.4 2
drt: n_502 4.6 2
drt: n_5022 2.32 2
drt: n_5023 7.2 3
drt: n_5024 5 3
drt: n_5025 27.81 7
drt: n_5026 8.84 4
drt: n_5027 8.72 3
drt: n_5028 14.55 4
drt: n_503 1.2 2
drt: n_5031 3.6 3
drt: n_5032 25.36 9
drt: n_5034 10.4 5
drt: n_5035 1.64 2
drt: n_5036 5.64 4
drt: n_5038 3.8 2
drt: n_5039 10.24 5
drt: n_504 5.12 2
drt: n_5041 3.44 3
drt: n_5042 26.44 4
drt: n_5043 3.04 2
drt: n_5045 3.52 2
drt: n_5046 7.6 4
drt: n_5048 6.72 5
drt: n_5049 2.6 3
drt: n_505 2.4 2
drt: n_5050 2.4 2
drt: n_5054 1.4 2
drt: n_5055 3.72 2
drt: n_5056 1.6 2
drt: n_5057 10.48 4
drt: n_506 6.2 2
drt: n_5062 3.2 3
drt: n_5063 0.6 2
drt: n_5064 3.36 3
drt: n_5065 6.4 3
drt: n_5067 3.81 3
drt: n_5068 6.39 4
drt: n_5069 2.72 2
drt: n_507 6.2 2
drt: n_5071 3.6 2
drt: n_5072 1.4 2
drt: n_5073 2.64 2
drt: n_5074 6.2 4
drt: n_5075 1.8 2
drt: n_5076 11.67 5
drt: n_5078 1.6 2
drt: n_5079 2.84 2
drt: n_508 3.04 2
drt: n_5080 10.2 3
drt: n_5081 13.44 3
drt: n_5084 5.52 2
drt: n_5085 4 2
drt: n_5087 6 3
drt: n_5088 1.6 2
drt: n_5089 39.59 8
drt: n_509 2.4 2
drt: n_5090 3.8 2
drt: n_5091 14.72 3
drt: n_5092 1.8 2
drt: n_5093 8.52 3
drt: n_5094 6.4 3
drt: n_5095 28.76 8
drt: n_5096 4.32 3
drt: n_5097 1.6 2
drt: n_5098 32.84 6
drt: n_5099 20.6 5
drt: n_51 5.92 2
drt: n_510 3.12 2
drt: n_5100 3.4 3
drt: n_5101 3.6 3
drt: n_5102 3.04 3
drt: n_5103 1 2
drt: n_5104 5.2 2
drt: n_5105 8.13 5
drt: n_5106 2 2
drt: n_5107 17.92 5
drt: n_5108 8.24 4
drt: n_5109 3.6 3
drt: n_511 2.72 2
drt: n_5110 2.2 2
drt: n_5111 6.4 4
drt: n_5112 3.52 2
drt: n_5113 1.92 3
drt: n_5114 1.64 2
drt: n_5115 15 5
drt: n_5116 14.4 4
drt: n_5117 2 2
drt: n_5118 7 3
drt: n_5119 0.4 2
drt: n_512 4 2
drt: n_5120 3.8 2
drt: n_5121 16.81 4
drt: n_5122 4.32 2
drt: n_5123 8 3
drt: n_5124 2 2
drt: n_5125 5.48 5
drt: n_5126 7.32 4
drt: n_5127 11.6 4
drt: n_5128 4 3
drt: n_5129 0.6 2
drt: n_513 4.72 2
drt: n_5130 17.32 5
drt: n_5131 3.24 2
drt: n_5132 3.4 3
drt: n_5133 1.4 2
drt: n_5134 3.24 2
drt: n_5135 7.2 3
drt: n_5136 2.8 2
drt: n_5137 4.64 3
drt: n_5138 0.8 2
drt: n_5139 3.52 2
drt: n_514 6.12 2
drt: n_5140 8.2 3
drt: n_5141 3.8 2
drt: n_5142 2 2
drt: n_5143 3.12 2
drt: n_5144 4.23 3
drt: n_5145 2 2
drt: n_5146 2.8 3
drt: n_5147 2 2
drt: n_5148 3 2
drt: n_5149 14.2 4
drt: n_515 4 2
drt: n_5150 1.4 2
drt: n_5151 2.2 2
drt: n_5152 11.2 3
drt: n_5153 26.86 7
drt: n_5154 1.4 2
drt: n_5156 16.85 7
drt: n_5157 9.52 4
drt: n_5158 4.52 2
drt: n_5159 4.84 4
drt: n_516 2.64 2
drt: n_5160 2.72 2
drt: n_5161 7.13 5
drt: n_5162 4.6 2
drt: n_5163 4.8 3
drt: n_5164 6.8 3
drt: n_5165 1.2 2
drt: n_5166 9.47 4
drt: n_5167 2.2 2
drt: n_5168 0.6 2
drt: n_5169 2.6 2
drt: n_517 13.24 2
drt: n_5170 4.7 4
drt: n_5171 3.04 2
drt: n_5172 3 2
drt: n_5173 5.72 2
drt: n_5174 4.8 2
drt: n_5175 2 2
drt: n_5176 10.72 4
drt: n_5177 1.4 2
drt: n_5178 8.2 3
drt: n_5179 0.8 2
drt: n_518 6.32 2
drt: n_5180 27.2 8
drt: n_5181 1.6 2
drt: n_5182 1.92 2
drt: n_5183 1.4 2
drt: n_5185 4.4 3
drt: n_5186 1.72 2
drt: n_5187 5.85 3
drt: n_5188 0.6 2
drt: n_5189 5.52 3
drt: n_519 3 2
drt: n_5190 3.12 2
drt: n_5191 3.24 3
drt: n_5192 13.92 4
drt: n_5193 2.32 2
drt: n_5194 3.72 2
drt: n_5195 9.52 4
drt: n_5196 2 2
drt: n_5197 4.2 3
drt: n_5198 4.2 2
drt: n_5199 4.01 3
drt: n_52 1.8 2
drt: n_520 6.84 2
drt: n_5200 4.72 3
drt: n_5201 1 2
drt: n_5202 5.2 2
drt: n_5203 4.52 2
drt: n_5204 4.2 3
drt: n_5205 3.6 3
drt: n_5206 1 2
drt: n_5207 6.8 3
drt: n_5208 2.6 2
drt: n_5209 10.2 3
drt: n_521 0.4 2
drt: n_5210 3.2 3
drt: n_5211 3.6 3
drt: n_5212 2.8 3
drt: n_5213 4.2 3
drt: n_5214 3.4 2
drt: n_5215 5.2 4
drt: n_5216 16.8 5
drt: n_5217 4.4 3
drt: n_5218 5.92 3
drt: n_5219 1.6 3
drt: n_522 2.8 2
drt: n_5220 1.8 2
drt: n_5221 7.64 3
drt: n_5222 1.6 2
drt: n_5223 8.4 4
drt: n_5224 12.6 6
drt: n_5225 5.36 4
drt: n_5226 15.32 6
drt: n_5227 8 4
drt: n_5228 13.2 6
drt: n_5229 8.2 4
drt: n_523 5.32 2
drt: n_5230 10.24 4
drt: n_5231 14.16 6
drt: n_5232 6.24 4
drt: n_5233 4.75 3
drt: n_5234 1.8 2
drt: n_5235 9.15 3
drt: n_5236 1.2 2
drt: n_5237 2.4 2
drt: n_5238 6.2 2
drt: n_5239 10.73 4
drt: n_524 7.6 2
drt: n_5240 2.64 2
drt: n_5241 16.04 5
drt: n_5242 27.05 9
drt: n_5243 5.92 3
drt: n_5244 37.57 9
drt: n_5245 15.92 5
drt: n_5246 3.6 3
drt: n_5247 54.56 12
drt: n_5248 37.4 3
drt: n_5249 0.55 2
drt: n_525 11.8 2
drt: n_5250 6.68 4
drt: n_5251 8.35 5
drt: n_5252 70.42 8
drt: n_5253 9.8 4
drt: n_5254 1.64 2
drt: n_5255 2.2 2
drt: n_5256 79.76 8
drt: n_5257 3 2
drt: n_5258 4.2 2
drt: n_5259 1.6 2
drt: n_526 3.2 2
drt: n_5260 5.04 3
drt: n_5261 9 6
drt: n_5262 2.6 2
drt: n_5263 9.6 4
drt: n_5264 18.32 6
drt: n_5265 9 5
drt: n_5266 2.6 2
drt: n_5267 13 6
drt: n_5268 3.61 4
drt: n_5269 10.35 6
drt: n_527 1 2
drt: n_5270 11.4 4
drt: n_5271 32.37 11
drt: n_5272 53.2 6
drt: n_5273 9.84 4
drt: n_5274 4.32 3
drt: n_5275 33.26 8
drt: n_5276 7.75 4
drt: n_5277 11.56 4
drt: n_5278 9.64 4
drt: n_5279 3.93 3
drt: n_528 8.92 2
drt: n_5280 7.52 4
drt: n_5281 11 6
drt: n_5282 4.36 3
drt: n_5283 39.86 10
drt: n_5284 10.66 4
drt: n_5285 9 4
drt: n_5286 5.31 4
drt: n_5287 6.44 3
drt: n_5288 5.95 4
drt: n_5289 8.91 4
drt: n_529 7.24 2
drt: n_5290 11.2 4
drt: n_5291 25.09 7
drt: n_5292 7.45 4
drt: n_5293 46.23 12
drt: n_5294 9.99 4
drt: n_5295 4.8 3
drt: n_5296 43.9 9
drt: n_5297 5.55 4
drt: n_5298 7.52 4
drt: n_5299 9.4 5
drt: n_53 1.44 2
drt: n_530 1.72 2
drt: n_5300 2.4 2
drt: n_5301 7.04 3
drt: n_5302 22.44 7
drt: n_5303 6.72 4
drt: n_5304 7.47 4
drt: n_5305 10.28 4
drt: n_5306 9.52 4
drt: n_5307 8.27 4
drt: n_5308 3.8 5
drt: n_5309 28.26 7
drt: n_531 10.52 2
drt: n_5310 36.72 7
drt: n_5311 31.29 9
drt: n_5312 3.72 2
drt: n_5313 42.1 10
drt: n_5314 5.99 4
drt: n_5315 8.4 4
drt: n_5316 10.76 4
drt: n_5317 57.78 11
drt: n_5318 16.36 4
drt: n_5319 13.24 5
drt: n_532 3.32 2
drt: n_5320 6.15 4
drt: n_5321 3.21 3
drt: n_5322 24.95 6
drt: n_5323 28.44 2
drt: n_5324 13.72 3
drt: n_5325 17.75 5
drt: n_5326 28.52 4
drt: n_5327 90.96 10
drt: n_5328 4.04 3
drt: n_5329 9.16 5
drt: n_533 6.6 2
drt: n_5330 5.6 3
drt: n_5331 33.76 6
drt: n_5332 26.2 6
drt: n_5333 5.8 3
drt: n_5334 2.6 2
drt: n_5335 6.16 4
drt: n_5336 24.41 10
drt: n_5337 8.4 3
drt: n_5338 10.99 4
drt: n_5339 7.94 3
drt: n_534 3.8 2
drt: n_5340 4.84 4
drt: n_5341 0.6 2
drt: n_5342 5.4 4
drt: n_5343 2.44 2
drt: n_5344 7.74 5
drt: n_5345 12.79 5
drt: n_5346 6.84 3
drt: n_5347 6.6 4
drt: n_5348 9.21 4
drt: n_5349 11.6 4
drt: n_535 2.4 2
drt: n_5350 4.55 4
drt: n_5351 22.99 10
drt: n_5352 33.54 8
drt: n_5353 9.28 4
drt: n_5354 7.93 4
drt: n_5355 6.72 4
drt: n_5356 6.92 4
drt: n_5357 4.8 3
drt: n_5358 4.62 3
drt: n_5359 26.16 7
drt: n_536 2.6 2
drt: n_5360 50.01 11
drt: n_5361 8.79 4
drt: n_5362 40.52 10
drt: n_5363 25.35 4
drt: n_5364 8.28 4
drt: n_5365 25.41 9
drt: n_5366 7.75 4
drt: n_5367 15.72 5
drt: n_5368 15.92 4
drt: n_5369 57.78 11
drt: n_537 1.6 2
drt: n_5370 2.92 2
drt: n_5371 22.24 4
drt: n_5372 9.44 4
drt: n_5373 20.04 9
drt: n_5374 8.44 4
drt: n_5375 4.8 3
drt: n_5376 8.6 4
drt: n_5377 15.81 4
drt: n_5378 11 4
drt: n_538 3.92 2
drt: n_5380 11.59 4
drt: n_5381 23.98 7
drt: n_5382 2.15 2
drt: n_5383 10.4 5
drt: n_5384 14.53 5
drt: n_5385 2.6 3
drt: n_5386 12.47 4
drt: n_5387 40.32 11
drt: n_5388 18.05 7
drt: n_5389 9.27 4
drt: n_539 0.8 2
drt: n_5390 12.01 6
drt: n_5391 8.4 5
drt: n_5392 9.12 4
drt: n_5393 4.36 3
drt: n_5394 0.4 2
drt: n_5395 7.4 3
drt: n_5396 7.53 3
drt: n_5397 1.6 2
drt: n_5398 12.05 2
drt: n_5399 4 3
drt: n_54 1 2
drt: n_540 4.8 2
drt: n_5400 4.6 3
drt: n_5401 9.41 4
drt: n_5402 7.92 3
drt: n_5403 1.2 2
drt: n_5404 1.8 3
drt: n_5405 3.2 2
drt: n_5406 1.6 2
drt: n_5407 14.77 6
drt: n_5408 13.52 3
drt: n_5409 16.24 4
drt: n_541 4.04 2
drt: n_5410 3.64 2
drt: n_5411 13.61 5
drt: n_5412 2 2
drt: n_5414 1.72 2
drt: n_5415 48.88 11
drt: n_5416 4.24 3
drt: n_5417 11.64 4
drt: n_5418 52.73 13
drt: n_5419 1.8 2
drt: n_542 5.92 2
drt: n_5420 2.6 2
drt: n_5421 9.32 3
drt: n_5422 2.8 3
drt: n_5423 3.2 3
drt: n_5424 3.4 3
drt: n_5425 11.55 4
drt: n_5426 2.8 3
drt: n_5427 8.92 3
drt: n_5428 6.4 4
drt: n_5429 1.8 2
drt: n_543 5.6 2
drt: n_5430 22.64 10
drt: n_5431 12.37 6
drt: n_5432 3.96 3
drt: n_5433 6.32 3
drt: n_5434 6.12 2
drt: n_5435 18.12 6
drt: n_5436 12.6 5
drt: n_5437 13.52 4
drt: n_5438 1.6 2
drt: n_5439 2 2
drt: n_544 4 2
drt: n_5440 8.6 4
drt: n_5441 6.24 2
drt: n_5442 1.8 2
drt: n_5443 6.8 5
drt: n_5444 1.6 2
drt: n_5445 4.4 3
drt: n_5446 13.16 5
drt: n_5447 8.27 4
drt: n_5448 3.56 3
drt: n_5449 2.2 2
drt: n_545 3.04 2
drt: n_5450 6 4
drt: n_5451 8.4 3
drt: n_5452 2.4 2
drt: n_5453 13.56 4
drt: n_5454 7.4 3
drt: n_5455 4.4 2
drt: n_5456 15.44 4
drt: n_5457 5.12 3
drt: n_5458 4.12 2
drt: n_5459 4.24 3
drt: n_546 2.72 2
drt: n_5460 9.48 3
drt: n_5461 9.15 3
drt: n_5462 6.4 2
drt: n_5463 4.2 2
drt: n_5464 2.4 3
drt: n_5465 5.35 3
drt: n_5466 1.2 2
drt: n_5467 1.2 2
drt: n_5468 2.52 3
drt: n_5469 4.84 3
drt: n_547 2.6 2
drt: n_5470 1.8 2
drt: n_5471 8.4 4
drt: n_5472 1.64 2
drt: n_5473 2.44 2
drt: n_5474 2.2 2
drt: n_5475 1 2
drt: n_5476 11.6 4
drt: n_5477 1 2
drt: n_5478 9.53 4
drt: n_5479 6.4 3
drt: n_548 6.44 2
drt: n_5480 5.2 2
drt: n_5481 2.4 2
drt: n_5482 15.16 5
drt: n_5483 4.32 3
drt: n_5484 1.8 2
drt: n_5485 9.92 4
drt: n_5486 3.12 2
drt: n_5487 8.32 4
drt: n_5488 8.72 3
drt: n_5489 4 4
drt: n_549 4.4 2
drt: n_5490 4.95 3
drt: n_5491 2 2
drt: n_5492 7.6 3
drt: n_5493 5.12 3
drt: n_5494 7.6 3
drt: n_5495 1.2 2
drt: n_5496 18.84 4
drt: n_5497 3.2 2
drt: n_5498 11.12 4
drt: n_5499 1.8 2
drt: n_55 6.12 2
drt: n_550 3.2 2
drt: n_5500 30.6 4
drt: n_5501 62.44 9
drt: n_5502 3.44 3
drt: n_5503 5.32 3
drt: n_5504 1.6 2
drt: n_5505 28.04 4
drt: n_5506 2.2 2
drt: n_5507 5 3
drt: n_5508 1 2
drt: n_5509 4 3
drt: n_551 0.8 2
drt: n_5510 3.6 3
drt: n_5511 1.2 2
drt: n_5512 2.2 2
drt: n_5513 3.6 2
drt: n_5514 4.72 3
drt: n_5515 26.13 7
drt: n_5516 24.84 4
drt: n_5517 6.59 4
drt: n_5518 1.2 2
drt: n_5519 84.88 9
drt: n_552 2.84 2
drt: n_5520 17.85 4
drt: n_5521 9.2 3
drt: n_5522 3.12 2
drt: n_5523 1.4 2
drt: n_5524 33.96 7
drt: n_5525 7.72 3
drt: n_5526 3.32 2
drt: n_5527 1.4 2
drt: n_5528 16.6 4
drt: n_5529 2.8 2
drt: n_553 4 2
drt: n_5530 4.72 3
drt: n_5531 1.4 2
drt: n_5532 13.97 4
drt: n_5533 4.8 2
drt: n_5534 1.8 2
drt: n_5535 46.88 4
drt: n_5536 1.2 2
drt: n_5537 22.02 7
drt: n_5538 13.77 4
drt: n_5539 1.4 2
drt: n_554 2.72 2
drt: n_5540 6.59 4
drt: n_5541 2.24 2
drt: n_5542 6.2 3
drt: n_5543 2.6 2
drt: n_5544 1.4 2
drt: n_5545 1.8 2
drt: n_5546 9.52 4
drt: n_5547 1 2
drt: n_5548 12.4 3
drt: n_5549 8.4 4
drt: n_555 2 2
drt: n_5550 1.8 2
drt: n_5551 7.61 4
drt: n_5552 1 2
drt: n_5553 2.84 2
drt: n_5554 35.74 6
drt: n_5555 18.05 4
drt: n_5556 8.36 5
drt: n_5557 14.64 4
drt: n_5558 7.4 5
drt: n_5559 2.95 3
drt: n_556 2.2 2
drt: n_5560 1.2 2
drt: n_5561 15.32 4
drt: n_5562 1.6 2
drt: n_5563 3.95 3
drt: n_5564 1.64 2
drt: n_5565 10.85 4
drt: n_5566 2.8 2
drt: n_5567 8.16 4
drt: n_5568 1.2 2
drt: n_5569 6 4
drt: n_557 2.8 2
drt: n_5570 1.6 2
drt: n_5571 6.8 4
drt: n_5572 9.44 4
drt: n_5573 3.4 2
drt: n_5574 10.72 4
drt: n_5575 1 2
drt: n_5576 5.8 4
drt: n_5577 1.64 2
drt: n_5578 3.72 2
drt: n_5579 2.81 4
drt: n_558 3 2
drt: n_5580 2.2 2
drt: n_5581 12.4 4
drt: n_5582 2.2 2
drt: n_5583 13.32 4
drt: n_5584 1 2
drt: n_5585 10.52 4
drt: n_5586 1 2
drt: n_5587 8.76 4
drt: n_5588 1.64 2
drt: n_5589 9.8 4
drt: n_559 5.12 2
drt: n_5590 1.8 2
drt: n_5591 4.12 3
drt: n_5592 3.32 3
drt: n_5593 15.61 4
drt: n_5594 1.6 2
drt: n_5595 2.2 2
drt: n_5596 11.2 5
drt: n_5597 13.4 4
drt: n_5598 4 2
drt: n_56 7.56 2
drt: n_560 2 2
drt: n_5600 4.52 2
drt: n_5601 5.4 3
drt: n_5602 1.4 2
drt: n_5603 3.12 3
drt: n_5604 1 2
drt: n_5605 5.44 3
drt: n_5606 12.2 4
drt: n_5607 1 2
drt: n_5608 27.65 4
drt: n_5609 1 2
drt: n_561 6.4 2
drt: n_5610 4.2 2
drt: n_5611 4.44 4
drt: n_5612 4.2 3
drt: n_5613 2.2 2
drt: n_5614 10.92 4
drt: n_5615 6.92 2
drt: n_5616 5 4
drt: n_5617 5.04 3
drt: n_5618 1.64 2
drt: n_5619 11.4 4
drt: n_562 4.8 2
drt: n_5620 1.2 2
drt: n_5621 2.52 2
drt: n_5622 7.81 3
drt: n_5623 1 2
drt: n_5624 7.52 4
drt: n_5625 2.6 2
drt: n_5626 10.6 4
drt: n_5627 0.6 2
drt: n_5628 2.52 2
drt: n_5629 4.8 2
drt: n_563 2.4 2
drt: n_5630 2.2 2
drt: n_5631 2.2 2
drt: n_5632 2.44 2
drt: n_5633 13.4 6
drt: n_5634 1.8 2
drt: n_5635 10.05 3
drt: n_5636 4 2
drt: n_5637 3.72 2
drt: n_5638 4.16 3
drt: n_5639 17.64 5
drt: n_564 6.4 2
drt: n_5640 3.6 3
drt: n_5641 3.2 2
drt: n_5642 10.92 5
drt: n_5643 4.41 3
drt: n_5644 1.2 2
drt: n_5645 7.8 5
drt: n_5646 3.96 3
drt: n_5647 1.32 2
drt: n_5648 2.2 2
drt: n_5649 17.07 3
drt: n_565 4.32 2
drt: n_5650 11.72 4
drt: n_5651 1 2
drt: n_5652 2.8 3
drt: n_5653 3.8 3
drt: n_5654 5 3
drt: n_5655 1 2
drt: n_5656 4.92 3
drt: n_5657 2.6 3
drt: n_5658 3.2 2
drt: n_5659 16.25 4
drt: n_566 5.8 2
drt: n_5660 6.2 4
drt: n_5661 10.8 4
drt: n_5662 6.4 4
drt: n_5663 12.6 4
drt: n_5664 9.96 4
drt: n_5665 4.4 2
drt: n_5666 33.8 7
drt: n_5667 14.4 4
drt: n_5668 3.6 3
drt: n_5669 10.81 5
drt: n_567 4.2 2
drt: n_5670 9.6 3
drt: n_5671 6.6 2
drt: n_5672 5.6 3
drt: n_5673 4.4 2
drt: n_5674 5.12 3
drt: n_5675 11.2 4
drt: n_5676 1.6 2
drt: n_5677 89.69 9
drt: n_5678 11.2 4
drt: n_5679 82.14 10
drt: n_568 4.64 2
drt: n_5680 74.28 9
drt: n_5681 13 4
drt: n_5682 10.01 4
drt: n_5683 8.2 3
drt: n_5684 3.84 3
drt: n_5685 12.2 5
drt: n_5686 6.36 3
drt: n_5687 1.64 2
drt: n_5688 4.12 3
drt: n_5689 21.45 8
drt: n_569 11.2 2
drt: n_5690 9.24 3
drt: n_5691 24.84 9
drt: n_5692 3.4 3
drt: n_5693 4.24 3
drt: n_5694 5.41 4
drt: n_5695 7.12 4
drt: n_5696 2.2 2
drt: n_5697 2 2
drt: n_5698 2.95 2
drt: n_5699 29.81 10
drt: n_57 1.2 2
drt: n_570 1.8 2
drt: n_5700 14.4 6
drt: n_5701 7.8 6
drt: n_5702 27.04 4
drt: n_5703 9.52 5
drt: n_5704 13.95 4
drt: n_5705 10.8 3
drt: n_5706 13.12 4
drt: n_5707 1.52 2
drt: n_5708 5.8 3
drt: n_5709 1 2
drt: n_571 2.4 2
drt: n_5710 1.4 2
drt: n_5711 3.2 3
drt: n_5712 6.84 3
drt: n_5713 7.2 4
drt: n_5714 2.92 3
drt: n_5715 1.4 2
drt: n_5716 10.81 5
drt: n_5717 4.8 3
drt: n_5718 6.04 3
drt: n_5719 1.4 2
drt: n_572 10.2 2
drt: n_5720 2.6 2
drt: n_5721 4.61 3
drt: n_5722 1.4 2
drt: n_5723 14.16 6
drt: n_5724 2.2 2
drt: n_5725 5.21 3
drt: n_5726 2.6 2
drt: n_5727 11.24 5
drt: n_5728 4.6 3
drt: n_5729 3.76 3
drt: n_573 5.2 2
drt: n_5730 7 4
drt: n_5731 2.6 3
drt: n_5732 13.2 5
drt: n_5733 3.72 2
drt: n_5734 9.72 4
drt: n_5735 1 2
drt: n_5736 3 3
drt: n_5737 1.4 2
drt: n_5738 1.2 2
drt: n_5739 1.6 2
drt: n_574 11.04 2
drt: n_5740 13.24 6
drt: n_5741 4.8 3
drt: n_5742 41.73 9
drt: n_5743 11.4 5
drt: n_5744 1.8 2
drt: n_5745 41.88 7
drt: n_5746 5.2 3
drt: n_5747 10.44 3
drt: n_5748 9.8 3
drt: n_5749 8.04 5
drt: n_575 2.4 2
drt: n_5750 4.04 3
drt: n_5751 18.25 6
drt: n_5752 9.04 5
drt: n_5753 5.4 3
drt: n_5754 40.56 10
drt: n_5755 9.96 4
drt: n_5756 8.32 5
drt: n_5757 38.44 9
drt: n_5758 4.24 3
drt: n_5759 2.21 3
drt: n_576 9.12 2
drt: n_5760 1.4 2
drt: n_5761 29.64 6
drt: n_5762 14.36 3
drt: n_5763 5.6 4
drt: n_5764 3.8 3
drt: n_5765 1.64 2
drt: n_5766 11.07 3
drt: n_5767 2 2
drt: n_5768 2.12 2
drt: n_5769 9.16 4
drt: n_577 1.44 2
drt: n_5770 2.2 2
drt: n_5771 17.69 4
drt: n_5772 15.76 6
drt: n_5773 2 2
drt: n_5774 5.84 3
drt: n_5775 3.04 2
drt: n_5776 3.04 2
drt: n_5777 12.12 4
drt: n_5778 4.32 3
drt: n_5779 1 2
drt: n_578 7.8 2
drt: n_5780 5.12 3
drt: n_5781 1.64 2
drt: n_5782 8.64 2
drt: n_5783 2 2
drt: n_5784 13.8 4
drt: n_5785 5.92 2
drt: n_5786 4.76 3
drt: n_5787 2.04 2
drt: n_5788 5.21 3
drt: n_5789 10.04 5
drt: n_579 5.4 2
drt: n_5790 5.81 5
drt: n_5791 1.8 2
drt: n_5792 2.64 2
drt: n_5793 3.6 3
drt: n_5794 2.8 2
drt: n_5795 4.24 3
drt: n_5796 2.12 2
drt: n_5797 2.45 3
drt: n_5798 3.32 2
drt: n_5799 2.6 3
drt: n_58 7.32 2
drt: n_580 2.2 2
drt: n_5800 2 2
drt: n_5801 4.8 3
drt: n_5802 1.8 2
drt: n_5803 3.84 3
drt: n_5804 2.32 2
drt: n_5805 7.93 4
drt: n_5806 2.44 2
drt: n_5807 9.88 4
drt: n_5808 6.44 3
drt: n_5809 2.2 2
drt: n_581 1.64 2
drt: n_5810 9.44 4
drt: n_5811 7 3
drt: n_5812 5 2
drt: n_5813 8.2 4
drt: n_5814 8.2 3
drt: n_5815 6.6 2
drt: n_5816 8.82 3
drt: n_5817 6.52 2
drt: n_5818 4.61 3
drt: n_5819 2 2
drt: n_582 3 2
drt: n_5820 14.6 7
drt: n_5821 7.72 4
drt: n_5822 21.73 6
drt: n_5823 5.52 4
drt: n_5824 16.84 6
drt: n_5825 56 12
drt: n_5826 7.44 5
drt: n_5827 24.22 9
drt: n_5828 10.41 4
drt: n_5829 0.6 2
drt: n_583 1.6 2
drt: n_5830 4.72 4
drt: n_5831 6.73 4
drt: n_5832 15.46 7
drt: n_5833 1 2
drt: n_5834 3.12 2
drt: n_5835 15.32 4
drt: n_5836 1 2
drt: n_5837 6.8 4
drt: n_5838 14.8 7
drt: n_5839 32.08 7
drt: n_584 5.8 2
drt: n_5840 5.72 3
drt: n_5841 1.8 2
drt: n_5842 3.04 2
drt: n_5843 1.8 2
drt: n_5844 18.81 7
drt: n_5845 7.75 3
drt: n_5846 2 2
drt: n_5847 7.72 3
drt: n_5848 13.32 5
drt: n_5849 35.97 8
drt: n_585 2 2
drt: n_5850 15.96 6
drt: n_5851 10.4 5
drt: n_5852 15.52 6
drt: n_5853 13.52 6
drt: n_5854 9.52 5
drt: n_5855 34.56 7
drt: n_5856 2.8 3
drt: n_5857 6.32 3
drt: n_5858 4.84 3
drt: n_5859 8.21 4
drt: n_586 4.32 2
drt: n_5860 38.49 10
drt: n_5861 5.44 4
drt: n_5862 12.21 5
drt: n_5863 7.4 3
drt: n_5864 10.06 5
drt: n_5865 2 2
drt: n_5866 10.65 6
drt: n_5867 20.24 5
drt: n_5868 7.92 5
drt: n_5869 52.69 9
drt: n_587 3.4 2
drt: n_5870 6.4 4
drt: n_5871 12.44 5
drt: n_5872 48.57 12
drt: n_5873 15.92 5
drt: n_5874 9.66 5
drt: n_5875 7.6 2
drt: n_5876 3.6 3
drt: n_5877 6.81 4
drt: n_5878 3.4 3
drt: n_5879 3.8 2
drt: n_588 4.52 2
drt: n_5880 11.64 6
drt: n_5881 35.72 9
drt: n_5882 11.61 5
drt: n_5883 5.93 3
drt: n_5884 22.56 5
drt: n_5885 12.8 5
drt: n_5886 5.8 3
drt: n_5887 7.88 4
drt: n_5888 15.36 7
drt: n_5889 11.12 5
drt: n_589 10.92 2
drt: n_5890 4.2 3
drt: n_5891 7.12 4
drt: n_5892 7.84 4
drt: n_5893 6.4 5
drt: n_5894 1.92 2
drt: n_5895 1.8 2
drt: n_5896 1.6 2
drt: n_5897 3.8 2
drt: n_5898 2.4 2
drt: n_5899 2.8 2
drt: n_59 0.8 2
drt: n_590 10.2 2
drt: n_5900 41.76 8
drt: n_5901 9.2 5
drt: n_5902 14.68 6
drt: n_5903 5.6 4
drt: n_5904 5.18 5
drt: n_5905 32.61 8
drt: n_5906 3.6 3
drt: n_5907 11.2 4
drt: n_5908 6.2 3
drt: n_5909 1.4 2
drt: n_591 2.6 2
drt: n_5910 9.2 3
drt: n_5911 5.96 2
drt: n_5912 6.6 2
drt: n_5913 16.52 7
drt: n_5914 47.17 6
drt: n_5915 9.92 4
drt: n_5916 25.04 7
drt: n_5917 1.6 2
drt: n_5918 16.72 5
drt: n_5919 4.4 3
drt: n_592 4.72 2
drt: n_5920 2.6 2
drt: n_5921 3.92 3
drt: n_5922 9.6 6
drt: n_5923 11.48 5
drt: n_5924 3 2
drt: n_5925 6 4
drt: n_5926 28.2 8
drt: n_5927 2.44 2
drt: n_5928 21.73 7
drt: n_5929 13.84 5
drt: n_593 1.64 2
drt: n_5930 10.85 5
drt: n_5931 32.16 11
drt: n_5932 7.44 4
drt: n_5933 5.56 3
drt: n_5934 11.2 5
drt: n_5935 3.92 2
drt: n_5936 9.81 4
drt: n_5937 3.2 3
drt: n_5938 19.48 6
drt: n_5939 98.6 11
drt: n_594 1.6 2
drt: n_5940 49.72 9
drt: n_5941 5.45 3
drt: n_5942 5.32 4
drt: n_5943 8.64 6
drt: n_5944 3.2 2
drt: n_5945 3.4 2
drt: n_5946 1.8 2
drt: n_5947 3.12 2
drt: n_5948 8.24 2
drt: n_5949 3.6 2
drt: n_595 0.6 2
drt: n_5950 1.6 2
drt: n_5951 2.6 2
drt: n_5952 4.92 2
drt: n_5953 7.8 4
drt: n_5954 1.8 2
drt: n_5955 1.8 2
drt: n_5956 9.24 5
drt: n_5957 5.12 3
drt: n_5958 9.24 5
drt: n_5959 6.64 4
drt: n_596 3.44 2
drt: n_5960 3 2
drt: n_5961 8 5
drt: n_5962 34.68 9
drt: n_5963 45.45 10
drt: n_5964 1 2
drt: n_5965 7.36 3
drt: n_5966 1.8 2
drt: n_5967 4.12 2
drt: n_5968 76.04 6
drt: n_5969 17.72 5
drt: n_597 7 2
drt: n_5970 9.52 3
drt: n_5971 2.84 2
drt: n_5972 5.04 3
drt: n_5973 2.4 2
drt: n_5974 2.8 2
drt: n_5975 2.56 3
drt: n_5976 3.2 2
drt: n_5977 49.21 8
drt: n_5978 8.64 3
drt: n_5979 51 10
drt: n_598 3.72 2
drt: n_5980 16.77 6
drt: n_5981 7.4 3
drt: n_5983 1.2 2
drt: n_5984 8.13 3
drt: n_5985 2.2 2
drt: n_5986 29.08 8
drt: n_5987 44.65 10
drt: n_5988 54.4 9
drt: n_5989 6 4
drt: n_599 4.92 2
drt: n_5990 2.2 3
drt: n_5991 6.41 3
drt: n_5992 4.44 3
drt: n_5993 8.8 3
drt: n_5994 4.4 3
drt: n_5995 9.92 3
drt: n_5996 3.4 2
drt: n_5997 2.4 2
drt: n_5998 4.04 3
drt: n_5999 1.2 2
drt: n_6 1.8 2
drt: n_60 3.2 2
drt: n_600 2.8 2
drt: n_6000 22.96 7
drt: n_6001 4.8 3
drt: n_6002 5.2 3
drt: n_6003 1.2 2
drt: n_6004 0.6 2
drt: n_6005 7.75 4
drt: n_6006 4.8 2
drt: n_6007 7.76 4
drt: n_6008 2.84 2
drt: n_6009 1.8 2
drt: n_601 8.52 2
drt: n_6010 3.44 3
drt: n_6011 11 4
drt: n_6012 1.4 2
drt: n_6013 14.92 5
drt: n_6014 5 3
drt: n_6015 13.12 5
drt: n_6016 2.4 2
drt: n_6017 11.4 4
drt: n_6018 4 2
drt: n_6019 6 2
drt: n_602 5.32 2
drt: n_6020 0.6 2
drt: n_6021 60.44 5
drt: n_6022 14.12 5
drt: n_6023 21.56 5
drt: n_6024 1 2
drt: n_6025 0.6 2
drt: n_6026 8.8 4
drt: n_6027 8.4 3
drt: n_6028 3.8 2
drt: n_6029 1.6 2
drt: n_603 8.8 2
drt: n_6030 5.36 3
drt: n_6031 1 2
drt: n_6032 13.52 6
drt: n_6033 3.55 3
drt: n_6034 3.32 2
drt: n_6035 1.6 2
drt: n_6036 2.32 2
drt: n_6037 3 2
drt: n_6038 3.12 2
drt: n_604 1.2 2
drt: n_6040 3.64 2
drt: n_6041 1.6 2
drt: n_6042 10.96 4
drt: n_6043 4.84 2
drt: n_6044 5.53 4
drt: n_6045 3.12 2
drt: n_6046 6.52 2
drt: n_6047 8.12 4
drt: n_6048 2.44 2
drt: n_6049 17.2 4
drt: n_605 3.24 2
drt: n_6050 4.12 3
drt: n_6051 2.4 2
drt: n_6052 12.8 4
drt: n_6053 6.35 3
drt: n_6054 1 2
drt: n_6055 5.4 4
drt: n_6056 4.35 3
drt: n_6057 1.8 2
drt: n_6058 16.15 4
drt: n_6059 4.4 3
drt: n_606 6.32 2
drt: n_6060 1.2 2
drt: n_6061 14 4
drt: n_6062 4.55 3
drt: n_6063 1.2 2
drt: n_6064 8.15 4
drt: n_6065 2.96 3
drt: n_6066 1.2 2
drt: n_6067 12.32 4
drt: n_6068 7.16 3
drt: n_6069 2.6 2
drt: n_607 2.6 2
drt: n_6070 59.36 3
drt: n_6071 2.52 2
drt: n_6072 3.6 2
drt: n_6073 2.2 3
drt: n_6074 2.2 2
drt: n_6075 6.44 4
drt: n_6076 4.04 3
drt: n_6077 1.8 2
drt: n_6078 9.84 4
drt: n_6079 5.47 3
drt: n_608 7.92 2
drt: n_6080 2.92 2
drt: n_6081 26.04 4
drt: n_6082 23.96 4
drt: n_6083 6 4
drt: n_6084 7.72 3
drt: n_6085 1.6 2
drt: n_6086 2.6 3
drt: n_6087 8.6 3
drt: n_6088 2.2 2
drt: n_6089 5 2
drt: n_609 2.2 2
drt: n_6090 5.87 3
drt: n_6091 2.6 2
drt: n_6092 11.2 3
drt: n_6093 6.2 2
drt: n_6094 4.72 2
drt: n_6095 7.92 4
drt: n_6096 3.12 3
drt: n_6097 1.4 2
drt: n_6098 7.25 4
drt: n_6099 4.24 3
drt: n_61 6.6 2
drt: n_610 0.8 2
drt: n_6100 1 2
drt: n_6101 10.52 4
drt: n_6102 6.6 3
drt: n_6103 3.4 2
drt: n_6104 20.89 4
drt: n_6105 3.92 3
drt: n_6106 1.8 2
drt: n_6107 10.15 4
drt: n_6108 3.4 3
drt: n_6109 1.8 2
drt: n_611 3.72 2
drt: n_6110 15.8 4
drt: n_6111 7.15 3
drt: n_6112 1 2
drt: n_6113 13.8 4
drt: n_6114 9.27 3
drt: n_6115 4.8 2
drt: n_6116 4.2 2
drt: n_6117 4.95 3
drt: n_6118 1.6 2
drt: n_6119 8.32 4
drt: n_612 8.92 2
drt: n_6120 4.8 3
drt: n_6121 1.8 2
drt: n_6122 12.96 4
drt: n_6123 8.35 3
drt: n_6124 3.12 2
drt: n_6125 7.67 4
drt: n_6126 4.64 3
drt: n_6127 2.44 2
drt: n_6128 7.76 4
drt: n_6129 3.72 3
drt: n_613 6 2
drt: n_6130 1.4 2
drt: n_6131 3.84 3
drt: n_6132 1.64 2
drt: n_6133 7.53 4
drt: n_6134 2.67 3
drt: n_6135 2.4 2
drt: n_6136 12.02 4
drt: n_6137 5.2 3
drt: n_6138 3.4 2
drt: n_6139 9.59 4
drt: n_614 3.44 2
drt: n_6140 4.6 3
drt: n_6141 1.2 2
drt: n_6142 7.24 4
drt: n_6143 9.15 3
drt: n_6144 6.12 2
drt: n_6145 9.25 4
drt: n_6146 4.55 3
drt: n_6147 2.6 2
drt: n_6148 10.32 4
drt: n_6149 4.04 3
drt: n_615 2.2 2
drt: n_6150 1.4 2
drt: n_6151 1 2
drt: n_6152 5.35 3
drt: n_6153 1.2 2
drt: n_6154 1.6 2
drt: n_6155 2.92 3
drt: n_6156 1.4 2
drt: n_6157 7.52 2
drt: n_6158 5.32 3
drt: n_6159 3.72 2
drt: n_616 4.2 2
drt: n_6160 5.56 3
drt: n_6161 12.56 4
drt: n_6162 5.12 3
drt: n_6163 1.2 2
drt: n_6164 8.64 4
drt: n_6165 4.21 3
drt: n_6166 2 2
drt: n_6167 6.8 3
drt: n_6168 2 2
drt: n_6169 7.04 4
drt: n_617 6.52 2
drt: n_6170 2.95 3
drt: n_6171 1.4 2
drt: n_6172 14.41 4
drt: n_6173 9.15 3
drt: n_6174 4.8 2
drt: n_6175 11 4
drt: n_6176 4.75 3
drt: n_6177 1.4 2
drt: n_6178 1.6 2
drt: n_6179 2.55 3
drt: n_618 3.2 2
drt: n_6180 1.4 2
drt: n_6181 13.24 4
drt: n_6182 2.75 3
drt: n_6183 2.2 2
drt: n_6184 18.64 4
drt: n_6185 7.52 3
drt: n_6186 4 2
drt: n_6187 10.92 4
drt: n_6188 5.95 3
drt: n_6189 1.8 2
drt: n_619 1.8 2
drt: n_6190 8.28 4
drt: n_6191 8.93 3
drt: n_6192 4.2 2
drt: n_6193 13 4
drt: n_6194 4.92 3
drt: n_6195 2.6 2
drt: n_6196 1.2 2
drt: n_6197 2.4 2
drt: n_6198 6.95 3
drt: n_6199 1.4 2
drt: n_62 1.6 2
drt: n_620 3.72 2
drt: n_6200 7.85 4
drt: n_6201 4.95 3
drt: n_6202 2.8 2
drt: n_6203 4.16 3
drt: n_6204 14.6 7
drt: n_6205 5.15 3
drt: n_6206 1.2 2
drt: n_6207 5.89 3
drt: n_6208 1.6 2
drt: n_6209 27.76 6
drt: n_621 6.92 2
drt: n_6210 3.35 3
drt: n_6211 1.8 2
drt: n_6212 1.8 2
drt: n_6213 11.77 5
drt: n_6214 4.81 3
drt: n_6215 1.6 2
drt: n_6216 17.13 6
drt: n_6217 9.35 3
drt: n_6218 1 2
drt: n_6219 12.48 6
drt: n_622 2.6 2
drt: n_6220 5.47 3
drt: n_6221 5.12 2
drt: n_6222 7.6 3
drt: n_6223 16.04 4
drt: n_6224 2.2 2
drt: n_6225 5.35 3
drt: n_6226 5.2 2
drt: n_6227 3.2 3
drt: n_6228 7.72 3
drt: n_6229 2.8 3
drt: n_623 4.4 2
drt: n_6230 12.2 4
drt: n_6231 6.81 3
drt: n_6232 4.8 2
drt: n_6233 3.13 3
drt: n_6234 5.72 3
drt: n_6235 1.8 2
drt: n_6236 2.4 2
drt: n_6237 3.84 2
drt: n_6238 1.61 3
drt: n_6239 0.6 2
drt: n_624 4.8 2
drt: n_6240 5.72 3
drt: n_6241 8.21 3
drt: n_6242 6.8 3
drt: n_6243 1.41 3
drt: n_6244 2.01 3
drt: n_6245 6.32 3
drt: n_6246 5.12 3
drt: n_6247 10.2 3
drt: n_6248 6.48 3
drt: n_6249 3.64 3
drt: n_625 13.72 2
drt: n_6250 5.8 3
drt: n_6251 3.33 3
drt: n_6252 8.13 3
drt: n_6253 10.4 3
drt: n_6254 3.64 2
drt: n_6255 1.21 3
drt: n_6256 7.4 3
drt: n_6257 2.8 3
drt: n_6258 5.16 3
drt: n_6259 4.6 3
drt: n_626 1.2 2
drt: n_6260 1.4 2
drt: n_6261 1.2 2
drt: n_6262 3.54 3
drt: n_6263 6.32 3
drt: n_6264 2.8 3
drt: n_6265 3.4 3
drt: n_6266 11.36 3
drt: n_6267 5.4 3
drt: n_6268 15.72 3
drt: n_6269 3.4 3
drt: n_627 2.04 2
drt: n_6270 4.6 3
drt: n_6271 1.8 3
drt: n_6272 6.32 3
drt: n_6273 4.92 3
drt: n_6274 3.61 3
drt: n_6275 1.44 2
drt: n_6276 19.92 4
drt: n_6277 1 2
drt: n_6278 9.2 3
drt: n_6279 2 2
drt: n_628 2.24 2
drt: n_6280 3.32 2
drt: n_6281 3.72 2
drt: n_6282 3.8 4
drt: n_6283 2 2
drt: n_6284 5 3
drt: n_6285 10.33 6
drt: n_6286 7.16 3
drt: n_6287 1.64 2
drt: n_6288 6 4
drt: n_6289 0.6 2
drt: n_629 12.32 2
drt: n_6290 1.4 2
drt: n_6291 11.4 3
drt: n_6292 1.6 2
drt: n_6293 4.6 3
drt: n_6294 5 3
drt: n_6295 4.2 3
drt: n_6296 28.9 6
drt: n_6297 25.96 4
drt: n_6298 12.2 2
drt: n_6299 3.6 3
drt: n_63 4.72 2
drt: n_630 5 2
drt: n_6300 1 2
drt: n_6301 8.32 3
drt: n_6302 2.24 2
drt: n_6303 5.24 3
drt: n_6304 6.33 4
drt: n_6305 2.44 2
drt: n_6306 1.4 2
drt: n_6307 9 4
drt: n_6308 8.21 4
drt: n_6309 3 2
drt: n_631 7.6 2
drt: n_6310 3.8 3
drt: n_6311 5.93 4
drt: n_6312 0.6 2
drt: n_6313 4.2 3
drt: n_6314 1 2
drt: n_6315 9.55 4
drt: n_6316 6.76 3
drt: n_6317 15.32 4
drt: n_6318 7.2 3
drt: n_6319 1.4 2
drt: n_632 2.24 2
drt: n_6320 2.8 3
drt: n_6321 8 3
drt: n_6322 3.4 3
drt: n_6323 3.72 3
drt: n_6324 1.8 2
drt: n_6325 13.92 4
drt: n_6326 1.4 2
drt: n_6327 2.4 3
drt: n_6328 2.6 3
drt: n_6329 0.6 2
drt: n_633 4.72 2
drt: n_6330 13.48 4
drt: n_6331 6.72 3
drt: n_6332 3.6 3
drt: n_6333 6.2 3
drt: n_6334 9.12 4
drt: n_6335 23.85 4
drt: n_6336 7.44 4
drt: n_6337 5.13 3
drt: n_6338 4.21 4
drt: n_6339 5.54 4
drt: n_634 7.2 2
drt: n_6340 20.04 4
drt: n_6341 9.64 5
drt: n_6342 10.2 5
drt: n_6343 4.33 4
drt: n_6344 7.6 4
drt: n_6345 8 4
drt: n_6346 15.57 4
drt: n_6347 8.44 4
drt: n_6348 10.68 4
drt: n_6349 6 4
drt: n_635 6.2 2
drt: n_6350 32.28 9
drt: n_6351 41.64 9
drt: n_6352 7.56 4
drt: n_6353 1 2
drt: n_6354 5 3
drt: n_6355 3.85 4
drt: n_6356 3.4 3
drt: n_6357 14.52 4
drt: n_6358 6.8 4
drt: n_6359 5.36 4
drt: n_636 4.6 2
drt: n_6360 5.12 3
drt: n_6361 10.32 4
drt: n_6362 16.73 5
drt: n_6363 2.8 4
drt: n_6364 7.4 5
drt: n_6365 7.73 3
drt: n_6366 11.8 4
drt: n_6367 5.92 3
drt: n_6368 9 4
drt: n_6369 7.8 5
drt: n_637 1.4 2
drt: n_6370 1.2 2
drt: n_6371 9.04 4
drt: n_6372 11.36 6
drt: n_6373 5.39 4
drt: n_6374 24.4 5
drt: n_6375 23.4 4
drt: n_6376 17 3
drt: n_6377 7.4 3
drt: n_6378 8 3
drt: n_6379 11.8 5
drt: n_638 1 2
drt: n_6380 30.53 9
drt: n_6381 12.93 5
drt: n_6382 19.2 5
drt: n_6383 15.12 3
drt: n_6384 9.32 4
drt: n_6385 12.2 4
drt: n_6386 9.93 3
drt: n_6387 19.25 6
drt: n_6388 7.2 5
drt: n_6389 15.8 4
drt: n_639 7.92 2
drt: n_6390 8.64 3
drt: n_6391 12.6 4
drt: n_6392 1.4 2
drt: n_6393 8.04 4
drt: n_6394 9.65 4
drt: n_6395 6.53 4
drt: n_6396 10.4 4
drt: n_6397 7.64 4
drt: n_6398 14.12 4
drt: n_6399 6.27 3
drt: n_64 9 2
drt: n_640 6.92 2
drt: n_6400 2.8 2
drt: n_6401 2 2
drt: n_6402 8.04 3
drt: n_6403 7.2 3
drt: n_6404 1 2
drt: n_6405 12.4 8
drt: n_6406 5.8 3
drt: n_6407 1.2 2
drt: n_6408 3.24 2
drt: n_6409 16.48 8
drt: n_641 2.4 2
drt: n_6410 4.6 3
drt: n_6411 1 2
drt: n_6412 3 3
drt: n_6413 1.2 2
drt: n_6414 4.8 3
drt: n_6415 5.8 3
drt: n_6416 17.36 5
drt: n_6417 4.8 4
drt: n_6418 1 2
drt: n_6419 4.2 3
drt: n_642 1.4 2
drt: n_6420 34.76 10
drt: n_6421 5.36 3
drt: n_6422 3 2
drt: n_6423 6.4 2
drt: n_6424 4.72 2
drt: n_6425 9.8 4
drt: n_6426 7 3
drt: n_6427 1 2
drt: n_6428 5.72 2
drt: n_6429 6.53 4
drt: n_643 4.72 2
drt: n_6430 4.4 2
drt: n_6431 2.2 2
drt: n_6432 7.33 3
drt: n_6433 4 2
drt: n_6434 9 5
drt: n_6435 10.27 4
drt: n_6436 3.76 3
drt: n_6437 35.56 7
drt: n_6438 9 4
drt: n_6439 8 3
drt: n_644 4.92 2
drt: n_6440 1.6 2
drt: n_6441 4.8 3
drt: n_6442 4.8 2
drt: n_6443 6.6 3
drt: n_6444 0.8 2
drt: n_6445 10.24 3
drt: n_6446 5.12 2
drt: n_6447 6.04 4
drt: n_6448 3.72 2
drt: n_6449 7.36 5
drt: n_645 3.4 2
drt: n_6450 10.52 5
drt: n_6451 13.92 3
drt: n_6452 1.81 3
drt: n_6453 2.6 2
drt: n_6454 6.32 3
drt: n_6455 0.8 2
drt: n_6456 2.15 2
drt: n_6457 9.24 4
drt: n_6458 5.8 3
drt: n_6459 0.8 2
drt: n_646 10.4 2
drt: n_6460 2.21 2
drt: n_6461 7.64 3
drt: n_6462 1.61 3
drt: n_6463 1.6 2
drt: n_6464 9.4 4
drt: n_6465 3.61 4
drt: n_6466 2.8 2
drt: n_6467 2.6 2
drt: n_6468 6.8 3
drt: n_6469 1.4 2
drt: n_647 7.6 2
drt: n_6470 3.4 3
drt: n_6471 1.04 2
drt: n_6472 6.01 4
drt: n_6473 4.6 3
drt: n_6474 5.4 3
drt: n_6475 11.16 6
drt: n_6476 10.99 6
drt: n_6477 8.44 4
drt: n_6478 11.84 4
drt: n_6479 2.55 2
drt: n_648 0.8 2
drt: n_6480 1.6 2
drt: n_6481 74.8 3
drt: n_6482 7.8 2
drt: n_6483 55.77 9
drt: n_6484 6.55 2
drt: n_6485 5.2 2
drt: n_6486 4.15 2
drt: n_6487 1.32 2
drt: n_6488 34.32 7
drt: n_6489 2.75 2
drt: n_649 2.2 2
drt: n_6490 1.32 2
drt: n_6491 2.92 2
drt: n_6492 78.96 9
drt: n_6493 11.67 2
drt: n_6494 90.09 7
drt: n_6495 4.27 2
drt: n_6496 44.44 10
drt: n_6497 1.75 2
drt: n_6498 2.6 2
drt: n_6499 2.15 2
drt: n_65 3.92 2
drt: n_650 3.2 2
drt: n_6500 21.46 7
drt: n_6501 7.15 2
drt: n_6502 16.36 4
drt: n_6503 5.52 2
drt: n_6504 5.45 5
drt: n_6505 4.2 3
drt: n_6506 2.2 2
drt: n_6507 6.28 4
drt: n_6508 3.73 3
drt: n_6509 6.52 3
drt: n_651 3 2
drt: n_6510 3.8 3
drt: n_6511 10.85 4
drt: n_6512 4 3
drt: n_6513 2.52 2
drt: n_6514 2 2
drt: n_6515 4.12 3
drt: n_6516 1.2 2
drt: n_6517 5 2
drt: n_6518 1.2 2
drt: n_6519 2.2 2
drt: n_652 5.4 2
drt: n_6520 1.2 2
drt: n_6521 12.13 4
drt: n_6522 9 5
drt: n_6523 3 2
drt: n_6524 12.12 5
drt: n_6525 4.8 2
drt: n_6526 13.98 5
drt: n_6527 4.52 2
drt: n_6528 38.68 5
drt: n_6529 4.52 2
drt: n_653 12.96 2
drt: n_6530 9.33 5
drt: n_6531 4.2 2
drt: n_6532 7 4
drt: n_6533 3 2
drt: n_6534 4.8 2
drt: n_6535 1.35 2
drt: n_6536 6.12 3
drt: n_6537 4.12 2
drt: n_6538 2.6 2
drt: n_6539 2.52 2
drt: n_654 3.2 2
drt: n_6540 2.84 2
drt: n_6541 2.44 2
drt: n_6542 2.8 2
drt: n_6543 3.12 2
drt: n_6544 2 2
drt: n_6545 2.4 2
drt: n_6546 6.44 3
drt: n_6547 0.8 2
drt: n_6548 1.4 2
drt: n_6549 4.6 2
drt: n_655 8.4 2
drt: n_6550 2.6 2
drt: n_6551 7.4 3
drt: n_6552 1.4 2
drt: n_6553 2.8 2
drt: n_6554 6.27 3
drt: n_6555 2.6 2
drt: n_6556 4.2 3
drt: n_6557 3.4 2
drt: n_6558 5.2 2
drt: n_6559 1.4 2
drt: n_656 2.2 2
drt: n_6560 2 2
drt: n_6561 5.44 3
drt: n_6562 3.2 2
drt: n_6563 12.37 5
drt: n_6564 2.4 2
drt: n_6565 2.2 2
drt: n_6566 1.4 2
drt: n_6567 11.8 3
drt: n_6568 0.6 2
drt: n_6569 3 2
drt: n_657 4 2
drt: n_6570 0.4 2
drt: n_6571 4.6 5
drt: n_6572 5.53 3
drt: n_6573 14.45 5
drt: n_6574 1.2 2
drt: n_6575 1.6 2
drt: n_6576 8.73 5
drt: n_6577 10.2 5
drt: n_6578 2.72 2
drt: n_6579 5.8 2
drt: n_658 2.12 2
drt: n_6580 7 4
drt: n_6581 2.2 2
drt: n_6582 0.4 2
drt: n_6583 16.72 4
drt: n_6584 5.72 3
drt: n_6585 4.8 3
drt: n_6586 1.8 2
drt: n_6587 1.6 2
drt: n_6588 6.44 3
drt: n_6589 3.2 2
drt: n_659 2.24 2
drt: n_6590 6.4 3
drt: n_6591 3.24 2
drt: n_6592 3.24 3
drt: n_6593 1.4 2
drt: n_6594 9.94 3
drt: n_6595 4.2 2
drt: n_6596 3 3
drt: n_6597 2.24 2
drt: n_6598 11.12 3
drt: n_6599 2.24 2
drt: n_66 0.8 2
drt: n_660 7.64 2
drt: n_6600 3 3
drt: n_6601 0.4 2
drt: n_6602 4.8 3
drt: n_6603 2.4 2
drt: n_6604 5.4 3
drt: n_6605 1.6 2
drt: n_6606 4.6 3
drt: n_6607 0.6 2
drt: n_6608 3.32 3
drt: n_6609 1.8 2
drt: n_661 5.2 2
drt: n_6610 4.4 3
drt: n_6611 2.24 2
drt: n_6612 6.92 3
drt: n_6613 0.4 2
drt: n_6614 3.7 3
drt: n_6615 1.44 2
drt: n_6616 6.44 3
drt: n_6617 1.6 2
drt: n_6618 1.4 2
drt: n_6619 5.2 3
drt: n_662 8.52 2
drt: n_6620 1.6 2
drt: n_6621 6.2 3
drt: n_6622 1.6 2
drt: n_6623 3.4 2
drt: n_6624 6.2 3
drt: n_6625 1.8 2
drt: n_6626 5.32 4
drt: n_6627 2 2
drt: n_6628 2.4 3
drt: n_6629 8.32 4
drt: n_663 4.8 2
drt: n_6630 2.84 2
drt: n_6631 12.76 3
drt: n_6632 8.2 3
drt: n_6633 2.2 2
drt: n_6634 6.44 3
drt: n_6635 1.6 2
drt: n_6636 3.8 3
drt: n_6637 6.01 3
drt: n_6638 0.4 2
drt: n_6639 1.6 2
drt: n_664 1.8 2
drt: n_6640 7.53 3
drt: n_6641 5.8 5
drt: n_6642 4.52 2
drt: n_6643 7.25 5
drt: n_6644 3.2 3
drt: n_6645 1.6 2
drt: n_6646 7.8 3
drt: n_6647 6.32 3
drt: n_6648 3.4 3
drt: n_6649 3.24 3
drt: n_665 4.32 2
drt: n_6650 1.6 2
drt: n_6651 4.52 3
drt: n_6652 5.12 3
drt: n_6653 4.01 5
drt: n_6654 3 3
drt: n_6655 1.8 2
drt: n_6656 4.4 3
drt: n_6657 1.4 2
drt: n_6658 4.8 3
drt: n_6659 1.2 2
drt: n_666 4.92 2
drt: n_6660 1.4 3
drt: n_6661 0.6 2
drt: n_6662 6.2 2
drt: n_6663 1.6 2
drt: n_6664 0.6 2
drt: n_6665 3.72 2
drt: n_6666 1.8 2
drt: n_6667 7.92 5
drt: n_6668 4 3
drt: n_6669 1 2
drt: n_667 2.64 2
drt: n_6670 2.04 2
drt: n_6671 6.84 3
drt: n_6672 2.8 2
drt: n_6673 5.4 3
drt: n_6674 2.2 2
drt: n_6675 2.84 2
drt: n_6676 1.4 2
drt: n_6677 1.8 2
drt: n_6678 2.6 2
drt: n_6679 2.8 2
drt: n_668 7.12 2
drt: n_6680 9.16 3
drt: n_6681 2.72 2
drt: n_6682 1.4 2
drt: n_6683 50.52 9
drt: n_6684 8 2
drt: n_6685 34.06 9
drt: n_6686 5 2
drt: n_6687 58.01 8
drt: n_6688 24.88 2
drt: n_6689 47.6 9
drt: n_669 3.8 2
drt: n_6690 7.8 2
drt: n_6691 8.4 2
drt: n_6692 4.07 2
drt: n_6693 6.6 4
drt: n_6694 2.2 2
drt: n_6695 2.04 2
drt: n_6696 2.6 2
drt: n_6697 2.84 3
drt: n_6698 0.8 2
drt: n_6699 2.12 2
drt: n_67 3.72 2
drt: n_670 7.44 2
drt: n_6700 3.8 2
drt: n_6701 1.6 2
drt: n_6702 3.8 2
drt: n_6703 4.12 2
drt: n_6704 4 3
drt: n_6705 3.72 2
drt: n_6706 2.2 2
drt: n_6707 10.25 5
drt: n_6708 1.64 2
drt: n_6709 10.04 5
drt: n_671 7.92 2
drt: n_6710 2.24 2
drt: n_6711 58.24 9
drt: n_6712 10.72 2
drt: n_6713 6.55 5
drt: n_6714 1.2 2
drt: n_6715 6 5
drt: n_6716 6.8 3
drt: n_6717 5.6 3
drt: n_6718 1.6 2
drt: n_6719 4.01 5
drt: n_672 3.84 2
drt: n_6720 5.2 2
drt: n_6721 6.32 2
drt: n_6722 12.12 4
drt: n_6723 11.84 5
drt: n_6724 5.96 4
drt: n_6725 10.26 5
drt: n_6726 23.08 6
drt: n_6727 4.04 3
drt: n_6728 5.44 4
drt: n_6729 4.2 2
drt: n_673 2.24 2
drt: n_6730 3.6 3
drt: n_6731 17.76 4
drt: n_6732 3.92 2
drt: n_6733 6.4 3
drt: n_6734 2 2
drt: n_6735 5.8 2
drt: n_6736 11.2 2
drt: n_6737 58.61 3
drt: n_6738 2.6 2
drt: n_6739 5.52 3
drt: n_674 3.4 2
drt: n_6740 9.96 4
drt: n_6741 1.8 2
drt: n_6742 4.32 2
drt: n_6743 9.8 4
drt: n_6744 6.56 3
drt: n_6745 3.6 2
drt: n_6746 50.4 12
drt: n_6747 19.4 4
drt: n_6748 10.04 4
drt: n_6749 8.96 5
drt: n_675 1.6 2
drt: n_6750 19.4 6
drt: n_6751 13.44 6
drt: n_6752 2.8 2
drt: n_6753 24.8 8
drt: n_6754 2 2
drt: n_6755 2.04 2
drt: n_6756 3.24 2
drt: n_6757 5.2 2
drt: n_6758 3.79 3
drt: n_6759 2.84 2
drt: n_676 2.92 2
drt: n_6760 25.05 6
drt: n_6761 4.84 3
drt: n_6762 2.32 2
drt: n_6763 4.4 3
drt: n_6764 5.6 3
drt: n_6765 4.2 2
drt: n_6766 10.01 5
drt: n_6767 14.6 5
drt: n_6768 18.56 4
drt: n_6769 31.96 6
drt: n_677 2.6 2
drt: n_6770 5.76 4
drt: n_6771 3.12 2
drt: n_6772 7.79 4
drt: n_6773 8.32 4
drt: n_6774 5.64 2
drt: n_6775 7.82 4
drt: n_6776 8.16 3
drt: n_6777 5.6 3
drt: n_6778 2 2
drt: n_6779 6.21 3
drt: n_678 1 2
drt: n_6780 14.52 4
drt: n_6781 52.26 12
drt: n_6782 1.55 2
drt: n_6783 9.15 4
drt: n_6784 9.12 4
drt: n_6785 18.77 4
drt: n_6786 5 2
drt: n_6787 2.2 2
drt: n_6788 11.44 5
drt: n_6789 5.32 4
drt: n_679 2.44 2
drt: n_6790 6.93 3
drt: n_6791 1.6 2
drt: n_6792 3.36 3
drt: n_6793 7.2 3
drt: n_6794 3 2
drt: n_6795 14.52 4
drt: n_6796 3.12 2
drt: n_6797 4 4
drt: n_6798 5.35 3
drt: n_6799 2.2 2
drt: n_68 2.64 2
drt: n_680 2.52 2
drt: n_6800 1.4 2
drt: n_6801 3.64 2
drt: n_6802 8.72 5
drt: n_6803 5.04 3
drt: n_6804 1.4 2
drt: n_6805 13.4 5
drt: n_6806 7.32 3
drt: n_6807 2.2 2
drt: n_6808 7.6 4
drt: n_6809 3.84 3
drt: n_681 7.12 2
drt: n_6810 1 2
drt: n_6811 11.36 5
drt: n_6812 3.8 3
drt: n_6813 2.2 2
drt: n_6814 9.12 5
drt: n_6815 4.8 3
drt: n_6816 3.12 2
drt: n_6817 11.24 5
drt: n_6818 5.15 3
drt: n_6819 1.6 2
drt: n_682 4.24 2
drt: n_6820 7 3
drt: n_6821 2.6 2
drt: n_6822 0.6 2
drt: n_6823 5.6 2
drt: n_6824 7.4 2
drt: n_6825 2.6 2
drt: n_6826 5.35 3
drt: n_6827 1 2
drt: n_6828 9.15 4
drt: n_6829 8.6 3
drt: n_683 5.41 2
drt: n_6830 4.04 2
drt: n_6831 3.2 3
drt: n_6832 2.2 3
drt: n_6833 4.4 3
drt: n_6834 7.48 3
drt: n_6835 8.2 3
drt: n_6836 8.24 3
drt: n_6837 11.6 4
drt: n_6838 3.2 3
drt: n_6839 1.73 2
drt: n_684 3.72 2
drt: n_6840 2.92 2
drt: n_6841 6.36 3
drt: n_6842 3.12 2
drt: n_6843 14.25 6
drt: n_6844 4.2 3
drt: n_6845 1.4 2
drt: n_6846 4.13 3
drt: n_6847 6.56 3
drt: n_6848 5.12 2
drt: n_6849 13.84 4
drt: n_685 1.4 2
drt: n_6850 4.41 3
drt: n_6851 2.24 2
drt: n_6852 4.21 3
drt: n_6853 1.2 2
drt: n_6854 1.6 2
drt: n_6855 1 2
drt: n_6856 23.88 6
drt: n_6857 1.32 2
drt: n_6858 4.52 3
drt: n_6859 3.92 2
drt: n_686 4.4 2
drt: n_6860 3.04 3
drt: n_6861 7.92 3
drt: n_6862 4.92 3
drt: n_6863 1 2
drt: n_6864 6.6 3
drt: n_6865 2.2 2
drt: n_6866 2.4 2
drt: n_6867 5.4 3
drt: n_6868 3.2 3
drt: n_6869 4.64 3
drt: n_687 1.8 2
drt: n_6870 5.4 3
drt: n_6871 1.8 2
drt: n_6872 8.01 5
drt: n_6873 5.52 3
drt: n_6874 2.6 2
drt: n_6875 17.72 6
drt: n_6876 7.2 3
drt: n_6877 1 2
drt: n_6878 8.21 5
drt: n_6879 4.56 3
drt: n_688 2.8 2
drt: n_6880 2.12 2
drt: n_6881 7.13 5
drt: n_6882 7.52 3
drt: n_6883 3.4 2
drt: n_6884 18.6 5
drt: n_6885 5.4 3
drt: n_6886 1.6 2
drt: n_6887 5.76 4
drt: n_6888 3.32 2
drt: n_6889 7.04 5
drt: n_689 8.32 2
drt: n_6890 5.12 3
drt: n_6891 1.4 2
drt: n_6892 9.25 5
drt: n_6893 3 3
drt: n_6894 1.4 2
drt: n_6895 10.56 5
drt: n_6896 4.81 3
drt: n_6897 1.72 2
drt: n_6898 6.2 4
drt: n_6899 15.92 3
drt: n_69 3 2
drt: n_690 4.24 2
drt: n_6900 2.6 2
drt: n_6901 2.61 3
drt: n_6902 10.75 3
drt: n_6903 1.8 2
drt: n_6904 18.72 5
drt: n_6905 6.64 3
drt: n_6906 4.52 2
drt: n_6907 10.44 5
drt: n_6908 6.59 3
drt: n_6909 2.64 2
drt: n_691 3.72 2
drt: n_6910 2.8 3
drt: n_6911 5.8 3
drt: n_6912 6.56 5
drt: n_6913 5.04 3
drt: n_6914 1.4 2
drt: n_6915 18.84 4
drt: n_6916 2.04 2
drt: n_6917 7.35 4
drt: n_6918 5.32 2
drt: n_6919 3.8 3
drt: n_692 8.8 2
drt: n_6920 1.4 2
drt: n_6921 10.64 5
drt: n_6922 5.12 2
drt: n_6923 12.12 5
drt: n_6924 3.2 3
drt: n_6925 1.4 2
drt: n_6926 8.16 5
drt: n_6927 3.76 3
drt: n_6928 1 2
drt: n_6929 6.6 4
drt: n_693 6.52 2
drt: n_6930 5.44 3
drt: n_6931 1.4 2
drt: n_6932 16.05 4
drt: n_6933 11.76 4
drt: n_6934 4.8 2
drt: n_6935 16.6 4
drt: n_6936 9.55 4
drt: n_6937 5 2
drt: n_6938 11.04 5
drt: n_6939 2.84 3
drt: n_694 5.8 2
drt: n_6940 2.84 2
drt: n_6941 18.4 4
drt: n_6942 4.05 2
drt: n_6943 6.5 4
drt: n_6944 2.6 2
drt: n_6945 15.8 7
drt: n_6946 1 2
drt: n_6947 12.44 4
drt: n_6948 6.56 4
drt: n_6949 4.12 2
drt: n_695 1.6 2
drt: n_6950 2 2
drt: n_6951 1.8 2
drt: n_6952 15.54 5
drt: n_6953 8.6 3
drt: n_6954 3.24 2
drt: n_6955 2.8 3
drt: n_6956 4.6 3
drt: n_6957 2.2 2
drt: n_6958 14.74 7
drt: n_6959 10.37 4
drt: n_696 1.6 2
drt: n_6960 1.24 2
drt: n_6961 11.4 4
drt: n_6962 3.72 2
drt: n_6963 5.96 4
drt: n_6964 5.48 4
drt: n_6965 2.4 2
drt: n_6966 11.36 4
drt: n_6967 5 3
drt: n_6968 2.2 2
drt: n_6969 2.92 2
drt: n_697 8.2 2
drt: n_6970 15.19 4
drt: n_6971 6.92 4
drt: n_6972 4.32 2
drt: n_6973 1.6 2
drt: n_6974 5.79 4
drt: n_6975 4.8 2
drt: n_6976 7.95 4
drt: n_6977 2.4 2
drt: n_6978 0.8 2
drt: n_6979 9.2 4
drt: n_698 4 2
drt: n_6980 5.72 2
drt: n_6981 10.28 4
drt: n_6982 4.04 2
drt: n_6983 4.2 2
drt: n_6984 8 6
drt: n_6985 10.06 4
drt: n_6986 2.2 2
drt: n_6987 8.95 4
drt: n_6988 2.4 2
drt: n_6989 9.39 4
drt: n_699 5.2 2
drt: n_6990 6.72 2
drt: n_6991 6.35 4
drt: n_6992 2.4 2
drt: n_6993 8.92 4
drt: n_6994 2.6 2
drt: n_6995 8.6 4
drt: n_6996 8.44 2
drt: n_6997 7.8 4
drt: n_6998 4.44 2
drt: n_6999 7.8 4
drt: n_7 2.92 2
drt: n_70 1.6 2
drt: n_700 2.32 2
drt: n_7000 7.4 4
drt: n_7001 1.4 2
drt: n_7002 13.2 4
drt: n_7003 9.64 4
drt: n_7004 4.8 2
drt: n_7005 8.35 4
drt: n_7006 3.32 2
drt: n_7007 1.8 2
drt: n_7008 3.72 2
drt: n_7009 11.19 4
drt: n_701 2.4 2
drt: n_7010 2.32 2
drt: n_7011 6.97 4
drt: n_7012 4.72 2
drt: n_7013 8.2 4
drt: n_7014 2.2 2
drt: n_7015 7.76 4
drt: n_7016 5.4 2
drt: n_7017 8.52 4
drt: n_7018 6.2 2
drt: n_7019 5 4
drt: n_702 3.32 2
drt: n_7020 6.2 4
drt: n_7021 5.52 3
drt: n_7022 3 3
drt: n_7023 1.64 2
drt: n_7024 14.61 4
drt: n_7025 5.4 2
drt: n_7026 16.91 4
drt: n_7027 2.2 2
drt: n_7028 14.76 4
drt: n_7029 2.44 2
drt: n_703 8.12 2
drt: n_7030 5.04 4
drt: n_7031 6.12 2
drt: n_7032 15.31 4
drt: n_7033 3.8 2
drt: n_7034 5.64 2
drt: n_7035 6.6 2
drt: n_7036 5.35 4
drt: n_7037 6.4 2
drt: n_7038 7.13 4
drt: n_7039 1.4 2
drt: n_704 1.44 2
drt: n_7040 2.2 2
drt: n_7041 7.64 4
drt: n_7042 3.4 2
drt: n_7043 8.52 3
drt: n_7044 2.2 2
drt: n_7045 12.56 4
drt: n_7046 3.32 2
drt: n_7047 6.72 3
drt: n_7048 9.8 6
drt: n_7049 8.04 3
drt: n_705 1.64 2
drt: n_7050 2.6 2
drt: n_7051 15.92 6
drt: n_7052 4.4 3
drt: n_7053 2.4 2
drt: n_7054 20.24 6
drt: n_7055 14.72 3
drt: n_7056 1.6 2
drt: n_7057 8.8 6
drt: n_7058 9.24 4
drt: n_7059 1.4 2
drt: n_706 6.32 2
drt: n_7060 7.44 4
drt: n_7061 2.2 2
drt: n_7062 5.2 3
drt: n_7063 1.8 2
drt: n_7064 7.81 5
drt: n_7065 2.75 3
drt: n_7066 1.64 2
drt: n_7067 14.33 5
drt: n_7068 6.42 3
drt: n_7069 6.6 2
drt: n_707 4.72 2
drt: n_7070 7.04 5
drt: n_7071 3.16 3
drt: n_7072 1.4 2
drt: n_7073 12.76 5
drt: n_7074 5.01 3
drt: n_7075 3 2
drt: n_7076 15.12 7
drt: n_7077 3.6 3
drt: n_7078 2.8 2
drt: n_7079 6.77 5
drt: n_708 8.4 2
drt: n_7080 7.35 3
drt: n_7081 1.2 2
drt: n_7082 11.04 5
drt: n_7083 5 3
drt: n_7084 1.6 2
drt: n_7085 1.64 2
drt: n_7086 14 7
drt: n_7087 1.2 2
drt: n_7088 6.61 5
drt: n_7089 3.2 3
drt: n_709 3 2
drt: n_7090 1.6 2
drt: n_7091 11.16 4
drt: n_7092 1.8 2
drt: n_7093 3.37 3
drt: n_7094 4.24 3
drt: n_7095 13.44 4
drt: n_7096 5.72 3
drt: n_7097 4.44 3
drt: n_7098 1.4 2
drt: n_7099 38.14 8
drt: n_71 2.44 2
drt: n_710 3.4 2
drt: n_7100 8.72 3
drt: n_7101 6.32 2
drt: n_7102 20.1 8
drt: n_7103 4.4 3
drt: n_7104 3.8 2
drt: n_7105 20.04 4
drt: n_7106 3.44 3
drt: n_7107 3.56 3
drt: n_7108 5.8 3
drt: n_7109 0.4 2
drt: n_711 9.72 2
drt: n_7110 7.2 3
drt: n_7111 4 2
drt: n_7112 11.44 4
drt: n_7113 2.4 3
drt: n_7114 12.8 3
drt: n_7115 2 2
drt: n_7116 3.6 3
drt: n_7117 3.4 3
drt: n_7118 5 3
drt: n_7119 5.52 3
drt: n_712 5.52 2
drt: n_7120 4.8 3
drt: n_7121 6 3
drt: n_7122 7.6 3
drt: n_7123 5.92 3
drt: n_7124 5.4 5
drt: n_7125 7.75 3
drt: n_7126 1.8 2
drt: n_7127 13.64 4
drt: n_7128 6.6 2
drt: n_7129 11.24 4
drt: n_713 13.4 2
drt: n_7130 10.8 3
drt: n_7131 1 2
drt: n_7132 3 2
drt: n_7133 5 3
drt: n_7134 8.77 4
drt: n_7135 11.04 4
drt: n_7136 2.12 2
drt: n_7137 3.4 2
drt: n_7138 12.24 5
drt: n_7139 4.4 3
drt: n_714 3 2
drt: n_7140 1.4 2
drt: n_7141 3.8 3
drt: n_7142 8 4
drt: n_7143 1.6 2
drt: n_7144 4.73 4
drt: n_7145 3.41 4
drt: n_7146 2 2
drt: n_7147 6.21 4
drt: n_7148 6.72 3
drt: n_7149 6.92 2
drt: n_715 0.8 2
drt: n_7150 9.04 5
drt: n_7151 7.8 3
drt: n_7152 2.6 2
drt: n_7153 11.4 5
drt: n_7154 7.52 3
drt: n_7155 1 2
drt: n_7156 5.52 5
drt: n_7157 3.52 3
drt: n_7158 1.64 2
drt: n_7159 13.85 5
drt: n_716 4.32 2
drt: n_7160 10 3
drt: n_7161 3.2 2
drt: n_7162 9.84 5
drt: n_7163 5.08 3
drt: n_7164 1.8 2
drt: n_7165 4.21 3
drt: n_7166 10.72 5
drt: n_7167 5.4 3
drt: n_7168 3.2 2
drt: n_7169 3.44 3
drt: n_717 2.4 2
drt: n_7170 4.64 3
drt: n_7171 5.32 3
drt: n_7172 7.44 4
drt: n_7173 3.24 3
drt: n_7174 7.12 3
drt: n_7175 5.4 3
drt: n_7176 11.8 4
drt: n_7177 2.65 2
drt: n_7178 6.56 4
drt: n_7179 2.6 2
drt: n_718 5.24 2
drt: n_7180 10.8 4
drt: n_7181 2.2 2
drt: n_7182 10.92 4
drt: n_7183 2.84 2
drt: n_7184 5.59 4
drt: n_7185 3.12 2
drt: n_7186 11.32 3
drt: n_7187 6.95 3
drt: n_7188 1.4 2
drt: n_7189 4.73 3
drt: n_719 3.8 2
drt: n_7190 1.41 2
drt: n_7191 5 4
drt: n_7192 2.2 2
drt: n_7193 3.04 3
drt: n_7194 7.32 3
drt: n_7195 14.56 5
drt: n_7196 3.52 3
drt: n_7197 4.64 3
drt: n_7198 4.64 3
drt: n_7199 4.6 3
drt: n_72 1 2
drt: n_720 2.12 2
drt: n_7200 2.4 2
drt: n_7201 3.2 3
drt: n_7202 5.32 2
drt: n_7203 0.6 2
drt: n_7204 7.8 3
drt: n_7205 7.8 4
drt: n_7206 11.4 4
drt: n_7207 5.2 2
drt: n_7208 3.2 3
drt: n_7209 5.2 3
drt: n_721 5.8 2
drt: n_7210 1 2
drt: n_7211 25.21 6
drt: n_7212 3.41 3
drt: n_7213 20.72 6
drt: n_7214 5.75 2
drt: n_7215 8.45 4
drt: n_7216 25.76 6
drt: n_7217 6.4 3
drt: n_7218 23.24 3
drt: n_7219 2.8 2
drt: n_722 7.12 2
drt: n_7220 6.64 3
drt: n_7221 41.64 3
drt: n_7222 10.4 2
drt: n_7223 2.6 2
drt: n_7224 3.12 2
drt: n_7225 12.6 4
drt: n_7226 5.92 2
drt: n_7227 5.32 2
drt: n_7228 7.15 2
drt: n_7229 51.92 7
drt: n_723 5.92 2
drt: n_7230 8.95 2
drt: n_7231 26.07 7
drt: n_7232 1.32 2
drt: n_7233 3.72 2
drt: n_7234 2.4 2
drt: n_7235 1.35 2
drt: n_7236 8.35 2
drt: n_7237 34.52 5
drt: n_7238 0.6 2
drt: n_7239 46.4 4
drt: n_724 1.2 2
drt: n_7240 2.92 2
drt: n_7241 24.41 8
drt: n_7242 2.87 2
drt: n_7243 3.04 2
drt: n_7244 2.15 2
drt: n_7245 59.49 7
drt: n_7246 4.55 2
drt: n_7247 55.13 8
drt: n_7248 2.92 2
drt: n_7249 2.84 2
drt: n_725 1 2
drt: n_7250 78.96 3
drt: n_7251 6.32 2
drt: n_7252 3 2
drt: n_7253 3.75 2
drt: n_7254 129.88 3
drt: n_7255 3.64 2
drt: n_7256 0.6 2
drt: n_7257 5.8 2
drt: n_7258 2.6 2
drt: n_7259 1.24 2
drt: n_726 3.6 2
drt: n_7260 10.68 2
drt: n_7261 12.16 5
drt: n_7262 2.72 2
drt: n_7263 54.2 10
drt: n_7264 2.87 2
drt: n_7265 2.55 2
drt: n_7266 3.67 2
drt: n_7267 8.79 2
drt: n_7268 57.8 9
drt: n_7269 1.75 2
drt: n_727 3.92 2
drt: n_7270 68.56 8
drt: n_7271 3.2 2
drt: n_7272 36 8
drt: n_7273 3.72 2
drt: n_7274 44.72 7
drt: n_7275 6.95 2
drt: n_7276 5.67 2
drt: n_7277 3.6 2
drt: n_7278 34.89 8
drt: n_7279 1.32 2
drt: n_728 1.6 2
drt: n_7280 2.92 2
drt: n_7281 6.07 2
drt: n_7282 1.35 2
drt: n_7283 41.64 3
drt: n_7284 1.64 2
drt: n_7285 84.72 7
drt: n_7286 13.44 2
drt: n_7287 83.16 10
drt: n_7288 3.47 2
drt: n_7289 88.56 10
drt: n_729 4.4 2
drt: n_7290 8.04 2
drt: n_7291 37.01 7
drt: n_7292 2.52 2
drt: n_7293 0.6 2
drt: n_7294 5.12 2
drt: n_7295 4.12 2
drt: n_7296 74.72 7
drt: n_7297 2.15 2
drt: n_7298 35.77 7
drt: n_7299 6.4 2
drt: n_73 2.8 2
drt: n_730 10.36 2
drt: n_7300 4.35 2
drt: n_7301 6 2
drt: n_7302 3.4 2
drt: n_7303 5.15 2
drt: n_7304 40.89 7
drt: n_7305 3.72 2
drt: n_7306 2.61 2
drt: n_7307 2.55 2
drt: n_7308 49.08 7
drt: n_7309 2.12 2
drt: n_731 5.12 2
drt: n_7310 1.75 2
drt: n_7311 45.29 9
drt: n_7312 10.44 2
drt: n_7313 3.75 2
drt: n_7314 5.95 2
drt: n_7315 27.44 8
drt: n_7316 2.92 2
drt: n_7317 35.88 6
drt: n_7318 2.92 2
drt: n_7319 5.12 2
drt: n_732 4.6 2
drt: n_7320 39.33 9
drt: n_7321 3.32 2
drt: n_7322 3.92 2
drt: n_7323 40.49 8
drt: n_7324 2.2 2
drt: n_7325 26 7
drt: n_7326 1.35 2
drt: n_7327 2.87 2
drt: n_7328 4.55 2
drt: n_7329 6.36 2
drt: n_733 2 2
drt: n_7330 80.2 3
drt: n_7331 2.2 2
drt: n_7332 23.08 7
drt: n_7333 2.2 2
drt: n_7334 44.16 7
drt: n_7335 2.75 2
drt: n_7336 109.76 9
drt: n_7337 3.72 2
drt: n_7338 99.98 8
drt: n_7339 5.35 2
drt: n_734 7.4 2
drt: n_7340 56.02 9
drt: n_7341 2.55 2
drt: n_7342 2.12 2
drt: n_7343 5.32 2
drt: n_7344 2.72 2
drt: n_7345 5 2
drt: n_7346 5.32 2
drt: n_7347 100.04 3
drt: n_7348 0.6 2
drt: n_7349 8.8 2
drt: n_735 10.4 2
drt: n_7350 7.4 2
drt: n_7351 2.24 2
drt: n_7352 2.32 2
drt: n_7353 0.6 2
drt: n_7354 4.32 2
drt: n_7355 1.21 2
drt: n_7356 5.6 2
drt: n_7357 1.6 2
drt: n_7358 2.84 2
drt: n_7359 69.56 3
drt: n_736 5.2 2
drt: n_7360 5.12 2
drt: n_7361 5.6 3
drt: n_7362 5.84 2
drt: n_7363 0.6 2
drt: n_7364 73.64 3
drt: n_7365 4.8 2
drt: n_7366 5.8 2
drt: n_7367 3.4 2
drt: n_7368 7 2
drt: n_7369 3.8 2
drt: n_737 2.4 2
drt: n_7370 3.35 2
drt: n_7371 3.35 2
drt: n_7372 3.47 2
drt: n_7373 5.52 2
drt: n_7374 3.32 2
drt: n_7375 5.12 2
drt: n_7376 7 2
drt: n_7377 3.8 2
drt: n_7378 3.6 2
drt: n_7379 7 2
drt: n_738 3.52 2
drt: n_7380 3.32 4
drt: n_7381 5.84 3
drt: n_7382 1.64 2
drt: n_7383 1.8 2
drt: n_7384 2.8 2
drt: n_7385 28.65 5
drt: n_7386 3.52 2
drt: n_7387 2.92 2
drt: n_7388 3.24 2
drt: n_7389 4 2
drt: n_739 1.44 2
drt: n_7390 7.8 3
drt: n_7391 2.2 3
drt: n_7392 2.24 2
drt: n_7393 3.8 2
drt: n_7394 2.4 2
drt: n_7395 4.15 2
drt: n_7396 15.52 4
drt: n_7397 2.47 2
drt: n_7398 3.95 2
drt: n_7399 5.8 2
drt: n_74 6.84 2
drt: n_740 4.4 2
drt: n_7400 1.6 2
drt: n_7401 3.12 2
drt: n_7402 41.32 10
drt: n_7403 5.75 2
drt: n_7404 3.55 3
drt: n_7405 1.93 2
drt: n_7406 91.13 5
drt: n_7407 5.52 2
drt: n_7408 2.2 2
drt: n_7409 34.65 4
drt: n_741 4.64 2
drt: n_7410 1.6 2
drt: n_7411 5.75 2
drt: n_7412 43.4 2
drt: n_7413 2.44 2
drt: n_7414 9.6 3
drt: n_7415 4.2 2
drt: n_7416 3.12 2
drt: n_7417 49.76 10
drt: n_7418 2.6 2
drt: n_7419 9.92 6
drt: n_742 1 2
drt: n_7420 3.84 3
drt: n_7421 2.4 2
drt: n_7422 1.01 3
drt: n_7423 1.64 2
drt: n_7424 6.6 3
drt: n_7425 7.32 2
drt: n_7426 1.8 2
drt: n_7427 4.04 3
drt: n_7428 8.72 3
drt: n_7429 7.72 4
drt: n_743 0.8 2
drt: n_7430 5.12 4
drt: n_7431 3.65 3
drt: n_7432 2 2
drt: n_7433 5.92 2
drt: n_7434 48.57 12
drt: n_7435 5.93 4
drt: n_7436 2.44 2
drt: n_7437 3.72 2
drt: n_7438 4.55 2
drt: n_7439 2.55 2
drt: n_744 1.8 2
drt: n_7440 5.12 3
drt: n_7441 2 2
drt: n_7442 4.4 3
drt: n_7443 12.44 5
drt: n_7444 1.35 2
drt: n_7445 18.4 6
drt: n_7446 71.4 3
drt: n_7447 11 2
drt: n_7448 11 4
drt: n_7449 5.72 3
drt: n_745 1.8 2
drt: n_7450 1.8 2
drt: n_7451 1.6 2
drt: n_7452 3.8 2
drt: n_7453 5.33 4
drt: n_7454 4.72 3
drt: n_7455 8.85 4
drt: n_7456 4.36 3
drt: n_7457 20.16 4
drt: n_7458 1.6 2
drt: n_7459 1.8 2
drt: n_746 11.12 2
drt: n_7460 3.4 2
drt: n_7461 4.75 3
drt: n_7462 1.4 2
drt: n_7463 5.4 3
drt: n_7464 5.4 2
drt: n_7465 9.77 2
drt: n_7466 3.52 3
drt: n_7467 10.12 4
drt: n_7468 2.8 2
drt: n_7469 4.4 2
drt: n_747 6 2
drt: n_7470 3.55 3
drt: n_7471 1.6 2
drt: n_7472 5.32 2
drt: n_7473 4.2 2
drt: n_7474 6.6 4
drt: n_7475 12.04 5
drt: n_7476 7 2
drt: n_7477 11.44 4
drt: n_7478 5.41 3
drt: n_7479 2.4 3
drt: n_748 1.6 2
drt: n_7480 7.32 4
drt: n_7481 7.81 5
drt: n_7482 3.04 2
drt: n_7483 1.64 2
drt: n_7484 0.6 2
drt: n_7485 1.32 2
drt: n_7486 3.52 3
drt: n_7487 0.6 2
drt: n_7488 1 2
drt: n_7489 13.76 4
drt: n_749 3.32 2
drt: n_7490 9.44 4
drt: n_7491 1.6 2
drt: n_7492 3.6 2
drt: n_7493 1.75 2
drt: n_7494 4.72 2
drt: n_7495 3.01 3
drt: n_7496 1.6 2
drt: n_7497 4.8 2
drt: n_7498 11.45 5
drt: n_7499 8.6 5
drt: n_75 4.2 2
drt: n_750 2.32 2
drt: n_7500 2.45 3
drt: n_7501 2.4 2
drt: n_7502 11.72 4
drt: n_7503 4.41 3
drt: n_7504 5.87 3
drt: n_7505 2.2 2
drt: n_7506 8.04 3
drt: n_7507 1 2
drt: n_7508 2.24 2
drt: n_7509 7.12 3
drt: n_751 4.44 2
drt: n_7510 2.92 2
drt: n_7511 3.8 2
drt: n_7512 2.6 2
drt: n_7513 1.4 2
drt: n_7514 2.04 2
drt: n_7515 1.8 2
drt: n_7516 1.4 2
drt: n_7517 1.6 2
drt: n_7518 8.72 4
drt: n_7519 7.32 4
drt: n_752 2.4 2
drt: n_7520 2.2 2
drt: n_7521 2.8 2
drt: n_7522 1.44 2
drt: n_7523 1.4 2
drt: n_7524 9.12 3
drt: n_7525 2.4 2
drt: n_7526 1.44 2
drt: n_7527 2.2 2
drt: n_7528 2.6 2
drt: n_7529 6.15 3
drt: n_753 5.2 2
drt: n_7530 5.8 2
drt: n_7531 3.52 2
drt: n_7532 2.4 2
drt: n_7533 3 2
drt: n_7534 7.2 3
drt: n_7535 0.6 2
drt: n_7536 6.59 2
drt: n_7537 6.28 3
drt: n_7538 3.92 2
drt: n_7539 3.2 2
drt: n_754 2 2
drt: n_7540 7.21 4
drt: n_7541 4.4 4
drt: n_7542 2.92 2
drt: n_7543 2.84 2
drt: n_7544 5.52 2
drt: n_7545 5.05 3
drt: n_7546 1.6 2
drt: n_7547 3.72 2
drt: n_7548 6.97 3
drt: n_7549 1.92 2
drt: n_755 8.2 2
drt: n_7550 1.8 2
drt: n_7551 8.8 5
drt: n_7552 13.4 4
drt: n_7553 6.76 3
drt: n_7554 12.53 6
drt: n_7555 9.56 4
drt: n_7556 9.13 4
drt: n_7557 8.21 4
drt: n_7558 1.52 2
drt: n_7559 5.2 3
drt: n_756 4.8 2
drt: n_7560 5.32 3
drt: n_7561 2.84 2
drt: n_7562 0.8 2
drt: n_7563 4.8 3
drt: n_7564 12.24 3
drt: n_7565 6.12 2
drt: n_7566 2.4 2
drt: n_7567 1.4 2
drt: n_7568 0.6 2
drt: n_7569 6.4 3
drt: n_757 4.24 2
drt: n_7570 0.6 2
drt: n_7571 7.65 4
drt: n_7572 1.4 2
drt: n_7573 35.39 3
drt: n_7574 2.6 2
drt: n_7575 30.12 5
drt: n_7576 2.8 2
drt: n_7577 5.24 3
drt: n_7578 1.6 2
drt: n_7579 4.95 3
drt: n_758 1.4 2
drt: n_7580 2.4 2
drt: n_7581 27.89 7
drt: n_7582 18.64 3
drt: n_7583 1.4 2
drt: n_7584 7.35 3
drt: n_7585 1.6 2
drt: n_7586 2.6 2
drt: n_7587 2.8 2
drt: n_7588 2.2 2
drt: n_7589 4 3
drt: n_759 0.6 2
drt: n_7590 4.32 3
drt: n_7591 7.4 3
drt: n_7592 4 3
drt: n_7593 2.2 3
drt: n_7594 4 3
drt: n_7595 9.4 3
drt: n_7596 6.2 3
drt: n_7597 6.32 3
drt: n_7598 16.32 6
drt: n_7599 7.2 4
drt: n_76 5 2
drt: n_760 2 2
drt: n_7600 4 3
drt: n_7601 1.6 2
drt: n_7602 9.38 6
drt: n_7603 6.32 3
drt: n_7604 1.4 2
drt: n_7605 5.76 4
drt: n_7606 5.04 3
drt: n_7607 1.64 2
drt: n_7608 1 2
drt: n_7609 3 2
drt: n_761 2.8 2
drt: n_7610 3 2
drt: n_7611 2.95 3
drt: n_7612 1.4 2
drt: n_7613 9.6 5
drt: n_7614 4.24 3
drt: n_7615 1 2
drt: n_7616 0.55 2
drt: n_7617 7.44 3
drt: n_7618 5.4 2
drt: n_7619 1.81 3
drt: n_762 1.64 2
drt: n_7620 13.12 4
drt: n_7621 2 2
drt: n_7622 2.82 3
drt: n_7623 1.2 2
drt: n_7624 15.4 3
drt: n_7625 7.2 3
drt: n_7626 4.64 3
drt: n_7627 6.8 3
drt: n_7628 2.2 2
drt: n_7629 7.64 3
drt: n_763 0.8 2
drt: n_7630 4.84 3
drt: n_7631 2.61 3
drt: n_7632 9 3
drt: n_7633 11.8 3
drt: n_7634 6.01 3
drt: n_7635 2.2 2
drt: n_7636 3 2
drt: n_7637 3.24 2
drt: n_7638 1.6 2
drt: n_7639 10.76 4
drt: n_764 1.8 2
drt: n_7640 2.84 2
drt: n_7641 7.16 3
drt: n_7642 2.44 2
drt: n_7643 5.4 3
drt: n_7644 2.6 2
drt: n_7645 5.97 4
drt: n_7646 5.92 3
drt: n_7647 1.8 2
drt: n_7648 15.84 5
drt: n_7649 1.8 2
drt: n_765 1.8 2
drt: n_7650 7.81 6
drt: n_7651 3.8 3
drt: n_7652 1.8 2
drt: n_7653 15.2 6
drt: n_7654 2 2
drt: n_7655 4.61 4
drt: n_7656 4.2 3
drt: n_7657 1.2 2
drt: n_7658 4.41 4
drt: n_7659 1.2 2
drt: n_766 8.52 2
drt: n_7660 6.21 3
drt: n_7661 1.6 2
drt: n_7662 6.76 4
drt: n_7663 3.96 3
drt: n_7664 1.64 2
drt: n_7665 4.53 3
drt: n_7666 6.6 3
drt: n_7667 1.6 2
drt: n_7668 2.92 2
drt: n_7669 2.2 3
drt: n_767 6.4 2
drt: n_7670 3.84 3
drt: n_7671 1 2
drt: n_7672 8.36 4
drt: n_7673 5.6 3
drt: n_7674 2.6 2
drt: n_7675 12.6 5
drt: n_7676 7 2
drt: n_7677 3.2 3
drt: n_7678 1.4 2
drt: n_7679 14.28 6
drt: n_768 2.12 2
drt: n_7680 1.52 2
drt: n_7681 8.4 6
drt: n_7682 2.8 2
drt: n_7683 9.4 6
drt: n_7684 10.67 3
drt: n_7685 6.2 2
drt: n_7686 6.44 3
drt: n_7687 7.93 6
drt: n_7688 8.52 3
drt: n_7689 1 2
drt: n_769 3 2
drt: n_7690 6.64 4
drt: n_7691 4.75 3
drt: n_7692 2.2 2
drt: n_7693 15.28 6
drt: n_7694 5.8 3
drt: n_7695 1 2
drt: n_7696 7.6 2
drt: n_7697 12.96 5
drt: n_7698 5.24 3
drt: n_7699 1.64 2
drt: n_77 7.52 2
drt: n_770 4.4 2
drt: n_7700 3.25 4
drt: n_7701 1.4 2
drt: n_7702 8.22 4
drt: n_7703 7.15 3
drt: n_7704 2.72 2
drt: n_7705 3.76 3
drt: n_7706 1.4 2
drt: n_7707 7.2 4
drt: n_7708 9.52 3
drt: n_7709 1 2
drt: n_771 4.4 2
drt: n_7710 22.13 6
drt: n_7711 7.6 3
drt: n_7712 4 2
drt: n_7713 1.61 3
drt: n_7714 1.8 2
drt: n_7715 12.72 4
drt: n_7716 4.6 3
drt: n_7717 1.4 2
drt: n_7718 4.6 3
drt: n_7719 0.8 2
drt: n_772 1.8 2
drt: n_7720 2.4 3
drt: n_7721 3.8 3
drt: n_7722 1.4 2
drt: n_7723 5.2 3
drt: n_7724 6 3
drt: n_7725 4.6 2
drt: n_7726 9.24 4
drt: n_7727 2.04 2
drt: n_7728 6.92 3
drt: n_7729 4 3
drt: n_773 4.52 2
drt: n_7730 1.4 2
drt: n_7731 3.4 3
drt: n_7732 6.12 3
drt: n_7733 1 2
drt: n_7734 17.48 5
drt: n_7735 6.79 3
drt: n_7736 6.04 4
drt: n_7737 3.72 2
drt: n_7738 3.04 3
drt: n_7739 5.4 3
drt: n_774 5.4 2
drt: n_7740 11.35 4
drt: n_7741 2.2 2
drt: n_7742 4.84 3
drt: n_7743 11 3
drt: n_7744 15.6 3
drt: n_7745 12.32 3
drt: n_7746 7.67 4
drt: n_7747 3.4 2
drt: n_7748 3.8 4
drt: n_7749 3.96 3
drt: n_775 2.4 2
drt: n_7750 1.64 2
drt: n_7751 4.8 3
drt: n_7752 2.17 3
drt: n_7753 5.64 2
drt: n_7754 6.77 4
drt: n_7755 5.24 3
drt: n_7756 2.4 2
drt: n_7757 8.34 6
drt: n_7758 6.6 3
drt: n_7759 2.6 2
drt: n_776 2 2
drt: n_7760 4.52 4
drt: n_7761 4.24 3
drt: n_7762 2.8 2
drt: n_7763 2.2 3
drt: n_7764 4.04 3
drt: n_7765 42.45 12
drt: n_7766 3.2 2
drt: n_7767 5.2 3
drt: n_7768 2.4 2
drt: n_7769 8.84 4
drt: n_777 6.32 2
drt: n_7770 2.6 2
drt: n_7771 10 3
drt: n_7772 4.4 3
drt: n_7773 4.4 2
drt: n_7774 1.84 3
drt: n_7775 4.32 2
drt: n_7776 6.01 5
drt: n_7777 5 3
drt: n_7778 1 2
drt: n_7779 4.4 3
drt: n_778 2 2
drt: n_7780 3.2 2
drt: n_7781 11.64 8
drt: n_7782 5.2 3
drt: n_7783 1 2
drt: n_7784 3.4 3
drt: n_7785 3.92 2
drt: n_7786 3.2 3
drt: n_7787 2.04 2
drt: n_7788 7.72 3
drt: n_7789 2.8 2
drt: n_779 5.72 2
drt: n_7790 15.2 8
drt: n_7791 4.16 3
drt: n_7792 4.04 2
drt: n_7793 5.8 4
drt: n_7794 8.8 3
drt: n_7795 1.8 2
drt: n_7796 8.15 4
drt: n_7797 1.6 2
drt: n_7798 8.6 2
drt: n_7799 4.4 3
drt: n_78 11.04 2
drt: n_780 3.44 2
drt: n_7800 1.4 2
drt: n_7801 3.4 2
drt: n_7802 12.9 4
drt: n_7803 4.2 2
drt: n_7804 2.44 2
drt: n_7805 1.4 2
drt: n_7806 4.6 2
drt: n_7807 13.67 4
drt: n_7808 13.32 3
drt: n_7809 3.4 2
drt: n_781 2.72 2
drt: n_7810 3.25 3
drt: n_7811 2.04 2
drt: n_7812 2.01 3
drt: n_7813 12.24 5
drt: n_7814 2.4 2
drt: n_7815 12 5
drt: n_7816 4.84 3
drt: n_7817 1.64 2
drt: n_7818 31.58 9
drt: n_7819 2 3
drt: n_782 4 2
drt: n_7820 6.4 2
drt: n_7821 6.92 3
drt: n_7822 1.8 2
drt: n_7823 10.47 4
drt: n_7824 4.84 2
drt: n_7825 3.8 3
drt: n_7826 1.4 2
drt: n_7827 5.4 3
drt: n_7828 1.8 2
drt: n_7829 4.24 3
drt: n_783 3.92 2
drt: n_7830 2.2 2
drt: n_7831 4.44 3
drt: n_7832 2.2 2
drt: n_7833 5.2 3
drt: n_7834 1.6 2
drt: n_7835 8.12 6
drt: n_7836 1.4 2
drt: n_7837 3.13 3
drt: n_7838 3.2 3
drt: n_7839 3.8 2
drt: n_784 2.6 2
drt: n_7840 11.64 5
drt: n_7841 3.4 2
drt: n_7842 4.73 3
drt: n_7843 1.8 2
drt: n_7844 7.4 4
drt: n_7845 2.6 3
drt: n_7846 1.2 2
drt: n_7847 13.8 6
drt: n_7848 9.92 3
drt: n_7849 1.2 2
drt: n_785 10.56 2
drt: n_7850 8 4
drt: n_7851 4.8 2
drt: n_7852 0.4 2
drt: n_7853 3.4 3
drt: n_7854 1 2
drt: n_7855 22.81 7
drt: n_7856 4.28 3
drt: n_7857 1.2 2
drt: n_7858 2.96 3
drt: n_7859 2.52 2
drt: n_786 3.8 2
drt: n_7860 4.42 3
drt: n_7861 4 2
drt: n_7862 4.44 4
drt: n_7863 4.4 2
drt: n_7864 3.2 2
drt: n_7865 3.96 3
drt: n_7866 6.6 3
drt: n_7867 3.8 3
drt: n_7868 1.8 2
drt: n_7869 15 4
drt: n_787 2.4 2
drt: n_7870 4.8 3
drt: n_7871 3.12 2
drt: n_7872 8.32 3
drt: n_7873 1.4 2
drt: n_7874 0.6 2
drt: n_7875 2 3
drt: n_7876 1.8 2
drt: n_7877 2.4 3
drt: n_7878 1.6 3
drt: n_7879 3.01 3
drt: n_788 2.24 2
drt: n_7880 9.8 4
drt: n_7881 1.2 2
drt: n_7882 3.36 3
drt: n_7883 0.6 2
drt: n_7884 5.12 4
drt: n_7885 2.6 3
drt: n_7886 1.4 2
drt: n_7887 12.2 5
drt: n_7888 5.2 3
drt: n_7889 6.15 5
drt: n_789 4 2
drt: n_7890 1 2
drt: n_7891 7.75 5
drt: n_7892 1.4 2
drt: n_7893 8.32 4
drt: n_7894 4.72 3
drt: n_7895 8.24 5
drt: n_7896 1 2
drt: n_7897 3.2 3
drt: n_7898 2.04 2
drt: n_7899 10.15 4
drt: n_79 5.8 2
drt: n_790 8.24 2
drt: n_7900 3.6 2
drt: n_7901 29.84 7
drt: n_7902 24.64 7
drt: n_7903 38.41 7
drt: n_7904 60.53 8
drt: n_7905 31.4 7
drt: n_7906 34.2 7
drt: n_7907 6.72 3
drt: n_7908 5.41 3
drt: n_7909 6.4 3
drt: n_791 4.12 2
drt: n_7910 3.32 2
drt: n_7911 1.8 2
drt: n_7912 3.16 3
drt: n_7913 3.6 2
drt: n_7914 4.12 3
drt: n_7915 14.88 7
drt: n_7916 4.32 2
drt: n_7917 4.4 3
drt: n_7918 2.4 3
drt: n_7919 6.2 4
drt: n_792 1.4 2
drt: n_7920 11.72 4
drt: n_7921 1 2
drt: n_7922 3 3
drt: n_7923 1.8 2
drt: n_7924 10.93 5
drt: n_7925 7 4
drt: n_7926 1 2
drt: n_7927 2.6 2
drt: n_7928 1.8 2
drt: n_7929 4.4 3
drt: n_793 2.24 2
drt: n_7930 12.56 4
drt: n_7931 3.6 2
drt: n_7932 1.21 3
drt: n_7933 4 3
drt: n_7934 4.72 2
drt: n_7935 2.81 3
drt: n_7936 4.92 2
drt: n_7937 5.12 3
drt: n_7938 0.4 2
drt: n_7939 1.6 2
drt: n_794 9.2 2
drt: n_7940 5.32 2
drt: n_7941 2.2 3
drt: n_7942 3.24 3
drt: n_7943 2.52 2
drt: n_7944 2.35 3
drt: n_7945 15.77 4
drt: n_7946 1 2
drt: n_7947 15.48 4
drt: n_7948 4.64 3
drt: n_7949 2 2
drt: n_795 4.6 2
drt: n_7950 6 3
drt: n_7951 12.54 4
drt: n_7952 2.2 2
drt: n_7953 15.61 4
drt: n_7954 6.96 3
drt: n_7955 2.44 2
drt: n_7956 3.4 3
drt: n_7957 0.4 2
drt: n_7958 14.08 5
drt: n_7959 7.16 3
drt: n_796 2.6 2
drt: n_7960 1.6 2
drt: n_7961 19.36 4
drt: n_7962 7.6 3
drt: n_7963 7.2 2
drt: n_7964 10.04 4
drt: n_7965 5.35 3
drt: n_7966 1.8 2
drt: n_7967 5.64 3
drt: n_7968 3 3
drt: n_7969 1.8 2
drt: n_797 5.12 2
drt: n_7970 5.6 3
drt: n_7971 2.2 2
drt: n_7972 3.2 3
drt: n_7973 15.2 4
drt: n_7974 7.12 3
drt: n_7975 3 2
drt: n_7976 6.44 3
drt: n_7977 5 2
drt: n_7978 9.52 3
drt: n_7979 5.8 3
drt: n_798 6.12 2
drt: n_7980 2.6 3
drt: n_7981 3.8 3
drt: n_7982 6 3
drt: n_7983 6.4 3
drt: n_7984 1 2
drt: n_7985 5 3
drt: n_7986 7.12 3
drt: n_7987 13.84 4
drt: n_7988 5.8 3
drt: n_7989 5 3
drt: n_799 4.6 2
drt: n_7990 5 3
drt: n_7991 7.81 3
drt: n_7992 6.09 3
drt: n_7993 6.2 3
drt: n_7994 5.72 3
drt: n_7995 2 3
drt: n_7996 4.04 3
drt: n_7997 6.55 2
drt: n_7998 70 2
drt: n_7999 2.87 2
drt: n_8 1.12 2
drt: n_80 3.2 2
drt: n_800 2.4 2
drt: n_8000 4.32 2
drt: n_8001 11.67 2
drt: n_8002 3.24 2
drt: n_8003 3.12 2
drt: n_8004 2.92 2
drt: n_8005 11.44 2
drt: n_8006 6.92 2
drt: n_8007 5.2 2
drt: n_8008 1.4 2
drt: n_8009 4.2 2
drt: n_801 11.4 2
drt: n_8010 11.33 4
drt: n_8011 9.55 3
drt: n_8012 1.4 2
drt: n_8013 4.2 2
drt: n_8014 9.12 3
drt: n_8015 10.24 4
drt: n_8017 8.01 4
drt: n_8018 1.8 2
drt: n_8019 7.52 3
drt: n_802 8.12 2
drt: n_8020 4.6 4
drt: n_8021 10.91 4
drt: n_8022 6.53 4
drt: n_8023 11 3
drt: n_8024 20.51 4
drt: n_8025 15.84 4
drt: n_8026 9.19 4
drt: n_8027 2.04 2
drt: n_8028 2 2
drt: n_8029 12.77 4
drt: n_803 2.24 2
drt: n_8030 6.12 4
drt: n_8031 7.92 4
drt: n_8032 14.28 5
drt: n_8033 2 2
drt: n_8034 12.28 4
drt: n_8035 8 4
drt: n_8036 15 4
drt: n_8037 5.6 4
drt: n_8038 5.52 2
drt: n_8039 5.35 4
drt: n_804 0.8 2
drt: n_8040 5.24 2
drt: n_8041 7.6 4
drt: n_8042 4.93 3
drt: n_8043 7.13 4
drt: n_8044 21.64 4
drt: n_8045 6.64 4
drt: n_8046 8.92 4
drt: n_8047 5.32 3
drt: n_8048 9.76 4
drt: n_8049 15.36 4
drt: n_805 3.6 2
drt: n_8050 9.52 4
drt: n_8051 10.84 4
drt: n_8052 4.8 4
drt: n_8053 9.24 4
drt: n_8054 5 4
drt: n_8055 3.8 4
drt: n_8056 80.48 5
drt: n_8057 6.2 2
drt: n_8058 29.4 5
drt: n_8059 8.15 2
drt: n_806 1.6 2
drt: n_8060 7.41 2
drt: n_8061 24.84 5
drt: n_8062 11.71 4
drt: n_8063 13.08 5
drt: n_8064 8.24 4
drt: n_8065 16.75 4
drt: n_8066 8.36 4
drt: n_8067 11.37 5
drt: n_8068 5 2
drt: n_8069 45.58 5
drt: n_807 3.52 2
drt: n_8070 7.55 2
drt: n_8071 14.13 5
drt: n_8072 8.8 4
drt: n_8073 18.6 4
drt: n_8074 8.59 4
drt: n_8075 8.07 4
drt: n_8076 6.8 2
drt: n_8077 13.52 2
drt: n_8078 3.53 2
drt: n_8079 2.6 2
drt: n_808 8.4 2
drt: n_8080 4.72 2
drt: n_8081 2.6 2
drt: n_8082 2.2 2
drt: n_8083 10.99 4
drt: n_8084 8.27 4
drt: n_8085 1.4 2
drt: n_8086 23.62 7
drt: n_8087 3.8 3
drt: n_8088 1.8 2
drt: n_8089 24.48 6
drt: n_809 1.6 2
drt: n_8090 1.6 3
drt: n_8091 1.2 2
drt: n_8092 13.72 6
drt: n_8093 4.27 3
drt: n_8094 2.2 2
drt: n_8095 2.4 3
drt: n_8096 2 2
drt: n_8097 2.3 3
drt: n_8098 2.2 2
drt: n_8099 3.96 3
drt: n_81 5.6 2
drt: n_810 2.4 2
drt: n_8100 2.84 2
drt: n_8101 2.4 3
drt: n_8102 1 2
drt: n_8103 14.53 6
drt: n_8104 4.6 3
drt: n_8105 1.8 2
drt: n_8106 4.8 3
drt: n_8107 1 2
drt: n_8108 9.92 4
drt: n_8109 3.84 3
drt: n_811 4.8 2
drt: n_8110 1 2
drt: n_8111 11.24 4
drt: n_8112 15 4
drt: n_8113 2.6 2
drt: n_8114 10.92 4
drt: n_8115 9.68 3
drt: n_8116 3.72 2
drt: n_8117 10.96 4
drt: n_8118 5.93 4
drt: n_8119 3.12 2
drt: n_812 4.2 2
drt: n_8120 3.2 2
drt: n_8121 23.4 3
drt: n_8122 3.6 2
drt: n_8123 5.84 3
drt: n_8124 3.52 2
drt: n_8125 5.12 3
drt: n_8126 1.6 2
drt: n_8127 5.12 3
drt: n_8128 1.2 2
drt: n_8129 4.46 3
drt: n_813 10.72 2
drt: n_8130 3.24 2
drt: n_8131 4.33 3
drt: n_8132 2.6 2
drt: n_8133 18.24 7
drt: n_8134 1.32 2
drt: n_8135 5.72 3
drt: n_8136 2.6 2
drt: n_8137 2.87 3
drt: n_8138 2 2
drt: n_8139 4.4 3
drt: n_814 12.4 2
drt: n_8140 1.4 2
drt: n_8141 8.6 3
drt: n_8142 23.16 7
drt: n_8143 2.9 3
drt: n_8144 3 2
drt: n_8145 7.04 3
drt: n_8146 2.72 2
drt: n_8147 10.35 4
drt: n_8148 5.6 3
drt: n_8149 2.2 2
drt: n_815 2.92 2
drt: n_8150 13.04 3
drt: n_8151 3.55 3
drt: n_8152 1.4 2
drt: n_8153 5.72 3
drt: n_8154 1 2
drt: n_8155 8.2 3
drt: n_8156 1.4 2
drt: n_8157 19.72 7
drt: n_8158 4.01 3
drt: n_8159 6.32 2
drt: n_816 6.6 2
drt: n_8160 5.93 3
drt: n_8161 3.4 2
drt: n_8162 12.61 4
drt: n_8163 3.52 3
drt: n_8164 1.8 2
drt: n_8165 43.13 9
drt: n_8166 1.32 2
drt: n_8167 3.4 3
drt: n_8168 2 2
drt: n_8169 7.87 4
drt: n_817 2.72 2
drt: n_8170 3.52 2
drt: n_8171 8.84 4
drt: n_8172 2.04 2
drt: n_8173 4.8 4
drt: n_8174 2.6 3
drt: n_8175 1.4 2
drt: n_8176 4 4
drt: n_8177 9 3
drt: n_8178 2.4 2
drt: n_8179 6.2 4
drt: n_818 3.44 2
drt: n_8180 2.76 3
drt: n_8181 1 2
drt: n_8182 5.92 4
drt: n_8183 3.2 3
drt: n_8184 3.12 2
drt: n_8185 9.85 4
drt: n_8186 7.53 3
drt: n_8187 4.92 2
drt: n_8188 123.24 7
drt: n_8189 4.32 2
drt: n_819 3.32 2
drt: n_8190 10.2 4
drt: n_8191 18.32 7
drt: n_8192 4.4 3
drt: n_8193 3.75 3
drt: n_8194 4.16 2
drt: n_8195 8.4 4
drt: n_8196 5.2 3
drt: n_8197 4.4 2
drt: n_8198 42.56 5
drt: n_8199 4.2 2
drt: n_82 4.92 2
drt: n_820 9.92 2
drt: n_8200 31.6 8
drt: n_8201 1.35 2
drt: n_8202 1.35 2
drt: n_8203 1.4 2
drt: n_8204 99.4 5
drt: n_8205 0.6 2
drt: n_8206 36.2 8
drt: n_8207 3.27 2
drt: n_8208 7.6 2
drt: n_8209 3.35 3
drt: n_821 1.8 2
drt: n_8210 3.2 2
drt: n_8211 3.8 2
drt: n_8212 1.2 2
drt: n_8213 10.8 2
drt: n_8214 6.2 3
drt: n_8215 1.8 2
drt: n_8216 1.4 2
drt: n_8217 3.44 2
drt: n_8218 4.8 2
drt: n_8219 3.8 2
drt: n_822 1.6 2
drt: n_8220 2.4 2
drt: n_8221 3.6 2
drt: n_8222 1.8 2
drt: n_8223 6.32 2
drt: n_8224 2.4 2
drt: n_8225 2.92 2
drt: n_8226 1 2
drt: n_8227 1 2
drt: n_8228 2.4 2
drt: n_8229 1.8 2
drt: n_823 8.84 2
drt: n_8230 2.4 2
drt: n_8231 2.4 2
drt: n_8232 4 2
drt: n_8233 2 2
drt: n_8234 1.2 2
drt: n_8235 1.55 3
drt: n_8236 2.04 2
drt: n_8237 1 2
drt: n_8238 5.72 2
drt: n_8239 4 3
drt: n_824 3.4 2
drt: n_8240 1.8 2
drt: n_8241 3.4 2
drt: n_8242 1.4 2
drt: n_8243 3.6 2
drt: n_8244 2.2 2
drt: n_8245 2.72 2
drt: n_8246 1.6 2
drt: n_8247 1.4 2
drt: n_8248 9.44 3
drt: n_8249 0.4 2
drt: n_825 1.6 2
drt: n_8250 10.8 3
drt: n_8251 0.4 2
drt: n_8252 3.12 3
drt: n_8253 1.6 2
drt: n_8254 3.96 3
drt: n_8255 0.4 2
drt: n_8256 3.01 3
drt: n_8257 0.4 2
drt: n_8258 8.64 3
drt: n_8259 2.6 2
drt: n_826 5.8 2
drt: n_8260 4.92 2
drt: n_8261 5.44 2
drt: n_8262 21.56 3
drt: n_8263 10 3
drt: n_8264 2.32 2
drt: n_8265 1.8 2
drt: n_8266 7.59 3
drt: n_8267 2 3
drt: n_8268 1 2
drt: n_8269 1.82 3
drt: n_827 1.6 2
drt: n_8270 0.6 2
drt: n_8271 4.04 3
drt: n_8272 0.4 2
drt: n_8273 4.2 3
drt: n_8274 1.2 2
drt: n_8275 3.4 2
drt: n_8276 7.52 3
drt: n_8277 0.6 2
drt: n_8278 6.92 3
drt: n_8279 1.4 2
drt: n_828 6.32 2
drt: n_8280 15.32 3
drt: n_8281 3.4 3
drt: n_8282 2.2 3
drt: n_8283 5.2 3
drt: n_8284 2 2
drt: n_8285 6.84 3
drt: n_8286 1.4 2
drt: n_8287 14.6 6
drt: n_8288 1 2
drt: n_8289 4.8 3
drt: n_829 4.32 2
drt: n_8290 1 2
drt: n_8291 4.2 3
drt: n_8292 0.8 2
drt: n_8293 3.24 3
drt: n_8294 2.8 2
drt: n_8295 15.4 7
drt: n_8296 1.64 2
drt: n_8297 9.04 6
drt: n_8298 0.4 2
drt: n_8299 8.4 4
drt: n_83 2.72 2
drt: n_830 5.6 2
drt: n_8300 1.6 2
drt: n_8301 4.84 3
drt: n_8302 9.56 3
drt: n_8303 11.32 6
drt: n_8304 4.2 2
drt: n_8305 5.21 5
drt: n_8306 2.8 2
drt: n_8307 2.6 3
drt: n_8308 1 2
drt: n_8309 3 2
drt: n_831 7.72 2
drt: n_8310 3 3
drt: n_8311 3.4 2
drt: n_8312 3.6 3
drt: n_8313 2.4 2
drt: n_8314 6.2 3
drt: n_8315 0.4 2
drt: n_8316 5.2 3
drt: n_8317 6.6 3
drt: n_8318 6.8 3
drt: n_8319 3.92 2
drt: n_832 5.04 2
drt: n_8320 3.21 3
drt: n_8321 3.6 2
drt: n_8322 4.2 3
drt: n_8323 0.8 2
drt: n_8324 4.72 3
drt: n_8325 17.24 3
drt: n_8326 2.25 3
drt: n_8327 2.84 2
drt: n_8328 4.2 3
drt: n_8329 6.2 2
drt: n_833 6.41 2
drt: n_8330 7.33 3
drt: n_8331 2.2 2
drt: n_8332 5.6 3
drt: n_8333 0.4 2
drt: n_8334 2.6 3
drt: n_8335 2 2
drt: n_8336 21.42 8
drt: n_8337 11.88 3
drt: n_8338 2.6 2
drt: n_8339 1.8 2
drt: n_834 4.04 2
drt: n_8340 2.04 3
drt: n_8341 2 3
drt: n_8342 1.64 2
drt: n_8343 3.2 2
drt: n_8344 7.73 4
drt: n_8345 7.55 4
drt: n_8346 2.04 2
drt: n_8347 3.6 3
drt: n_8348 0.4 2
drt: n_8349 2 2
drt: n_835 9.52 2
drt: n_8350 0.6 2
drt: n_8351 1.6 2
drt: n_8352 3 2
drt: n_8353 5.32 2
drt: n_8354 3.6 2
drt: n_8355 5.8 2
drt: n_8356 6.2 3
drt: n_8357 4.4 2
drt: n_8358 5.2 4
drt: n_8359 4.36 3
drt: n_836 9 2
drt: n_8360 16.04 4
drt: n_8361 4.4 3
drt: n_8362 1.2 2
drt: n_8363 5.6 2
drt: n_8364 2.2 2
drt: n_8365 5.92 3
drt: n_8366 5.8 3
drt: n_8367 7.72 3
drt: n_8368 2.01 3
drt: n_8369 3.6 3
drt: n_837 2 2
drt: n_8370 0.8 2
drt: n_8371 6.6 3
drt: n_8372 4.32 2
drt: n_8373 4.92 2
drt: n_8374 4 3
drt: n_8375 2.2 2
drt: n_8376 21.25 6
drt: n_8377 3.36 3
drt: n_8378 4.13 3
drt: n_8379 1.04 2
drt: n_838 10.2 2
drt: n_8380 2.2 2
drt: n_8381 5 2
drt: n_8382 6.32 2
drt: n_8383 1.6 2
drt: n_8384 1.4 2
drt: n_8385 3.84 3
drt: n_8386 0.6 2
drt: n_8387 7 3
drt: n_8388 2.41 3
drt: n_8389 0.6 2
drt: n_839 5.36 2
drt: n_8390 3.4 2
drt: n_8391 16.2 4
drt: n_8392 6.4 4
drt: n_8393 4.4 2
drt: n_8394 10 4
drt: n_8395 3.6 3
drt: n_8396 3 2
drt: n_8397 9.76 4
drt: n_8398 3.8 3
drt: n_8399 2.2 2
drt: n_84 3.04 2
drt: n_840 4.6 2
drt: n_8400 3.4 3
drt: n_8401 3.4 3
drt: n_8402 6.92 3
drt: n_8403 0.4 2
drt: n_8404 5.72 3
drt: n_8405 2.2 2
drt: n_8406 4.8 4
drt: n_8407 10.32 3
drt: n_8408 4.6 4
drt: n_8409 8.2 3
drt: n_841 5.04 2
drt: n_8410 7.24 4
drt: n_8411 5.6 3
drt: n_8412 24.12 4
drt: n_8413 3.8 3
drt: n_8414 9.4 4
drt: n_8415 6.4 3
drt: n_8416 20.08 4
drt: n_8417 4.72 3
drt: n_8418 5.33 3
drt: n_8419 2.64 2
drt: n_842 6.32 2
drt: n_8420 60.27 10
drt: n_8421 12.16 5
drt: n_8422 52.12 2
drt: n_8423 50.08 2
drt: n_8424 4.64 2
drt: n_8425 6.24 4
drt: n_8426 6.4 5
drt: n_8427 1.8 2
drt: n_8428 8.73 5
drt: n_8429 4.6 2
drt: n_843 3.92 2
drt: n_8430 13.64 5
drt: n_8431 5.2 2
drt: n_8432 49.99 5
drt: n_8433 3 2
drt: n_8434 20.44 5
drt: n_8435 2.04 2
drt: n_8436 18.56 5
drt: n_8437 3.8 2
drt: n_8438 8.6 5
drt: n_8439 4.2 2
drt: n_844 2.2 2
drt: n_8440 13.24 3
drt: n_8441 6.84 5
drt: n_8442 5.24 3
drt: n_8443 63.89 11
drt: n_8444 7.16 4
drt: n_8445 5.8 3
drt: n_8446 3.93 3
drt: n_8447 1.8 2
drt: n_8448 10.35 4
drt: n_8449 5.6 3
drt: n_845 7 2
drt: n_8450 4.24 3
drt: n_8451 7.8 3
drt: n_8452 10.32 4
drt: n_8453 17.67 4
drt: n_8454 19.28 4
drt: n_8455 10.32 4
drt: n_8456 6 2
drt: n_8457 13.6 5
drt: n_8458 19.75 4
drt: n_8459 8.6 4
drt: n_846 3.64 2
drt: n_8460 13.27 4
drt: n_8461 6.85 4
drt: n_8462 3.36 3
drt: n_8463 5.2 3
drt: n_8464 8.84 3
drt: n_8465 7.67 5
drt: n_8466 7 4
drt: n_8467 5.6 3
drt: n_8468 8.35 4
drt: n_8469 12.79 4
drt: n_847 2 2
drt: n_8470 2.35 2
drt: n_8471 9.92 4
drt: n_8472 6.53 3
drt: n_8473 2.4 2
drt: n_8474 6.6 4
drt: n_8475 4.6 3
drt: n_8476 16.25 4
drt: n_8477 21.92 8
drt: n_8478 6.92 3
drt: n_8479 5.85 4
drt: n_848 8.4 2
drt: n_8480 1.2 2
drt: n_8481 13.24 2
drt: n_8482 43.7 12
drt: n_8483 3.8 3
drt: n_8484 7.2 3
drt: n_8485 10.2 5
drt: n_8486 2.64 3
drt: n_8487 3.8 3
drt: n_8488 6.72 4
drt: n_8489 15.52 4
drt: n_849 4 2
drt: n_8490 8 4
drt: n_8491 10.84 4
drt: n_8492 7.33 4
drt: n_8493 4.21 4
drt: n_8494 7.64 4
drt: n_8495 7.13 4
drt: n_8496 11.04 4
drt: n_8497 10.72 4
drt: n_8498 4.64 3
drt: n_8499 3.24 4
drt: n_85 3.64 2
drt: n_850 3.04 2
drt: n_8500 7.95 5
drt: n_8501 3 2
drt: n_8502 24.64 5
drt: n_8503 15.8 5
drt: n_8504 6.41 3
drt: n_8505 5.96 3
drt: n_8506 6.24 3
drt: n_8507 7.16 3
drt: n_8508 1.35 2
drt: n_8509 3 3
drt: n_851 0.8 2
drt: n_8510 4.73 4
drt: n_8511 11.03 5
drt: n_8512 12 4
drt: n_8513 101.73 11
drt: n_8514 9.15 4
drt: n_8515 7.56 4
drt: n_8516 9.15 4
drt: n_8517 12.92 5
drt: n_8518 7.6 5
drt: n_8519 5.41 4
drt: n_852 1.8 2
drt: n_8520 4.42 4
drt: n_8521 8.15 4
drt: n_8522 84.33 13
drt: n_8523 4.84 3
drt: n_8524 59.36 13
drt: n_8525 4.24 3
drt: n_8526 14.4 4
drt: n_8527 5.12 3
drt: n_8528 12.6 4
drt: n_8529 3.4 2
drt: n_853 8.32 2
drt: n_8530 5 3
drt: n_8531 19.88 4
drt: n_8532 7.27 4
drt: n_8533 6.84 4
drt: n_8534 7.04 4
drt: n_8535 1.6 2
drt: n_8536 11.8 5
drt: n_8537 33.06 9
drt: n_8538 8.13 4
drt: n_8539 9.52 5
drt: n_854 2.4 2
drt: n_8540 5.12 2
drt: n_8541 9.25 6
drt: n_8542 10.47 4
drt: n_8543 8.8 3
drt: n_8544 1.8 2
drt: n_8545 12.03 4
drt: n_8546 12 4
drt: n_8547 3 2
drt: n_8548 1.8 2
drt: n_8549 3.72 2
drt: n_855 4.8 2
drt: n_8550 8.92 3
drt: n_8551 3 2
drt: n_8552 6.32 3
drt: n_8553 1.8 2
drt: n_8554 3.24 3
drt: n_8555 0.4 2
drt: n_8556 1.4 2
drt: n_8557 42.85 12
drt: n_8558 11.12 4
drt: n_8559 3.2 3
drt: n_856 3.12 2
drt: n_8560 3.8 2
drt: n_8561 13.21 5
drt: n_8562 11.21 5
drt: n_8563 1.2 2
drt: n_8564 5.16 3
drt: n_8565 7.53 4
drt: n_8566 4 2
drt: n_8567 6.32 3
drt: n_8568 0.4 2
drt: n_8569 21.8 6
drt: n_857 2.6 2
drt: n_8570 12.44 4
drt: n_8571 6.6 3
drt: n_8572 4.2 2
drt: n_8573 4.1 4
drt: n_8574 16.48 3
drt: n_8575 2.24 2
drt: n_8576 1 2
drt: n_8577 20.57 3
drt: n_8578 1.84 2
drt: n_8579 1.6 3
drt: n_858 2.32 2
drt: n_8580 1.8 2
drt: n_8581 8 4
drt: n_8582 3.4 2
drt: n_8583 3 2
drt: n_8584 2.2 2
drt: n_8585 1.8 2
drt: n_8586 4.4 2
drt: n_8587 3.92 2
drt: n_8588 11.84 4
drt: n_8589 5.72 4
drt: n_859 4 2
drt: n_8590 3 2
drt: n_8591 1.6 2
drt: n_8592 7 2
drt: n_8593 1.6 2
drt: n_8594 20.6 4
drt: n_8595 1.64 2
drt: n_8596 11.81 4
drt: n_8597 13.27 4
drt: n_8598 13.4 5
drt: n_8599 13.72 4
drt: n_86 4.8 2
drt: n_860 3.84 2
drt: n_8600 9.32 4
drt: n_8601 9.8 4
drt: n_8602 11.24 4
drt: n_8603 14.79 4
drt: n_8604 3 2
drt: n_8605 6.75 4
drt: n_8606 1.6 2
drt: n_8607 9.2 2
drt: n_8608 14.4 5
drt: n_8609 10.52 4
drt: n_861 3.6 2
drt: n_8610 8.41 3
drt: n_8611 1.6 2
drt: n_8612 13.49 4
drt: n_8613 7.47 4
drt: n_8614 10 3
drt: n_8615 5.6 3
drt: n_8616 9.44 2
drt: n_8617 2.72 2
drt: n_8618 10.8 5
drt: n_8619 5.12 3
drt: n_862 8.6 2
drt: n_8620 1.64 2
drt: n_8621 1.8 2
drt: n_8622 2.67 3
drt: n_8623 2.72 2
drt: n_8624 4.64 4
drt: n_8625 4.07 3
drt: n_8626 1.4 2
drt: n_8627 5.76 3
drt: n_8628 4.04 3
drt: n_8629 5.16 3
drt: n_863 8.32 2
drt: n_8630 1.64 2
drt: n_8631 4.44 2
drt: n_8632 7 4
drt: n_8633 4.6 3
drt: n_8634 1.4 2
drt: n_8635 17.28 3
drt: n_8636 8.72 4
drt: n_8637 5.2 3
drt: n_8638 1.8 2
drt: n_8639 11.28 3
drt: n_864 2.2 2
drt: n_8640 2.8 3
drt: n_8641 1.4 2
drt: n_8642 2.8 2
drt: n_8643 7.6 4
drt: n_8644 3.2 2
drt: n_8645 6.8 3
drt: n_8646 3.44 2
drt: n_8647 9.45 4
drt: n_8648 3.4 3
drt: n_8649 1.4 2
drt: n_865 4.8 2
drt: n_8650 38.16 6
drt: n_8651 3.61 3
drt: n_8652 1.4 2
drt: n_8653 1.6 2
drt: n_8654 8.2 3
drt: n_8655 4.64 4
drt: n_8656 4.84 3
drt: n_8657 1.4 2
drt: n_8658 10.71 3
drt: n_8659 7.8 3
drt: n_866 4 2
drt: n_8660 3.55 3
drt: n_8661 2.2 2
drt: n_8662 3.84 3
drt: n_8663 1.64 2
drt: n_8664 5.4 4
drt: n_8665 4.12 3
drt: n_8666 1.6 2
drt: n_8667 4.12 2
drt: n_8668 9.8 3
drt: n_8669 3.6 3
drt: n_867 3.12 2
drt: n_8670 0.6 2
drt: n_8671 6.32 4
drt: n_8672 4.64 3
drt: n_8673 1 2
drt: n_8674 17.24 5
drt: n_8675 3.75 3
drt: n_8676 1.4 2
drt: n_8677 5.8 3
drt: n_8678 1.2 2
drt: n_8679 2.2 2
drt: n_868 2.72 2
drt: n_8680 17.4 3
drt: n_8681 3 2
drt: n_8682 4.8 4
drt: n_8683 9.29 3
drt: n_8684 2 2
drt: n_8685 3.2 2
drt: n_8686 6.04 4
drt: n_8687 1 2
drt: n_8688 6.93 4
drt: n_8689 1.2 2
drt: n_869 3 2
drt: n_8690 10.4 5
drt: n_8691 5.72 3
drt: n_8692 1.4 2
drt: n_8693 22 6
drt: n_8694 7.99 3
drt: n_8695 3.92 2
drt: n_8696 10.13 5
drt: n_8697 5.51 3
drt: n_8698 1 2
drt: n_8699 5.32 3
drt: n_87 3.8 2
drt: n_870 1.4 2
drt: n_8700 1.8 2
drt: n_8701 13 5
drt: n_8702 7 3
drt: n_8703 2 2
drt: n_8704 13.84 5
drt: n_8705 3.6 3
drt: n_8706 5.6 2
drt: n_8707 1.6 2
drt: n_8708 1.52 2
drt: n_8709 0.6 2
drt: n_871 4 2
drt: n_8710 8.8 4
drt: n_8711 0.6 2
drt: n_8712 1 2
drt: n_8713 1.8 2
drt: n_8714 0.6 2
drt: n_8715 9.24 4
drt: n_8716 2.72 2
drt: n_8717 0.6 2
drt: n_8718 3.72 2
drt: n_8719 6 5
drt: n_872 4.12 2
drt: n_8720 3.6 3
drt: n_8721 1.4 2
drt: n_8722 3.6 4
drt: n_8723 9.95 3
drt: n_8724 4 2
drt: n_8725 5.8 4
drt: n_8726 2.4 3
drt: n_8727 1.2 2
drt: n_8728 11.84 5
drt: n_8729 7.12 3
drt: n_873 4.12 2
drt: n_8730 1 2
drt: n_8731 6.4 5
drt: n_8732 4.32 3
drt: n_8733 1.8 2
drt: n_8734 9.4 5
drt: n_8735 1.8 3
drt: n_8736 1.2 2
drt: n_8737 8.32 5
drt: n_8738 3.2 3
drt: n_8739 1 2
drt: n_874 4.12 2
drt: n_8740 4 3
drt: n_8741 1.4 2
drt: n_8742 7.33 4
drt: n_8743 5.73 3
drt: n_8744 4.6 2
drt: n_8745 5.4 3
drt: n_8746 2.2 2
drt: n_8747 11.04 4
drt: n_8748 3.4 3
drt: n_8749 1.8 2
drt: n_875 1.8 2
drt: n_8750 4 4
drt: n_8751 4.6 3
drt: n_8752 1.2 2
drt: n_8753 4.24 3
drt: n_8754 5.96 3
drt: n_8755 4.92 2
drt: n_8756 10.84 5
drt: n_8757 1.6 3
drt: n_8758 1.2 2
drt: n_8759 1.64 2
drt: n_876 1.44 2
drt: n_8760 4.8 2
drt: n_8761 1.2 2
drt: n_8762 9.8 3
drt: n_8763 5.2 3
drt: n_8764 1 2
drt: n_8765 1.4 2
drt: n_8766 11.04 4
drt: n_8767 1.4 2
drt: n_8768 5.4 4
drt: n_8769 10.77 4
drt: n_877 10.4 2
drt: n_8770 5 3
drt: n_8771 3.4 2
drt: n_8772 16 4
drt: n_8773 2.2 2
drt: n_8774 2.8 3
drt: n_8775 3 3
drt: n_8776 10.44 4
drt: n_8777 1 2
drt: n_8778 13.28 3
drt: n_8779 9.52 3
drt: n_878 6.4 2
drt: n_8780 1.8 2
drt: n_8781 6.6 3
drt: n_8782 2.6 3
drt: n_8783 32.53 4
drt: n_8784 1 2
drt: n_8785 7.04 4
drt: n_8786 4 2
drt: n_8787 4.4 3
drt: n_8788 11.4 3
drt: n_8789 5.53 3
drt: n_879 6.72 2
drt: n_8790 5.32 2
drt: n_8791 9.92 4
drt: n_8792 4.4 3
drt: n_8793 3.2 3
drt: n_8794 10.33 4
drt: n_8795 4.2 4
drt: n_8796 1.84 2
drt: n_8797 13.07 4
drt: n_8798 2.12 2
drt: n_8799 11.04 4
drt: n_88 6.2 2
drt: n_880 7.72 2
drt: n_8800 10.33 4
drt: n_8801 4.99 4
drt: n_8802 15.28 4
drt: n_8803 3.27 2
drt: n_8804 7.15 4
drt: n_8805 5.42 4
drt: n_8806 6.56 4
drt: n_8807 7.4 3
drt: n_8808 3.2 2
drt: n_8809 13.96 4
drt: n_881 8.32 2
drt: n_8810 10 4
drt: n_8811 5.72 4
drt: n_8812 5.8 3
drt: n_8813 2.72 2
drt: n_8814 5.62 3
drt: n_8815 4.6 2
drt: n_8816 3.93 3
drt: n_8817 3.2 2
drt: n_8818 2.6 3
drt: n_8819 2.64 2
drt: n_882 3.44 2
drt: n_8820 5.56 3
drt: n_8821 2.24 2
drt: n_8822 0.6 2
drt: n_8823 4.6 3
drt: n_8824 1.6 2
drt: n_8825 3.4 3
drt: n_8826 3.2 2
drt: n_8827 2.4 3
drt: n_8828 3.52 2
drt: n_8829 3.8 2
drt: n_883 1.6 2
drt: n_8830 2.01 3
drt: n_8831 3.2 2
drt: n_8832 6.61 3
drt: n_8833 3.2 2
drt: n_8834 4.24 3
drt: n_8835 2.4 2
drt: n_8836 0.4 2
drt: n_8837 5.24 3
drt: n_8838 6.52 3
drt: n_8839 4.76 3
drt: n_884 3.52 2
drt: n_8840 9.76 3
drt: n_8841 5.52 2
drt: n_8842 15.72 5
drt: n_8843 2.4 3
drt: n_8844 1.8 2
drt: n_8845 4.96 3
drt: n_8846 5.8 4
drt: n_8847 5.6 3
drt: n_8848 15.36 4
drt: n_8849 3.8 3
drt: n_885 4.6 2
drt: n_8850 3.6 2
drt: n_8851 41.89 10
drt: n_8852 3 2
drt: n_8853 6.4 3
drt: n_8854 0.8 2
drt: n_8855 2.8 2
drt: n_8856 12.52 3
drt: n_8857 0.6 2
drt: n_8858 26.01 6
drt: n_8859 26 6
drt: n_886 4.8 2
drt: n_8860 5.2 4
drt: n_8861 6.84 4
drt: n_8862 3.6 3
drt: n_8863 1.6 2
drt: n_8864 3.6 3
drt: n_8865 2.8 2
drt: n_8866 1.8 3
drt: n_8867 1.8 2
drt: n_8868 4.84 3
drt: n_8869 2 2
drt: n_887 5.72 2
drt: n_8870 4.93 3
drt: n_8871 3.2 2
drt: n_8872 5.2 3
drt: n_8873 2.2 2
drt: n_8874 1.8 3
drt: n_8875 1.8 2
drt: n_8876 7.52 4
drt: n_8877 3.32 2
drt: n_8878 7.2 3
drt: n_8879 8.6 4
drt: n_888 2.24 2
drt: n_8880 6 3
drt: n_8881 7.52 3
drt: n_8882 7.15 3
drt: n_8883 6.12 2
drt: n_8884 36.64 8
drt: n_8885 35.7 8
drt: n_8886 12.16 3
drt: n_8887 2.8 3
drt: n_8888 2.44 2
drt: n_8889 0.6 2
drt: n_889 2.6 2
drt: n_8890 6.2 2
drt: n_8891 7.52 4
drt: n_8892 10.6 5
drt: n_8893 4.6 2
drt: n_8894 6.8 2
drt: n_8895 4.01 3
drt: n_8896 7.4 5
drt: n_8897 3.81 3
drt: n_8898 10.8 3
drt: n_8899 1.41 3
drt: n_89 2.24 2
drt: n_890 1.6 2
drt: n_8900 1.8 2
drt: n_8901 5 4
drt: n_8902 18.2 3
drt: n_8903 11.68 5
drt: n_8904 5.8 3
drt: n_8905 9.2 3
drt: n_8906 10.55 4
drt: n_8907 26.15 6
drt: n_8908 7.2 4
drt: n_8909 13.53 5
drt: n_891 4.52 2
drt: n_8910 7.44 4
drt: n_8911 7.2 4
drt: n_8912 1.4 2
drt: n_8913 4.72 3
drt: n_8914 0.6 2
drt: n_8915 8.72 3
drt: n_8916 7.52 2
drt: n_8917 3.81 3
drt: n_8918 2 2
drt: n_8919 4.81 5
drt: n_892 0.4 2
drt: n_8920 10.2 5
drt: n_8921 1.52 2
drt: n_8922 2.2 2
drt: n_8923 3.04 2
drt: n_8924 12.13 5
drt: n_8925 15.92 4
drt: n_8926 9.55 4
drt: n_8927 6.2 5
drt: n_8928 8.6 4
drt: n_8929 54.77 11
drt: n_893 3.4 2
drt: n_8930 3.52 2
drt: n_8931 0.6 2
drt: n_8932 12.24 6
drt: n_8933 4.6 2
drt: n_8934 3.67 3
drt: n_8935 1.2 2
drt: n_8936 11.36 4
drt: n_8937 3.8 3
drt: n_8938 0.8 2
drt: n_8939 4.84 3
drt: n_894 2 2
drt: n_8940 1.8 2
drt: n_8941 4.04 3
drt: n_8942 2.2 2
drt: n_8943 5.56 4
drt: n_8944 4.8 3
drt: n_8945 4.8 3
drt: n_8946 8.72 3
drt: n_8947 1.44 2
drt: n_8948 4.32 3
drt: n_8949 2.4 2
drt: n_895 3.92 2
drt: n_8950 11.44 4
drt: n_8951 8.2 4
drt: n_8952 9.75 4
drt: n_8953 7.12 4
drt: n_8954 5.92 4
drt: n_8955 5.2 2
drt: n_8956 9.45 4
drt: n_8957 19.69 11
drt: n_8958 7.2 2
drt: n_8959 15.56 3
drt: n_896 3.84 2
drt: n_8960 1.84 2
drt: n_8961 8.12 3
drt: n_8962 2.2 2
drt: n_8963 5.81 3
drt: n_8964 1.8 2
drt: n_8965 4.6 2
drt: n_8966 9.4 4
drt: n_8967 1.6 2
drt: n_8968 4.8 2
drt: n_8969 1.41 3
drt: n_897 3.8 2
drt: n_8970 1.4 2
drt: n_8971 25.52 6
drt: n_8972 3.75 3
drt: n_8973 1.6 2
drt: n_8974 4.8 2
drt: n_8975 3.4 3
drt: n_8976 3.4 2
drt: n_8977 4 2
drt: n_8978 4 3
drt: n_8979 2.04 2
drt: n_898 5 2
drt: n_8980 2.8 3
drt: n_8981 2.2 2
drt: n_8982 10.32 5
drt: n_8983 5.76 3
drt: n_8984 2 2
drt: n_8985 5.6 2
drt: n_8986 5.15 3
drt: n_8987 1.8 2
drt: n_8988 3.44 3
drt: n_8989 4.52 3
drt: n_899 14.96 2
drt: n_8990 2.44 2
drt: n_8991 6.15 4
drt: n_8992 8.6 4
drt: n_8993 2.2 2
drt: n_8994 5.61 3
drt: n_8995 2.8 2
drt: n_8996 3 3
drt: n_8997 1 2
drt: n_8998 3.72 3
drt: n_8999 1.4 2
drt: n_9 11.41 2
drt: n_90 4.8 2
drt: n_900 1.8 2
drt: n_9000 0.6 2
drt: n_9001 2.73 3
drt: n_9002 4.52 3
drt: n_9003 2.8 2
drt: n_9004 2.4 2
drt: n_9005 4.44 3
drt: n_9006 1.84 2
drt: n_9007 12.04 4
drt: n_9008 5.8 3
drt: n_9009 4.44 2
drt: n_901 2.8 2
drt: n_9010 8 5
drt: n_9011 4 3
drt: n_9012 1.6 2
drt: n_9013 6.4 3
drt: n_9014 2 2
drt: n_9015 2.4 2
drt: n_9016 9.56 4
drt: n_9017 1.2 2
drt: n_9018 1.4 2
drt: n_9019 2.8 2
drt: n_902 7.6 2
drt: n_9020 4.12 2
drt: n_9021 0.6 2
drt: n_9022 1.6 2
drt: n_9023 1 2
drt: n_9024 7.92 4
drt: n_9025 4.02 4
drt: n_9026 4.93 2
drt: n_9027 2.6 2
drt: n_9028 1.2 2
drt: n_9029 0.8 2
drt: n_903 6.32 2
drt: n_9030 7.8 2
drt: n_9031 3.92 2
drt: n_9032 11.64 6
drt: n_9033 1.4 2
drt: n_9034 12.61 5
drt: n_9035 4.4 2
drt: n_9036 1.35 2
drt: n_9037 1.8 2
drt: n_9038 4.4 3
drt: n_9039 1.4 2
drt: n_904 4.6 2
drt: n_9040 5.04 3
drt: n_9041 3.2 2
drt: n_9042 9.8 5
drt: n_9043 0.6 2
drt: n_9044 6.6 3
drt: n_9045 1.8 3
drt: n_9046 1.8 2
drt: n_9047 0.8 2
drt: n_9048 3.2 2
drt: n_9049 1.4 2
drt: n_905 10.4 2
drt: n_9050 8.92 3
drt: n_9051 8.2 2
drt: n_9052 1 2
drt: n_9053 23.2 6
drt: n_9054 9.64 4
drt: n_9055 13.36 4
drt: n_9056 2.04 2
drt: n_9057 4.4 2
drt: n_9058 5.32 2
drt: n_9059 3.6 2
drt: n_906 3.2 2
drt: n_9060 1.8 2
drt: n_9061 3.8 3
drt: n_9062 1.84 2
drt: n_9063 5.44 4
drt: n_9064 5.2 4
drt: n_9065 2.32 2
drt: n_9066 7 5
drt: n_9067 2.55 3
drt: n_9068 1.8 2
drt: n_9069 1.8 2
drt: n_907 9.12 2
drt: n_9070 2.24 2
drt: n_9071 2.52 2
drt: n_9072 17.93 5
drt: n_9073 3.95 3
drt: n_9074 1 2
drt: n_9075 2.6 3
drt: n_9076 1 2
drt: n_9077 3.04 3
drt: n_9078 2 2
drt: n_9079 20.6 4
drt: n_908 9.2 2
drt: n_9080 12.01 4
drt: n_9081 1.4 2
drt: n_9082 9.75 5
drt: n_9083 6.72 3
drt: n_9084 1.8 2
drt: n_9085 2.24 2
drt: n_9086 2 2
drt: n_9087 4.2 2
drt: n_9088 24.66 8
drt: n_9089 5.76 3
drt: n_909 2.4 2
drt: n_9090 2.6 2
drt: n_9091 6.92 4
drt: n_9092 4.15 3
drt: n_9093 1.4 2
drt: n_9094 4.2 3
drt: n_9095 22.69 6
drt: n_9096 1.8 3
drt: n_9097 4.16 3
drt: n_9098 2.4 3
drt: n_9099 5.4 3
drt: n_91 6 2
drt: n_910 4.4 2
drt: n_9100 1 2
drt: n_9101 3.16 3
drt: n_9102 2 3
drt: n_9103 1.8 2
drt: n_9104 3.6 3
drt: n_9105 3 2
drt: n_9106 1.4 2
drt: n_9107 3.6 3
drt: n_9108 1.4 2
drt: n_9109 5.64 3
drt: n_911 4 2
drt: n_9110 1.4 2
drt: n_9111 2.8 3
drt: n_9112 1.4 2
drt: n_9113 1.2 2
drt: n_9114 4.84 3
drt: n_9115 2.2 2
drt: n_9116 6.12 3
drt: n_9117 2.2 3
drt: n_9118 19.2 6
drt: n_9119 3.12 2
drt: n_912 1.4 2
drt: n_9120 7.61 5
drt: n_9121 4.6 3
drt: n_9122 3.4 2
drt: n_9123 8.36 5
drt: n_9124 7.75 3
drt: n_9125 4.52 2
drt: n_9126 10.04 4
drt: n_9127 4.44 3
drt: n_9128 4.6 2
drt: n_9129 9.12 5
drt: n_913 4.6 2
drt: n_9130 5.6 3
drt: n_9131 3 2
drt: n_9132 11.64 5
drt: n_9133 4.15 3
drt: n_9134 1.8 2
drt: n_9135 8.16 5
drt: n_9136 6.4 3
drt: n_9137 1.4 2
drt: n_9138 3.6 3
drt: n_9139 8.61 4
drt: n_914 12.72 2
drt: n_9140 17.39 3
drt: n_9141 1.2 2
drt: n_9142 2.6 2
drt: n_9143 2.2 3
drt: n_9144 0.8 2
drt: n_9145 3.32 2
drt: n_9146 11.16 5
drt: n_9147 7.15 3
drt: n_9148 1.8 2
drt: n_9149 7 4
drt: n_915 2.4 2
drt: n_9150 4 3
drt: n_9151 4.96 3
drt: n_9152 6.84 3
drt: n_9153 8 3
drt: n_9154 3.4 3
drt: n_9155 34.65 3
drt: n_9156 3.4 2
drt: n_9157 23.44 5
drt: n_9158 8.4 4
drt: n_9159 2.92 2
drt: n_916 4.2 2
drt: n_9160 17.6 5
drt: n_9161 13.4 4
drt: n_9162 3.12 2
drt: n_9163 17.52 5
drt: n_9164 11.32 4
drt: n_9165 4.12 2
drt: n_9166 1.8 3
drt: n_9167 19.76 5
drt: n_9168 6.33 4
drt: n_9169 2.2 2
drt: n_917 4.6 2
drt: n_9170 1.4 2
drt: n_9171 6.2 5
drt: n_9172 3.55 3
drt: n_9173 3.12 2
drt: n_9174 4.24 3
drt: n_9175 4.12 3
drt: n_9176 0.4 2
drt: n_9177 5.8 3
drt: n_9178 5 3
drt: n_9179 10.8 4
drt: n_918 1 2
drt: n_9180 15.41 6
drt: n_9181 3.8 3
drt: n_9182 2.6 2
drt: n_9183 6.12 3
drt: n_9184 0.4 2
drt: n_9185 8.72 3
drt: n_9186 3.4 3
drt: n_9187 15.48 5
drt: n_9188 3.64 3
drt: n_9189 1.64 2
drt: n_919 5.92 2
drt: n_9190 3.6 3
drt: n_9191 5 4
drt: n_9192 3.56 3
drt: n_9193 1.64 2
drt: n_9194 1.81 3
drt: n_9195 3 3
drt: n_9196 0.8 2
drt: n_9197 3.12 3
drt: n_9198 3.2 2
drt: n_9199 6.92 2
drt: n_92 2.24 2
drt: n_920 4.6 2
drt: n_9200 3.4 3
drt: n_9201 4 3
drt: n_9202 0.4 2
drt: n_9203 3.8 3
drt: n_9204 0.8 2
drt: n_9205 3.6 3
drt: n_9206 4.44 3
drt: n_9207 15.24 5
drt: n_9208 6.2 3
drt: n_9209 2.2 2
drt: n_921 3.4 2
drt: n_9210 0.95 2
drt: n_9211 1.32 2
drt: n_9212 4.27 2
drt: n_9213 10.92 4
drt: n_9214 6.13 3
drt: n_9215 2.84 3
drt: n_9216 8.49 4
drt: n_9217 11.15 4
drt: n_9218 13.72 4
drt: n_9219 14.21 4
drt: n_922 8.2 2
drt: n_9220 4.24 3
drt: n_9221 12.64 4
drt: n_9222 6.6 3
drt: n_9223 10.52 4
drt: n_9224 11.84 3
drt: n_9225 34.08 7
drt: n_9226 16.8 4
drt: n_9227 19.09 6
drt: n_9228 5.4 4
drt: n_9229 6.32 3
drt: n_923 3 2
drt: n_9230 10.8 4
drt: n_9231 7.92 3
drt: n_9232 11.92 4
drt: n_9233 12.4 3
drt: n_9234 5.84 4
drt: n_9235 7.44 3
drt: n_9236 1.35 2
drt: n_9237 7.8 4
drt: n_9238 3.6 3
drt: n_9239 12.8 4
drt: n_924 3.72 2
drt: n_9240 6 3
drt: n_9241 6.32 3
drt: n_9242 4.96 3
drt: n_9243 2.27 2
drt: n_9244 14.27 4
drt: n_9245 10.75 4
drt: n_9246 11.6 4
drt: n_9247 11.56 4
drt: n_9248 7 3
drt: n_9249 10.19 5
drt: n_925 3.72 2
drt: n_9250 14.32 4
drt: n_9251 14.32 3
drt: n_9252 8.16 4
drt: n_9253 4.32 3
drt: n_9254 8.33 4
drt: n_9255 4.33 3
drt: n_9256 10.32 4
drt: n_9257 8.64 3
drt: n_9258 17.24 4
drt: n_9259 10.55 4
drt: n_926 3.6 2
drt: n_9260 12.72 4
drt: n_9261 7.33 3
drt: n_9262 7.32 4
drt: n_9263 3.6 3
drt: n_9264 6.84 4
drt: n_9265 3.44 3
drt: n_9266 4.92 3
drt: n_9267 33.96 4
drt: n_9268 2.12 2
drt: n_9269 9.24 4
drt: n_927 2.8 2
drt: n_9270 12.59 4
drt: n_9271 6.64 4
drt: n_9272 4.44 3
drt: n_9273 1.32 2
drt: n_9274 4.35 2
drt: n_9275 10.44 4
drt: n_9276 4.84 3
drt: n_9277 4.2 2
drt: n_9278 4.96 3
drt: n_9279 6.28 4
drt: n_928 2.24 2
drt: n_9280 3.55 2
drt: n_9281 9.66 4
drt: n_9282 5.6 3
drt: n_9283 3.55 2
drt: n_9284 9 4
drt: n_9285 4.84 3
drt: n_9286 0.55 2
drt: n_9287 10.32 4
drt: n_9288 9.6 4
drt: n_9289 4.6 3
drt: n_929 2.92 2
drt: n_9290 9.32 4
drt: n_9291 6.04 3
drt: n_9292 13.04 4
drt: n_9293 7.24 3
drt: n_9294 12.64 4
drt: n_9295 6.48 5
drt: n_9296 5.75 4
drt: n_9297 7.72 3
drt: n_9298 13.6 4
drt: n_9299 6.72 3
drt: n_93 3.12 2
drt: n_930 4 2
drt: n_9300 8.77 4
drt: n_9301 8.6 4
drt: n_9302 16.04 6
drt: n_9303 4 3
drt: n_9304 7.12 4
drt: n_9305 7.92 3
drt: n_9306 7.8 4
drt: n_9307 2.6 3
drt: n_9308 3.2 2
drt: n_9309 3.84 3
drt: n_931 2.4 2
drt: n_9310 9.73 4
drt: n_9311 9.81 4
drt: n_9312 4.64 3
drt: n_9313 6.64 4
drt: n_9314 3.32 3
drt: n_9315 12.12 4
drt: n_9316 5.72 3
drt: n_9317 9.32 4
drt: n_9318 13.6 4
drt: n_9319 6.52 3
drt: n_932 2.4 2
drt: n_9320 5.52 4
drt: n_9321 4.32 3
drt: n_9322 7.4 4
drt: n_9323 4.6 3
drt: n_9324 6.2 4
drt: n_9325 6.12 3
drt: n_9326 10.8 4
drt: n_9327 20.04 6
drt: n_9328 10.12 4
drt: n_9329 17.16 8
drt: n_933 4.12 2
drt: n_9330 10 4
drt: n_9331 3.32 2
drt: n_9332 6.64 3
drt: n_9333 10.12 4
drt: n_9334 10.64 4
drt: n_9335 7.76 4
drt: n_9336 22.52 7
drt: n_9337 11.4 4
drt: n_9338 12.21 6
drt: n_9339 3.52 2
drt: n_934 1.4 2
drt: n_9340 6.52 3
drt: n_9341 14.64 4
drt: n_9342 13.52 4
drt: n_9343 5.64 3
drt: n_9344 4.32 3
drt: n_9345 5.6 3
drt: n_9346 2.8 3
drt: n_9347 6.72 2
drt: n_9348 5.32 3
drt: n_9349 2.4 2
drt: n_935 2.61 2
drt: n_9350 4.75 3
drt: n_9351 1 2
drt: n_9352 11.6 3
drt: n_9353 3 2
drt: n_9354 9.24 3
drt: n_9355 6.84 3
drt: n_9356 3.2 2
drt: n_9357 6.01 3
drt: n_9358 3.6 2
drt: n_9359 11.8 3
drt: n_936 2.4 2
drt: n_9360 1.6 2
drt: n_9361 10.32 3
drt: n_9362 2.6 2
drt: n_9363 6.4 4
drt: n_9364 15.52 2
drt: n_9365 6.72 4
drt: n_9366 8.72 3
drt: n_9368 7 3
drt: n_9369 3.32 2
drt: n_937 3.32 2
drt: n_9371 3.6 3
drt: n_9372 2.24 2
drt: n_9374 3 3
drt: n_9375 7 2
drt: n_9377 5.24 3
drt: n_9378 9.6 2
drt: n_938 3.2 2
drt: n_9380 3.64 3
drt: n_9381 2.8 2
drt: n_9383 4.84 3
drt: n_9384 3.2 2
drt: n_9385 5.2 4
drt: n_9386 7.12 3
drt: n_9387 5.2 4
drt: n_9388 5.92 3
drt: n_9389 2 2
drt: n_939 7.6 2
drt: n_9390 3.84 3
drt: n_9391 2 2
drt: n_9392 5.12 2
drt: n_9393 1.6 2
drt: n_9394 7.36 3
drt: n_9395 0.4 2
drt: n_9396 23.64 6
drt: n_9397 6.8 3
drt: n_9398 1.4 2
drt: n_9399 3.8 3
drt: n_94 7.6 2
drt: n_940 3.8 2
drt: n_9400 0.6 2
drt: n_9401 6 3
drt: n_9402 2.4 2
drt: n_9403 14.08 6
drt: n_9404 5.8 3
drt: n_9405 2.61 3
drt: n_9406 1.6 2
drt: n_9407 5.72 3
drt: n_9408 0.6 2
drt: n_9409 9.12 4
drt: n_941 5 2
drt: n_9410 3.6 3
drt: n_9411 3.92 2
drt: n_9412 5.8 3
drt: n_9413 0.8 2
drt: n_9414 4.52 2
drt: n_9415 4.8 3
drt: n_9416 0.6 2
drt: n_9417 4.56 3
drt: n_9418 3.72 2
drt: n_9419 22.44 6
drt: n_942 3.32 2
drt: n_9420 7.92 3
drt: n_9421 2.6 2
drt: n_9422 4.21 5
drt: n_9423 10.4 4
drt: n_9424 6.56 5
drt: n_9425 16.24 4
drt: n_9426 7.13 5
drt: n_9427 5.6 4
drt: n_9428 12.04 5
drt: n_9429 13.68 5
drt: n_943 13.28 2
drt: n_9430 3.8 3
drt: n_9431 0.6 2
drt: n_9432 4.2 3
drt: n_9433 2.8 2
drt: n_9434 3.2 3
drt: n_9435 2.04 2
drt: n_9436 8.25 5
drt: n_9437 11.92 5
drt: n_9438 11.2 3
drt: n_9439 0.6 2
drt: n_944 1.8 2
drt: n_9440 13.52 4
drt: n_9441 5 2
drt: n_9442 1 2
drt: n_9443 5.2 2
drt: n_9444 3 3
drt: n_9445 0.6 2
drt: n_9446 5.24 3
drt: n_9447 1.4 2
drt: n_9448 7.32 2
drt: n_9449 8.6 4
drt: n_945 4.2 2
drt: n_9450 15.44 2
drt: n_9451 3.44 3
drt: n_9452 3 3
drt: n_9453 2.92 2
drt: n_9454 6.6 3
drt: n_9455 9.4 3
drt: n_9456 5 2
drt: n_9457 3 2
drt: n_9458 4.2 3
drt: n_9459 7.12 3
drt: n_946 4.84 2
drt: n_9460 1.6 2
drt: n_9461 4.2 3
drt: n_9462 4 3
drt: n_9463 2.4 2
drt: n_9464 4.53 3
drt: n_9465 2.4 3
drt: n_9466 6.8 3
drt: n_9467 2 2
drt: n_9468 2.12 2
drt: n_9469 1.2 2
drt: n_947 3.8 2
drt: n_9470 7.92 3
drt: n_9471 6.52 3
drt: n_9472 2.2 2
drt: n_9473 4.25 3
drt: n_9474 7 3
drt: n_9475 1.4 2
drt: n_9476 5.2 3
drt: n_9477 4 3
drt: n_9478 5.8 3
drt: n_9479 3.4 2
drt: n_948 3 2
drt: n_9480 18.19 6
drt: n_9481 6 2
drt: n_9482 1.35 2
drt: n_9483 2.44 2
drt: n_9484 4.92 3
drt: n_9485 7.65 3
drt: n_9486 2.04 2
drt: n_9487 4.8 3
drt: n_9488 2.4 3
drt: n_9489 1.8 2
drt: n_949 3.92 2
drt: n_9490 3.92 3
drt: n_9491 9.28 3
drt: n_9492 3.8 2
drt: n_9493 6.32 3
drt: n_9494 2.6 3
drt: n_9495 2.2 2
drt: n_9496 2.45 3
drt: n_9497 2.64 3
drt: n_9498 3.6 2
drt: n_9499 2.4 3
drt: n_95 4.92 2
drt: n_950 6.52 2
drt: n_9500 3.62 3
drt: n_9501 4.52 2
drt: n_9502 4.13 3
drt: n_9503 3.56 3
drt: n_9504 1.4 2
drt: n_9505 1.6 2
drt: n_9506 4.8 3
drt: n_9507 4.2 3
drt: n_9508 2.64 2
drt: n_9509 6.4 3
drt: n_951 6.52 2
drt: n_9510 8.53 3
drt: n_9511 2.6 2
drt: n_9512 0.6 2
drt: n_9513 3.24 2
drt: n_9514 6.6 3
drt: n_9515 6.32 3
drt: n_9516 2.4 2
drt: n_9517 5.04 3
drt: n_9518 4.72 3
drt: n_9519 3 2
drt: n_952 4.2 2
drt: n_9520 14.81 4
drt: n_9521 8.6 3
drt: n_9522 10.4 2
drt: n_9523 2.2 3
drt: n_9524 3 3
drt: n_9525 1.8 2
drt: n_9526 4.8 3
drt: n_9527 3.6 3
drt: n_9528 3.2 3
drt: n_9529 4.53 3
drt: n_953 5.24 2
drt: n_9530 0.6 2
drt: n_9531 4 3
drt: n_9532 1.4 2
drt: n_9533 5 3
drt: n_9534 3.8 3
drt: n_9535 6 3
drt: n_9536 6.72 3
drt: n_9537 0.6 2
drt: n_9538 6.92 3
drt: n_9539 0.4 2
drt: n_954 12.32 2
drt: n_9540 7.6 4
drt: n_9541 5.6 3
drt: n_9542 3.2 2
drt: n_9543 10.2 5
drt: n_9544 4 3
drt: n_9545 4.73 3
drt: n_9546 1.2 2
drt: n_9547 3.6 2
drt: n_9548 0.8 2
drt: n_9549 2.6 2
drt: n_955 4.6 2
drt: n_9550 3.8 2
drt: n_9551 1.6 2
drt: n_9552 2.4 3
drt: n_9553 2.01 3
drt: n_9554 6.6 3
drt: n_9555 7 3
drt: n_9556 0.8 2
drt: n_9557 4.96 3
drt: n_9558 7.8 3
drt: n_9559 6.2 3
drt: n_956 1.6 2
drt: n_9560 5.4 3
drt: n_9561 1.4 2
drt: n_9562 2.2 3
drt: n_9563 4.8 3
drt: n_9564 1.01 3
drt: n_9565 2.2 2
drt: n_9566 6.24 3
drt: n_9567 6.56 4
drt: n_9568 1 2
drt: n_9569 2.6 2
drt: n_957 6.52 2
drt: n_9570 21.84 2
drt: n_9571 3.84 2
drt: n_9572 18.52 2
drt: n_9573 21.56 2
drt: n_9574 3.8 2
drt: n_9575 2 2
drt: n_9576 6.11 4
drt: n_9577 9.33 4
drt: n_9578 1.6 2
drt: n_9579 2.92 2
drt: n_958 10.88 2
drt: n_9580 8.56 5
drt: n_9581 5.16 4
drt: n_9582 11.92 5
drt: n_9583 8.2 5
drt: n_9584 5.6 4
drt: n_9585 1.8 2
drt: n_9586 2.64 2
drt: n_9587 4.04 3
drt: n_9588 7.08 4
drt: n_9589 2.4 2
drt: n_959 2.4 2
drt: n_9590 5.8 4
drt: n_9591 5.41 4
drt: n_9592 13.4 5
drt: n_9593 10.6 5
drt: n_9594 15.96 5
drt: n_9595 12.4 3
drt: n_9596 4.8 2
drt: n_9597 5.8 4
drt: n_9598 11.4 4
drt: n_9599 2.04 2
drt: n_96 2.8 2
drt: n_960 1.6 2
drt: n_9600 3.6 2
drt: n_9601 5.2 4
drt: n_9602 20.52 6
drt: n_9603 11.05 4
drt: n_9604 23.76 7
drt: n_9605 4 2
drt: n_9606 7.4 5
drt: n_9607 8.87 4
drt: n_9608 29.16 8
drt: n_9609 7.4 3
drt: n_961 1.92 2
drt: n_9610 26.21 6
drt: n_9611 13.97 4
drt: n_9612 13.88 6
drt: n_9613 4.6 3
drt: n_9614 7.8 4
drt: n_9615 4 2
drt: n_9616 15.83 4
drt: n_9617 5.64 4
drt: n_9618 14.24 4
drt: n_9619 8.09 4
drt: n_962 5 2
drt: n_9620 8.12 4
drt: n_9621 5.56 4
drt: n_9622 16.75 5
drt: n_9623 11.68 5
drt: n_9624 5 3
drt: n_9625 2.04 2
drt: n_9626 8.72 3
drt: n_9627 2.4 2
drt: n_9628 10.6 3
drt: n_9629 1.2 2
drt: n_963 4.12 2
drt: n_9630 5 3
drt: n_9631 1.8 2
drt: n_9632 15.2 4
drt: n_9633 4.44 3
drt: n_9634 6.24 4
drt: n_9635 4.6 3
drt: n_9636 4 4
drt: n_9637 5 3
drt: n_9638 5.6 4
drt: n_9639 10.56 4
drt: n_964 2.64 2
drt: n_9640 4.64 4
drt: n_9641 6.2 3
drt: n_9642 11.72 4
drt: n_9643 5.6 3
drt: n_9644 8.73 4
drt: n_9645 11.81 3
drt: n_9646 31.21 8
drt: n_9647 6 3
drt: n_9648 6.6 4
drt: n_9649 8.44 5
drt: n_965 3.6 2
drt: n_9650 11.64 4
drt: n_9651 41.38 9
drt: n_9652 8 5
drt: n_9653 9.16 4
drt: n_9654 27.77 9
drt: n_9655 9.52 5
drt: n_9656 10.48 5
drt: n_9657 6.6 5
drt: n_9658 9.32 3
drt: n_9659 1.2 2
drt: n_966 4.8 2
drt: n_9660 11.31 4
drt: n_9661 2.35 2
drt: n_9662 11.8 5
drt: n_9663 7.88 5
drt: n_9664 1.4 2
drt: n_9665 12.8 4
drt: n_9666 13.08 4
drt: n_9667 3.01 3
drt: n_9668 2.2 2
drt: n_9669 9.05 4
drt: n_967 7.32 2
drt: n_9670 9.41 4
drt: n_9671 11.04 4
drt: n_9672 8.5 4
drt: n_9673 12.2 4
drt: n_9674 8.2 4
drt: n_9675 6.6 2
drt: n_9676 12.64 4
drt: n_9677 7.76 4
drt: n_9678 7.92 4
drt: n_9679 5.4 4
drt: n_968 4 2
drt: n_9680 3.52 2
drt: n_9681 0.8 2
drt: n_9682 3.6 3
drt: n_9683 3.12 2
drt: n_9684 3.01 4
drt: n_9685 15.36 5
drt: n_9686 4.12 3
drt: n_9687 5.12 4
drt: n_9688 6 2
drt: n_9689 17.28 5
drt: n_969 0.8 2
drt: n_9690 5.36 4
drt: n_9691 5.6 2
drt: n_9692 3.32 2
drt: n_9693 13.2 2
drt: n_9694 6.4 2
drt: n_9695 1.8 2
drt: n_9696 0.8 2
drt: n_9697 1.8 2
drt: n_9698 0.8 2
drt: n_9699 16.35 3
drt: n_97 3.2 2
drt: n_970 5.32 2
drt: n_9700 2.8 2
drt: n_9701 10.12 3
drt: n_9702 3.2 2
drt: n_9703 14.64 4
drt: n_9704 5.68 3
drt: n_9705 2.6 2
drt: n_9706 25.24 3
drt: n_9707 3.6 2
drt: n_9708 5.84 3
drt: n_9709 9.36 2
drt: n_971 3.2 2
drt: n_9710 3.04 2
drt: n_9711 3 2
drt: n_9712 4.2 2
drt: n_9713 13.27 3
drt: n_9714 2.6 2
drt: n_9715 2.6 2
drt: n_9716 4.35 3
drt: n_9717 2.44 2
drt: n_9718 12.72 5
drt: n_9719 9.2 2
drt: n_972 5.12 2
drt: n_9720 1.6 2
drt: n_9721 5.55 3
drt: n_9722 1.6 2
drt: n_9723 7.35 3
drt: n_9724 4 2
drt: n_9725 3.55 3
drt: n_9726 1.44 2
drt: n_9727 9.87 3
drt: n_9728 1.6 2
drt: n_9729 16.19 3
drt: n_973 2.8 2
drt: n_9730 5.4 2
drt: n_9731 5.15 3
drt: n_9732 3.2 2
drt: n_9733 6.97 3
drt: n_9734 2.2 2
drt: n_9735 17.36 3
drt: n_9736 2.2 2
drt: n_9737 7.36 3
drt: n_9738 1.4 2
drt: n_9739 6.95 3
drt: n_974 4.6 2
drt: n_9740 5.4 2
drt: n_9741 4.72 3
drt: n_9742 2.92 2
drt: n_9743 5.72 3
drt: n_9744 2.4 2
drt: n_9745 1 2
drt: n_9746 5.71 3
drt: n_9747 1.72 2
drt: n_9748 11.92 3
drt: n_9749 4.4 2
drt: n_975 2 2
drt: n_9750 3.95 3
drt: n_9751 0.8 2
drt: n_9752 4.07 3
drt: n_9753 1.2 2
drt: n_9754 8.15 3
drt: n_9755 0.6 2
drt: n_9756 5.55 3
drt: n_9757 0.4 2
drt: n_9758 9.4 3
drt: n_9759 3.8 2
drt: n_976 3.4 2
drt: n_9760 10.44 3
drt: n_9761 1.8 2
drt: n_9762 4.15 3
drt: n_9763 0.4 2
drt: n_9764 10.24 3
drt: n_9765 1.6 2
drt: n_9766 1.75 3
drt: n_9767 5.2 2
drt: n_9768 1.8 2
drt: n_9769 6.15 3
drt: n_977 8.8 2
drt: n_9770 1.4 2
drt: n_9771 2.2 2
drt: n_9772 10.75 3
drt: n_9773 2.2 2
drt: n_9774 0.4 2
drt: n_9775 3.64 2
drt: n_9776 2.8 2
drt: n_9777 1.8 2
drt: n_9778 7.48 3
drt: n_9779 3.2 2
drt: n_978 7.4 2
drt: n_9780 1.4 2
drt: n_9781 11.72 4
drt: n_9782 1 2
drt: n_9783 12.6 4
drt: n_9784 9 4
drt: n_9785 6.52 2
drt: n_9786 12.04 3
drt: n_9787 11.12 4
drt: n_9788 3.12 3
drt: n_9789 1.92 2
drt: n_979 3.84 2
drt: n_9790 11.55 3
drt: n_9791 1.2 2
drt: n_9792 5.64 3
drt: n_9793 9.24 4
drt: n_9794 5.44 3
drt: n_9795 0.4 2
drt: n_9796 7.12 3
drt: n_9797 2.8 2
drt: n_9798 10.52 4
drt: n_9799 1.6 2
drt: n_98 4.2 2
drt: n_980 5.2 2
drt: n_9800 9.4 3
drt: n_9801 18.36 3
drt: n_9802 12.44 2
drt: n_9803 5.24 4
drt: n_9804 2.04 3
drt: n_9805 2.4 3
drt: n_9806 5.2 3
drt: n_9807 5.72 3
drt: n_9808 7.8 3
drt: n_9809 2.6 3
drt: n_981 1.8 2
drt: n_9810 5.73 3
drt: n_9811 3.6 3
drt: n_9812 1.8 3
drt: n_9813 10.35 4
drt: n_9814 2.8 2
drt: n_9815 5.72 3
drt: n_9816 3.2 3
drt: n_9817 13.64 3
drt: n_9818 9 3
drt: n_9819 1.6 3
drt: n_982 2.8 2
drt: n_9820 4 3
drt: n_9821 3.4 3
drt: n_9822 3.56 3
drt: n_9823 9.32 3
drt: n_9824 1.8 2
drt: n_9825 4.75 3
drt: n_9826 7.8 3
drt: n_9827 11.04 3
drt: n_9828 7.2 3
drt: n_9829 5.6 3
drt: n_983 5.2 2
drt: n_9830 6.2 3
drt: n_9831 12.24 3
drt: n_9832 8.6 3
drt: n_9834 7.92 4
drt: n_9835 5.4 3
drt: n_9836 1.4 2
drt: n_9837 1.85 3
drt: n_9838 9.35 3
drt: n_9839 1.64 2
drt: n_984 7.32 2
drt: n_9840 10.2 5
drt: n_9841 11.55 3
drt: n_9842 2 2
drt: n_9843 1.8 2
drt: n_9844 4.8 4
drt: n_9845 6.08 3
drt: n_9846 2.8 3
drt: n_9847 9 3
drt: n_9848 6.96 4
drt: n_9849 7.84 3
drt: n_985 4 2
drt: n_9850 7.12 3
drt: n_9851 2.8 3
drt: n_9852 7.16 4
drt: n_9853 6.16 4
drt: n_9854 0.6 2
drt: n_9855 10.04 5
drt: n_9856 4.72 3
drt: n_9857 1.4 2
drt: n_9858 2.84 3
drt: n_9859 8.04 3
drt: n_986 3.32 2
drt: n_9860 5.4 3
drt: n_9861 3 3
drt: n_9862 3.92 2
drt: n_9863 9.8 4
drt: n_9864 5 3
drt: n_9865 1.8 2
drt: n_9866 3.6 3
drt: n_9867 3.52 2
drt: n_9868 7 4
drt: n_9869 7.52 3
drt: n_987 4.52 2
drt: n_9870 1.4 2
drt: n_9871 3 3
drt: n_9872 4.6 3
drt: n_9873 4.41 3
drt: n_9874 0.6 2
drt: n_9875 9 4
drt: n_9876 3.47 3
drt: n_9877 3.64 2
drt: n_9878 8.93 4
drt: n_9879 5.84 3
drt: n_988 8.6 2
drt: n_9880 1.8 2
drt: n_9881 3.8 3
drt: n_9882 1.6 3
drt: n_9883 7.12 4
drt: n_9884 6.52 3
drt: n_9885 5.6 2
drt: n_9886 5.16 3
drt: n_9887 7.01 3
drt: n_9888 8.84 4
drt: n_9889 8.64 3
drt: n_989 5.12 2
drt: n_9890 3.24 2
drt: n_9891 15.8 4
drt: n_9892 5.72 3
drt: n_9893 3 2
drt: n_9894 3.96 3
drt: n_9895 1.64 2
drt: n_9896 7 5
drt: n_9897 5.35 3
drt: n_9898 1.4 2
drt: n_9899 7.24 3
drt: n_99 1.8 2
drt: n_990 4.24 2
drt: n_9900 2.44 2
drt: n_9901 3.92 3
drt: n_9902 1 2
drt: n_9903 11.4 3
drt: n_9904 4.2 3
drt: n_9905 7.32 3
drt: n_9906 1.8 2
drt: n_9907 10.8 4
drt: n_9908 3 3
drt: n_9909 1 2
drt: n_991 8 2
drt: n_9910 6.4 4
drt: n_9911 4 3
drt: n_9912 2 2
drt: n_9913 4.4 3
drt: n_9914 1 2
drt: n_9915 4.12 3
drt: n_9916 1.64 2
drt: n_9917 4.4 3
drt: n_9918 1 2
drt: n_9919 5.25 3
drt: n_992 12.04 2
drt: n_9920 1.8 2
drt: n_9921 7.6 3
drt: n_9922 3.2 3
drt: n_9923 18.24 5
drt: n_9924 11 3
drt: n_9925 4.92 2
drt: n_9926 16.24 5
drt: n_9927 6.41 3
drt: n_9928 3.12 2
drt: n_9929 11.8 4
drt: n_993 9.12 2
drt: n_9930 7.72 3
drt: n_9931 1 2
drt: n_9932 9.16 5
drt: n_9933 5.4 2
drt: n_9934 9.85 4
drt: n_9935 2.4 3
drt: n_9936 7.12 3
drt: n_9937 10.16 4
drt: n_9938 2.6 3
drt: n_9939 1 2
drt: n_994 4.52 2
drt: n_9940 14.84 5
drt: n_9941 4.01 3
drt: n_9942 2.6 2
drt: n_9943 5.84 4
drt: n_9944 2.4 3
drt: n_9945 1 2
drt: n_9946 8.92 5
drt: n_9947 7.15 3
drt: n_9948 2.8 2
drt: n_9949 18.48 5
drt: n_995 2.4 2
drt: n_9950 6.67 3
drt: n_9951 2.8 2
drt: n_9952 6.8 3
drt: n_9953 6.2 3
drt: n_9954 3.6 3
drt: n_9955 1.8 2
drt: n_9956 3.2 3
drt: n_9957 7 3
drt: n_9958 7.81 4
drt: n_9959 6.07 3
drt: n_996 1.8 2
drt: n_9960 2.8 2
drt: n_9961 7.6 5
drt: n_9962 7.75 3
drt: n_9963 1.4 2
drt: n_9964 5.93 4
drt: n_9965 6.12 3
drt: n_9966 1.8 2
drt: n_9967 3.52 3
drt: n_9968 2.93 3
drt: n_9969 11.29 5
drt: n_997 6.8 2
drt: n_9970 11.96 3
drt: n_9971 1.64 2
drt: n_9972 13.36 4
drt: n_9973 2.6 3
drt: n_9974 2.2 2
drt: n_9975 13.44 7
drt: n_9976 2.4 3
drt: n_9977 5.4 4
drt: n_9978 5.8 3
drt: n_9979 1.8 2
drt: n_998 5.92 2
drt: n_9980 2.01 3
drt: n_9981 1.4 3
drt: n_9982 6.8 4
drt: n_9983 5.6 3
drt: n_9984 6.84 5
drt: n_9985 4.36 3
drt: n_9986 1.8 2
drt: n_9987 3.84 3
drt: n_9988 1.4 3
drt: n_9989 7.61 5
drt: n_999 4.24 2
drt: n_9990 2.8 3
drt: n_9991 1.4 2
drt: n_9992 12.53 5
drt: n_9993 5.2 3
drt: n_9994 5.52 2
drt: n_9995 7.62 5
drt: n_9996 6.6 3
drt: n_9997 1.4 2
drt: n_9998 10.8 5
drt: n_9999 8.44 3
