violation type: Horizontal congestion
	srcs: net:net1170062 net:net1170038 net:net1169865 net:net1169866 net:net1169861 net:net1169862 net:net1010964 net:net1164933 net:net1164893 net:net1164860 net:net1164834 net:net1164750 net:net1164740 net:net1164642 net:net1164454 net:net981914
	comment: capacity:22 usage:23 overflow:1
	bbox = (91.5000, 1081.5000) - (93.0000, 1083.0000) on Layer -
violation type: Horizontal congestion
	srcs: net:net1169949 net:net1169950 net:net1169915 net:net1169864 net:net1169862 net:net1010964 net:net1164976 net:net1164933 net:net1164893 net:net1164860 net:net1164834 net:net1164750 net:net1164740 net:net1164642 net:net1164454 net:net981914
	comment: capacity:22 usage:23 overflow:1
	bbox = (93.0000, 1081.5000) - (94.5000, 1083.0000) on Layer -
violation type: Horizontal congestion
	srcs: net:net1192136 net:net1192133 net:net1191435 net:net1175926 net:net1173345 net:net1170928 net:net1170925 net:net1169870 net:net1168854 net:net1167177 net:net1167162 net:net1167121 net:net1166044 net:net1166023 net:net1165844 net:net1165840 net:net380225 net:net1165424 net:net971040 net:net1165286 net:net1165283 net:net1165278 net:net1165218 net:net1165179 net:net1165152 net:net1165146 net:net1164976 net:net1164781 net:net1164653 net:net61787 net:net61969 net:net379732
	comment: capacity:37 usage:39 overflow:2
	bbox = (111.0000, 1092.0000) - (112.5000, 1093.5000) on Layer -
violation type: Horizontal congestion
	srcs: net:net1185583 net:net1185575 net:net1185571 net:net1185485 net:net1185470 net:net1185467 net:net1185465 net:net1185395 net:net1175511 net:net1174415 net:net1170932 net:net1166632 net:net1166108 net:net1165942 net:net1165869 net:net1165742 net:net1165641 net:net1165497 net:net1165269 net:net1165265 net:net1165183 net:net1165127 net:net971075 net:net1164893 net:net519932 net:net1164751 net:net1011000 net:net1164638 net:net1011012 net:net520305
	comment: capacity:37 usage:38 overflow:1
	bbox = (150.0000, 1087.5000) - (151.5000, 1089.0000) on Layer -
violation type: Horizontal congestion
	srcs: net:net1192985 net:net1191435 net:net1185580 net:net1185489 net:net1185474 net:net1185473 net:net1173345 net:net1170928 net:net1170232 net:net1169870 net:net1167177 net:net1167121 net:net1166887 net:net1165987 net:net1165802 net:net1165361 net:net1165289 net:net1165286 net:net1165283 net:net1165281 net:net1165036 net:net971027 net:net1164834 net:net520117 net:net1164720 net:net61787 net:net1164518 net:net1164503 net:net981914
	comment: capacity:37 usage:38 overflow:1
	bbox = (150.0000, 1092.0000) - (151.5000, 1093.5000) on Layer -
violation type: Horizontal congestion
	srcs: net:net1176798 net:net1176797 net:net1176796 net:net1167251 net:net1166988 net:net1166062 net:net1165582 net:net1165423 net:net971040 net:net1165031 net:net1164972 net:net971046 net:net971066 net:net971063 net:net1164894 net:net1164833
	comment: capacity:22 usage:23 overflow:1
	bbox = (151.5000, 1099.5000) - (153.0000, 1101.0000) on Layer -
violation type: Horizontal congestion
	srcs: net:net1195479 net:net1195480 net:net1195474 net:net1195404 net:net1195396 net:net1195379 net:net1192126 net:net1188634 net:net1188386 net:net1166422 net:net1165645 net:net1165641 net:net1165465 net:net1165268 net:net1165215 net:net1165128 net:net1165123 net:net1165097 net:net1165085 net:net1164833 net:net1164535 net:net61787 net:net1164509 net:net1164469
	comment: capacity:33 usage:34 overflow:1
	bbox = (174.0000, 1107.0000) - (175.5000, 1108.5000) on Layer -
violation type: Horizontal congestion
	srcs: net:net1195473 net:net1195471 net:net1195396 net:net1195365 net:net1192126 net:net1188634 net:net1188386 net:net1166422 net:net1165657 net:net1165645 net:net1165641 net:net1165465 net:net1165268 net:net1165215 net:net1165128 net:net1165123 net:net1165097 net:net1165085 net:net1164833 net:net1164535 net:net61787 net:net1164509 net:net1164469
	comment: capacity:33 usage:34 overflow:1
	bbox = (175.5000, 1107.0000) - (177.0000, 1108.5000) on Layer -
violation type: Horizontal congestion
	srcs: net:net504031 net:net566502 net:net546339 net:net525782 net:net525741 net:net520462 net:net504029 net:net487476 net:net504032 net:net525767 net:net250189 net:net547598 net:net441305 net:net441789 net:net440818 net:net439857 net:net441791 net:net438876 net:net444263 net:net441801
	comment: capacity:22 usage:23 overflow:1
	bbox = (177.0000, 793.5000) - (178.5000, 795.0000) on Layer -
violation type: Horizontal congestion
	srcs: net:net1192126 net:net1188634 net:net1188633 net:net1188386 net:net1166422 net:net1165657 net:net1165645 net:net1165641 net:net1165268 net:net1165215 net:net1165128 net:net1165126 net:net1165123 net:net1165097 net:net1165027 net:net1165007 net:net1164837 net:net1164833 net:net1164535 net:net61787 net:net1164509 net:net1164469
	comment: capacity:33 usage:34 overflow:1
	bbox = (177.0000, 1107.0000) - (178.5000, 1108.5000) on Layer -
violation type: Horizontal congestion
	srcs: net:net1190362 net:net1190361 net:net1190280 net:net1190243 net:net1173706 net:net1171219 net:net1168729 net:net1168728 net:net1168581 net:net1166141 net:net1165279 net:net1165034 net:net971054 net:net1164887 net:net1164884 net:net380237 net:net1164873 net:net1164875 net:net1164834 net:net1164811 net:net1164777 net:net519961 net:net1164535 net:net1164532 net:net1164520 net:net1164512 net:net1164425 net:net1159463 net:net981914
	comment: capacity:37 usage:39 overflow:2
	bbox = (177.0000, 1128.0000) - (178.5000, 1129.5000) on Layer -
violation type: Horizontal congestion
	srcs: net:net1198381 net:net1198340 net:net1198298 net:net947898 net:net947787 net:net1178582 net:net1167162 net:net1165995 net:net1165966 net:net1165833 net:net1165572 net:net1165466 net:net1165465 net:net1165141 net:net1165137 net:net1165136 net:net1165134 net:net1165080 net:net1164983 net:net1164940 net:net971054 net:net1164894 net:net1164840 net:net1164805 net:net1164527 net:net1164425
	comment: capacity:37 usage:38 overflow:1
	bbox = (181.5000, 1086.0000) - (183.0000, 1087.5000) on Layer -
violation type: Horizontal congestion
	srcs: net:net949505 net:net520292 net:net947808 net:net1181165 net:net1168115 net:net1166903 net:net1166628 net:net1166537 net:net1166313 net:net1166119 net:net520099 net:net1165764 net:net1165714 net:net1165645 net:net1165424 net:net1165162 net:net1165148 net:net1165137 net:net1165034 net:net1164976 net:net971030 net:net1164919 net:net1164918 net:net971066 net:net1164896 net:net1164893 net:net1164860 net:net520096 net:net1164546 net:net1159463
	comment: capacity:37 usage:38 overflow:1
	bbox = (183.0000, 1113.0000) - (184.5000, 1114.5000) on Layer -
violation type: Horizontal congestion
	srcs: net:net1198360 net:net1198361 net:net1198324 net:net1198293 net:net947898 net:net1183429 net:net947787 net:net1178582 net:net1167162 net:net1165995 net:net1165966 net:net1165833 net:net1165572 net:net1165466 net:net1165465 net:net1165279 net:net1165141 net:net1165137 net:net1165136 net:net1165134 net:net1165130 net:net1165080 net:net1164983 net:net1164940 net:net1164805 net:net1164527 net:net1164425
	comment: capacity:37 usage:38 overflow:1
	bbox = (184.5000, 1086.0000) - (186.0000, 1087.5000) on Layer -
violation type: Horizontal congestion
	srcs: net:net1190037 net:net1177926 net:net1177842 net:net1177841 net:net1177836 net:net380225 net:net1165076 net:net1165031 net:net1010970 net:net1164520 net:net1164511 net:net1164458 net:net1164454 net:net1159474
	comment: capacity:22 usage:23 overflow:1
	bbox = (201.0000, 1090.5000) - (202.5000, 1092.0000) on Layer -
violation type: Horizontal congestion
	srcs: net:net1193894 net:net1193892 net:net1193890 net:net1193891 net:net1193873 net:net1193748 net:net1193739 net:net1167251 net:net1165726 net:net1165465 net:net1165376 net:net1010955 net:net1164944 net:net971049 net:net1164754 net:net1164635 net:net1164546 net:net1164531 net:net61969
	comment: capacity:22 usage:23 overflow:1
	bbox = (205.5000, 1099.5000) - (207.0000, 1101.0000) on Layer -
violation type: Horizontal congestion
	srcs: net:net948000 net:net1196706 net:net1193949 net:net1193893 net:net1193878 net:net1193748 net:net1192136 net:net1192135 net:net1188635 net:net1188633 net:net936475 net:net1167273 net:net1166122 net:net1165987 net:net1165844 net:net1165725 net:net1165700 net:net520126 net:net1165497 net:net1165375 net:net52881 net:net1165136 net:net1165085 net:net1165009 net:net1164970 net:net1164926 net:net1164713 net:net1164656 net:net1164451
	comment: capacity:33 usage:35 overflow:2
	bbox = (207.0000, 1098.0000) - (208.5000, 1099.5000) on Layer -
violation type: Horizontal congestion
	srcs: net:net1193901 net:net1193902 net:net1193892 net:net1193890 net:net1193877 net:net1193874 net:net1193739 net:net1167251 net:net1165726 net:net1165465 net:net1165376 net:net1010955 net:net1164944 net:net971049 net:net1164754 net:net1164635 net:net1164546 net:net1164531 net:net61969
	comment: capacity:22 usage:23 overflow:1
	bbox = (207.0000, 1099.5000) - (208.5000, 1101.0000) on Layer -
violation type: Horizontal congestion
	srcs: net:net1192505 net:net1192503 net:net1192499 net:net1176231 net:net1167720 net:net1165987 net:net1165764 net:net1165674 net:net1165278 net:net379739 net:net1165215 net:net1164989 net:net1164751 net:net1164610 net:net1164609 net:net1164608 net:net1164425
	comment: capacity:22 usage:23 overflow:1
	bbox = (211.5000, 1117.5000) - (213.0000, 1119.0000) on Layer -
violation type: Horizontal congestion
	srcs: net:net1165372 net:net1165350 net:net1165351 net:net1165353 net:net379739 net:net1165218 net:net1165027 net:net1164972 net:net971049 net:net971063 net:net1164826 net:net1164751 net:net1164747 net:net1164473 net:net188970 net:net379738
	comment: capacity:22 usage:24 overflow:2
	bbox = (211.5000, 1135.5000) - (213.0000, 1137.0000) on Layer -
violation type: Horizontal congestion
	srcs: net:net520275 net:net520288 net:net520295 net:net1196251 net:net1177010 net:net1176732 net:net1171524 net:net1170492 net:net1168031 net:net1168000 net:net1167785 net:net1166023 net:net6112 net:net1165764 net:net1165629 net:net1165423 net:net1165284 net:net1165141 net:net1010970 net:net1164993 net:net1164976 net:net1164972 net:net1164827 net:net520114 net:net1164751 net:net1164728 net:net1164720 net:net1164693 net:net1164609 net:net1164425
	comment: capacity:37 usage:38 overflow:1
	bbox = (213.0000, 1095.0000) - (214.5000, 1096.5000) on Layer -
violation type: Horizontal congestion
	srcs: net:net983795 net:net977975 net:net947811 net:net947796 net:net1179184 net:net1176338 net:net1176315 net:net1176316 net:net1176313 net:net1176195 net:net1174001 net:net1174000 net:net1171346 net:net1168585 net:net1168581 net:net1165375 net:net1165357 net:net1165155 net:net1165032 net:net1165020 net:net1010955 net:net971053 net:net971049 net:net971066 net:net971054 net:net520117 net:net520320 net:net1159463 net:net520306 net:net971021
	comment: capacity:37 usage:38 overflow:1
	bbox = (222.0000, 1132.5000) - (223.5000, 1134.0000) on Layer -
violation type: Horizontal congestion
	srcs: net:net1193712 net:net1189971 net:net1189968 net:net1189790 net:net1189789 net:net1173088 net:net1172881 net:net1168862 net:net1166141 net:net1165127 net:net1165035 net:net971063 net:net971068 net:net971054 net:net520102 net:net1164473
	comment: capacity:22 usage:24 overflow:2
	bbox = (226.5000, 1108.5000) - (228.0000, 1110.0000) on Layer -
violation type: Horizontal congestion
	srcs: net:net1186095 net:net1172881 net:net1168862 net:net1166141 net:net1165127 net:net1165035 net:net1164993 net:net971063 net:net971068 net:net971075 net:net971054 net:net520102 net:net1164473
	comment: capacity:22 usage:23 overflow:1
	bbox = (229.5000, 1108.5000) - (231.0000, 1110.0000) on Layer -
violation type: Horizontal congestion
	srcs: net:net520288 net:net520298 net:net1191164 net:net1191161 net:net1191162 net:net1191086 net:net1190971 net:net1190962 net:net1190951 net:net1170925 net:net1168021 net:net1165371 net:net48224 net:net1165032 net:net1165031 net:net1165020 net:net1164983 net:net1164932 net:net1164787 net:net1164658 net:net1164654 net:net1164646 net:net61787 net:net1164518 net:net1159474 net:net379873 net:net190632 net:net215968 net:net379871 net:net210208
	comment: capacity:37 usage:38 overflow:1
	bbox = (231.0000, 1075.5000) - (232.5000, 1077.0000) on Layer -
violation type: Horizontal congestion
	srcs: net:net1193569 net:net1193532 net:net1193524 net:net947937 net:net1188385 net:net1180070 net:net1177577 net:net1171900 net:net1170927 net:net1168511 net:net1168508 net:net1167349 net:net1165380 net:net1165137 net:net1165130 net:net1165128 net:net1165126 net:net1010964 net:net1164970 net:net1010961 net:net1164946 net:net971078 net:net1164837 net:net520135 net:net1164509 net:net1164425 net:net379732 net:net61954
	comment: capacity:37 usage:38 overflow:1
	bbox = (273.0000, 1092.0000) - (274.5000, 1093.5000) on Layer -
violation type: Horizontal congestion
	srcs: net:net1025312 net:net1024593 net:net1024459 net:net444297 net:net444295 net:net444294 net:net444124 net:net444110 net:net443301 net:net442318 net:net442313 net:net441341 net:net440189 net:net440187 net:net439992 net:net439021 net:net435181 net:net390348 net:net264845 net:net255706 net:net439213 net:net431904
	comment: capacity:22 usage:23 overflow:1
	bbox = (334.5000, 775.5000) - (336.0000, 777.0000) on Layer -
violation type: Horizontal congestion
	srcs: net:net458339 net:net458128 net:net454540 net:net454430 net:net421325 net:net419226 net:net419208 net:net419103 net:net403362 net:net403341 net:net403321 net:net399083 net:net246383 net:net231528 net:net273979 net:net1031256 net:net44895 net:net69785 net:net346623 net:net85213
	comment: capacity:22 usage:23 overflow:1
	bbox = (568.5000, 757.5000) - (570.0000, 759.0000) on Layer -
violation type: Horizontal congestion
	srcs: net:net971577 net:net435123 net:net435096 net:net435069 net:net434491 net:net430106 net:net429437 net:net426897 net:net421275 net:net420581 net:net412401 net:net412325 net:net409854 net:net400754 net:net396636 net:net327117 net:net326723 net:net278974 net:net278277 net:net239121 net:net232897 net:net231252 net:net203859 net:net216879 net:net274946 net:net357564 net:net367181 net:net216878 net:net274945 net:net274152 net:net368339 net:net363945 net:net348704
	comment: capacity:33 usage:34 overflow:1
	bbox = (570.0000, 801.0000) - (571.5000, 802.5000) on Layer -
violation type: Horizontal congestion
	srcs: net:net953623 net:net450347 net:net443056 net:net435148 net:net430055 net:net424568 net:net424553 net:net421704 net:net421672 net:net421656 net:net421637 net:net421638 net:net408323 net:net403286 net:net400651 net:net397159 net:net397044 net:net396932 net:net363578 net:net276958 net:net269280 net:net320617 net:net57923 net:net214060 net:net346454 net:net273747 net:net421635 net:net402561 net:net421609 net:net273702 net:net47211 net:net273610 net:net345367 net:net345087 net:net345510 net:net361123
	comment: capacity:37 usage:38 overflow:1
	bbox = (573.0000, 772.5000) - (574.5000, 774.0000) on Layer -
violation type: Horizontal congestion
	srcs: net:net539808 net:net450846 net:net450321 net:net450131 net:net447002 net:net443056 net:net442969 net:net439151 net:net436080 net:net434549 net:net428448 net:net428405 net:net428404 net:net425450 net:net424583 net:net420902 net:net401423 net:net399330 net:net397265 net:net391448 net:net391416 net:net243110 net:net239095 net:net229793 net:net273687 net:net273637 net:net360737 net:net421617 net:net203778 net:net273732 net:net273991 net:net345365 net:net345369 net:net345697 net:net361128
	comment: capacity:37 usage:38 overflow:1
	bbox = (574.5000, 771.0000) - (576.0000, 772.5000) on Layer -
violation type: Horizontal congestion
	srcs: net:net552724 net:net549615 net:net518601 net:net439123 net:net439097 net:net439072 net:net429482 net:net428551 net:net428364 net:net428365 net:net421676 net:net421088 net:net420986 net:net419171 net:net419104 net:net415153 net:net403433 net:net403357 net:net403356 net:net403298 net:net402542 net:net391386 net:net390808 net:net390685 net:net217505 net:net403284 net:net394218 net:net345354 net:net326871 net:net273585 net:net276935 net:net44872 net:net44869 net:net345001 net:net345375
	comment: capacity:37 usage:38 overflow:1
	bbox = (576.0000, 762.0000) - (577.5000, 763.5000) on Layer -
violation type: Horizontal congestion
	srcs: net:net953623 net:net450347 net:net435148 net:net430055 net:net428407 net:net428405 net:net428404 net:net425450 net:net424568 net:net424553 net:net421704 net:net421672 net:net421656 net:net421638 net:net415125 net:net400651 net:net397159 net:net397044 net:net396932 net:net391294 net:net363578 net:net276958 net:net269280 net:net229793 net:net399796 net:net57923 net:net214060 net:net346454 net:net273747 net:net273702 net:net361487 net:net47211 net:net273909 net:net273610 net:net345367
	comment: capacity:37 usage:38 overflow:1
	bbox = (577.5000, 772.5000) - (579.0000, 774.0000) on Layer -
violation type: Horizontal congestion
	srcs: net:net722678 net:net656171 net:net656020 net:net655939 net:net34790 net:net35682 net:net35662 net:net26891 net:net222252 net:net210226 net:net21797 net:net19218 net:net366358 net:net324651 net:net361494 net:net190643 net:net4573 net:net656139 net:net346634 net:net68791 net:net369915 net:net1279808 net:net1277427 net:net235075 net:net247411 net:net198302 net:net380225 net:net2508 net:net273909 net:net344938 net:net208244 net:net348566 net:net346804 net:net347129
	comment: capacity:37 usage:38 overflow:1
	bbox = (577.5000, 1078.5000) - (579.0000, 1080.0000) on Layer -
violation type: Horizontal congestion
	srcs: net:net971577 net:net446285 net:net435123 net:net435096 net:net435069 net:net434491 net:net430245 net:net430106 net:net420581 net:net412401 net:net412325 net:net400754 net:net396636 net:net394523 net:net327117 net:net326837 net:net326723 net:net278974 net:net278277 net:net255228 net:net232897 net:net231252 net:net357564 net:net273812 net:net273732 net:net368339 net:net239074 net:net435419 net:net216803 net:net363945 net:net44894
	comment: capacity:33 usage:34 overflow:1
	bbox = (579.0000, 801.0000) - (580.5000, 802.5000) on Layer -
violation type: Horizontal congestion
	srcs: net:net971571 net:net938085 net:net548547 net:net446947 net:net409613 net:net409596 net:net397297 net:net232562 net:net361800 net:net217106 net:net327449 net:net360786 net:net320617 net:net273979 net:net327390 net:net320618 net:net273530 net:net358200 net:net367727 net:net276935 net:net348557 net:net347768 net:net239056 net:net346288 net:net232919 net:net346655 net:net326456 net:net347772 net:net346280 net:net224894 net:net232898 net:net347081 net:net347022 net:net255820 net:net346891 net:net346952 net:net347621
	comment: capacity:37 usage:38 overflow:1
	bbox = (579.0000, 817.5000) - (580.5000, 819.0000) on Layer -
violation type: Horizontal congestion
	srcs: net:net451647 net:net437035 net:net431452 net:net430038 net:net406494 net:net406479 net:net402934 net:net396209 net:net395403 net:net320636 net:net267065 net:net273784 net:net273697 net:net273886 net:net273747 net:net274473 net:net1255015 net:net347421
	comment: capacity:22 usage:23 overflow:1
	bbox = (580.5000, 721.5000) - (582.0000, 723.0000) on Layer -
violation type: Horizontal congestion
	srcs: net:net1010001 net:net938450 net:net437619 net:net409939 net:net368744 net:net364326 net:net364303 net:net268085 net:net217151 net:net216812 net:net273883 net:net429488 net:net523636 net:net446281 net:net74456 net:net938451 net:net274465 net:net346649 net:net344997 net:net346476 net:net1080622
	comment: capacity:22 usage:23 overflow:1
	bbox = (582.0000, 793.5000) - (583.5000, 795.0000) on Layer -
violation type: Horizontal congestion
	srcs: net:net1010001 net:net938450 net:net437619 net:net421300 net:net418588 net:net409939 net:net368744 net:net364326 net:net268085 net:net63432 net:net273883 net:net429488 net:net523636 net:net446281 net:net74456 net:net938451 net:net274465 net:net346649 net:net346476 net:net1080622
	comment: capacity:22 usage:23 overflow:1
	bbox = (583.5000, 793.5000) - (585.0000, 795.0000) on Layer -
violation type: Horizontal congestion
	srcs: net:net92095 net:net576257 net:net574929 net:net567510 net:net525574 net:net387378 net:net360586 net:net357706 net:net356371 net:net209188 net:net360787 net:net348615 net:net358426 net:net344849 net:net358463 net:net320107 net:net346086 net:net344867 net:net44861 net:net347440 net:net345394 net:net239052 net:net324755 net:net347303 net:net347084 net:net210716 net:net252772 net:net347388 net:net345341 net:net346154 net:net85213 net:net346806 net:net346773 net:net346937
	comment: capacity:37 usage:38 overflow:1
	bbox = (583.5000, 996.0000) - (585.0000, 997.5000) on Layer -
violation type: Horizontal congestion
	srcs: net:net971580 net:net575710 net:net571473 net:net568319 net:net387206 net:net370810 net:net358376 net:net358373 net:net356392 net:net356232 net:net356197 net:net356194 net:net356193 net:net228563 net:net217106 net:net356237 net:net347468 net:net369923 net:net360804 net:net356454 net:net356410 net:net358144 net:net361999 net:net357668 net:net344849 net:net346350 net:net358115 net:net227396 net:net368249 net:net1266303 net:net346056 net:net348489 net:net347772 net:net360655 net:net218975 net:net345705
	comment: capacity:37 usage:38 overflow:1
	bbox = (583.5000, 1006.5000) - (585.0000, 1008.0000) on Layer -
violation type: Horizontal congestion
	srcs: net:net459310 net:net459144 net:net451647 net:net437035 net:net430038 net:net411602 net:net406491 net:net396209 net:net395403 net:net390566 net:net320636 net:net239070 net:net273747 net:net273732 net:net274473 net:net274152 net:net391296 net:net1255015 net:net347421
	comment: capacity:22 usage:23 overflow:1
	bbox = (585.0000, 721.5000) - (586.5000, 723.0000) on Layer -
violation type: Horizontal congestion
	srcs: net:net1010001 net:net952331 net:net437619 net:net435412 net:net421300 net:net418588 net:net409939 net:net368744 net:net364326 net:net268085 net:net278410 net:net63432 net:net273883 net:net429488 net:net523636 net:net938451 net:net274465 net:net346649 net:net346476 net:net1080622
	comment: capacity:22 usage:23 overflow:1
	bbox = (585.0000, 793.5000) - (586.5000, 795.0000) on Layer -
violation type: Horizontal congestion
	srcs: net:net1063360 net:net443953 net:net442091 net:net423247 net:net423248 net:net423140 net:net423123 net:net423122 net:net410674 net:net273650 net:net273700 net:net273964 net:net85240 net:net348491 net:net92042 net:net345776 net:net345772 net:net347629 net:net347552 net:net1075292
	comment: capacity:22 usage:23 overflow:1
	bbox = (586.5000, 667.5000) - (588.0000, 669.0000) on Layer -
violation type: Horizontal congestion
	srcs: net:net1075586 net:net949481 net:net446440 net:net438201 net:net435646 net:net435528 net:net434635 net:net434521 net:net434085 net:net434030 net:net433969 net:net433927 net:net433028 net:net433000 net:net432350 net:net400409 net:net320601 net:net283778 net:net246805 net:net230302 net:net203832 net:net203833 net:net273979 net:net216386 net:net230835 net:net61802 net:net85219 net:net85243 net:net273909 net:net344997 net:net358057 net:net223116 net:net347234 net:net358059 net:net346480
	comment: capacity:37 usage:38 overflow:1
	bbox = (586.5000, 781.5000) - (588.0000, 783.0000) on Layer -
violation type: Horizontal congestion
	srcs: net:net528235 net:net360593 net:net360592 net:net356282 net:net356331 net:net358536 net:net348672 net:net356354 net:net360591 net:net361551 net:net287363 net:net63466 net:net361527 net:net356268 net:net357648 net:net348614 net:net356274 net:net344901 net:net356441 net:net295118 net:net361930 net:net535251 net:net89906 net:net347873 net:net320064 net:net346983 net:net347042 net:net91046 net:net318433 net:net347303 net:net345925 net:net320307 net:net345200 net:net269093 net:net60608 net:net346777 net:net345441
	comment: capacity:37 usage:38 overflow:1
	bbox = (586.5000, 994.5000) - (588.0000, 996.0000) on Layer -
violation type: Horizontal congestion
	srcs: net:net1006384 net:net450215 net:net442996 net:net442940 net:net442561 net:net426898 net:net421616 net:net421589 net:net421012 net:net400668 net:net395770 net:net391640 net:net391386 net:net327659 net:net274941 net:net239122 net:net273664 net:net421375 net:net273697 net:net273574 net:net274959 net:net217057 net:net346634 net:net273759 net:net421635 net:net391318 net:net273700 net:net273898 net:net391317 net:net85225 net:net345377 net:net345087 net:net346653
	comment: capacity:37 usage:38 overflow:1
	bbox = (588.0000, 769.5000) - (589.5000, 771.0000) on Layer -
violation type: Horizontal congestion
	srcs: net:net579354 net:net576078 net:net558350 net:net548397 net:net360578 net:net356255 net:net356233 net:net348532 net:net347468 net:net344852 net:net542148 net:net577445 net:net358035 net:net361227 net:net356205 net:net344854 net:net53813 net:net85204 net:net269297 net:net320093 net:net345367 net:net320176 net:net345205 net:net346686 net:net347419 net:net59206 net:net267962 net:net345405 net:net346688 net:net346927 net:net202300
	comment: capacity:33 usage:34 overflow:1
	bbox = (588.0000, 999.0000) - (589.5000, 1000.5000) on Layer -
violation type: Horizontal congestion
	srcs: net:net1140915 net:net1133973 net:net1133693 net:net1133099 net:net1023223 net:net1070937 net:net1124915 net:net1124622 net:net1122875 net:net1111006 net:net1023207 net:net1086577 net:net1073275 net:net373712 net:net1033734 net:net69662 net:net65125 net:net69689 net:net1016261 net:net1017230
	comment: capacity:22 usage:23 overflow:1
	bbox = (589.5000, 451.5000) - (591.0000, 453.0000) on Layer -
violation type: Horizontal congestion
	srcs: net:net457710 net:net450321 net:net450243 net:net450131 net:net443056 net:net442969 net:net436080 net:net434549 net:net433869 net:net430055 net:net429451 net:net424583 net:net421588 net:net420902 net:net401423 net:net391613 net:net391448 net:net391352 net:net320596 net:net239095 net:net239088 net:net273842 net:net365769 net:net274962 net:net273979 net:net273687 net:net274071 net:net203778 net:net357635 net:net406120 net:net273967 net:net85234 net:net345367 net:net274441 net:net345697 net:net345693
	comment: capacity:37 usage:38 overflow:1
	bbox = (589.5000, 771.0000) - (591.0000, 772.5000) on Layer -
violation type: Horizontal congestion
	srcs: net:net541811 net:net525598 net:net387312 net:net360548 net:net358247 net:net358213 net:net357928 net:net357866 net:net356470 net:net356400 net:net356398 net:net203251 net:net361164 net:net367302 net:net361865 net:net347468 net:net348465 net:net356404 net:net360501 net:net65195 net:net361179 net:net360780 net:net358599 net:net360550 net:net89237 net:net369679 net:net357906 net:net356403 net:net358326 net:net357887 net:net47211 net:net348713 net:net91045 net:net324496 net:net320365 net:net361435 net:net48264
	comment: capacity:37 usage:38 overflow:1
	bbox = (589.5000, 1002.0000) - (591.0000, 1003.5000) on Layer -
violation type: Horizontal congestion
	srcs: net:net1074762 net:net454134 net:net453573 net:net453524 net:net453139 net:net452464 net:net452260 net:net449421 net:net449282 net:net448861 net:net441600 net:net434058 net:net433394 net:net426724 net:net412143 net:net406135 net:net399812 net:net395161 net:net392235 net:net391312 net:net231264 net:net273883 net:net392969 net:net230418 net:net274473 net:net217122 net:net393007 net:net273967 net:net273771 net:net1255809 net:net274001 net:net1096618
	comment: capacity:33 usage:36 overflow:3
	bbox = (591.0000, 693.0000) - (592.5000, 694.5000) on Layer -
violation type: Horizontal congestion
	srcs: net:net539824 net:net453918 net:net434387 net:net403234 net:net403215 net:net403160 net:net403113 net:net403110 net:net403109 net:net403106 net:net403104 net:net396091 net:net366053 net:net267071 net:net231253 net:net217037 net:net228539 net:net450194 net:net273883 net:net273637 net:net85210
	comment: capacity:22 usage:23 overflow:1
	bbox = (591.0000, 730.5000) - (592.5000, 732.0000) on Layer -
violation type: Horizontal congestion
	srcs: net:net430129 net:net420602 net:net408325 net:net397303 net:net239083 net:net228966 net:net216888 net:net361264 net:net345436 net:net273883 net:net278408 net:net320643 net:net274119 net:net365656 net:net273771 net:net85204 net:net326516 net:net348568 net:net273954 net:net345807
	comment: capacity:22 usage:23 overflow:1
	bbox = (591.0000, 811.5000) - (592.5000, 813.0000) on Layer -
violation type: Horizontal congestion
	srcs: net:net1061810 net:net456272 net:net445060 net:net445003 net:net444512 net:net444487 net:net443953 net:net432349 net:net428330 net:net423228 net:net423212 net:net423134 net:net423133 net:net403265 net:net399349 net:net320624 net:net320682 net:net273784 net:net327700 net:net457326 net:net274130 net:net217057 net:net324208 net:net274106 net:net273967 net:net358071 net:net85219 net:net44884 net:net1120627
	comment: capacity:33 usage:34 overflow:1
	bbox = (592.5000, 666.0000) - (594.0000, 667.5000) on Layer -
violation type: Horizontal congestion
	srcs: net:net1063677 net:net449791 net:net449658 net:net444317 net:net430995 net:net421720 net:net420114 net:net419933 net:net414372 net:net411390 net:net410838 net:net410819 net:net409126 net:net406156 net:net274470 net:net367162 net:net324213 net:net274071 net:net274024 net:net366728 net:net273675 net:net278423 net:net273771 net:net391023 net:net230961 net:net85225 net:net44894 net:net44889 net:net1089681 net:net347715
	comment: capacity:37 usage:38 overflow:1
	bbox = (592.5000, 679.5000) - (594.0000, 681.0000) on Layer -
violation type: Horizontal congestion
	srcs: net:net455497 net:net455384 net:net435558 net:net428344 net:net428290 net:net428184 net:net412402 net:net403251 net:net403199 net:net403179 net:net403164 net:net403138 net:net403110 net:net403109 net:net402565 net:net399792 net:net399368 net:net399341 net:net399333 net:net396556 net:net396427 net:net396377 net:net396136 net:net429457 net:net203716 net:net392974 net:net278334 net:net429488 net:net273732 net:net320611 net:net273626 net:net274152 net:net357933 net:net273898 net:net44896
	comment: capacity:37 usage:39 overflow:2
	bbox = (592.5000, 733.5000) - (594.0000, 735.0000) on Layer -
violation type: Horizontal congestion
	srcs: net:net1063677 net:net444317 net:net421720 net:net420114 net:net411390 net:net410838 net:net410819 net:net410180 net:net274470 net:net367162 net:net273979 net:net273886 net:net324213 net:net274071 net:net274024 net:net366728 net:net274021 net:net273675 net:net278423 net:net273771 net:net391023 net:net230961 net:net44894 net:net274001 net:net274465 net:net1089681 net:net347715
	comment: capacity:37 usage:38 overflow:1
	bbox = (594.0000, 679.5000) - (595.5000, 681.0000) on Layer -
violation type: Horizontal congestion
	srcs: net:net455987 net:net450734 net:net450680 net:net429864 net:net429509 net:net426722 net:net426704 net:net426400 net:net426364 net:net426340 net:net426339 net:net426284 net:net421104 net:net409428 net:net406412 net:net406394 net:net406163 net:net324655 net:net285368 net:net239225 net:net65223 net:net395417 net:net273650 net:net273883 net:net273747 net:net273759 net:net273732 net:net406214 net:net273898 net:net273991 net:net347451
	comment: capacity:37 usage:38 overflow:1
	bbox = (594.0000, 708.0000) - (595.5000, 709.5000) on Layer -
violation type: Horizontal congestion
	srcs: net:net1075586 net:net949481 net:net446440 net:net438205 net:net438201 net:net437973 net:net435646 net:net435528 net:net434521 net:net434085 net:net434050 net:net433992 net:net433000 net:net432350 net:net404028 net:net320592 net:net320589 net:net283778 net:net246805 net:net230302 net:net229798 net:net229793 net:net203832 net:net203182 net:net204033 net:net203833 net:net216386 net:net230835 net:net61802 net:net273732 net:net365815 net:net85219 net:net85228 net:net344997 net:net358057 net:net358059 net:net346480
	comment: capacity:37 usage:39 overflow:2
	bbox = (594.0000, 781.5000) - (595.5000, 783.0000) on Layer -
violation type: Horizontal congestion
	srcs: net:net971586 net:net572162 net:net565459 net:net360976 net:net360897 net:net360888 net:net356423 net:net347468 net:net367027 net:net369923 net:net361043 net:net358637 net:net61873 net:net361581 net:net344849 net:net345245 net:net347774 net:net324799 net:net345166 net:net346593 net:net345705
	comment: capacity:22 usage:23 overflow:1
	bbox = (594.0000, 1009.5000) - (595.5000, 1011.0000) on Layer -
violation type: Horizontal congestion
	srcs: net:net430547 net:net430512 net:net422640 net:net420048 net:net403486 net:net273931 net:net273697 net:net273732 net:net274001 net:net274465 net:net273909 net:net273610 net:net274165 net:net1129620 net:net345750 net:net1083977
	comment: capacity:22 usage:23 overflow:1
	bbox = (595.5000, 658.5000) - (597.0000, 660.0000) on Layer -
violation type: Horizontal congestion
	srcs: net:net1061810 net:net445060 net:net445003 net:net444512 net:net444487 net:net443953 net:net432349 net:net428330 net:net410569 net:net410568 net:net403265 net:net399349 net:net320624 net:net320682 net:net273784 net:net273979 net:net457326 net:net274130 net:net324213 net:net217057 net:net274071 net:net274106 net:net278423 net:net358071 net:net391023 net:net85219 net:net44884 net:net1120627
	comment: capacity:33 usage:34 overflow:1
	bbox = (595.5000, 666.0000) - (597.0000, 667.5000) on Layer -
violation type: Horizontal congestion
	srcs: net:net414284 net:net414267 net:net414236 net:net414184 net:net414171 net:net414122 net:net414115 net:net410716 net:net410201 net:net243172 net:net63479 net:net273759 net:net410518 net:net273967 net:net394529 net:net44872 net:net348541 net:net63608 net:net1089203 net:net346961
	comment: capacity:22 usage:23 overflow:1
	bbox = (595.5000, 676.5000) - (597.0000, 678.0000) on Layer -
violation type: Horizontal congestion
	srcs: net:net367037 net:net360818 net:net356289 net:net344864 net:net344862 net:net346733 net:net357989 net:net360916 net:net348748 net:net361472 net:net344907 net:net344867 net:net298238 net:net346321 net:net358577 net:net232919 net:net264325 net:net345046 net:net346381 net:net346789 net:net345633
	comment: capacity:22 usage:23 overflow:1
	bbox = (595.5000, 982.5000) - (597.0000, 984.0000) on Layer -
violation type: Horizontal congestion
	srcs: net:net414285 net:net414236 net:net414211 net:net414171 net:net414122 net:net414115 net:net410716 net:net410201 net:net243172 net:net273883 net:net63479 net:net273759 net:net410518 net:net273967 net:net394529 net:net44872 net:net348541 net:net63608 net:net1089203
	comment: capacity:22 usage:23 overflow:1
	bbox = (597.0000, 676.5000) - (598.5000, 678.0000) on Layer -
violation type: Horizontal congestion
	srcs: net:net1065987 net:net1063677 net:net444317 net:net441851 net:net421720 net:net420114 net:net416285 net:net416267 net:net416246 net:net416245 net:net411407 net:net411390 net:net411386 net:net411353 net:net411352 net:net410838 net:net410819 net:net410180 net:net410080 net:net367162 net:net324213 net:net366728 net:net273675 net:net274068 net:net278423 net:net273771 net:net449220 net:net391023 net:net230961 net:net44894 net:net1089681 net:net347715
	comment: capacity:37 usage:38 overflow:1
	bbox = (597.0000, 679.5000) - (598.5000, 681.0000) on Layer -
violation type: Horizontal congestion
	srcs: net:net450321 net:net443056 net:net442969 net:net442877 net:net436960 net:net436080 net:net434549 net:net430055 net:net424583 net:net421704 net:net421588 net:net420902 net:net391613 net:net391355 net:net320596 net:net239095 net:net239088 net:net429457 net:net273842 net:net365769 net:net273687 net:net214060 net:net273886 net:net203778 net:net357635 net:net85216 net:net85222 net:net85225 net:net85243 net:net85249 net:net345367 net:net44889 net:net345697 net:net345693
	comment: capacity:37 usage:38 overflow:1
	bbox = (597.0000, 771.0000) - (598.5000, 772.5000) on Layer -
violation type: Horizontal congestion
	srcs: net:net361040 net:net356487 net:net360808 net:net360942 net:net347638 net:net361294 net:net48238 net:net345933 net:net360751 net:net358637 net:net358515 net:net356263 net:net356483 net:net344867 net:net347218 net:net326516 net:net346150 net:net346115 net:net246043 net:net347022 net:net346872
	comment: capacity:22 usage:23 overflow:1
	bbox = (597.0000, 991.5000) - (598.5000, 993.0000) on Layer -
violation type: Horizontal congestion
	srcs: net:net414338 net:net414285 net:net414211 net:net414171 net:net414123 net:net410716 net:net410201 net:net243172 net:net273883 net:net63479 net:net273732 net:net274068 net:net273967 net:net434432 net:net390557 net:net44872 net:net348541 net:net63608 net:net1089203
	comment: capacity:22 usage:23 overflow:1
	bbox = (598.5000, 676.5000) - (600.0000, 678.0000) on Layer -
violation type: Horizontal congestion
	srcs: net:net447484 net:net446836 net:net446808 net:net365757 net:net239080 net:net326501 net:net273637 net:net274994 net:net274507 net:net273967 net:net216885 net:net234666 net:net274092 net:net273964 net:net85228 net:net346108 net:net346595 net:net69777
	comment: capacity:22 usage:23 overflow:1
	bbox = (598.5000, 820.5000) - (600.0000, 822.0000) on Layer -
violation type: Horizontal congestion
	srcs: net:net1007321 net:net430466 net:net430416 net:net418444 net:net410025 net:net409957 net:net409765 net:net327586 net:net327580 net:net239126 net:net273784 net:net327449 net:net366344 net:net239070 net:net347870 net:net365983 net:net367211 net:net357727 net:net366342 net:net273675 net:net360754 net:net361993 net:net61831 net:net271806 net:net44869 net:net345917 net:net346276 net:net345336 net:net320367 net:net345346 net:net232563 net:net346721 net:net345039 net:net264325 net:net345502
	comment: capacity:37 usage:38 overflow:1
	bbox = (598.5000, 826.5000) - (600.0000, 828.0000) on Layer -
violation type: Horizontal congestion
	srcs: net:net545920 net:net545776 net:net368096 net:net364342 net:net345930 net:net528838 net:net358540 net:net366545 net:net366457 net:net348536 net:net524030 net:net358581 net:net365709 net:net523510 net:net523509 net:net345933 net:net358450 net:net366459 net:net357766 net:net370526 net:net358402 net:net366902 net:net358591 net:net370640 net:net545830 net:net357677 net:net545831 net:net360821 net:net361450 net:net346456 net:net346556 net:net209212 net:net345447 net:net199023 net:net347747 net:net348702 net:net348679
	comment: capacity:37 usage:38 overflow:1
	bbox = (598.5000, 961.5000) - (600.0000, 963.0000) on Layer -
violation type: Horizontal congestion
	srcs: net:net547807 net:net347750 net:net344866 net:net345435 net:net344873 net:net345826 net:net361496 net:net345933 net:net358471 net:net326438 net:net361487 net:net361223 net:net361508 net:net529460 net:net361495 net:net361525 net:net345968 net:net219344 net:net345783 net:net358147 net:net347100
	comment: capacity:22 usage:23 overflow:1
	bbox = (598.5000, 973.5000) - (600.0000, 975.0000) on Layer -
violation type: Horizontal congestion
	srcs: net:net361486 net:net361185 net:net347209 net:net345829 net:net361221 net:net344901 net:net345433 net:net358572 net:net361528 net:net348476 net:net299219 net:net320356 net:net346472 net:net346122 net:net346080 net:net346013 net:net345977 net:net320166 net:net345811 net:net345746 net:net345635 net:net345631 net:net345616 net:net345671 net:net345666 net:net213649 net:net84901 net:net345699 net:net345695 net:net345693 net:net345729 net:net358182 net:net345719 net:net357740 net:net361128 net:net244487
	comment: capacity:37 usage:38 overflow:1
	bbox = (598.5000, 975.0000) - (600.0000, 976.5000) on Layer -
violation type: Horizontal congestion
	srcs: net:net975755 net:net971560 net:net552726 net:net455463 net:net455379 net:net443692 net:net428220 net:net428187 net:net420105 net:net411115 net:net410327 net:net409467 net:net273637 net:net345289 net:net85231 net:net346254 net:net85237 net:net85213 net:net345701
	comment: capacity:22 usage:23 overflow:1
	bbox = (600.0000, 739.5000) - (601.5000, 741.0000) on Layer -
violation type: Horizontal congestion
	srcs: net:net539818 net:net440131 net:net440045 net:net438488 net:net411097 net:net411008 net:net410987 net:net410979 net:net410957 net:net410952 net:net410938 net:net410917 net:net401083 net:net401009 net:net400930 net:net400866 net:net391021 net:net390553 net:net202841 net:net360923 net:net435964 net:net65232 net:net274106 net:net230833 net:net85231 net:net44864 net:net44861 net:net44891 net:net274094 net:net345315 net:net44889
	comment: capacity:37 usage:38 overflow:1
	bbox = (600.0000, 750.0000) - (601.5000, 751.5000) on Layer -
violation type: Horizontal congestion
	srcs: net:net971580 net:net549711 net:net549646 net:net549067 net:net361474 net:net358376 net:net358373 net:net361464 net:net347468 net:net344873 net:net361965 net:net361864 net:net357558 net:net348610 net:net546214 net:net358036 net:net273761 net:net273759 net:net357702 net:net362100 net:net347537 net:net358006 net:net361250 net:net357551 net:net535251 net:net271806 net:net347321 net:net358430 net:net347356 net:net344940 net:net345207 net:net347663 net:net348458
	comment: capacity:33 usage:35 overflow:2
	bbox = (600.0000, 1008.0000) - (601.5000, 1009.5000) on Layer -
violation type: Horizontal congestion
	srcs: net:net956495 net:net455987 net:net450680 net:net446341 net:net441600 net:net429864 net:net429509 net:net426717 net:net426412 net:net426359 net:net426323 net:net426292 net:net421692 net:net421104 net:net409428 net:net406394 net:net406331 net:net406163 net:net399812 net:net397303 net:net285368 net:net285364 net:net239225 net:net231518 net:net65223 net:net320682 net:net395417 net:net273650 net:net395769 net:net406132 net:net406214 net:net273700 net:net327729 net:net327051
	comment: capacity:37 usage:38 overflow:1
	bbox = (601.5000, 708.0000) - (603.0000, 709.5000) on Layer -
violation type: Horizontal congestion
	srcs: net:net962789 net:net952104 net:net937272 net:net550935 net:net459826 net:net459256 net:net453918 net:net447423 net:net432352 net:net411623 net:net411546 net:net411525 net:net411519 net:net411518 net:net411467 net:net411456 net:net406491 net:net406211 net:net403125 net:net402935 net:net396791 net:net396209 net:net391292 net:net390570 net:net390564 net:net276960 net:net69820 net:net411547 net:net273934 net:net273761 net:net216400 net:net391317 net:net44891 net:net347413 net:net347417 net:net44889
	comment: capacity:37 usage:38 overflow:1
	bbox = (601.5000, 723.0000) - (603.0000, 724.5000) on Layer -
violation type: Horizontal congestion
	srcs: net:net975755 net:net971560 net:net552726 net:net455463 net:net455437 net:net455384 net:net428220 net:net428187 net:net420105 net:net411115 net:net410327 net:net409467 net:net273637 net:net345289 net:net85231 net:net346254 net:net85237 net:net85213 net:net345701
	comment: capacity:22 usage:23 overflow:1
	bbox = (601.5000, 739.5000) - (603.0000, 741.0000) on Layer -
violation type: Horizontal congestion
	srcs: net:net1061810 net:net453918 net:net451204 net:net445060 net:net445003 net:net444512 net:net444487 net:net443953 net:net439588 net:net432349 net:net428330 net:net410686 net:net410657 net:net410655 net:net410589 net:net410553 net:net410523 net:net410134 net:net410119 net:net403265 net:net403165 net:net399349 net:net320624 net:net320682 net:net457326 net:net324213 net:net273759 net:net278423 net:net358071 net:net391023 net:net345772
	comment: capacity:33 usage:35 overflow:2
	bbox = (603.0000, 666.0000) - (604.5000, 667.5000) on Layer -
violation type: Horizontal congestion
	srcs: net:net459825 net:net459315 net:net459314 net:net459255 net:net459203 net:net459195 net:net459091 net:net425488 net:net411803 net:net411632 net:net411581 net:net411485 net:net411456 net:net405264 net:net402980 net:net402931 net:net402834 net:net402708 net:net399333 net:net397016 net:net396384 net:net396346 net:net390591 net:net231519 net:net63432 net:net459289 net:net273560 net:net217057 net:net273812 net:net411573 net:net273898 net:net391296 net:net344865 net:net320651 net:net345451
	comment: capacity:37 usage:38 overflow:1
	bbox = (603.0000, 724.5000) - (604.5000, 726.0000) on Layer -
violation type: Horizontal congestion
	srcs: net:net552728 net:net539829 net:net457808 net:net453976 net:net442451 net:net440678 net:net440131 net:net440019 net:net440014 net:net439991 net:net439971 net:net439969 net:net439957 net:net421676 net:net410948 net:net400960 net:net327659 net:net213036 net:net273637 net:net410950 net:net65232 net:net273732 net:net326871 net:net391296 net:net391317 net:net85210 net:net85234 net:net273610 net:net345305 net:net345307 net:net85237 net:net85213 net:net345533
	comment: capacity:37 usage:38 overflow:1
	bbox = (603.0000, 751.5000) - (604.5000, 753.0000) on Layer -
violation type: Horizontal congestion
	srcs: net:net361221 net:net344968 net:net345435 net:net348476 net:net299219 net:net320356 net:net346472 net:net320162 net:net346122 net:net346080 net:net223116 net:net346013 net:net345977 net:net348487 net:net320166 net:net264325 net:net48236 net:net345786 net:net345811 net:net345746 net:net358074 net:net345635 net:net345631 net:net345616 net:net361237 net:net345671 net:net84901 net:net345699 net:net360681 net:net345695 net:net345693 net:net358197 net:net358192 net:net345729 net:net357740 net:net361128 net:net347741
	comment: capacity:37 usage:38 overflow:1
	bbox = (603.0000, 975.0000) - (604.5000, 976.5000) on Layer -
violation type: Horizontal congestion
	srcs: net:net454116 net:net453556 net:net453528 net:net452464 net:net452260 net:net449421 net:net435398 net:net403035 net:net396479 net:net394550 net:net394537 net:net394536 net:net394232 net:net393001 net:net390617 net:net231264 net:net230418 net:net393007 net:net324211 net:net391023 net:net1255809 net:net44864 net:net44875 net:net324199 net:net44881 net:net53813 net:net1096618
	comment: capacity:33 usage:34 overflow:1
	bbox = (606.0000, 693.0000) - (607.5000, 694.5000) on Layer -
violation type: Horizontal congestion
	srcs: net:net452515 net:net449901 net:net449816 net:net449730 net:net449729 net:net448234 net:net438637 net:net435503 net:net426670 net:net411763 net:net409405 net:net397351 net:net396557 net:net395770 net:net394556 net:net278348 net:net255753 net:net216812 net:net216401 net:net274470 net:net274992 net:net273637 net:net324652 net:net85473 net:net274024 net:net274021 net:net324199 net:net1117250
	comment: capacity:33 usage:34 overflow:1
	bbox = (606.0000, 702.0000) - (607.5000, 703.5000) on Layer -
violation type: Horizontal congestion
	srcs: net:net430493 net:net430477 net:net430353 net:net409902 net:net274470 net:net273784 net:net199490 net:net360662 net:net273979 net:net273735 net:net273576 net:net273886 net:net273934 net:net366754 net:net360754 net:net358514 net:net273702 net:net361074 net:net273585 net:net324674 net:net85222 net:net85225 net:net85234 net:net283009 net:net347655 net:net239056 net:net358562 net:net59206 net:net219343 net:net347862 net:net360841 net:net345502
	comment: capacity:37 usage:38 overflow:1
	bbox = (606.0000, 831.0000) - (607.5000, 832.5000) on Layer -
violation type: Horizontal congestion
	srcs: net:net1074762 net:net954907 net:net954902 net:net934901 net:net518614 net:net441949 net:net441895 net:net429489 net:net421137 net:net420025 net:net416208 net:net416188 net:net411330 net:net399806 net:net399480 net:net399377 net:net395115 net:net394571 net:net393046 net:net391030 net:net390570 net:net261609 net:net360661 net:net411341 net:net203724 net:net367252 net:net203227 net:net361616 net:net429461 net:net366666 net:net391296 net:net399828 net:net85240 net:net44872 net:net1122457 net:net1108360 net:net1089533
	comment: capacity:37 usage:38 overflow:1
	bbox = (607.5000, 687.0000) - (609.0000, 688.5000) on Layer -
violation type: Horizontal congestion
	srcs: net:net91024 net:net457837 net:net444575 net:net444078 net:net444007 net:net443437 net:net440675 net:net440657 net:net411841 net:net411105 net:net411104 net:net411103 net:net411034 net:net400932 net:net397194 net:net390599 net:net265870 net:net265865 net:net395407 net:net278334 net:net326687 net:net327700 net:net69756 net:net324208 net:net327729 net:net53813 net:net327051 net:net345693
	comment: capacity:33 usage:34 overflow:1
	bbox = (607.5000, 747.0000) - (609.0000, 748.5000) on Layer -
violation type: Horizontal congestion
	srcs: net:net1074762 net:net954907 net:net954902 net:net934901 net:net518614 net:net447981 net:net441949 net:net441902 net:net441895 net:net429489 net:net421137 net:net420025 net:net416208 net:net416188 net:net411330 net:net399806 net:net399480 net:net399377 net:net395115 net:net394571 net:net393046 net:net391030 net:net390570 net:net263749 net:net261609 net:net360661 net:net411341 net:net367252 net:net203227 net:net361616 net:net429461 net:net366666 net:net85240 net:net44872 net:net1122457 net:net1108360 net:net1089533
	comment: capacity:37 usage:38 overflow:1
	bbox = (609.0000, 687.0000) - (610.5000, 688.5000) on Layer -
violation type: Horizontal congestion
	srcs: net:net453607 net:net453574 net:net453548 net:net453458 net:net437536 net:net394563 net:net394561 net:net274992 net:net239070 net:net274935 net:net274994 net:net44869 net:net44887 net:net44891 net:net44896 net:net274465
	comment: capacity:22 usage:23 overflow:1
	bbox = (609.0000, 694.5000) - (610.5000, 696.0000) on Layer -
violation type: Horizontal congestion
	srcs: net:net983868 net:net971571 net:net548547 net:net447488 net:net446980 net:net446979 net:net446869 net:net446822 net:net446761 net:net430358 net:net430229 net:net430212 net:net430164 net:net430141 net:net430134 net:net429483 net:net420619 net:net409602 net:net409601 net:net239112 net:net239089 net:net273664 net:net239096 net:net320618 net:net446762 net:net446886 net:net358403 net:net345052 net:net357782 net:net59226 net:net59223 net:net346678 net:net346288 net:net346280 net:net346688 net:net44889
	comment: capacity:37 usage:38 overflow:1
	bbox = (609.0000, 817.5000) - (610.5000, 819.0000) on Layer -
violation type: Horizontal congestion
	srcs: net:net460118 net:net460111 net:net457294 net:net452646 net:net452594 net:net448835 net:net448807 net:net445883 net:net430568 net:net430557 net:net430551 net:net430534 net:net422861 net:net422859 net:net422813 net:net406125 net:net239174 net:net367249 net:net324651 net:net326687 net:net394218 net:net443895 net:net273991 net:net391317 net:net44884 net:net324199 net:net394562 net:net346591 net:net84903 net:net1082283 net:net347558 net:net345850
	comment: capacity:37 usage:38 overflow:1
	bbox = (610.5000, 661.5000) - (612.0000, 663.0000) on Layer -
violation type: Horizontal congestion
	srcs: net:net1074762 net:net954907 net:net954902 net:net934901 net:net518614 net:net447981 net:net442611 net:net441949 net:net429489 net:net421137 net:net420025 net:net416208 net:net416188 net:net411330 net:net399806 net:net399480 net:net399377 net:net395115 net:net394571 net:net393046 net:net391030 net:net390812 net:net390570 net:net263749 net:net261609 net:net273784 net:net411341 net:net367252 net:net203227 net:net361616 net:net429461 net:net366666 net:net85240 net:net44872 net:net1122457 net:net1089533
	comment: capacity:37 usage:38 overflow:1
	bbox = (610.5000, 687.0000) - (612.0000, 688.5000) on Layer -
violation type: Horizontal congestion
	srcs: net:net367027 net:net345931 net:net267958 net:net273979 net:net61835 net:net361262 net:net346735 net:net347459 net:net274071 net:net365988 net:net346661 net:net273771 net:net366990 net:net225890 net:net85243 net:net274001 net:net274165 net:net85228 net:net346647 net:net269297 net:net239052 net:net324788 net:net320372 net:net232563 net:net320362 net:net346717 net:net224524 net:net274441 net:net85237 net:net345504 net:net345643 net:net84901 net:net345701
	comment: capacity:37 usage:39 overflow:2
	bbox = (610.5000, 835.5000) - (612.0000, 837.0000) on Layer -
violation type: Horizontal congestion
	srcs: net:net461284 net:net460772 net:net460213 net:net460131 net:net459569 net:net456926 net:net443981 net:net422878 net:net422865 net:net422814 net:net400868 net:net274130 net:net369469 net:net273812 net:net274473 net:net197872 net:net273944 net:net274038 net:net344950 net:net461288 net:net53654 net:net85216 net:net85240 net:net44864 net:net273610 net:net346585 net:net347011 net:net347682 net:net85237 net:net347627 net:net213649 net:net358192
	comment: capacity:37 usage:38 overflow:1
	bbox = (612.0000, 651.0000) - (613.5000, 652.5000) on Layer -
violation type: Horizontal congestion
	srcs: net:net1010363 net:net655482 net:net429247 net:net403970 net:net400651 net:net397187 net:net397155 net:net397095 net:net397069 net:net397003 net:net368477 net:net274979 net:net203823 net:net273874 net:net326687 net:net395416 net:net1255704 net:net85249 net:net44872 net:net44878
	comment: capacity:22 usage:23 overflow:1
	bbox = (612.0000, 775.5000) - (613.5000, 777.0000) on Layer -
violation type: Horizontal congestion
	srcs: net:net452620 net:net451204 net:net445845 net:net445060 net:net444512 net:net444487 net:net443953 net:net439588 net:net432350 net:net432349 net:net428330 net:net426350 net:net410687 net:net410671 net:net410350 net:net410136 net:net410132 net:net410131 net:net403165 net:net273697 net:net278334 net:net424780 net:net457326 net:net274994 net:net273700 net:net445011 net:net358071 net:net239132 net:net346410 net:net345772 net:net347596
	comment: capacity:33 usage:34 overflow:1
	bbox = (613.5000, 666.0000) - (615.0000, 667.5000) on Layer -
violation type: Horizontal congestion
	srcs: net:net1074762 net:net954907 net:net954902 net:net934901 net:net518614 net:net447981 net:net442015 net:net442013 net:net441428 net:net429489 net:net421137 net:net420025 net:net416208 net:net416188 net:net399806 net:net399480 net:net399377 net:net395115 net:net393046 net:net390812 net:net390570 net:net263749 net:net261609 net:net217509 net:net411341 net:net367252 net:net203227 net:net361616 net:net366666 net:net85210 net:net85216 net:net85234 net:net44881 net:net85228 net:net1122457 net:net1089533
	comment: capacity:37 usage:38 overflow:1
	bbox = (613.5000, 687.0000) - (615.0000, 688.5000) on Layer -
violation type: Horizontal congestion
	srcs: net:net971560 net:net457710 net:net457644 net:net455465 net:net455344 net:net455343 net:net455280 net:net447800 net:net447296 net:net443702 net:net443692 net:net431485 net:net428519 net:net428162 net:net428142 net:net428099 net:net425932 net:net424512 net:net420126 net:net420083 net:net417034 net:net417015 net:net411200 net:net411091 net:net409502 net:net409393 net:net231005 net:net320680 net:net429459 net:net326711 net:net435419 net:net327252 net:net370846 net:net44864 net:net346254 net:net345693 net:net345679
	comment: capacity:37 usage:38 overflow:1
	bbox = (613.5000, 741.0000) - (615.0000, 742.5000) on Layer -
violation type: Horizontal congestion
	srcs: net:net971566 net:net539812 net:net458366 net:net454517 net:net454481 net:net454331 net:net454080 net:net454056 net:net439978 net:net429243 net:net411038 net:net410922 net:net405025 net:net403507 net:net403490 net:net403400 net:net403342 net:net401106 net:net400933 net:net391333 net:net391323 net:net391206 net:net391141 net:net391021 net:net390682 net:net390585 net:net390582 net:net390552 net:net370835 net:net273812 net:net273759 net:net274152 net:net230949 net:net69785 net:net345504
	comment: capacity:37 usage:38 overflow:1
	bbox = (613.5000, 753.0000) - (615.0000, 754.5000) on Layer -
violation type: Horizontal congestion
	srcs: net:net460772 net:net460592 net:net460213 net:net460131 net:net459569 net:net456926 net:net443981 net:net443491 net:net423020 net:net423001 net:net422814 net:net400868 net:net273664 net:net422854 net:net369469 net:net197872 net:net273944 net:net274038 net:net344950 net:net461288 net:net53654 net:net85216 net:net85240 net:net44864 net:net274465 net:net346585 net:net347011 net:net347682 net:net85237 net:net347627 net:net213649 net:net358192 net:net348712
	comment: capacity:37 usage:38 overflow:1
	bbox = (615.0000, 651.0000) - (616.5000, 652.5000) on Layer -
violation type: Horizontal congestion
	srcs: net:net461383 net:net461278 net:net460235 net:net459793 net:net454794 net:net446029 net:net439561 net:net422635 net:net421044 net:net298247 net:net366339 net:net370820 net:net366546 net:net326687 net:net216372 net:net394218 net:net367721 net:net273602 net:net239127 net:net85249 net:net44869 net:net44878 net:net461246 net:net91046 net:net358405 net:net327051 net:net44889 net:net59185 net:net345754 net:net360686 net:net347104 net:net347538
	comment: capacity:37 usage:39 overflow:2
	bbox = (615.0000, 655.5000) - (616.5000, 657.0000) on Layer -
violation type: Horizontal congestion
	srcs: net:net448889 net:net445030 net:net445000 net:net444920 net:net444891 net:net444889 net:net440627 net:net428311 net:net410712 net:net410652 net:net410157 net:net410123 net:net230333 net:net216616 net:net348621 net:net410283 net:net216372 net:net320604 net:net358637 net:net357799 net:net69760 net:net85225 net:net44875 net:net44895 net:net348541 net:net44889 net:net85237 net:net85213 net:net1140524 net:net1115774 net:net1078923 net:net345858
	comment: capacity:37 usage:38 overflow:1
	bbox = (615.0000, 670.5000) - (616.5000, 672.0000) on Layer -
violation type: Horizontal congestion
	srcs: net:net1072518 net:net1068015 net:net456948 net:net456366 net:net456257 net:net449246 net:net426653 net:net411784 net:net397254 net:net395322 net:net324315 net:net273664 net:net274468 net:net273784 net:net273931 net:net273886 net:net394218 net:net273732 net:net273525 net:net273944 net:net85222 net:net1255002 net:net1163983 net:net274165 net:net85213 net:net61847 net:net1098182
	comment: capacity:37 usage:38 overflow:1
	bbox = (615.0000, 696.0000) - (616.5000, 697.5000) on Layer -
violation type: Horizontal congestion
	srcs: net:net961347 net:net460741 net:net460742 net:net460654 net:net445379 net:net444981 net:net440156 net:net428066 net:net424860 net:net416154 net:net415783 net:net410781 net:net410695 net:net410656 net:net410618 net:net410599 net:net410595 net:net400991 net:net390905 net:net202899 net:net273664 net:net274476 net:net273812 net:net395539 net:net85249 net:net347020 net:net347356 net:net1132472 net:net1131048 net:net346872 net:net345779 net:net347550
	comment: capacity:33 usage:35 overflow:2
	bbox = (616.5000, 639.0000) - (618.0000, 640.5000) on Layer -
violation type: Horizontal congestion
	srcs: net:net457328 net:net457159 net:net452084 net:net448212 net:net436437 net:net422880 net:net414369 net:net414346 net:net414343 net:net410716 net:net410552 net:net410203 net:net403468 net:net216495 net:net432369 net:net436974 net:net357643 net:net273574 net:net457221 net:net230405 net:net357648 net:net273684 net:net358200 net:net85246 net:net44878 net:net346614 net:net345303 net:net63608 net:net44866 net:net1117997 net:net345443 net:net347155
	comment: capacity:33 usage:34 overflow:1
	bbox = (616.5000, 675.0000) - (618.0000, 676.5000) on Layer -
violation type: Horizontal congestion
	srcs: net:net453602 net:net453556 net:net449421 net:net441923 net:net436160 net:net435398 net:net403035 net:net396479 net:net395238 net:net395158 net:net393001 net:net390617 net:net231264 net:net13385 net:net273931 net:net239070 net:net274514 net:net429459 net:net230418 net:net393007 net:net273967 net:net1255809 net:net44864 net:net44896 net:net44895 net:net273909 net:net1121281 net:net1096618
	comment: capacity:33 usage:34 overflow:1
	bbox = (616.5000, 693.0000) - (618.0000, 694.5000) on Layer -
violation type: Horizontal congestion
	srcs: net:net461248 net:net459685 net:net456357 net:net442505 net:net428277 net:net428243 net:net423069 net:net423066 net:net423013 net:net422975 net:net422820 net:net422821 net:net411391 net:net327700 net:net324213 net:net394218 net:net274119 net:net324211 net:net367193 net:net460188 net:net44884 net:net44896 net:net53813 net:net347353 net:net327051 net:net44889 net:net1139341 net:net347621 net:net357740 net:net348695
	comment: capacity:37 usage:38 overflow:1
	bbox = (618.0000, 652.5000) - (619.5000, 654.0000) on Layer -
violation type: Horizontal congestion
	srcs: net:net1061810 net:net450603 net:net447369 net:net431004 net:net428294 net:net423157 net:net422619 net:net414233 net:net414182 net:net410362 net:net410121 net:net406125 net:net403265 net:net403092 net:net401064 net:net399333 net:net239174 net:net429459 net:net273759 net:net13358 net:net390557 net:net85207 net:net936182 net:net85249 net:net85204 net:net63599 net:net346084 net:net346591 net:net347018 net:net346935 net:net346927 net:net346925 net:net346923 net:net357594 net:net345940
	comment: capacity:37 usage:38 overflow:1
	bbox = (618.0000, 663.0000) - (619.5000, 664.5000) on Layer -
violation type: Horizontal congestion
	srcs: net:net1065987 net:net1063677 net:net1060355 net:net458764 net:net457384 net:net457356 net:net457243 net:net457165 net:net457164 net:net457162 net:net438488 net:net437904 net:net430164 net:net416128 net:net414395 net:net410287 net:net410083 net:net231517 net:net208252 net:net273662 net:net367162 net:net457221 net:net63479 net:net365643 net:net273812 net:net324208 net:net273702 net:net199535 net:net273964 net:net274094 net:net320651 net:net274441 net:net347163 net:net345946
	comment: capacity:37 usage:38 overflow:1
	bbox = (618.0000, 678.0000) - (619.5000, 679.5000) on Layer -
violation type: Horizontal congestion
	srcs: net:net445565 net:net444975 net:net444954 net:net444948 net:net444921 net:net443408 net:net421076 net:net420070 net:net410328 net:net410288 net:net410289 net:net410226 net:net410150 net:net395772 net:net216708 net:net273650 net:net391344 net:net327245 net:net278334 net:net327700 net:net216889 net:net273613 net:net274994 net:net391023 net:net327729 net:net85246 net:net44894 net:net324199 net:net345166 net:net1136165 net:net345938
	comment: capacity:37 usage:38 overflow:1
	bbox = (619.5000, 672.0000) - (621.0000, 673.5000) on Layer -
violation type: Horizontal congestion
	srcs: net:net453576 net:net453529 net:net453523 net:net453496 net:net453467 net:net446341 net:net442009 net:net441952 net:net441921 net:net441920 net:net439501 net:net391148 net:net274992 net:net326687 net:net273637 net:net327700 net:net394218 net:net274071 net:net274994 net:net362228 net:net217122 net:net273675 net:net44869 net:net44887 net:net324199 net:net327051 net:net1119604 net:net1108360
	comment: capacity:37 usage:39 overflow:2
	bbox = (619.5000, 691.5000) - (621.0000, 693.0000) on Layer -
violation type: Horizontal congestion
	srcs: net:net456416 net:net456414 net:net456278 net:net456248 net:net456247 net:net452548 net:net452469 net:net451143 net:net438043 net:net437440 net:net429251 net:net421056 net:net419937 net:net406492 net:net403464 net:net403119 net:net395286 net:net395162 net:net394523 net:net394518 net:net394229 net:net394227 net:net394219 net:net450194 net:net394522 net:net273812 net:net230981 net:net395380 net:net74456 net:net273898 net:net85210 net:net1255002 net:net1236811 net:net1236809 net:net1138699 net:net1094248
	comment: capacity:37 usage:38 overflow:1
	bbox = (619.5000, 697.5000) - (621.0000, 699.0000) on Layer -
violation type: Horizontal congestion
	srcs: net:net555365 net:net554638 net:net545902 net:net345435 net:net367999 net:net361146 net:net346995 net:net345433 net:net357784 net:net344950 net:net523506 net:net358102 net:net225890 net:net347641 net:net347671 net:net344958 net:net346686 net:net347020 net:net285365 net:net346556 net:net346717 net:net344965
	comment: capacity:22 usage:23 overflow:1
	bbox = (619.5000, 964.5000) - (621.0000, 966.0000) on Layer -
violation type: Horizontal congestion
	srcs: net:net461332 net:net460772 net:net460592 net:net460306 net:net460213 net:net460131 net:net459760 net:net459638 net:net459569 net:net456926 net:net443981 net:net443491 net:net442337 net:net422976 net:net400868 net:net273664 net:net369469 net:net273747 net:net327729 net:net53654 net:net85216 net:net85240 net:net394562 net:net274465 net:net346585 net:net347011 net:net347682 net:net345575 net:net346900 net:net347627 net:net213649 net:net358192 net:net348712
	comment: capacity:37 usage:38 overflow:1
	bbox = (621.0000, 651.0000) - (622.5000, 652.5000) on Layer -
violation type: Horizontal congestion
	srcs: net:net451204 net:net449339 net:net445845 net:net445060 net:net444512 net:net444487 net:net443953 net:net439588 net:net437457 net:net436451 net:net432350 net:net428330 net:net426350 net:net410687 net:net410671 net:net410350 net:net410329 net:net410173 net:net403165 net:net324317 net:net424780 net:net410111 net:net445011 net:net239132 net:net44887 net:net44891 net:net345245 net:net346410 net:net1120627 net:net345449 net:net345772 net:net347596
	comment: capacity:33 usage:34 overflow:1
	bbox = (621.0000, 666.0000) - (622.5000, 667.5000) on Layer -
violation type: Horizontal congestion
	srcs: net:net459315 net:net459091 net:net451550 net:net425488 net:net424512 net:net411803 net:net411749 net:net411713 net:net411694 net:net411681 net:net411640 net:net411634 net:net411581 net:net411519 net:net411468 net:net411467 net:net405264 net:net402980 net:net402708 net:net397016 net:net396531 net:net396346 net:net276968 net:net239129 net:net231519 net:net459289 net:net411643 net:net411573 net:net273525 net:net273964 net:net44891 net:net44896 net:net347440 net:net346220 net:net1121680
	comment: capacity:37 usage:38 overflow:1
	bbox = (621.0000, 724.5000) - (622.5000, 726.0000) on Layer -
violation type: Horizontal congestion
	srcs: net:net457787 net:net454567 net:net454455 net:net453942 net:net429249 net:net411135 net:net399349 net:net399342 net:net399341 net:net283017 net:net274972 net:net255756 net:net273664 net:net410950 net:net458855 net:net273675 net:net458290 net:net367728 net:net274465 net:net1088098
	comment: capacity:22 usage:23 overflow:1
	bbox = (621.0000, 757.5000) - (622.5000, 759.0000) on Layer -
violation type: Horizontal congestion
	srcs: net:net345829 net:net347638 net:net360690 net:net361983 net:net348510 net:net356321 net:net361802 net:net356443 net:net357607 net:net356266 net:net361482 net:net358532 net:net344901 net:net358637 net:net361620 net:net361044 net:net361842 net:net361178 net:net358598 net:net358504 net:net360799 net:net361930 net:net358434 net:net344907 net:net347068 net:net347042 net:net345245 net:net345243 net:net347388 net:net59206 net:net346958
	comment: capacity:33 usage:34 overflow:1
	bbox = (621.0000, 990.0000) - (622.5000, 991.5000) on Layer -
violation type: Horizontal congestion
	srcs: net:net935035 net:net910460 net:net518609 net:net461363 net:net461279 net:net459680 net:net459640 net:net459642 net:net428243 net:net423025 net:net421060 net:net410522 net:net406279 net:net397321 net:net396272 net:net324377 net:net273650 net:net366339 net:net273735 net:net361099 net:net346158 net:net274152 net:net347087 net:net273898 net:net85210 net:net85231 net:net85204 net:net348636 net:net346074 net:net1088818 net:net346905 net:net357740 net:net345832
	comment: capacity:37 usage:39 overflow:2
	bbox = (622.5000, 654.0000) - (624.0000, 655.5000) on Layer -
violation type: Horizontal congestion
	srcs: net:net552726 net:net455991 net:net455502 net:net455473 net:net455391 net:net454899 net:net454851 net:net454850 net:net447952 net:net447924 net:net447868 net:net447840 net:net447802 net:net438611 net:net428519 net:net420105 net:net420061 net:net417050 net:net411213 net:net278369 net:net63602 net:net273931 net:net273697 net:net55899 net:net455392 net:net92069 net:net274021 net:net273675 net:net273700
	comment: capacity:33 usage:34 overflow:1
	bbox = (622.5000, 738.0000) - (624.0000, 739.5000) on Layer -
violation type: Horizontal congestion
	srcs: net:net461176 net:net460587 net:net460123 net:net457409 net:net456437 net:net453115 net:net445481 net:net423063 net:net423051 net:net423052 net:net423043 net:net422970 net:net399685 net:net274470 net:net369225 net:net273979 net:net230416 net:net273883 net:net324213 net:net347667 net:net274068 net:net273967 net:net228997 net:net346197 net:net347217 net:net361431 net:net344965 net:net320651 net:net346891 net:net346889 net:net347617 net:net347556 net:net347590
	comment: capacity:37 usage:38 overflow:1
	bbox = (624.0000, 646.5000) - (625.5000, 648.0000) on Layer -
violation type: Horizontal congestion
	srcs: net:net459743 net:net422931 net:net422819 net:net327700 net:net63605 net:net324208 net:net274473 net:net274021 net:net273675 net:net273944 net:net274038 net:net273771 net:net273991 net:net85240 net:net85243 net:net44861 net:net44872 net:net44884 net:net53813 net:net273909 net:net347682
	comment: capacity:33 usage:34 overflow:1
	bbox = (624.0000, 648.0000) - (625.5000, 649.5000) on Layer -
violation type: Horizontal congestion
	srcs: net:net460288 net:net459742 net:net422886 net:net420988 net:net406444 net:net273784 net:net273650 net:net273574 net:net273759 net:net346597 net:net344950 net:net85219 net:net44887 net:net44896 net:net273610 net:net286583 net:net361077
	comment: capacity:22 usage:23 overflow:1
	bbox = (624.0000, 649.5000) - (625.5000, 651.0000) on Layer -
violation type: Horizontal congestion
	srcs: net:net461332 net:net460772 net:net460291 net:net460213 net:net460131 net:net459786 net:net459758 net:net459745 net:net459734 net:net459733 net:net459709 net:net459634 net:net459569 net:net456926 net:net443981 net:net443491 net:net442337 net:net422976 net:net400868 net:net273664 net:net274130 net:net369469 net:net53654 net:net85216 net:net394562 net:net274465 net:net274165 net:net346585 net:net347011 net:net345575 net:net346900 net:net347627 net:net358192 net:net348712
	comment: capacity:37 usage:38 overflow:1
	bbox = (624.0000, 651.0000) - (625.5000, 652.5000) on Layer -
violation type: Horizontal congestion
	srcs: net:net461248 net:net459691 net:net459685 net:net459635 net:net459636 net:net456357 net:net442505 net:net428277 net:net423081 net:net423069 net:net423013 net:net423007 net:net411391 net:net459619 net:net274468 net:net273931 net:net274476 net:net273747 net:net273732 net:net274507 net:net274106 net:net367193 net:net460188 net:net347353 net:net327051 net:net85213 net:net1139341 net:net347621 net:net361234 net:net348695
	comment: capacity:37 usage:38 overflow:1
	bbox = (624.0000, 652.5000) - (625.5000, 654.0000) on Layer -
violation type: Horizontal congestion
	srcs: net:net454984 net:net454854 net:net454853 net:net454852 net:net454809 net:net447979 net:net447897 net:net390550 net:net274470 net:net273883 net:net273886 net:net273934 net:net274024 net:net274021 net:net273967 net:net273771 net:net1132199
	comment: capacity:22 usage:23 overflow:1
	bbox = (624.0000, 739.5000) - (625.5000, 741.0000) on Layer -
violation type: Horizontal congestion
	srcs: net:net461248 net:net459691 net:net459685 net:net459621 net:net456357 net:net442505 net:net428277 net:net423081 net:net423013 net:net423007 net:net411391 net:net459619 net:net274468 net:net273931 net:net274476 net:net273747 net:net273732 net:net274507 net:net274106 net:net367193 net:net460188 net:net85246 net:net347353 net:net327051 net:net320651 net:net85213 net:net1139341 net:net347621 net:net361234 net:net348695
	comment: capacity:37 usage:38 overflow:1
	bbox = (625.5000, 652.5000) - (627.0000, 654.0000) on Layer -
violation type: Horizontal congestion
	srcs: net:net1010363 net:net84879 net:net539833 net:net450852 net:net450276 net:net450274 net:net450182 net:net450171 net:net436971 net:net436969 net:net436936 net:net436139 net:net434455 net:net420902 net:net403998 net:net216361 net:net202845 net:net274468 net:net273931 net:net274514 net:net429932 net:net273812 net:net273525 net:net274021 net:net436476 net:net273898 net:net273991 net:net85216 net:net85240 net:net274001 net:net274094
	comment: capacity:37 usage:38 overflow:1
	bbox = (625.5000, 778.5000) - (627.0000, 780.0000) on Layer -
violation type: Horizontal congestion
	srcs: net:net971577 net:net434468 net:net434358 net:net429940 net:net429939 net:net429924 net:net429925 net:net425513 net:net418599 net:net412445 net:net400704 net:net400651 net:net396931 net:net396890 net:net396813 net:net396786 net:net396759 net:net396753 net:net396722 net:net327055 net:net278422 net:net224217 net:net219674 net:net450656 net:net273883 net:net327700 net:net326691 net:net409684 net:net273700 net:net346456 net:net1095096
	comment: capacity:33 usage:35 overflow:2
	bbox = (625.5000, 801.0000) - (627.0000, 802.5000) on Layer -
violation type: Horizontal congestion
	srcs: net:net446470 net:net446368 net:net446346 net:net430499 net:net430482 net:net430413 net:net410077 net:net410031 net:net409981 net:net365880 net:net365844 net:net327699 net:net228501 net:net216974 net:net409901 net:net361883 net:net324652 net:net357770 net:net394218 net:net346661 net:net367251 net:net271806 net:net85222 net:net85234 net:net283803 net:net345346 net:net232898 net:net346318 net:net346688 net:net320651 net:net345740
	comment: capacity:33 usage:34 overflow:1
	bbox = (625.5000, 828.0000) - (627.0000, 829.5000) on Layer -
violation type: Horizontal congestion
	srcs: net:net461248 net:net459621 net:net459573 net:net456357 net:net442505 net:net428277 net:net423081 net:net423013 net:net423007 net:net411391 net:net274468 net:net273931 net:net63432 net:net274476 net:net273747 net:net273732 net:net274507 net:net274106 net:net367193 net:net460188 net:net85246 net:net347353 net:net327051 net:net320651 net:net85213 net:net1139341 net:net347621 net:net361234 net:net348695
	comment: capacity:37 usage:38 overflow:1
	bbox = (627.0000, 652.5000) - (628.5000, 654.0000) on Layer -
violation type: Horizontal congestion
	srcs: net:net1006384 net:net91462 net:net63629 net:net539808 net:net442420 net:net439122 net:net439025 net:net439013 net:net438937 net:net438674 net:net438664 net:net438607 net:net438517 net:net438500 net:net438493 net:net428515 net:net428467 net:net428451 net:net428434 net:net417918 net:net391632 net:net391582 net:net391544 net:net391347 net:net391325 net:net276931 net:net231313 net:net214058 net:net370025 net:net273967 net:net324211 net:net1077235
	comment: capacity:33 usage:34 overflow:1
	bbox = (627.0000, 765.0000) - (628.5000, 766.5000) on Layer -
violation type: Horizontal congestion
	srcs: net:net964064 net:net435126 net:net435072 net:net435009 net:net434591 net:net434580 net:net434564 net:net434553 net:net434505 net:net434490 net:net434456 net:net396844 net:net231252 net:net434613 net:net327347 net:net324651 net:net434462 net:net324909 net:net394218 net:net435156 net:net326691 net:net324208 net:net278423 net:net324217 net:net326836 net:net324231 net:net324233 net:net346552 net:net324234
	comment: capacity:37 usage:38 overflow:1
	bbox = (627.0000, 804.0000) - (628.5000, 805.5000) on Layer -
violation type: Horizontal congestion
	srcs: net:net446522 net:net446470 net:net446437 net:net446368 net:net446347 net:net446346 net:net430499 net:net430482 net:net430413 net:net410077 net:net409981 net:net365880 net:net365844 net:net327699 net:net228501 net:net216974 net:net361883 net:net324652 net:net357770 net:net394218 net:net346661 net:net367251 net:net85234 net:net1255710 net:net44891 net:net283803 net:net232898 net:net346318 net:net346688 net:net320651 net:net345740
	comment: capacity:33 usage:34 overflow:1
	bbox = (627.0000, 828.0000) - (628.5000, 829.5000) on Layer -
violation type: Horizontal congestion
	srcs: net:net379665 net:net369699 net:net345435 net:net344873 net:net360694 net:net361905 net:net533419 net:net370248 net:net528659 net:net345950 net:net528753 net:net528767 net:net528660 net:net357666 net:net361488 net:net361184 net:net370526 net:net346597 net:net346550 net:net347845 net:net347009 net:net345970 net:net346122 net:net345984 net:net361431 net:net344944 net:net346119 net:net345981 net:net346514 net:net344946 net:net347866 net:net361958 net:net219344 net:net347163 net:net347197 net:net347190 net:net347181
	comment: capacity:37 usage:38 overflow:1
	bbox = (627.0000, 966.0000) - (628.5000, 967.5000) on Layer -
violation type: Horizontal congestion
	srcs: net:net461332 net:net460772 net:net460213 net:net460131 net:net459770 net:net459771 net:net459714 net:net456926 net:net445517 net:net445425 net:net443981 net:net443491 net:net442337 net:net423069 net:net422976 net:net400868 net:net273664 net:net327700 net:net274130 net:net369469 net:net53654 net:net394562 net:net274165 net:net274094 net:net347217 net:net346585 net:net347011 net:net345575 net:net346900 net:net347627 net:net358192 net:net348712 net:net347590
	comment: capacity:37 usage:38 overflow:1
	bbox = (628.5000, 651.0000) - (630.0000, 652.5000) on Layer -
violation type: Horizontal congestion
	srcs: net:net461248 net:net459768 net:net456357 net:net442505 net:net428277 net:net423081 net:net423013 net:net423007 net:net411391 net:net274468 net:net273931 net:net459664 net:net63432 net:net274476 net:net273747 net:net274994 net:net273732 net:net274507 net:net274106 net:net367193 net:net460188 net:net85246 net:net85204 net:net347353 net:net320651 net:net85213 net:net1139341 net:net347621 net:net361234 net:net348695
	comment: capacity:37 usage:40 overflow:3
	bbox = (628.5000, 652.5000) - (630.0000, 654.0000) on Layer -
violation type: Horizontal congestion
	srcs: net:net459737 net:net459682 net:net459653 net:net459646 net:net410179 net:net230333 net:net348621 net:net324652 net:net324208 net:net327729 net:net44864 net:net44881 net:net348662 net:net44866 net:net345776 net:net346828 net:net347552
	comment: capacity:22 usage:23 overflow:1
	bbox = (628.5000, 667.5000) - (630.0000, 669.0000) on Layer -
violation type: Horizontal congestion
	srcs: net:net1068825 net:net956495 net:net455871 net:net455799 net:net455796 net:net455789 net:net448881 net:net448331 net:net431469 net:net429509 net:net428536 net:net426723 net:net426709 net:net426691 net:net426418 net:net426344 net:net421692 net:net421104 net:net418660 net:net409354 net:net406394 net:net406390 net:net406331 net:net396583 net:net239225 net:net231518 net:net273979 net:net449432 net:net273637 net:net448787 net:net395431 net:net44861 net:net85228 net:net346152
	comment: capacity:37 usage:38 overflow:1
	bbox = (628.5000, 708.0000) - (630.0000, 709.5000) on Layer -
violation type: Horizontal congestion
	srcs: net:net459335 net:net459190 net:net459161 net:net458825 net:net458817 net:net458794 net:net458769 net:net458715 net:net458707 net:net458687 net:net458603 net:net451774 net:net451722 net:net451646 net:net439531 net:net424523 net:net412402 net:net403417 net:net403363 net:net403161 net:net391214 net:net245588 net:net203184 net:net458816 net:net273697 net:net274998 net:net69799 net:net243151 net:net273991 net:net44887 net:net44895 net:net320651 net:net345481 net:net345471
	comment: capacity:37 usage:38 overflow:1
	bbox = (628.5000, 727.5000) - (630.0000, 729.0000) on Layer -
violation type: Horizontal congestion
	srcs: net:net964064 net:net435126 net:net435072 net:net435009 net:net434591 net:net434580 net:net434564 net:net434553 net:net434505 net:net434478 net:net434456 net:net430190 net:net429940 net:net396844 net:net231252 net:net434613 net:net327347 net:net324651 net:net324910 net:net324909 net:net394218 net:net435156 net:net326691 net:net273675 net:net278423 net:net324217 net:net326836 net:net324231 net:net324233
	comment: capacity:37 usage:39 overflow:2
	bbox = (628.5000, 804.0000) - (630.0000, 805.5000) on Layer -
violation type: Horizontal congestion
	srcs: net:net456414 net:net456278 net:net456237 net:net452548 net:net452469 net:net452239 net:net452114 net:net449245 net:net438043 net:net436160 net:net429251 net:net421056 net:net419937 net:net403464 net:net403119 net:net399803 net:net397048 net:net395786 net:net395780 net:net395647 net:net395286 net:net395162 net:net394219 net:net246029 net:net273883 net:net273886 net:net273812 net:net230981 net:net74456 net:net273967 net:net85216 net:net274001 net:net320651 net:net1138699
	comment: capacity:37 usage:38 overflow:1
	bbox = (630.0000, 697.5000) - (631.5000, 699.0000) on Layer -
violation type: Horizontal congestion
	srcs: net:net1010006 net:net1000935 net:net968701 net:net963344 net:net952332 net:net952304 net:net950076 net:net950070 net:net950066 net:net950053 net:net938461 net:net437510 net:net436099 net:net436079 net:net436056 net:net435493 net:net421321 net:net421320 net:net412574 net:net412373 net:net364303 net:net326839 net:net208253 net:net327250 net:net274992 net:net213633 net:net278334 net:net367464 net:net203724 net:net436058 net:net391023 net:net327729 net:net394562 net:net327730
	comment: capacity:37 usage:38 overflow:1
	bbox = (630.0000, 795.0000) - (631.5000, 796.5000) on Layer -
violation type: Horizontal congestion
	srcs: net:net968288 net:net959126 net:net435701 net:net435679 net:net435153 net:net435147 net:net435122 net:net435099 net:net435095 net:net435068 net:net435044 net:net435039 net:net434976 net:net434609 net:net434525 net:net434496 net:net434435 net:net420910 net:net418539 net:net412439 net:net400644 net:net400642 net:net228966 net:net216363 net:net324651 net:net327116 net:net326691 net:net44891 net:net53813 net:net324496 net:net44889 net:net434529
	comment: capacity:37 usage:38 overflow:1
	bbox = (630.0000, 805.5000) - (631.5000, 807.0000) on Layer -
violation type: Horizontal congestion
	srcs: net:net379665 net:net369699 net:net345435 net:net344873 net:net360694 net:net361905 net:net533419 net:net370248 net:net528661 net:net345950 net:net528753 net:net528767 net:net528656 net:net528660 net:net529035 net:net346021 net:net361488 net:net370526 net:net528646 net:net528647 net:net346550 net:net347845 net:net347009 net:net345970 net:net346122 net:net346379 net:net361431 net:net344944 net:net346191 net:net346119 net:net345981 net:net346514 net:net344946 net:net219344 net:net347163 net:net347155 net:net347197
	comment: capacity:37 usage:38 overflow:1
	bbox = (630.0000, 966.0000) - (631.5000, 967.5000) on Layer -
violation type: Horizontal congestion
	srcs: net:net552724 net:net439201 net:net439187 net:net439128 net:net438658 net:net438576 net:net438550 net:net438493 net:net428565 net:net428503 net:net428471 net:net428421 net:net428369 net:net421688 net:net421276 net:net421088 net:net419262 net:net419245 net:net419241 net:net419223 net:net419191 net:net401423 net:net391486 net:net219747 net:net210704 net:net203632 net:net438428 net:net273886 net:net63587 net:net273613 net:net203634 net:net370264 net:net85210 net:net85243 net:net85228
	comment: capacity:37 usage:38 overflow:1
	bbox = (631.5000, 762.0000) - (633.0000, 763.5000) on Layer -
violation type: Horizontal congestion
	srcs: net:net1001311 net:net968288 net:net959126 net:net435701 net:net435679 net:net435153 net:net435147 net:net435122 net:net435099 net:net435095 net:net435068 net:net435044 net:net435039 net:net434976 net:net434609 net:net434525 net:net434496 net:net434435 net:net420910 net:net418539 net:net412439 net:net400642 net:net246361 net:net12501 net:net324651 net:net274935 net:net273732 net:net327116 net:net326691 net:net53813 net:net273610 net:net434529
	comment: capacity:37 usage:38 overflow:1
	bbox = (631.5000, 805.5000) - (633.0000, 807.0000) on Layer -
violation type: Horizontal congestion
	srcs: net:net459708 net:net459684 net:net459653 net:net459652 net:net445849 net:net230333 net:net348621 net:net274992 net:net327700 net:net324213 net:net274994 net:net324208 net:net348662 net:net327051 net:net44866 net:net345776 net:net346828 net:net347552
	comment: capacity:22 usage:25 overflow:3
	bbox = (633.0000, 667.5000) - (634.5000, 669.0000) on Layer -
violation type: Horizontal congestion
	srcs: net:net456738 net:net448212 net:net445086 net:net444569 net:net444393 net:net444394 net:net441855 net:net441416 net:net441413 net:net441408 net:net441399 net:net434058 net:net433602 net:net432569 net:net429580 net:net420025 net:net416081 net:net410723 net:net403145 net:net395115 net:net391030 net:net273650 net:net274476 net:net429932 net:net61827 net:net274038 net:net273991 net:net273964 net:net394562
	comment: capacity:33 usage:34 overflow:1
	bbox = (633.0000, 684.0000) - (634.5000, 685.5000) on Layer -
violation type: Horizontal congestion
	srcs: net:net1067056 net:net457408 net:net457320 net:net453655 net:net453636 net:net453138 net:net453027 net:net452997 net:net448357 net:net447981 net:net442062 net:net442035 net:net441980 net:net441953 net:net441922 net:net436981 net:net431816 net:net421660 net:net416227 net:net416168 net:net409073 net:net399806 net:net399808 net:net395200 net:net393046 net:net324213 net:net278423 net:net231003 net:net44878 net:net44891 net:net44866 net:net1114290 net:net347108
	comment: capacity:37 usage:38 overflow:1
	bbox = (633.0000, 688.5000) - (634.5000, 690.0000) on Layer -
violation type: Horizontal congestion
	srcs: net:net550935 net:net459091 net:net454003 net:net453858 net:net440633 net:net440449 net:net440448 net:net440438 net:net439639 net:net438637 net:net438529 net:net437035 net:net411788 net:net411618 net:net411521 net:net396384 net:net231357 net:net231251 net:net441101 net:net441017 net:net274994 net:net345439
	comment: capacity:22 usage:23 overflow:1
	bbox = (633.0000, 721.5000) - (634.5000, 723.0000) on Layer -
violation type: Horizontal congestion
	srcs: net:net455447 net:net455361 net:net447959 net:net447931 net:net447476 net:net447417 net:net447312 net:net447282 net:net447283 net:net447270 net:net433576 net:net428361 net:net428308 net:net428041 net:net412326 net:net411149 net:net411115 net:net396635 net:net396527 net:net396504 net:net396475 net:net231005 net:net274468 net:net273979 net:net273697 net:net273812 net:net273525 net:net273675 net:net63611 net:net85234 net:net274465 net:net85237
	comment: capacity:37 usage:39 overflow:2
	bbox = (633.0000, 735.0000) - (634.5000, 736.5000) on Layer -
violation type: Horizontal congestion
	srcs: net:net549615 net:net458872 net:net458338 net:net458317 net:net458311 net:net458259 net:net458238 net:net458231 net:net458212 net:net454009 net:net453997 net:net453982 net:net453970 net:net453921 net:net438611 net:net419227 net:net419182 net:net403447 net:net403430 net:net403413 net:net403396 net:net458240 net:net273784 net:net419140 net:net458211 net:net63432 net:net273697 net:net273525 net:net326871 net:net274094 net:net85228 net:net85204
	comment: capacity:37 usage:38 overflow:1
	bbox = (633.0000, 759.0000) - (634.5000, 760.5000) on Layer -
violation type: Horizontal congestion
	srcs: net:net450705 net:net437981 net:net437976 net:net437960 net:net437959 net:net437946 net:net436950 net:net434104 net:net434085 net:net434079 net:net433933 net:net433005 net:net432942 net:net408416 net:net403980 net:net396977 net:net368492 net:net364382 net:net326947 net:net326484 net:net324654 net:net324463 net:net320607 net:net295116 net:net216974 net:net216364 net:net216365 net:net210691 net:net214059 net:net429456 net:net396647 net:net230835 net:net396976 net:net326690 net:net429461 net:net324231
	comment: capacity:37 usage:38 overflow:1
	bbox = (633.0000, 781.5000) - (634.5000, 783.0000) on Layer -
violation type: Horizontal congestion
	srcs: net:net539826 net:net437970 net:net433417 net:net433416 net:net433028 net:net390919 net:net203224 net:net202847 net:net432866 net:net243131 net:net326689 net:net326835 net:net61802 net:net437954 net:net327115 net:net327249 net:net437985 net:net326396 net:net327045 net:net390826 net:net1099704
	comment: capacity:22 usage:23 overflow:1
	bbox = (633.0000, 784.5000) - (634.5000, 786.0000) on Layer -
violation type: Horizontal congestion
	srcs: net:net964058 net:net959121 net:net937277 net:net435014 net:net429963 net:net429950 net:net412360 net:net409766 net:net400640 net:net396645 net:net324744 net:net278426 net:net278425 net:net267509 net:net229812 net:net229062 net:net228983 net:net224876 net:net192798 net:net324651 net:net273697 net:net324907 net:net450655 net:net287362 net:net327248 net:net281836 net:net217059 net:net273700 net:net324217 net:net409812 net:net326396 net:net327045
	comment: capacity:37 usage:38 overflow:1
	bbox = (633.0000, 799.5000) - (634.5000, 801.0000) on Layer -
violation type: Horizontal congestion
	srcs: net:net964064 net:net435679 net:net435153 net:net435126 net:net435072 net:net435009 net:net434591 net:net434580 net:net434564 net:net434553 net:net434505 net:net434478 net:net434456 net:net418599 net:net396844 net:net278388 net:net231252 net:net228967 net:net434613 net:net324910 net:net324909 net:net327700 net:net394218 net:net435156 net:net273675 net:net278423 net:net326836 net:net324231 net:net324233 net:net274165
	comment: capacity:37 usage:39 overflow:2
	bbox = (633.0000, 804.0000) - (634.5000, 805.5000) on Layer -
violation type: Horizontal congestion
	srcs: net:net451204 net:net446546 net:net445936 net:net445906 net:net445845 net:net443953 net:net439588 net:net439561 net:net428330 net:net426350 net:net410671 net:net410494 net:net410151 net:net403165 net:net324377 net:net445918 net:net424780 net:net446006 net:net445011 net:net327729 net:net44872 net:net44869 net:net44896 net:net53813 net:net44889 net:net92042 net:net1120627 net:net345571
	comment: capacity:33 usage:34 overflow:1
	bbox = (634.5000, 666.0000) - (636.0000, 667.5000) on Layer -
violation type: Horizontal congestion
	srcs: net:net459708 net:net459684 net:net445849 net:net445848 net:net230333 net:net348621 net:net274992 net:net327700 net:net324213 net:net274994 net:net324208 net:net278423 net:net348662 net:net327051 net:net44866 net:net345776 net:net346828 net:net347552
	comment: capacity:22 usage:26 overflow:4
	bbox = (634.5000, 667.5000) - (636.0000, 669.0000) on Layer -
violation type: Horizontal congestion
	srcs: net:net1067056 net:net457408 net:net457320 net:net453656 net:net453636 net:net453138 net:net447981 net:net442062 net:net442035 net:net441980 net:net441953 net:net441922 net:net436981 net:net431816 net:net421660 net:net416168 net:net409073 net:net399806 net:net399808 net:net395200 net:net278423 net:net231003 net:net278440 net:net326836 net:net44878 net:net44891 net:net324199 net:net394562 net:net44866 net:net1114290 net:net347108
	comment: capacity:37 usage:38 overflow:1
	bbox = (634.5000, 688.5000) - (636.0000, 690.0000) on Layer -
violation type: Horizontal congestion
	srcs: net:net457648 net:net439479 net:net439478 net:net393677 net:net390610 net:net390605 net:net327347 net:net273697 net:net324910 net:net274071 net:net394626 net:net273771 net:net326396 net:net324233 net:net324234 net:net327045 net:net345542
	comment: capacity:22 usage:24 overflow:2
	bbox = (634.5000, 748.5000) - (636.0000, 750.0000) on Layer -
violation type: Horizontal congestion
	srcs: net:net971566 net:net539812 net:net457786 net:net454517 net:net454331 net:net440050 net:net440018 net:net439470 net:net433869 net:net411038 net:net405025 net:net403507 net:net403490 net:net403400 net:net403342 net:net401108 net:net391143 net:net390608 net:net390395 net:net360923 net:net390693 net:net458384 net:net65232 net:net230833 net:net230949 net:net85222 net:net85225 net:net85249 net:net44872 net:net44878 net:net324199 net:net69785 net:net324234 net:net390816
	comment: capacity:37 usage:38 overflow:1
	bbox = (634.5000, 753.0000) - (636.0000, 754.5000) on Layer -
violation type: Horizontal congestion
	srcs: net:net552724 net:net439187 net:net439128 net:net438561 net:net438562 net:net428565 net:net428503 net:net428471 net:net428421 net:net428369 net:net421688 net:net421276 net:net421088 net:net419262 net:net419245 net:net419241 net:net419223 net:net419191 net:net401423 net:net391486 net:net391221 net:net367123 net:net219747 net:net210704 net:net203632 net:net438428 net:net273886 net:net63587 net:net324213 net:net324226 net:net273613 net:net203634 net:net370264 net:net85210 net:net85234 net:net85228
	comment: capacity:37 usage:39 overflow:2
	bbox = (634.5000, 762.0000) - (636.0000, 763.5000) on Layer -
violation type: Horizontal congestion
	srcs: net:net89884 net:net539833 net:net450851 net:net450294 net:net450275 net:net450219 net:net438128 net:net438018 net:net437977 net:net436969 net:net436956 net:net434953 net:net403985 net:net397596 net:net397189 net:net397124 net:net324377 net:net244496 net:net216374 net:net203191 net:net320718 net:net63432 net:net390925 net:net273702 net:net69220 net:net273771 net:net326396 net:net85219 net:net85243 net:net44891 net:net345075 net:net346049 net:net324234
	comment: capacity:37 usage:39 overflow:2
	bbox = (634.5000, 777.0000) - (636.0000, 778.5000) on Layer -
violation type: Horizontal congestion
	srcs: net:net964058 net:net959121 net:net435014 net:net430030 net:net429963 net:net429950 net:net412420 net:net412373 net:net412360 net:net409766 net:net396645 net:net324744 net:net278425 net:net267509 net:net229812 net:net229062 net:net228983 net:net224876 net:net192798 net:net324651 net:net273697 net:net450655 net:net287362 net:net327248 net:net281836 net:net217059 net:net273700 net:net324217 net:net409812 net:net326396 net:net85219 net:net327045 net:net85237
	comment: capacity:37 usage:40 overflow:3
	bbox = (634.5000, 799.5000) - (636.0000, 801.0000) on Layer -
violation type: Horizontal congestion
	srcs: net:net964064 net:net959126 net:net435679 net:net435153 net:net435126 net:net435072 net:net435009 net:net434591 net:net434580 net:net434564 net:net434553 net:net434505 net:net434496 net:net434478 net:net434456 net:net430044 net:net418599 net:net396844 net:net278388 net:net228967 net:net434613 net:net324910 net:net324909 net:net327700 net:net327348 net:net394218 net:net435156 net:net273675 net:net278423 net:net327729 net:net324233 net:net274165
	comment: capacity:37 usage:41 overflow:4
	bbox = (634.5000, 804.0000) - (636.0000, 805.5000) on Layer -
violation type: Horizontal congestion
	srcs: net:net1001317 net:net1001312 net:net968293 net:net435701 net:net435147 net:net435122 net:net435099 net:net435095 net:net435068 net:net435044 net:net435039 net:net434976 net:net434609 net:net434525 net:net434435 net:net418539 net:net412439 net:net400643 net:net400642 net:net324225 net:net408344 net:net324907 net:net274935 net:net273560 net:net273732 net:net327116 net:net326691 net:net273525 net:net415142 net:net326836 net:net324231 net:net273610 net:net434529
	comment: capacity:37 usage:38 overflow:1
	bbox = (634.5000, 805.5000) - (636.0000, 807.0000) on Layer -
violation type: Horizontal congestion
	srcs: net:net966631 net:net421362 net:net412588 net:net400807 net:net400707 net:net326538 net:net320182 net:net248011 net:net244868 net:net326882 net:net360662 net:net273737 net:net324910 net:net365886 net:net412613 net:net367520 net:net969093 net:net324443 net:net44861 net:net44875 net:net44896 net:net283009 net:net345394 net:net346305 net:net326800 net:net345970 net:net324788 net:net320299 net:net346261 net:net211583 net:net346251 net:net345085 net:net44866
	comment: capacity:37 usage:38 overflow:1
	bbox = (634.5000, 834.0000) - (636.0000, 835.5000) on Layer -
violation type: Horizontal congestion
	srcs: net:net1063360 net:net445849 net:net445848 net:net390599 net:net324654 net:net230333 net:net348621 net:net274992 net:net327700 net:net324213 net:net394218 net:net324208 net:net278423 net:net326836 net:net348662 net:net345776 net:net346828 net:net347552
	comment: capacity:22 usage:24 overflow:2
	bbox = (636.0000, 667.5000) - (637.5000, 669.0000) on Layer -
violation type: Horizontal congestion
	srcs: net:net445565 net:net444975 net:net444954 net:net444948 net:net444921 net:net443408 net:net439502 net:net421076 net:net421072 net:net420070 net:net410858 net:net410811 net:net410797 net:net410774 net:net410776 net:net410288 net:net410226 net:net403468 net:net393344 net:net273735 net:net274994 net:net273525 net:net273771 net:net391023 net:net239132 net:net53813 net:net348541 net:net346435 net:net345166 net:net1136165 net:net346837 net:net347125 net:net347123
	comment: capacity:37 usage:38 overflow:1
	bbox = (636.0000, 672.0000) - (637.5000, 673.5000) on Layer -
violation type: Horizontal congestion
	srcs: net:net457430 net:net457385 net:net457299 net:net456742 net:net456735 net:net456725 net:net456715 net:net456716 net:net456710 net:net451677 net:net444547 net:net444466 net:net421720 net:net411387 net:net410820 net:net395196 net:net394564 net:net361141 net:net273697 net:net360661 net:net63615 net:net85470 net:net394218 net:net273759 net:net228538 net:net358071 net:net327729 net:net230961 net:net85225 net:net85240 net:net85249 net:net274094 net:net85204
	comment: capacity:37 usage:39 overflow:2
	bbox = (636.0000, 679.5000) - (637.5000, 681.0000) on Layer -
violation type: Horizontal congestion
	srcs: net:net1074762 net:net954912 net:net954902 net:net519474 net:net518619 net:net453120 net:net453091 net:net453010 net:net442068 net:net442015 net:net441434 net:net441428 net:net441424 net:net421137 net:net416208 net:net416188 net:net411340 net:net399480 net:net399377 net:net390812 net:net320718 net:net324651 net:net327700 net:net324652 net:net203227 net:net273610 net:net327051 net:net1121483 net:net1089533 net:net345579 net:net457909 net:net347139
	comment: capacity:37 usage:38 overflow:1
	bbox = (636.0000, 687.0000) - (637.5000, 688.5000) on Layer -
violation type: Horizontal congestion
	srcs: net:net957897 net:net952962 net:net455418 net:net444100 net:net444033 net:net443512 net:net443443 net:net443430 net:net440083 net:net440023 net:net425633 net:net425616 net:net424538 net:net424527 net:net421676 net:net411187 net:net411104 net:net411074 net:net411056 net:net411018 net:net409471 net:net409434 net:net394987 net:net393997 net:net393228 net:net324910 net:net327049 net:net455420 net:net327248 net:net327116 net:net326690 net:net392433 net:net65225 net:net278440 net:net85204 net:net324234
	comment: capacity:37 usage:42 overflow:5
	bbox = (636.0000, 744.0000) - (637.5000, 745.5000) on Layer -
violation type: Horizontal congestion
	srcs: net:net1002437 net:net655222 net:net539818 net:net455071 net:net455068 net:net454539 net:net454509 net:net454481 net:net454461 net:net454429 net:net454407 net:net454399 net:net453957 net:net453954 net:net453938 net:net453935 net:net453936 net:net453863 net:net453862 net:net442451 net:net419109 net:net403338 net:net390577 net:net283017 net:net246383 net:net367725 net:net274476 net:net324652 net:net63490 net:net273585 net:net85240 net:net320651
	comment: capacity:33 usage:34 overflow:1
	bbox = (636.0000, 756.0000) - (637.5000, 757.5000) on Layer -
violation type: Horizontal congestion
	srcs: net:net655202 net:net518601 net:net458365 net:net458285 net:net458265 net:net458198 net:net458132 net:net453944 net:net439102 net:net438642 net:net438616 net:net438615 net:net438529 net:net438516 net:net438511 net:net438510 net:net438507 net:net438508 net:net438427 net:net438425 net:net430164 net:net428552 net:net428455 net:net405237 net:net403434 net:net403383 net:net403359 net:net370835 net:net320718 net:net273687 net:net69217 net:net273747 net:net439055 net:net395441 net:net79658 net:net345508
	comment: capacity:37 usage:38 overflow:1
	bbox = (636.0000, 760.5000) - (637.5000, 762.0000) on Layer -
violation type: Horizontal congestion
	srcs: net:net450870 net:net450230 net:net450213 net:net436952 net:net397221 net:net397071 net:net397043 net:net394605 net:net320718 net:net324910 net:net324909 net:net394218 net:net326691 net:net85249 net:net324233 net:net85228 net:net85237
	comment: capacity:22 usage:25 overflow:3
	bbox = (636.0000, 775.5000) - (637.5000, 777.0000) on Layer -
violation type: Horizontal congestion
	srcs: net:net89884 net:net539833 net:net450851 net:net450282 net:net450275 net:net450219 net:net438128 net:net438018 net:net437977 net:net436969 net:net436956 net:net434953 net:net403985 net:net397596 net:net397189 net:net397124 net:net324377 net:net244496 net:net216374 net:net203191 net:net390925 net:net394567 net:net327116 net:net273702 net:net69220 net:net273771 net:net326396 net:net85219 net:net85243 net:net44891 net:net85204 net:net324234
	comment: capacity:37 usage:38 overflow:1
	bbox = (636.0000, 777.0000) - (637.5000, 778.5000) on Layer -
violation type: Horizontal congestion
	srcs: net:net971577 net:net434468 net:net434358 net:net430078 net:net412445 net:net400640 net:net396931 net:net396890 net:net396813 net:net396786 net:net396753 net:net396722 net:net327055 net:net326562 net:net246365 net:net273664 net:net327347 net:net273650 net:net450656 net:net273735 net:net326689 net:net273637 net:net327248 net:net429870 net:net409684 net:net216803 net:net85228 net:net1095096
	comment: capacity:33 usage:35 overflow:2
	bbox = (636.0000, 801.0000) - (637.5000, 802.5000) on Layer -
violation type: Horizontal congestion
	srcs: net:net964064 net:net959126 net:net435679 net:net435153 net:net435126 net:net435072 net:net435009 net:net434591 net:net434580 net:net434564 net:net434553 net:net434505 net:net434496 net:net434478 net:net430044 net:net396844 net:net278420 net:net278388 net:net228967 net:net434613 net:net327250 net:net324910 net:net327348 net:net326792 net:net435156 net:net273675 net:net278423 net:net278421 net:net391023 net:net327729 net:net324233 net:net274165
	comment: capacity:37 usage:39 overflow:2
	bbox = (636.0000, 804.0000) - (637.5000, 805.5000) on Layer -
violation type: Horizontal congestion
	srcs: net:net971572 net:net437453 net:net437446 net:net437436 net:net430249 net:net430111 net:net418454 net:net409724 net:net406160 net:net327707 net:net327585 net:net327391 net:net326446 net:net271807 net:net267959 net:net228994 net:net273842 net:net327056 net:net324333 net:net273874 net:net239070 net:net326835 net:net437445 net:net327248 net:net327115 net:net326691 net:net274152 net:net327134 net:net326396 net:net1255188 net:net324231 net:net273854 net:net273954 net:net69777
	comment: capacity:37 usage:39 overflow:2
	bbox = (636.0000, 813.0000) - (637.5000, 814.5000) on Layer -
violation type: Horizontal congestion
	srcs: net:net1054271 net:net910460 net:net518609 net:net461279 net:net459772 net:net459690 net:net428243 net:net421060 net:net410522 net:net410456 net:net410392 net:net406279 net:net397321 net:net396561 net:net396272 net:net327123 net:net320718 net:net366339 net:net361099 net:net326691 net:net346158 net:net347087 net:net44864 net:net348636 net:net346074 net:net346369 net:net346437 net:net346379 net:net1106809 net:net1100491 net:net1088818 net:net346905 net:net345786 net:net357740 net:net345832
	comment: capacity:37 usage:38 overflow:1
	bbox = (637.5000, 654.0000) - (639.0000, 655.5000) on Layer -
violation type: Horizontal congestion
	srcs: net:net456839 net:net454957 net:net445031 net:net445002 net:net444893 net:net441959 net:net434458 net:net428311 net:net426290 net:net423250 net:net410712 net:net410652 net:net410153 net:net410152 net:net393110 net:net324651 net:net399837 net:net429459 net:net327116 net:net326691 net:net326690 net:net278440 net:net357799 net:net326396 net:net69760 net:net85207 net:net1139941 net:net44895 net:net1140524 net:net459802 net:net459726
	comment: capacity:37 usage:39 overflow:2
	bbox = (637.5000, 670.5000) - (639.0000, 672.0000) on Layer -
violation type: Horizontal congestion
	srcs: net:net1067056 net:net954912 net:net954902 net:net519474 net:net518619 net:net453120 net:net453091 net:net453010 net:net442068 net:net442015 net:net441428 net:net441424 net:net421137 net:net416208 net:net416188 net:net416168 net:net411340 net:net399480 net:net399377 net:net390812 net:net320718 net:net324651 net:net327700 net:net324652 net:net216372 net:net203227 net:net327051 net:net1121483 net:net1114290 net:net345579 net:net457909 net:net347139
	comment: capacity:37 usage:38 overflow:1
	bbox = (637.5000, 687.0000) - (639.0000, 688.5000) on Layer -
violation type: Horizontal congestion
	srcs: net:net455908 net:net452284 net:net452189 net:net449431 net:net448786 net:net435617 net:net435586 net:net433970 net:net426741 net:net426705 net:net426401 net:net426383 net:net421692 net:net421644 net:net401090 net:net395926 net:net395808 net:net395796 net:net395685 net:net395572 net:net395534 net:net452281 net:net394218 net:net393124 net:net395431 net:net44896 net:net324231 net:net324233 net:net320651 net:net1122696 net:net1121858 net:net402768 net:net347586 net:net347190
	comment: capacity:37 usage:38 overflow:1
	bbox = (637.5000, 706.5000) - (639.0000, 708.0000) on Layer -
violation type: Horizontal congestion
	srcs: net:net456443 net:net455815 net:net448888 net:net436981 net:net432486 net:net429974 net:net426365 net:net406550 net:net406509 net:net406275 net:net406128 net:net397133 net:net395720 net:net395610 net:net324270 net:net324222 net:net55898 net:net327248 net:net327116 net:net326691 net:net395441 net:net326690 net:net326396 net:net346125 net:net370635 net:net44875 net:net346144 net:net346146 net:net345249 net:net347456 net:net324234 net:net327045
	comment: capacity:37 usage:40 overflow:3
	bbox = (637.5000, 709.5000) - (639.0000, 711.0000) on Layer -
violation type: Horizontal congestion
	srcs: net:net459202 net:net448443 net:net441605 net:net441063 net:net441044 net:net440983 net:net440961 net:net440953 net:net440466 net:net431828 net:net431453 net:net426882 net:net425650 net:net424954 net:net424939 net:net422203 net:net422187 net:net420044 net:net409440 net:net402575 net:net397076 net:net394333 net:net324655 net:net69820 net:net391344 net:net63432 net:net324909 net:net411551 net:net448365 net:net393749 net:net326836 net:net324231 net:net345241 net:net347446 net:net1130773
	comment: capacity:37 usage:38 overflow:1
	bbox = (637.5000, 717.0000) - (639.0000, 718.5000) on Layer -
violation type: Horizontal congestion
	srcs: net:net539820 net:net456013 net:net455521 net:net455442 net:net455383 net:net447306 net:net443539 net:net437125 net:net431473 net:net428181 net:net428166 net:net428146 net:net428142 net:net428120 net:net411200 net:net397316 net:net394099 net:net326689 net:net429459 net:net327700 net:net326835 net:net394356 net:net327115 net:net397314 net:net326691 net:net393807 net:net394713 net:net324235 net:net443931 net:net326396 net:net85210 net:net44887 net:net345311 net:net324234
	comment: capacity:37 usage:38 overflow:1
	bbox = (637.5000, 742.5000) - (639.0000, 744.0000) on Layer -
violation type: Horizontal congestion
	srcs: net:net957897 net:net952962 net:net455418 net:net444100 net:net444033 net:net443512 net:net443443 net:net443430 net:net440083 net:net440023 net:net425633 net:net425616 net:net424538 net:net424527 net:net421676 net:net411187 net:net411104 net:net411074 net:net411056 net:net411018 net:net394987 net:net394908 net:net393997 net:net393228 net:net324910 net:net455420 net:net327248 net:net327116 net:net326690 net:net392433 net:net65225 net:net278440 net:net393519
	comment: capacity:37 usage:38 overflow:1
	bbox = (637.5000, 744.0000) - (639.0000, 745.5000) on Layer -
violation type: Horizontal congestion
	srcs: net:net655202 net:net518601 net:net458365 net:net458285 net:net458265 net:net458198 net:net458132 net:net439102 net:net438642 net:net438634 net:net438616 net:net438516 net:net438511 net:net438509 net:net438510 net:net438507 net:net438508 net:net438427 net:net438426 net:net430164 net:net428552 net:net428455 net:net405237 net:net403434 net:net370835 net:net320718 net:net273687 net:net69217 net:net273747 net:net274994 net:net439055 net:net395441 net:net79658 net:net345403 net:net345508
	comment: capacity:37 usage:38 overflow:1
	bbox = (637.5000, 760.5000) - (639.0000, 762.0000) on Layer -
violation type: Horizontal congestion
	srcs: net:net450858 net:net450230 net:net436952 net:net397043 net:net397010 net:net394945 net:net320718 net:net324910 net:net324909 net:net394218 net:net326691 net:net85249 net:net324233 net:net85228 net:net85237
	comment: capacity:22 usage:23 overflow:1
	bbox = (637.5000, 775.5000) - (639.0000, 777.0000) on Layer -
violation type: Horizontal congestion
	srcs: net:net453636 net:net453033 net:net442062 net:net442035 net:net441980 net:net441953 net:net441922 net:net429502 net:net415801 net:net399835 net:net324654 net:net327347 net:net320718 net:net324910 net:net324909 net:net327248 net:net326691 net:net231003 net:net278440 net:net326836 net:net44891 net:net394562 net:net324234 net:net327045 net:net44866 net:net457394 net:net457302
	comment: capacity:37 usage:38 overflow:1
	bbox = (639.0000, 688.5000) - (640.5000, 690.0000) on Layer -
violation type: Horizontal congestion
	srcs: net:net453602 net:net453576 net:net453529 net:net453523 net:net453496 net:net453467 net:net453163 net:net453144 net:net453085 net:net453062 net:net449364 net:net449309 net:net449246 net:net449242 net:net449179 net:net442616 net:net442595 net:net442009 net:net441437 net:net437481 net:net433331 net:net395238 net:net395158 net:net393046 net:net327663 net:net243146 net:net367252 net:net397314 net:net44875 net:net44894 net:net346117 net:net1122457 net:net1108360 net:net1095841 net:net399273 net:net399695
	comment: capacity:37 usage:38 overflow:1
	bbox = (639.0000, 691.5000) - (640.5000, 693.0000) on Layer -
violation type: Horizontal congestion
	srcs: net:net395891 net:net395890 net:net395849 net:net395807 net:net395796 net:net327347 net:net63432 net:net324909 net:net324208 net:net278423 net:net1256722 net:net44878 net:net44895 net:net53813 net:net1089378
	comment: capacity:22 usage:23 overflow:1
	bbox = (639.0000, 703.5000) - (640.5000, 705.0000) on Layer -
violation type: Horizontal congestion
	srcs: net:net456443 net:net455815 net:net448888 net:net436981 net:net432486 net:net429974 net:net426365 net:net406550 net:net406509 net:net406128 net:net397133 net:net395720 net:net395610 net:net394062 net:net324222 net:net55898 net:net327116 net:net326691 net:net395441 net:net326690 net:net326396 net:net346125 net:net370635 net:net44875 net:net346144 net:net346146 net:net345249 net:net347456 net:net346189 net:net324234 net:net327045 net:net402518
	comment: capacity:37 usage:39 overflow:2
	bbox = (639.0000, 709.5000) - (640.5000, 711.0000) on Layer -
violation type: Horizontal congestion
	srcs: net:net459826 net:net459256 net:net459203 net:net440627 net:net440545 net:net440467 net:net440398 net:net440392 net:net432515 net:net411696 net:net411642 net:net411623 net:net410154 net:net406247 net:net405264 net:net402935 net:net396268 net:net396170 net:net395056 net:net394758 net:net394424 net:net394338 net:net393547 net:net393156 net:net392633 net:net324270 net:net208604 net:net320718 net:net459289 net:net63454 net:net411573 net:net326396 net:net324233 net:net347449 net:net402888 net:net402585
	comment: capacity:37 usage:39 overflow:2
	bbox = (639.0000, 723.0000) - (640.5000, 724.5000) on Layer -
violation type: Horizontal congestion
	srcs: net:net971560 net:net456013 net:net455496 net:net455411 net:net447368 net:net447337 net:net447303 net:net447302 net:net443702 net:net443692 net:net434455 net:net431485 net:net428162 net:net428099 net:net327347 net:net327250 net:net324909 net:net327049 net:net216372 net:net326878 net:net393807 net:net92069 net:net429958 net:net394268 net:net327729 net:net324231 net:net324233 net:net346245 net:net346251 net:net327045 net:net44889
	comment: capacity:37 usage:39 overflow:2
	bbox = (639.0000, 741.0000) - (640.5000, 742.5000) on Layer -
violation type: Horizontal congestion
	srcs: net:net539820 net:net455521 net:net455442 net:net455383 net:net447395 net:net447306 net:net443524 net:net443521 net:net443496 net:net443494 net:net443493 net:net443495 net:net437125 net:net431473 net:net428181 net:net428166 net:net428146 net:net428142 net:net428120 net:net411200 net:net397316 net:net394099 net:net326689 net:net327700 net:net326835 net:net394356 net:net327115 net:net397314 net:net326691 net:net394713 net:net443931 net:net326396 net:net44887 net:net345311 net:net324234
	comment: capacity:37 usage:39 overflow:2
	bbox = (639.0000, 742.5000) - (640.5000, 744.0000) on Layer -
violation type: Horizontal congestion
	srcs: net:net957897 net:net952962 net:net455418 net:net444100 net:net444033 net:net443523 net:net443512 net:net443442 net:net443430 net:net443332 net:net440083 net:net425633 net:net425616 net:net424538 net:net424527 net:net421676 net:net411187 net:net411104 net:net411074 net:net411056 net:net411018 net:net394987 net:net394908 net:net393997 net:net393228 net:net324910 net:net455420 net:net327248 net:net327116 net:net326690 net:net392433 net:net65225 net:net278440 net:net393519 net:net443331
	comment: capacity:37 usage:40 overflow:3
	bbox = (639.0000, 744.0000) - (640.5000, 745.5000) on Layer -
violation type: Horizontal congestion
	srcs: net:net457732 net:net457721 net:net440178 net:net440044 net:net440018 net:net439477 net:net439473 net:net439474 net:net436570 net:net432456 net:net411038 net:net439998 net:net273979 net:net273574 net:net273560 net:net327700 net:net216372 net:net273812 net:net273732 net:net274152 net:net274106 net:net274038 net:net85219 net:net85243 net:net273909 net:net85228 net:net85204
	comment: capacity:37 usage:38 overflow:1
	bbox = (639.0000, 750.0000) - (640.5000, 751.5000) on Layer -
violation type: Horizontal congestion
	srcs: net:net450858 net:net450230 net:net437145 net:net437028 net:net436952 net:net397010 net:net394945 net:net394780 net:net244496 net:net273931 net:net324910 net:net324909 net:net326691 net:net85249 net:net324233 net:net85228 net:net324234
	comment: capacity:22 usage:23 overflow:1
	bbox = (639.0000, 775.5000) - (640.5000, 777.0000) on Layer -
violation type: Horizontal congestion
	srcs: net:net971572 net:net450842 net:net450758 net:net450658 net:net437453 net:net437434 net:net430249 net:net430111 net:net418454 net:net409835 net:net409724 net:net327707 net:net327585 net:net327391 net:net326446 net:net271807 net:net267959 net:net230303 net:net228994 net:net273842 net:net203707 net:net327056 net:net324333 net:net273874 net:net273888 net:net217516 net:net326691 net:net274152 net:net274106 net:net327134 net:net326396 net:net85210 net:net1255188 net:net346517 net:net273854 net:net273954 net:net69777
	comment: capacity:37 usage:41 overflow:4
	bbox = (639.0000, 813.0000) - (640.5000, 814.5000) on Layer -
violation type: Horizontal congestion
	srcs: net:net395919 net:net395807 net:net395797 net:net327347 net:net63432 net:net324909 net:net324208 net:net278423 net:net44864 net:net44894 net:net44895 net:net53813 net:net44866 net:net1089378 net:net347583
	comment: capacity:22 usage:25 overflow:3
	bbox = (640.5000, 703.5000) - (642.0000, 705.0000) on Layer -
violation type: Horizontal congestion
	srcs: net:net455908 net:net452284 net:net452189 net:net449431 net:net448786 net:net435617 net:net435586 net:net433970 net:net428124 net:net426401 net:net426346 net:net426345 net:net421692 net:net421644 net:net401090 net:net395926 net:net395808 net:net395685 net:net395572 net:net395534 net:net394379 net:net452281 net:net394218 net:net393124 net:net44887 net:net324231 net:net324233 net:net324234 net:net1122696 net:net1121858 net:net402768 net:net402518 net:net347586 net:net347190
	comment: capacity:37 usage:38 overflow:1
	bbox = (640.5000, 706.5000) - (642.0000, 708.0000) on Layer -
violation type: Horizontal congestion
	srcs: net:net1068825 net:net956495 net:net937272 net:net455980 net:net455895 net:net455828 net:net455788 net:net455787 net:net448881 net:net431469 net:net429509 net:net428536 net:net426709 net:net426691 net:net421104 net:net409354 net:net406394 net:net396583 net:net395438 net:net394722 net:net392350 net:net324654 net:net239225 net:net231518 net:net320718 net:net449432 net:net393049 net:net324222 net:net327248 net:net448787 net:net326836 net:net345213 net:net1256722 net:net346152 net:net399522
	comment: capacity:37 usage:38 overflow:1
	bbox = (640.5000, 708.0000) - (642.0000, 709.5000) on Layer -
violation type: Horizontal congestion
	srcs: net:net459341 net:net459315 net:net425488 net:net411713 net:net405264 net:net397194 net:net397016 net:net396346 net:net396172 net:net394936 net:net394633 net:net394049 net:net393838 net:net392530 net:net239129 net:net231519 net:net327347 net:net278438 net:net324649 net:net324909 net:net327248 net:net278440 net:net324231 net:net324233 net:net346212 net:net347442 net:net402939 net:net402716 net:net414157 net:net394115 net:net393364 net:net394970
	comment: capacity:37 usage:38 overflow:1
	bbox = (640.5000, 724.5000) - (642.0000, 726.0000) on Layer -
violation type: Horizontal congestion
	srcs: net:net971560 net:net456013 net:net455496 net:net455411 net:net447483 net:net447377 net:net447347 net:net447338 net:net443702 net:net443692 net:net443408 net:net437563 net:net437151 net:net432515 net:net431485 net:net428162 net:net428099 net:net327347 net:net327250 net:net326878 net:net393807 net:net92069 net:net429958 net:net394268 net:net278440 net:net327729 net:net324231 net:net324233 net:net346245 net:net327045 net:net44889
	comment: capacity:37 usage:38 overflow:1
	bbox = (640.5000, 741.0000) - (642.0000, 742.5000) on Layer -
violation type: Horizontal congestion
	srcs: net:net957897 net:net952962 net:net455418 net:net444084 net:net444033 net:net443523 net:net443442 net:net443429 net:net443332 net:net440083 net:net425633 net:net425616 net:net424538 net:net424527 net:net421676 net:net411187 net:net411104 net:net411074 net:net411056 net:net411018 net:net394987 net:net394908 net:net393997 net:net393228 net:net391221 net:net326297 net:net324910 net:net455420 net:net327248 net:net327116 net:net326690 net:net392433 net:net65225 net:net393519 net:net443331 net:net44884 net:net346251
	comment: capacity:37 usage:41 overflow:4
	bbox = (640.5000, 744.0000) - (642.0000, 745.5000) on Layer -
violation type: Horizontal congestion
	srcs: net:net439096 net:net439071 net:net439016 net:net439015 net:net391177 net:net390637 net:net390610 net:net324654 net:net274470 net:net320718 net:net274130 net:net439160 net:net327116 net:net326396 net:net327729 net:net390455 net:net345083 net:net402510
	comment: capacity:22 usage:23 overflow:1
	bbox = (640.5000, 766.5000) - (642.0000, 768.0000) on Layer -
violation type: Horizontal congestion
	srcs: net:net450858 net:net450851 net:net450230 net:net438204 net:net436940 net:net394945 net:net394780 net:net244496 net:net273931 net:net324909 net:net273574 net:net326691 net:net274021 net:net85249 net:net324233 net:net274094 net:net85228 net:net85213
	comment: capacity:22 usage:26 overflow:4
	bbox = (640.5000, 775.5000) - (642.0000, 777.0000) on Layer -
violation type: Horizontal congestion
	srcs: net:net436590 net:net436453 net:net436444 net:net436445 net:net400774 net:net390711 net:net327170 net:net326417 net:net324717 net:net269076 net:net248015 net:net273826 net:net358391 net:net274208 net:net324909 net:net273576 net:net274143 net:net326687 net:net324652 net:net273626 net:net324434 net:net1236811 net:net344863 net:net346072 net:net346659 net:net345346 net:net346316 net:net346284 net:net320166 net:net347804 net:net345981 net:net345510 net:net345533 net:net347187 net:net347181
	comment: capacity:37 usage:38 overflow:1
	bbox = (640.5000, 832.5000) - (642.0000, 834.0000) on Layer -
violation type: Horizontal congestion
	srcs: net:net935035 net:net461363 net:net460789 net:net460260 net:net460155 net:net459797 net:net445435 net:net423233 net:net423073 net:net410204 net:net403486 net:net399349 net:net324654 net:net327347 net:net459773 net:net346338 net:net345162 net:net346374 net:net324234 net:net1129620 net:net459672 net:net347633
	comment: capacity:22 usage:23 overflow:1
	bbox = (642.0000, 658.5000) - (643.5000, 660.0000) on Layer -
violation type: Horizontal congestion
	srcs: net:net1063360 net:net445928 net:net423217 net:net423137 net:net423136 net:net395007 net:net393690 net:net230333 net:net327347 net:net320718 net:net348621 net:net278440 net:net324231 net:net324233 net:net348662 net:net1120627 net:net345776 net:net347552
	comment: capacity:22 usage:23 overflow:1
	bbox = (642.0000, 667.5000) - (643.5000, 669.0000) on Layer -
violation type: Horizontal congestion
	srcs: net:net453636 net:net453033 net:net442062 net:net442035 net:net441980 net:net441953 net:net441922 net:net416129 net:net394289 net:net393702 net:net392870 net:net324654 net:net327347 net:net320718 net:net324651 net:net324910 net:net324222 net:net216372 net:net327248 net:net231003 net:net278440 net:net326836 net:net44891 net:net324234 net:net327045 net:net457394 net:net457302 net:net402726
	comment: capacity:37 usage:38 overflow:1
	bbox = (642.0000, 688.5000) - (643.5000, 690.0000) on Layer -
violation type: Horizontal congestion
	srcs: net:net452537 net:net438043 net:net437396 net:net434105 net:net396039 net:net395920 net:net395807 net:net395805 net:net63432 net:net324909 net:net324208 net:net278423 net:net391023 net:net44894 net:net44895 net:net1089378 net:net347583
	comment: capacity:22 usage:24 overflow:2
	bbox = (642.0000, 703.5000) - (643.5000, 705.0000) on Layer -
violation type: Horizontal congestion
	srcs: net:net455908 net:net452284 net:net452189 net:net449431 net:net448786 net:net435617 net:net435586 net:net433970 net:net428124 net:net421692 net:net421644 net:net401090 net:net395926 net:net395437 net:net394379 net:net452281 net:net324910 net:net393768 net:net394218 net:net274994 net:net393124 net:net278440 net:net324231 net:net324233 net:net324234 net:net1122696 net:net1121858 net:net402768 net:net402518 net:net393733 net:net395039 net:net347190
	comment: capacity:37 usage:38 overflow:1
	bbox = (642.0000, 706.5000) - (643.5000, 708.0000) on Layer -
violation type: Horizontal congestion
	srcs: net:net459341 net:net459315 net:net442479 net:net425488 net:net411713 net:net405264 net:net397194 net:net397016 net:net396171 net:net394936 net:net394633 net:net394049 net:net393838 net:net392530 net:net239129 net:net231519 net:net327347 net:net278438 net:net324649 net:net324909 net:net327248 net:net278440 net:net324233 net:net346212 net:net347442 net:net345981 net:net402939 net:net402716 net:net414157 net:net394115 net:net393654 net:net393364 net:net394970 net:net394250
	comment: capacity:37 usage:39 overflow:2
	bbox = (642.0000, 724.5000) - (643.5000, 726.0000) on Layer -
violation type: Horizontal congestion
	srcs: net:net971560 net:net456013 net:net455496 net:net455411 net:net447470 net:net447377 net:net447347 net:net447330 net:net443702 net:net443692 net:net437563 net:net432515 net:net431485 net:net429864 net:net429502 net:net428162 net:net428099 net:net428043 net:net411213 net:net327347 net:net327250 net:net326689 net:net393807 net:net92069 net:net429958 net:net394268 net:net278440 net:net327729 net:net324231 net:net324233 net:net346245 net:net346247 net:net327045 net:net44889
	comment: capacity:37 usage:41 overflow:4
	bbox = (642.0000, 741.0000) - (643.5000, 742.5000) on Layer -
violation type: Horizontal congestion
	srcs: net:net957897 net:net952962 net:net455418 net:net444033 net:net443543 net:net443523 net:net443516 net:net443442 net:net443394 net:net443330 net:net440083 net:net425633 net:net425616 net:net424538 net:net424527 net:net411187 net:net411104 net:net411074 net:net411056 net:net411018 net:net394987 net:net394908 net:net393997 net:net393228 net:net391221 net:net320718 net:net455420 net:net327248 net:net327116 net:net326690 net:net443416 net:net392433 net:net65225 net:net393519 net:net345044 net:net346251
	comment: capacity:37 usage:40 overflow:3
	bbox = (642.0000, 744.0000) - (643.5000, 745.5000) on Layer -
violation type: Horizontal congestion
	srcs: net:net1006384 net:net91462 net:net539814 net:net539808 net:net442420 net:net442393 net:net439672 net:net439025 net:net438944 net:net438937 net:net419205 net:net417918 net:net327663 net:net276931 net:net246360 net:net231313 net:net214058 net:net273784 net:net429459 net:net370025 net:net273613 net:net85222 net:net324231 net:net324233 net:net345408 net:net324234 net:net439053 net:net439106 net:net402754 net:net402602
	comment: capacity:33 usage:34 overflow:1
	bbox = (642.0000, 765.0000) - (643.5000, 766.5000) on Layer -
violation type: Horizontal congestion
	srcs: net:net450858 net:net450851 net:net450230 net:net438204 net:net437654 net:net436939 net:net394945 net:net394780 net:net244496 net:net273931 net:net436974 net:net273574 net:net274021 net:net85249 net:net44884 net:net44891 net:net274094 net:net85228
	comment: capacity:22 usage:23 overflow:1
	bbox = (642.0000, 775.5000) - (643.5000, 777.0000) on Layer -
violation type: Horizontal congestion
	srcs: net:net1000929 net:net324346 net:net437619 net:net437472 net:net436159 net:net436134 net:net436100 net:net436049 net:net436030 net:net435994 net:net435991 net:net432388 net:net327083 net:net324814 net:net255767 net:net324909 net:net324222 net:net274152 net:net326836 net:net324234
	comment: capacity:22 usage:23 overflow:1
	bbox = (642.0000, 793.5000) - (643.5000, 795.0000) on Layer -
violation type: Horizontal congestion
	srcs: net:net324346 net:net447006 net:net446500 net:net446490 net:net446481 net:net446393 net:net446372 net:net432537 net:net432451 net:net432363 net:net430376 net:net392584 net:net391244 net:net327596 net:net327076 net:net324771 net:net324732 net:net283795 net:net246009 net:net327347 net:net273784 net:net273687 net:net360661 net:net273883 net:net273886 net:net326840 net:net366342 net:net273530 net:net274038 net:net216797 net:net1256289 net:net347442 net:net326581 net:net447010 net:net345510
	comment: capacity:37 usage:39 overflow:2
	bbox = (642.0000, 826.5000) - (643.5000, 828.0000) on Layer -
violation type: Horizontal congestion
	srcs: net:net453602 net:net453523 net:net453496 net:net453469 net:net453468 net:net453467 net:net453163 net:net453144 net:net453085 net:net453062 net:net449179 net:net442616 net:net441925 net:net441437 net:net433331 net:net410154 net:net395238 net:net395158 net:net393053 net:net243146 net:net399839 net:net441989 net:net442071 net:net326691 net:net326396 net:net1236809 net:net44894 net:net324233 net:net1122457 net:net1095841 net:net399598 net:net399273 net:net399695 net:net453560
	comment: capacity:37 usage:38 overflow:1
	bbox = (643.5000, 691.5000) - (645.0000, 693.0000) on Layer -
violation type: Horizontal congestion
	srcs: net:net452645 net:net452537 net:net438043 net:net437396 net:net434105 net:net396040 net:net395886 net:net320718 net:net63432 net:net324909 net:net324222 net:net44894 net:net44895 net:net324231 net:net1089378 net:net347583
	comment: capacity:22 usage:23 overflow:1
	bbox = (643.5000, 703.5000) - (645.0000, 705.0000) on Layer -
violation type: Horizontal congestion
	srcs: net:net448962 net:net448952 net:net448296 net:net430376 net:net429700 net:net425007 net:net424988 net:net420020 net:net406532 net:net395051 net:net228540 net:net327347 net:net228539 net:net448953 net:net324909 net:net326687 net:net394218 net:net274994 net:net441072 net:net278440 net:net326836 net:net44896 net:net324231 net:net394562 net:net346150 net:net346184 net:net1133580 net:net1116513 net:net1109193
	comment: capacity:37 usage:38 overflow:1
	bbox = (643.5000, 715.5000) - (645.0000, 717.0000) on Layer -
violation type: Horizontal congestion
	srcs: net:net448443 net:net448298 net:net441605 net:net441070 net:net441044 net:net440971 net:net440961 net:net438153 net:net431828 net:net431453 net:net425650 net:net424954 net:net424939 net:net422203 net:net422187 net:net420044 net:net397076 net:net394333 net:net69820 net:net411551 net:net448365 net:net327116 net:net326691 net:net326690 net:net393749 net:net44869 net:net324233 net:net345241 net:net347446 net:net347453 net:net324234 net:net61863 net:net1130773
	comment: capacity:37 usage:38 overflow:1
	bbox = (643.5000, 717.0000) - (645.0000, 718.5000) on Layer -
violation type: Horizontal congestion
	srcs: net:net552726 net:net454931 net:net454858 net:net447989 net:net447305 net:net447236 net:net396173 net:net394987 net:net324654 net:net324205 net:net63611 net:net44861 net:net44869 net:net44884 net:net44881 net:net346254 net:net44866 net:net44889
	comment: capacity:22 usage:23 overflow:1
	bbox = (643.5000, 739.5000) - (645.0000, 741.0000) on Layer -
violation type: Horizontal congestion
	srcs: net:net552724 net:net439188 net:net439128 net:net438692 net:net438675 net:net438581 net:net438561 net:net438555 net:net438534 net:net438523 net:net438522 net:net428565 net:net428503 net:net428471 net:net428369 net:net421276 net:net421088 net:net419262 net:net419245 net:net419241 net:net419223 net:net419191 net:net391486 net:net219747 net:net210704 net:net203632 net:net327347 net:net273886 net:net274994 net:net358571 net:net324208 net:net439189 net:net203634 net:net370264
	comment: capacity:37 usage:38 overflow:1
	bbox = (643.5000, 762.0000) - (645.0000, 763.5000) on Layer -
violation type: Horizontal congestion
	srcs: net:net956430 net:net451340 net:net450817 net:net450796 net:net450703 net:net450676 net:net450675 net:net437151 net:net434458 net:net433545 net:net433458 net:net433399 net:net429996 net:net421329 net:net364367 net:net282931 net:net252757 net:net245996 net:net224883 net:net217151 net:net69821 net:net274468 net:net434984 net:net199528 net:net324222 net:net61802 net:net252771 net:net246042 net:net62044 net:net44895 net:net324233 net:net69813 net:net85237 net:net1122016
	comment: capacity:37 usage:39 overflow:2
	bbox = (643.5000, 787.5000) - (645.0000, 789.0000) on Layer -
violation type: Horizontal congestion
	srcs: net:net1000929 net:net324346 net:net437619 net:net437472 net:net436134 net:net436100 net:net436030 net:net435994 net:net435993 net:net435991 net:net327083 net:net324814 net:net324654 net:net255767 net:net324909 net:net327248 net:net326690 net:net326836 net:net324234 net:net436143
	comment: capacity:22 usage:23 overflow:1
	bbox = (643.5000, 793.5000) - (645.0000, 795.0000) on Layer -
violation type: Horizontal congestion
	srcs: net:net436543 net:net432460 net:net432458 net:net432338 net:net430470 net:net410032 net:net410010 net:net409965 net:net409781 net:net409671 net:net394688 net:net394311 net:net327165 net:net326588 net:net278425 net:net273662 net:net63462 net:net324910 net:net273886 net:net274476 net:net278295 net:net273078 net:net368053 net:net367454 net:net326438 net:net274473 net:net366902 net:net361993 net:net326836 net:net234666 net:net1255672 net:net324199 net:net347321
	comment: capacity:37 usage:38 overflow:1
	bbox = (643.5000, 823.5000) - (645.0000, 825.0000) on Layer -
violation type: Horizontal congestion
	srcs: net:net935035 net:net461363 net:net460789 net:net460260 net:net460155 net:net459797 net:net410204 net:net403486 net:net399580 net:net324654 net:net327347 net:net459773 net:net445308 net:net346338 net:net345162 net:net346374 net:net324234 net:net1129620 net:net422751 net:net429323 net:net459672 net:net347633
	comment: capacity:22 usage:23 overflow:1
	bbox = (645.0000, 658.5000) - (646.5000, 660.0000) on Layer -
violation type: Horizontal congestion
	srcs: net:net453656 net:net453582 net:net453475 net:net453394 net:net453138 net:net453114 net:net453056 net:net453028 net:net452999 net:net441986 net:net441936 net:net433427 net:net421108 net:net416212 net:net395278 net:net395200 net:net393961 net:net13385 net:net324910 net:net324909 net:net358165 net:net393117 net:net327116 net:net358071 net:net278440 net:net1256056 net:net1255008 net:net44875 net:net324231 net:net53813 net:net345210 net:net1121281 net:net1108360
	comment: capacity:37 usage:40 overflow:3
	bbox = (645.0000, 690.0000) - (646.5000, 691.5000) on Layer -
violation type: Horizontal congestion
	srcs: net:net452645 net:net452537 net:net438043 net:net395811 net:net395810 net:net320718 net:net324909 net:net393049 net:net324222 net:net44894 net:net44895 net:net324231 net:net324234 net:net327045 net:net1089378 net:net394919
	comment: capacity:22 usage:23 overflow:1
	bbox = (645.0000, 703.5000) - (646.5000, 705.0000) on Layer -
violation type: Horizontal congestion
	srcs: net:net456442 net:net456440 net:net456439 net:net455937 net:net455908 net:net455786 net:net452189 net:net449431 net:net448786 net:net435617 net:net435586 net:net433970 net:net429251 net:net428124 net:net424572 net:net421692 net:net421644 net:net419172 net:net401090 net:net397316 net:net395926 net:net395727 net:net394379 net:net452281 net:net394567 net:net393768 net:net393124 net:net278440 net:net320651 net:net1122696 net:net1121858 net:net402768 net:net402518 net:net393733 net:net395039 net:net394320 net:net347190
	comment: capacity:37 usage:38 overflow:1
	bbox = (645.0000, 706.5000) - (646.5000, 708.0000) on Layer -
violation type: Horizontal congestion
	srcs: net:net937272 net:net455879 net:net455881 net:net455815 net:net455752 net:net455749 net:net441048 net:net430188 net:net406550 net:net406509 net:net397133 net:net394062 net:net393191 net:net231168 net:net274992 net:net324652 net:net55898 net:net324213 net:net448869 net:net370635 net:net1256722 net:net44872 net:net394562 net:net346144 net:net346146 net:net345249 net:net347456 net:net346189 net:net346148 net:net327045 net:net394032 net:net393136
	comment: capacity:37 usage:38 overflow:1
	bbox = (645.0000, 709.5000) - (646.5000, 711.0000) on Layer -
violation type: Horizontal congestion
	srcs: net:net458679 net:net451800 net:net451257 net:net451185 net:net403237 net:net403218 net:net403161 net:net274992 net:net324652 net:net345950 net:net274994 net:net44864 net:net44887 net:net44894 net:net346214 net:net345974 net:net1077235
	comment: capacity:22 usage:23 overflow:1
	bbox = (645.0000, 730.5000) - (646.5000, 732.0000) on Layer -
violation type: Horizontal congestion
	srcs: net:net552726 net:net454954 net:net454928 net:net454865 net:net454860 net:net454861 net:net447989 net:net447236 net:net410923 net:net394987 net:net324205 net:net394356 net:net63611 net:net44869 net:net44881 net:net346254 net:net44866 net:net44889 net:net345719
	comment: capacity:22 usage:23 overflow:1
	bbox = (645.0000, 739.5000) - (646.5000, 741.0000) on Layer -
violation type: Horizontal congestion
	srcs: net:net455521 net:net455442 net:net455383 net:net444099 net:net444086 net:net443524 net:net443496 net:net431473 net:net428166 net:net428146 net:net411200 net:net411151 net:net390605 net:net324654 net:net324910 net:net324909 net:net399380 net:net327116 net:net326691 net:net394713 net:net326690 net:net443931 net:net326836 net:net326396 net:net324233 net:net345311 net:net324234 net:net399607 net:net399425 net:net402645 net:net402482
	comment: capacity:37 usage:38 overflow:1
	bbox = (645.0000, 742.5000) - (646.5000, 744.0000) on Layer -
violation type: Horizontal congestion
	srcs: net:net91024 net:net457842 net:net444595 net:net444054 net:net443975 net:net443919 net:net443569 net:net443550 net:net443544 net:net443461 net:net443414 net:net443404 net:net443402 net:net440077 net:net440023 net:net439917 net:net437991 net:net429810 net:net411105 net:net392803 net:net244477 net:net393379 net:net440110 net:net394218 net:net327248 net:net324211 net:net327729 net:net393372 net:net44875 net:net345030 net:net345032 net:net345547 net:net345697
	comment: capacity:37 usage:38 overflow:1
	bbox = (645.0000, 745.5000) - (646.5000, 747.0000) on Layer -
violation type: Horizontal congestion
	srcs: net:net454567 net:net454455 net:net454085 net:net454061 net:net454032 net:net453981 net:net453975 net:net453951 net:net453950 net:net453863 net:net366053 net:net261607 net:net320718 net:net324651 net:net458855 net:net278423 net:net458290 net:net324199 net:net324234 net:net345508
	comment: capacity:22 usage:24 overflow:2
	bbox = (645.0000, 757.5000) - (646.5000, 759.0000) on Layer -
violation type: Horizontal congestion
	srcs: net:net1006384 net:net91462 net:net539814 net:net442555 net:net442420 net:net442419 net:net442394 net:net442393 net:net439672 net:net439025 net:net438944 net:net438937 net:net419205 net:net417918 net:net401423 net:net246360 net:net231313 net:net214058 net:net274992 net:net370025 net:net273812 net:net85222 net:net324231 net:net324233 net:net345394 net:net345408 net:net439053 net:net439106 net:net402754 net:net402602
	comment: capacity:33 usage:35 overflow:2
	bbox = (645.0000, 765.0000) - (646.5000, 766.5000) on Layer -
violation type: Horizontal congestion
	srcs: net:net952322 net:net450607 net:net437471 net:net437467 net:net437465 net:net436666 net:net436663 net:net436118 net:net436034 net:net435646 net:net435487 net:net433389 net:net433390 net:net430015 net:net429814 net:net429647 net:net429258 net:net396728 net:net396173 net:net368477 net:net328131 net:net326569 net:net421375 net:net62022 net:net273759 net:net326691 net:net274068 net:net273967 net:net326396 net:net327045
	comment: capacity:33 usage:35 overflow:2
	bbox = (645.0000, 792.0000) - (646.5000, 793.5000) on Layer -
violation type: Horizontal congestion
	srcs: net:net432460 net:net432430 net:net430470 net:net410032 net:net410010 net:net409965 net:net409781 net:net409671 net:net394688 net:net394311 net:net327165 net:net326588 net:net278425 net:net273662 net:net63462 net:net324910 net:net273886 net:net274476 net:net432375 net:net278295 net:net273078 net:net368053 net:net367454 net:net326438 net:net274473 net:net273684 net:net366902 net:net361993 net:net326836 net:net234666 net:net1255672 net:net324199 net:net347321
	comment: capacity:37 usage:38 overflow:1
	bbox = (645.0000, 823.5000) - (646.5000, 825.0000) on Layer -
violation type: Horizontal congestion
	srcs: net:net447006 net:net446500 net:net446490 net:net446481 net:net446393 net:net446372 net:net433092 net:net432357 net:net430376 net:net392584 net:net391244 net:net327596 net:net327076 net:net324771 net:net324732 net:net283795 net:net327347 net:net360661 net:net274143 net:net273613 net:net326840 net:net366342 net:net273530 net:net216797 net:net85207 net:net85231 net:net346144 net:net346276 net:net347442 net:net361879 net:net346191 net:net274132 net:net447010 net:net345510 net:net347102 net:net244489
	comment: capacity:37 usage:39 overflow:2
	bbox = (645.0000, 826.5000) - (646.5000, 828.0000) on Layer -
violation type: Horizontal congestion
	srcs: net:net1074762 net:net457896 net:net442098 net:net442041 net:net441580 net:net441545 net:net441431 net:net403451 net:net399377 net:net393415 net:net278425 net:net345170 net:net457331 net:net391023 net:net53813 net:net345192 net:net345205 net:net1134734 net:net457275 net:net1081453 net:net347139
	comment: capacity:22 usage:23 overflow:1
	bbox = (646.5000, 685.5000) - (648.0000, 687.0000) on Layer -
violation type: Horizontal congestion
	srcs: net:net453656 net:net453582 net:net453475 net:net453394 net:net453138 net:net453114 net:net453056 net:net453028 net:net452999 net:net441986 net:net441936 net:net433427 net:net421108 net:net416212 net:net399480 net:net395278 net:net395200 net:net393961 net:net13385 net:net324910 net:net324909 net:net358165 net:net393117 net:net327116 net:net278440 net:net1256458 net:net1256056 net:net1255008 net:net324231 net:net324233 net:net345210 net:net1121281 net:net1108360
	comment: capacity:37 usage:39 overflow:2
	bbox = (646.5000, 690.0000) - (648.0000, 691.5000) on Layer -
violation type: Horizontal congestion
	srcs: net:net937272 net:net456463 net:net455815 net:net421104 net:net406550 net:net406509 net:net397133 net:net394062 net:net393191 net:net231168 net:net274992 net:net324652 net:net324213 net:net448869 net:net324211 net:net1256722 net:net44872 net:net394562 net:net44881 net:net53813 net:net346144 net:net346146 net:net345249 net:net347456 net:net346189 net:net346148 net:net327045 net:net345662 net:net394032 net:net393136
	comment: capacity:37 usage:39 overflow:2
	bbox = (646.5000, 709.5000) - (648.0000, 711.0000) on Layer -
violation type: Horizontal congestion
	srcs: net:net448443 net:net441605 net:net441070 net:net441048 net:net441044 net:net440971 net:net440961 net:net438153 net:net435617 net:net431828 net:net431453 net:net424939 net:net422187 net:net409354 net:net397076 net:net394419 net:net394333 net:net394110 net:net69820 net:net411551 net:net448375 net:net448365 net:net327116 net:net326691 net:net326690 net:net393749 net:net324231 net:net324233 net:net345241 net:net347446 net:net347453 net:net324234 net:net1130773
	comment: capacity:37 usage:38 overflow:1
	bbox = (646.5000, 717.0000) - (648.0000, 718.5000) on Layer -
violation type: Horizontal congestion
	srcs: net:net961513 net:net459309 net:net459287 net:net459203 net:net459190 net:net459169 net:net459162 net:net458825 net:net452290 net:net451728 net:net451626 net:net451550 net:net426898 net:net411748 net:net396448 net:net396384 net:net393257 net:net458797 net:net411811 net:net324213 net:net326691 net:net324231 net:net345272 net:net346261 net:net346218 net:net345483 net:net459268 net:net345481 net:net345479 net:net459098 net:net345453 net:net393975 net:net451737 net:net451708 net:net393092 net:net451629 net:net451557
	comment: capacity:37 usage:40 overflow:3
	bbox = (646.5000, 726.0000) - (648.0000, 727.5000) on Layer -
violation type: Horizontal congestion
	srcs: net:net459360 net:net459163 net:net459162 net:net458819 net:net458769 net:net458715 net:net451779 net:net451263 net:net403417 net:net403363 net:net391214 net:net245588 net:net203184 net:net458798 net:net324651 net:net324910 net:net324909 net:net345950 net:net326691 net:net326690 net:net326396 net:net345970 net:net345984 net:net324234 net:net327045 net:net1121680 net:net459319 net:net402988 net:net402369 net:net459837 net:net345701 net:net451762
	comment: capacity:37 usage:39 overflow:2
	bbox = (646.5000, 727.5000) - (648.0000, 729.0000) on Layer -
violation type: Horizontal congestion
	srcs: net:net455020 net:net455012 net:net454986 net:net454877 net:net454868 net:net454799 net:net447935 net:net447908 net:net447875 net:net447851 net:net447444 net:net434387 net:net411183 net:net393390 net:net393085 net:net391420 net:net428238 net:net346226 net:net324213 net:net447820 net:net324211 net:net391023 net:net326396 net:net447475 net:net394562 net:net346256 net:net346258 net:net345691 net:net69741 net:net345731 net:net345729 net:net399138 net:net345721 net:net345705
	comment: capacity:37 usage:39 overflow:2
	bbox = (646.5000, 736.5000) - (648.0000, 738.0000) on Layer -
violation type: Horizontal congestion
	srcs: net:net975755 net:net455991 net:net455549 net:net455502 net:net455473 net:net455391 net:net455350 net:net454955 net:net454936 net:net454929 net:net454910 net:net454903 net:net454867 net:net454860 net:net447879 net:net447374 net:net433576 net:net428519 net:net426882 net:net411170 net:net410997 net:net406160 net:net403379 net:net393668 net:net63602 net:net324652 net:net455392 net:net394218 net:net44896 net:net324231 net:net345727 net:net199023
	comment: capacity:33 usage:36 overflow:3
	bbox = (646.5000, 738.0000) - (648.0000, 739.5000) on Layer -
violation type: Horizontal congestion
	srcs: net:net91024 net:net444595 net:net444054 net:net443975 net:net443919 net:net443570 net:net443550 net:net443490 net:net443414 net:net443404 net:net443403 net:net443402 net:net440023 net:net439917 net:net429810 net:net411105 net:net392803 net:net324362 net:net244477 net:net393379 net:net274992 net:net326687 net:net440110 net:net394218 net:net278423 net:net327729 net:net393372 net:net345030 net:net345032 net:net327051 net:net345547 net:net345697
	comment: capacity:37 usage:38 overflow:1
	bbox = (646.5000, 745.5000) - (648.0000, 747.0000) on Layer -
violation type: Horizontal congestion
	srcs: net:net552724 net:net439196 net:net439188 net:net439128 net:net438675 net:net438646 net:net438561 net:net438534 net:net428565 net:net428503 net:net428369 net:net421276 net:net421088 net:net419262 net:net419245 net:net419241 net:net419223 net:net419191 net:net419182 net:net406160 net:net391486 net:net219747 net:net210704 net:net203632 net:net327347 net:net324222 net:net274994 net:net358571 net:net324208 net:net439189 net:net203634 net:net326396 net:net44872
	comment: capacity:37 usage:39 overflow:2
	bbox = (646.5000, 762.0000) - (648.0000, 763.5000) on Layer -
violation type: Horizontal congestion
	srcs: net:net1006384 net:net91462 net:net539814 net:net442555 net:net442554 net:net442537 net:net442505 net:net442420 net:net442419 net:net442393 net:net439672 net:net439025 net:net438944 net:net438937 net:net428455 net:net419205 net:net417918 net:net401423 net:net246360 net:net231313 net:net214058 net:net274992 net:net370025 net:net442403 net:net273812 net:net44869 net:net345394 net:net345408 net:net439053 net:net439106 net:net402754 net:net402602
	comment: capacity:33 usage:35 overflow:2
	bbox = (646.5000, 765.0000) - (648.0000, 766.5000) on Layer -
violation type: Horizontal congestion
	srcs: net:net956430 net:net451341 net:net450796 net:net434458 net:net433545 net:net433458 net:net433399 net:net421329 net:net364367 net:net282931 net:net252757 net:net245996 net:net224883 net:net217151 net:net274468 net:net273931 net:net434984 net:net199528 net:net324222 net:net61802 net:net394218 net:net252771 net:net278423 net:net246042 net:net62044 net:net44869 net:net324233 net:net69813 net:net85237 net:net1122016
	comment: capacity:37 usage:38 overflow:1
	bbox = (646.5000, 787.5000) - (648.0000, 789.0000) on Layer -
violation type: Horizontal congestion
	srcs: net:net952322 net:net450607 net:net437467 net:net437465 net:net436666 net:net436663 net:net436118 net:net436034 net:net435646 net:net435487 net:net433389 net:net433390 net:net430015 net:net429814 net:net429647 net:net429258 net:net396728 net:net396173 net:net328131 net:net326569 net:net421375 net:net62022 net:net274994 net:net273759 net:net326691 net:net274068 net:net273967 net:net326396 net:net327045
	comment: capacity:33 usage:35 overflow:2
	bbox = (646.5000, 792.0000) - (648.0000, 793.5000) on Layer -
violation type: Horizontal congestion
	srcs: net:net1000929 net:net437619 net:net437477 net:net437464 net:net436100 net:net436030 net:net436007 net:net435926 net:net327083 net:net324814 net:net324654 net:net278433 net:net273664 net:net274476 net:net327248 net:net326690 net:net326836 net:net324234 net:net436143
	comment: capacity:22 usage:23 overflow:1
	bbox = (646.5000, 793.5000) - (648.0000, 795.0000) on Layer -
violation type: Horizontal congestion
	srcs: net:net964058 net:net959121 net:net435528 net:net435493 net:net435014 net:net430077 net:net430030 net:net429963 net:net429962 net:net429953 net:net409766 net:net396645 net:net393081 net:net326297 net:net324808 net:net324744 net:net324366 net:net324365 net:net231252 net:net229812 net:net229062 net:net228983 net:net224876 net:net74473 net:net326704 net:net324213 net:net287362 net:net273812 net:net69842 net:net273747 net:net281836 net:net217059 net:net273700 net:net409812 net:net348604
	comment: capacity:37 usage:39 overflow:2
	bbox = (646.5000, 799.5000) - (648.0000, 801.0000) on Layer -
violation type: Horizontal congestion
	srcs: net:net445064 net:net444486 net:net442002 net:net441855 net:net440476 net:net437904 net:net434458 net:net410722 net:net410154 net:net409109 net:net406159 net:net403222 net:net394727 net:net394571 net:net392379 net:net324654 net:net231517 net:net320718 net:net324222 net:net327248 net:net358018 net:net361246 net:net326836 net:net346623 net:net327045 net:net1121079 net:net457365 net:net457339 net:net402620 net:net457171 net:net347096 net:net347136 net:net347132 net:net347129
	comment: capacity:37 usage:38 overflow:1
	bbox = (648.0000, 682.5000) - (649.5000, 684.0000) on Layer -
violation type: Horizontal congestion
	srcs: net:net453656 net:net453582 net:net453475 net:net453394 net:net453138 net:net453114 net:net453056 net:net453002 net:net452999 net:net441986 net:net441936 net:net432569 net:net421108 net:net420025 net:net416212 net:net399480 net:net395278 net:net395200 net:net393961 net:net13385 net:net274992 net:net324910 net:net324909 net:net358165 net:net393117 net:net278440 net:net1256458 net:net324231 net:net324233 net:net345210 net:net1121281 net:net1108360
	comment: capacity:37 usage:38 overflow:1
	bbox = (648.0000, 690.0000) - (649.5000, 691.5000) on Layer -
violation type: Horizontal congestion
	srcs: net:net452539 net:net320718 net:net324909 net:net393049 net:net324222 net:net327248 net:net326690 net:net278440 net:net326836 net:net324231 net:net324233 net:net324234 net:net327045 net:net1089378
	comment: capacity:22 usage:23 overflow:1
	bbox = (648.0000, 703.5000) - (649.5000, 705.0000) on Layer -
violation type: Horizontal congestion
	srcs: net:net459360 net:net458819 net:net458769 net:net458715 net:net451779 net:net451263 net:net403417 net:net403363 net:net403125 net:net393257 net:net391214 net:net245588 net:net239129 net:net203184 net:net458798 net:net274992 net:net324910 net:net327700 net:net345950 net:net326690 net:net326396 net:net345970 net:net345984 net:net1121680 net:net459319 net:net402988 net:net459297 net:net459240 net:net459172 net:net402369 net:net459837 net:net345701 net:net451762
	comment: capacity:37 usage:38 overflow:1
	bbox = (648.0000, 727.5000) - (649.5000, 729.0000) on Layer -
violation type: Horizontal congestion
	srcs: net:net975755 net:net455991 net:net455550 net:net455502 net:net455473 net:net455391 net:net455350 net:net455043 net:net454955 net:net454929 net:net454910 net:net454904 net:net454867 net:net454869 net:net447879 net:net447374 net:net433576 net:net428519 net:net426882 net:net411170 net:net410997 net:net406160 net:net403379 net:net393668 net:net63602 net:net455392 net:net274994 net:net399380 net:net324231 net:net327051 net:net345727 net:net199023
	comment: capacity:33 usage:35 overflow:2
	bbox = (648.0000, 738.0000) - (649.5000, 739.5000) on Layer -
violation type: Horizontal congestion
	srcs: net:net455442 net:net455411 net:net455383 net:net444099 net:net444086 net:net443524 net:net443496 net:net431473 net:net428166 net:net428146 net:net425616 net:net393222 net:net394707 net:net324910 net:net324909 net:net326691 net:net92069 net:net394713 net:net326690 net:net443416 net:net443931 net:net326836 net:net326396 net:net394093 net:net327729 net:net345311 net:net324234 net:net399607 net:net455505 net:net399425 net:net402645 net:net402482
	comment: capacity:37 usage:38 overflow:1
	bbox = (648.0000, 742.5000) - (649.5000, 744.0000) on Layer -
violation type: Horizontal congestion
	srcs: net:net655202 net:net518601 net:net458365 net:net458338 net:net458285 net:net458265 net:net458198 net:net458132 net:net439102 net:net438642 net:net438620 net:net438616 net:net438538 net:net438427 net:net438101 net:net428552 net:net403317 net:net393053 net:net390610 net:net370835 net:net276974 net:net345379 net:net324910 net:net324909 net:net438434 net:net439055 net:net399381 net:net399380 net:net327116 net:net391638 net:net278440 net:net327729 net:net79658 net:net345403 net:net345405
	comment: capacity:37 usage:40 overflow:3
	bbox = (648.0000, 760.5000) - (649.5000, 762.0000) on Layer -
violation type: Horizontal congestion
	srcs: net:net1006384 net:net91462 net:net539814 net:net442537 net:net442420 net:net442419 net:net442341 net:net439672 net:net439025 net:net438944 net:net438937 net:net428455 net:net419205 net:net417918 net:net401423 net:net246360 net:net231313 net:net214058 net:net203689 net:net274992 net:net370025 net:net324213 net:net442403 net:net273812 net:net44869 net:net345408 net:net439053 net:net439106 net:net402754 net:net402602
	comment: capacity:33 usage:34 overflow:1
	bbox = (648.0000, 765.0000) - (649.5000, 766.5000) on Layer -
violation type: Horizontal congestion
	srcs: net:net1075586 net:net971583 net:net443012 net:net442479 net:net442430 net:net437396 net:net400409 net:net394305 net:net391644 net:net391551 net:net391519 net:net391452 net:net391350 net:net391230 net:net391161 net:net390858 net:net390841 net:net390704 net:net390657 net:net390482 net:net324225 net:net391058 net:net391356 net:net391090 net:net394218 net:net324208 net:net74442 net:net348745 net:net391681 net:net390455 net:net1255708 net:net44872 net:net358059 net:net390744 net:net399250
	comment: capacity:37 usage:38 overflow:1
	bbox = (648.0000, 768.0000) - (649.5000, 769.5000) on Layer -
violation type: Horizontal congestion
	srcs: net:net952322 net:net450743 net:net450607 net:net437467 net:net436666 net:net436663 net:net436118 net:net436034 net:net433410 net:net433389 net:net430015 net:net429814 net:net429647 net:net429258 net:net396173 net:net328131 net:net326569 net:net421375 net:net273735 net:net273637 net:net62022 net:net274994 net:net273759 net:net327116 net:net274068 net:net273967 net:net326396 net:net327045
	comment: capacity:33 usage:36 overflow:3
	bbox = (648.0000, 792.0000) - (649.5000, 793.5000) on Layer -
violation type: Horizontal congestion
	srcs: net:net1000929 net:net437619 net:net437477 net:net437476 net:net436100 net:net436030 net:net436007 net:net435926 net:net429505 net:net393386 net:net327083 net:net324814 net:net324654 net:net278433 net:net203632 net:net273664 net:net274476 net:net327248 net:net274473 net:net436143
	comment: capacity:22 usage:24 overflow:2
	bbox = (648.0000, 793.5000) - (649.5000, 795.0000) on Layer -
violation type: Horizontal congestion
	srcs: net:net453582 net:net453475 net:net453394 net:net453056 net:net453002 net:net453001 net:net452999 net:net441986 net:net441936 net:net432569 net:net421108 net:net416212 net:net399480 net:net395278 net:net395200 net:net393961 net:net13385 net:net274992 net:net324910 net:net324909 net:net358165 net:net393117 net:net358018 net:net278440 net:net1256458 net:net324231 net:net324233 net:net345210 net:net324234 net:net1121281 net:net1108360 net:net453639
	comment: capacity:37 usage:38 overflow:1
	bbox = (649.5000, 690.0000) - (651.0000, 691.5000) on Layer -
violation type: Horizontal congestion
	srcs: net:net320718 net:net324909 net:net324222 net:net327248 net:net326691 net:net326690 net:net278440 net:net326836 net:net324231 net:net324233 net:net324234 net:net327045 net:net1089378 net:net452686
	comment: capacity:22 usage:24 overflow:2
	bbox = (649.5000, 703.5000) - (651.0000, 705.0000) on Layer -
violation type: Horizontal congestion
	srcs: net:net975755 net:net455991 net:net455550 net:net455502 net:net455473 net:net455391 net:net455044 net:net454956 net:net454910 net:net454904 net:net454871 net:net454870 net:net447879 net:net447374 net:net433576 net:net428519 net:net426882 net:net411170 net:net410997 net:net393668 net:net63602 net:net455392 net:net399380 net:net326691 net:net278440 net:net324231 net:net324234 net:net327045 net:net345727 net:net199023
	comment: capacity:33 usage:34 overflow:1
	bbox = (649.5000, 738.0000) - (651.0000, 739.5000) on Layer -
violation type: Horizontal congestion
	srcs: net:net655202 net:net458365 net:net458285 net:net458265 net:net458202 net:net458198 net:net458132 net:net439102 net:net438642 net:net438620 net:net438616 net:net438538 net:net438427 net:net428552 net:net403318 net:net403317 net:net390610 net:net276974 net:net345379 net:net320718 net:net324910 net:net324909 net:net438434 net:net439055 net:net399380 net:net327116 net:net391638 net:net278440 net:net327729 net:net79658 net:net345403 net:net345405
	comment: capacity:37 usage:38 overflow:1
	bbox = (649.5000, 760.5000) - (651.0000, 762.0000) on Layer -
violation type: Horizontal congestion
	srcs: net:net1006384 net:net91462 net:net539814 net:net442537 net:net442533 net:net442509 net:net442420 net:net442419 net:net442404 net:net442341 net:net439672 net:net439025 net:net438944 net:net438937 net:net428455 net:net419205 net:net417918 net:net401423 net:net246360 net:net231313 net:net214058 net:net203689 net:net370025 net:net324213 net:net442403 net:net44869 net:net44875 net:net439053 net:net439106 net:net402754 net:net402602
	comment: capacity:33 usage:34 overflow:1
	bbox = (649.5000, 765.0000) - (651.0000, 766.5000) on Layer -
violation type: Horizontal congestion
	srcs: net:net1075586 net:net971583 net:net443012 net:net442484 net:net442481 net:net442429 net:net442427 net:net442428 net:net434458 net:net400409 net:net394305 net:net391644 net:net391551 net:net391519 net:net391452 net:net391230 net:net391161 net:net390858 net:net390841 net:net390704 net:net390657 net:net390482 net:net324225 net:net391058 net:net391356 net:net391090 net:net394218 net:net324208 net:net74442 net:net391681 net:net390455 net:net44872 net:net358059 net:net390744 net:net399250
	comment: capacity:37 usage:38 overflow:1
	bbox = (649.5000, 768.0000) - (651.0000, 769.5000) on Layer -
violation type: Horizontal congestion
	srcs: net:net1000929 net:net437619 net:net437477 net:net437476 net:net436663 net:net436100 net:net436030 net:net436007 net:net435926 net:net393386 net:net327083 net:net324814 net:net203632 net:net273664 net:net274476 net:net327248 net:net274473 net:net85225 net:net436143
	comment: capacity:22 usage:23 overflow:1
	bbox = (649.5000, 793.5000) - (651.0000, 795.0000) on Layer -
violation type: Horizontal congestion
	srcs: net:net435679 net:net435153 net:net435126 net:net435072 net:net435009 net:net434591 net:net434580 net:net434564 net:net434505 net:net434496 net:net434478 net:net434435 net:net434358 net:net430052 net:net430043 net:net429988 net:net429976 net:net429955 net:net429947 net:net429948 net:net327142 net:net324273 net:net320079 net:net434613 net:net278417 net:net324422 net:net435156 net:net248055 net:net278440 net:net357799 net:net44894 net:net214065 net:net299234 net:net348600 net:net348597 net:net92028
	comment: capacity:37 usage:38 overflow:1
	bbox = (649.5000, 804.0000) - (651.0000, 805.5000) on Layer -
violation type: Horizontal congestion
	srcs: net:net434458 net:net432396 net:net418454 net:net408268 net:net326904 net:net326509 net:net324416 net:net324228 net:net324227 net:net278427 net:net278428 net:net234667 net:net225874 net:net203681 net:net61839 net:net418550 net:net89906 net:net44896 net:net348602 net:net346514 net:net44866
	comment: capacity:22 usage:23 overflow:1
	bbox = (649.5000, 811.5000) - (651.0000, 813.0000) on Layer -
violation type: Horizontal congestion
	srcs: net:net446955 net:net446929 net:net446904 net:net446852 net:net446841 net:net436182 net:net435612 net:net435610 net:net432386 net:net432385 net:net429844 net:net429685 net:net429331 net:net409943 net:net12501 net:net327116 net:net435611 net:net274092 net:net59226 net:net269297 net:net44866
	comment: capacity:22 usage:23 overflow:1
	bbox = (649.5000, 820.5000) - (651.0000, 822.0000) on Layer -
violation type: Horizontal congestion
	srcs: net:net446449 net:net430375 net:net430374 net:net429721 net:net394957 net:net394792 net:net246009 net:net320718 net:net393568 net:net326691 net:net278440 net:net44894 net:net324231 net:net324233 net:net346307 net:net347527 net:net324234 net:net394445
	comment: capacity:22 usage:24 overflow:2
	bbox = (649.5000, 829.5000) - (651.0000, 831.0000) on Layer -
violation type: Horizontal congestion
	srcs: net:net446271 net:net436596 net:net429666 net:net429601 net:net324236 net:net269076 net:net244874 net:net244867 net:net361800 net:net327274 net:net324909 net:net324222 net:net429395 net:net393278 net:net327248 net:net367001 net:net69592 net:net326453 net:net326836 net:net326396 net:net367024 net:net358550 net:net346125 net:net1256287 net:net1256085 net:net44884 net:net346305 net:net347529 net:net346251 net:net246395 net:net327045 net:net347104 net:net347183
	comment: capacity:37 usage:38 overflow:1
	bbox = (649.5000, 831.0000) - (651.0000, 832.5000) on Layer -
violation type: Horizontal congestion
	srcs: net:net452081 net:net452080 net:net320718 net:net324909 net:net324222 net:net327248 net:net326690 net:net278440 net:net326836 net:net324231 net:net324233 net:net324234 net:net327045 net:net1089378 net:net452686
	comment: capacity:22 usage:24 overflow:2
	bbox = (651.0000, 703.5000) - (652.5000, 705.0000) on Layer -
violation type: Horizontal congestion
	srcs: net:net971566 net:net539812 net:net458394 net:net457786 net:net457754 net:net454517 net:net454331 net:net439653 net:net439508 net:net433869 net:net403507 net:net403490 net:net403400 net:net403342 net:net390621 net:net390395 net:net231528 net:net367725 net:net324910 net:net324909 net:net390693 net:net65232 net:net439540 net:net230833 net:net65225 net:net230949 net:net326396 net:net324231 net:net324233 net:net345341 net:net324234 net:net345540 net:net390816 net:net348449
	comment: capacity:37 usage:39 overflow:2
	bbox = (651.0000, 753.0000) - (652.5000, 754.5000) on Layer -
violation type: Horizontal congestion
	srcs: net:net458135 net:net454085 net:net454061 net:net454032 net:net453981 net:net453957 net:net453863 net:net366053 net:net287343 net:net246383 net:net458211 net:net458855 net:net399380 net:net458290 net:net324199 net:net345121 net:net458353 net:net458294 net:net345508 net:net454550 net:net454527 net:net454576
	comment: capacity:22 usage:23 overflow:1
	bbox = (651.0000, 757.5000) - (652.5000, 759.0000) on Layer -
violation type: Horizontal congestion
	srcs: net:net552724 net:net439196 net:net439188 net:net439128 net:net438684 net:net438675 net:net438646 net:net438561 net:net438534 net:net428565 net:net428503 net:net428369 net:net421276 net:net419262 net:net419245 net:net419241 net:net419223 net:net419191 net:net419182 net:net419168 net:net419167 net:net391486 net:net391350 net:net370835 net:net276974 net:net219747 net:net327347 net:net324222 net:net274994 net:net358571 net:net439189 net:net55882 net:net326396 net:net345408 net:net390935
	comment: capacity:37 usage:39 overflow:2
	bbox = (651.0000, 762.0000) - (652.5000, 763.5000) on Layer -
violation type: Horizontal congestion
	srcs: net:net1075586 net:net443012 net:net442484 net:net442483 net:net442429 net:net442428 net:net442355 net:net442342 net:net434458 net:net428471 net:net400409 net:net394305 net:net391644 net:net391551 net:net391519 net:net391452 net:net391230 net:net391161 net:net390858 net:net390841 net:net390704 net:net390657 net:net390482 net:net324225 net:net391356 net:net391090 net:net326687 net:net324208 net:net74442 net:net391681 net:net390455 net:net44872 net:net358059 net:net390744 net:net399250
	comment: capacity:37 usage:38 overflow:1
	bbox = (651.0000, 768.0000) - (652.5000, 769.5000) on Layer -
violation type: Horizontal congestion
	srcs: net:net446449 net:net429834 net:net429721 net:net429553 net:net394957 net:net394792 net:net246009 net:net320718 net:net324909 net:net393568 net:net326691 net:net326690 net:net278440 net:net324231 net:net346307 net:net347527 net:net394445
	comment: capacity:22 usage:23 overflow:1
	bbox = (651.0000, 829.5000) - (652.5000, 831.0000) on Layer -
violation type: Horizontal congestion
	srcs: net:net446271 net:net436481 net:net429666 net:net429601 net:net324654 net:net324236 net:net269076 net:net244874 net:net244867 net:net361800 net:net327274 net:net324222 net:net429395 net:net393278 net:net327248 net:net367001 net:net69592 net:net326453 net:net278423 net:net326396 net:net436579 net:net367024 net:net358550 net:net346125 net:net1256287 net:net1256085 net:net346305 net:net347529 net:net346251 net:net246395 net:net327045 net:net347104 net:net347183
	comment: capacity:37 usage:38 overflow:1
	bbox = (651.0000, 831.0000) - (652.5000, 832.5000) on Layer -
violation type: Horizontal congestion
	srcs: net:net436631 net:net436569 net:net436548 net:net421475 net:net421378 net:net421376 net:net421368 net:net400782 net:net390974 net:net367011 net:net418557 net:net63432 net:net274992 net:net358144 net:net327700 net:net418550 net:net367276 net:net324208 net:net74445 net:net84909 net:net324512 net:net91045 net:net243133 net:net224177 net:net358061 net:net347534 net:net346152 net:net347524 net:net347421 net:net345786 net:net345533 net:net345453 net:net347098 net:net345942
	comment: capacity:37 usage:38 overflow:1
	bbox = (651.0000, 835.5000) - (652.5000, 837.0000) on Layer -
violation type: Horizontal congestion
	srcs: net:net961357 net:net655222 net:net455068 net:net454461 net:net454407 net:net419109 net:net399379 net:net399378 net:net283017 net:net203226 net:net327347 net:net365709 net:net63490 net:net69217 net:net326691 net:net326396 net:net324233 net:net324234 net:net403070 net:net454490 net:net454438 net:net454411 net:net454338 net:net455054 net:net454065 net:net454036 net:net453961 net:net348434 net:net399773 net:net454576
	comment: capacity:33 usage:34 overflow:1
	bbox = (652.5000, 756.0000) - (654.0000, 757.5000) on Layer -
violation type: Horizontal congestion
	srcs: net:net552724 net:net439196 net:net439188 net:net439128 net:net438684 net:net438675 net:net438646 net:net438561 net:net438534 net:net428565 net:net428503 net:net428369 net:net421276 net:net419262 net:net419245 net:net419241 net:net419223 net:net419191 net:net419168 net:net419167 net:net391486 net:net370835 net:net276974 net:net219747 net:net327347 net:net439674 net:net324222 net:net274994 net:net358571 net:net439189 net:net55882 net:net326396 net:net345408 net:net345123 net:net390935
	comment: capacity:37 usage:39 overflow:2
	bbox = (652.5000, 762.0000) - (654.0000, 763.5000) on Layer -
violation type: Horizontal congestion
	srcs: net:net1006384 net:net91462 net:net539814 net:net442558 net:net442539 net:net442420 net:net442419 net:net442414 net:net439672 net:net439025 net:net438944 net:net438937 net:net428455 net:net428421 net:net419205 net:net417918 net:net401423 net:net246360 net:net231313 net:net214058 net:net370025 net:net324213 net:net442538 net:net44869 net:net44875 net:net439053 net:net399616 net:net439106 net:net402754 net:net402602 net:net402510
	comment: capacity:33 usage:34 overflow:1
	bbox = (652.5000, 765.0000) - (654.0000, 766.5000) on Layer -
violation type: Horizontal congestion
	srcs: net:net1010001 net:net1000929 net:net437617 net:net437477 net:net437476 net:net436663 net:net436100 net:net436030 net:net435926 net:net433598 net:net433509 net:net393386 net:net327149 net:net327083 net:net324814 net:net203632 net:net273664 net:net327248 net:net85225 net:net44866 net:net436143
	comment: capacity:22 usage:24 overflow:2
	bbox = (652.5000, 793.5000) - (654.0000, 795.0000) on Layer -
violation type: Horizontal congestion
	srcs: net:net550076 net:net446449 net:net429834 net:net429721 net:net429553 net:net394957 net:net394792 net:net69821 net:net320718 net:net324909 net:net393568 net:net429395 net:net418550 net:net326691 net:net324231 net:net346307 net:net347321 net:net347527 net:net394445
	comment: capacity:22 usage:23 overflow:1
	bbox = (652.5000, 829.5000) - (654.0000, 831.0000) on Layer -
violation type: Horizontal congestion
	srcs: net:net953623 net:net938450 net:net523843 net:net450299 net:net450136 net:net443061 net:net442974 net:net442947 net:net442838 net:net436986 net:net436905 net:net436115 net:net434031 net:net429643 net:net425504 net:net425466 net:net425451 net:net418588 net:net400653 net:net393557 net:net393431 net:net393177 net:net391747 net:net214060 net:net324652 net:net395023 net:net394218 net:net392705 net:net278423 net:net442948 net:net348501 net:net44881 net:net346041 net:net345077
	comment: capacity:37 usage:38 overflow:1
	bbox = (654.0000, 771.0000) - (655.5000, 772.5000) on Layer -
violation type: Horizontal congestion
	srcs: net:net89884 net:net450282 net:net450275 net:net450219 net:net438718 net:net438704 net:net438705 net:net438698 net:net437977 net:net437908 net:net420903 net:net408362 net:net400670 net:net397596 net:net397124 net:net394433 net:net390943 net:net203191 net:net324651 net:net63432 net:net437043 net:net69220 net:net437982 net:net326836 net:net438091 net:net85222 net:net53813 net:net345432 net:net360653 net:net347494 net:net360655 net:net44889 net:net393266
	comment: capacity:37 usage:38 overflow:1
	bbox = (654.0000, 777.0000) - (655.5000, 778.5000) on Layer -
violation type: Horizontal congestion
	srcs: net:net1010001 net:net1000929 net:net437617 net:net437534 net:net437477 net:net437476 net:net436663 net:net436100 net:net436030 net:net435926 net:net433508 net:net393386 net:net327149 net:net327083 net:net324814 net:net327248 net:net85225 net:net53813 net:net44866 net:net436143
	comment: capacity:22 usage:23 overflow:1
	bbox = (654.0000, 793.5000) - (655.5000, 795.0000) on Layer -
violation type: Horizontal congestion
	srcs: net:net945393 net:net90494 net:net347028 net:net34301 net:net273752 net:net273595 net:net273217 net:net238171 net:net192674 net:net1159234 net:net274476 net:net324213 net:net348610 net:net366752 net:net273928 net:net345213 net:net1256649 net:net1256014 net:net1255309 net:net1255205 net:net11717 net:net1163715 net:net345270 net:net346146 net:net324788 net:net320162 net:net346321 net:net345049 net:net345168 net:net345281 net:net346256 net:net347449 net:net327045 net:net61990
	comment: capacity:37 usage:38 overflow:1
	bbox = (654.0000, 1020.0000) - (655.5000, 1021.5000) on Layer -
violation type: Horizontal congestion
	srcs: net:net442530 net:net442510 net:net442460 net:net442456 net:net442450 net:net442422 net:net442421 net:net439168 net:net404027 net:net391177 net:net287339 net:net324910 net:net324909 net:net439160 net:net326691 net:net326396 net:net345394 net:net345083 net:net345116
	comment: capacity:22 usage:23 overflow:1
	bbox = (655.5000, 766.5000) - (657.0000, 768.0000) on Layer -
violation type: Horizontal congestion
	srcs: net:net550649 net:net433533 net:net433527 net:net433482 net:net433412 net:net433067 net:net433064 net:net432978 net:net432951 net:net432947 net:net432921 net:net432917 net:net420950 net:net418389 net:net65205 net:net203224 net:net203221 net:net202847 net:net324910 net:net324909 net:net230835 net:net239221 net:net63620 net:net44869 net:net44878 net:net44891 net:net44896 net:net84938 net:net347260 net:net347264 net:net327045
	comment: capacity:37 usage:38 overflow:1
	bbox = (655.5000, 786.0000) - (657.0000, 787.5000) on Layer -
violation type: Horizontal congestion
	srcs: net:net446271 net:net432533 net:net429666 net:net429601 net:net320182 net:net244874 net:net244875 net:net244870 net:net216387 net:net12498 net:net361800 net:net327274 net:net393278 net:net327248 net:net346021 net:net367001 net:net69592 net:net326453 net:net436579 net:net273516 net:net367024 net:net346125 net:net1256287 net:net1256085 net:net346305 net:net345049 net:net347529 net:net345203 net:net348600 net:net346251 net:net246395 net:net348604 net:net345502 net:net345679 net:net345705 net:net347104 net:net347183
	comment: capacity:37 usage:38 overflow:1
	bbox = (655.5000, 831.0000) - (657.0000, 832.5000) on Layer -
violation type: Horizontal congestion
	srcs: net:net945393 net:net90494 net:net347028 net:net34301 net:net274448 net:net273749 net:net273595 net:net273217 net:net238171 net:net192674 net:net1159234 net:net274476 net:net324213 net:net348610 net:net273928 net:net345213 net:net1256649 net:net1256014 net:net1255309 net:net1255205 net:net11717 net:net1163715 net:net345270 net:net346146 net:net324788 net:net320162 net:net346321 net:net345049 net:net345281 net:net346256 net:net347449 net:net348655 net:net327045 net:net61990
	comment: capacity:37 usage:38 overflow:1
	bbox = (655.5000, 1020.0000) - (657.0000, 1021.5000) on Layer -
violation type: Horizontal congestion
	srcs: net:net1075586 net:net273097 net:net443012 net:net442577 net:net442484 net:net442429 net:net442423 net:net442355 net:net428471 net:net420010 net:net406516 net:net406455 net:net400409 net:net395698 net:net394305 net:net391551 net:net391519 net:net391452 net:net391390 net:net391230 net:net391161 net:net390858 net:net390841 net:net390704 net:net390657 net:net390482 net:net391356 net:net391090 net:net273101 net:net391681 net:net442356 net:net390455 net:net358059 net:net324234 net:net390744 net:net442486 net:net399250
	comment: capacity:37 usage:38 overflow:1
	bbox = (657.0000, 768.0000) - (658.5000, 769.5000) on Layer -
violation type: Horizontal congestion
	srcs: net:net550649 net:net434107 net:net433599 net:net433533 net:net433527 net:net433511 net:net433412 net:net433067 net:net433064 net:net432978 net:net432951 net:net432947 net:net432921 net:net432917 net:net420950 net:net418389 net:net65205 net:net203224 net:net203221 net:net202847 net:net274992 net:net324910 net:net324909 net:net230835 net:net239221 net:net274994 net:net44878 net:net44896 net:net84938 net:net347260 net:net347264 net:net327045
	comment: capacity:37 usage:39 overflow:2
	bbox = (657.0000, 786.0000) - (658.5000, 787.5000) on Layer -
violation type: Horizontal congestion
	srcs: net:net273097 net:net446955 net:net446928 net:net446904 net:net446852 net:net430265 net:net429844 net:net429739 net:net429685 net:net418477 net:net411735 net:net411734 net:net409943 net:net324213 net:net357770 net:net326691 net:net357769 net:net367146 net:net1255719 net:net346046
	comment: capacity:22 usage:23 overflow:1
	bbox = (657.0000, 820.5000) - (658.5000, 822.0000) on Layer -
violation type: Horizontal congestion
	srcs: net:net429666 net:net429601 net:net424963 net:net420012 net:net410017 net:net320182 net:net244874 net:net216387 net:net12498 net:net361800 net:net327274 net:net69595 net:net393278 net:net327248 net:net367001 net:net69592 net:net326453 net:net436579 net:net273516 net:net367024 net:net346125 net:net1256287 net:net1256085 net:net346305 net:net345049 net:net347529 net:net345203 net:net348600 net:net346251 net:net246395 net:net348604 net:net345502 net:net345679 net:net345705 net:net347104 net:net347183
	comment: capacity:37 usage:38 overflow:1
	bbox = (657.0000, 831.0000) - (658.5000, 832.5000) on Layer -
violation type: Horizontal congestion
	srcs: net:net429666 net:net429601 net:net424963 net:net420013 net:net420011 net:net410017 net:net320182 net:net244874 net:net216387 net:net327274 net:net69595 net:net273175 net:net393278 net:net327248 net:net367001 net:net69592 net:net326453 net:net436579 net:net273516 net:net346125 net:net1256287 net:net346305 net:net345049 net:net358562 net:net347529 net:net345203 net:net346251 net:net246395 net:net273148 net:net345502 net:net345679 net:net345705 net:net192772 net:net347104 net:net347183
	comment: capacity:37 usage:38 overflow:1
	bbox = (658.5000, 831.0000) - (660.0000, 832.5000) on Layer -
violation type: Horizontal congestion
	srcs: net:net945393 net:net90494 net:net347028 net:net573652 net:net34736 net:net34301 net:net274322 net:net273591 net:net273217 net:net238171 net:net48343 net:net192674 net:net1159234 net:net274476 net:net324213 net:net348610 net:net346454 net:net33047 net:net346995 net:net361242 net:net345213 net:net1256649 net:net1256280 net:net1256014 net:net1255309 net:net1255205 net:net1163715 net:net345270 net:net346321 net:net345049 net:net345281 net:net346256 net:net347449 net:net327045 net:net61990
	comment: capacity:37 usage:38 overflow:1
	bbox = (661.5000, 1020.0000) - (663.0000, 1021.5000) on Layer -
violation type: Horizontal congestion
	srcs: net:net1073851 net:net1007320 net:net959142 net:net539771 net:net539027 net:net435626 net:net430453 net:net430195 net:net420696 net:net415127 net:net415078 net:net415058 net:net412432 net:net400710 net:net395228 net:net395212 net:net395211 net:net395172 net:net395147 net:net395062 net:net327407 net:net327159 net:net326500 net:net324663 net:net298327 net:net69595 net:net281840 net:net365643 net:net273175 net:net409539 net:net409390 net:net239132 net:net44884 net:net299221 net:net348607 net:net299232 net:net327052
	comment: capacity:37 usage:38 overflow:1
	bbox = (663.0000, 807.0000) - (664.5000, 808.5000) on Layer -
violation type: Horizontal congestion
	srcs: net:net971572 net:net938383 net:net436174 net:net436170 net:net435666 net:net435566 net:net435565 net:net435564 net:net435553 net:net435548 net:net435476 net:net420679 net:net420582 net:net409859 net:net396514 net:net396513 net:net395144 net:net327677 net:net326580 net:net283784 net:net283779 net:net257640 net:net228994 net:net326501 net:net367795 net:net274208 net:net435450 net:net273153 net:net69840 net:net273106 net:net274032 net:net273771 net:net85243 net:net346501 net:net320651 net:net345942
	comment: capacity:37 usage:39 overflow:2
	bbox = (663.0000, 814.5000) - (664.5000, 816.0000) on Layer -
violation type: Horizontal congestion
	srcs: net:net1012380 net:net446472 net:net446420 net:net446372 net:net446294 net:net446290 net:net432547 net:net429834 net:net429788 net:net429601 net:net410062 net:net394957 net:net394792 net:net393846 net:net327076 net:net246009 net:net361800 net:net63463 net:net57923 net:net358144 net:net324222 net:net446504 net:net346634 net:net346021 net:net410042 net:net394153 net:net346290 net:net435671 net:net1256288 net:net346649 net:net327085 net:net345079 net:net345803
	comment: capacity:33 usage:34 overflow:1
	bbox = (663.0000, 828.0000) - (664.5000, 829.5000) on Layer -
violation type: Horizontal congestion
	srcs: net:net91024 net:net273097 net:net440662 net:net440139 net:net440087 net:net440023 net:net439924 net:net428018 net:net402700 net:net394982 net:net393097 net:net390517 net:net273520 net:net273115 net:net320381 net:net278305 net:net345401 net:net347449 net:net273148 net:net457853 net:net457764
	comment: capacity:22 usage:23 overflow:1
	bbox = (666.0000, 748.5000) - (667.5000, 750.0000) on Layer -
violation type: Horizontal congestion
	srcs: net:net947396 net:net90494 net:net347028 net:net573652 net:net34736 net:net34301 net:net274322 net:net273217 net:net238171 net:net218951 net:net48343 net:net192674 net:net1159234 net:net324213 net:net348610 net:net346454 net:net33047 net:net346995 net:net346350 net:net361242 net:net345213 net:net1256649 net:net1256280 net:net1256014 net:net1255309 net:net1255205 net:net1163715 net:net345270 net:net209210 net:net346321 net:net345049 net:net345281 net:net346256 net:net347449 net:net346991 net:net327045
	comment: capacity:37 usage:38 overflow:1
	bbox = (666.0000, 1020.0000) - (667.5000, 1021.5000) on Layer -
violation type: Horizontal congestion
	srcs: net:net273097 net:net447008 net:net446481 net:net446449 net:net446418 net:net446397 net:net410034 net:net409972 net:net409967 net:net392584 net:net391244 net:net327608 net:net327596 net:net327589 net:net324771 net:net273864 net:net326840 net:net273172 net:net429419 net:net273177 net:net396862 net:net273516 net:net346146 net:net347442 net:net91045 net:net346659 net:net258433 net:net345079 net:net361879 net:net345783 net:net345479 net:net346804 net:net345453 net:net345703 net:net192770 net:net347125 net:net345944
	comment: capacity:37 usage:38 overflow:1
	bbox = (673.5000, 826.5000) - (675.0000, 828.0000) on Layer -
violation type: Horizontal congestion
	srcs: net:net1012380 net:net539771 net:net446420 net:net446372 net:net429834 net:net429788 net:net429601 net:net410067 net:net410061 net:net394957 net:net394792 net:net393846 net:net391650 net:net391649 net:net327076 net:net361800 net:net57923 net:net324222 net:net446504 net:net430402 net:net346634 net:net346021 net:net273106 net:net396491 net:net410042 net:net394153 net:net346290 net:net344863 net:net361431 net:net273148 net:net345803 net:net347165
	comment: capacity:33 usage:34 overflow:1
	bbox = (675.0000, 828.0000) - (676.5000, 829.5000) on Layer -
violation type: Horizontal congestion
	srcs: net:net435679 net:net435153 net:net435126 net:net435076 net:net434900 net:net434898 net:net434591 net:net434582 net:net434583 net:net434505 net:net434496 net:net434478 net:net434362 net:net430043 net:net429656 net:net429364 net:net425507 net:net421477 net:net403331 net:net400954 net:net400953 net:net394453 net:net327142 net:net326894 net:net326489 net:net320079 net:net278286 net:net434613 net:net434896 net:net361494 net:net324422 net:net435156 net:net248055 net:net324233 net:net348600 net:net92035 net:net347590
	comment: capacity:37 usage:38 overflow:1
	bbox = (676.5000, 804.0000) - (678.0000, 805.5000) on Layer -
violation type: Horizontal congestion
	srcs: net:net550076 net:net436550 net:net436521 net:net436502 net:net429666 net:net420013 net:net411794 net:net410168 net:net409996 net:net409871 net:net400777 net:net397338 net:net397246 net:net396569 net:net396493 net:net320182 net:net244874 net:net69809 net:net327274 net:net396468 net:net393278 net:net327248 net:net436579 net:net1256287 net:net347873 net:net346305 net:net345892 net:net346587 net:net345887 net:net69777 net:net436523 net:net345815 net:net345483 net:net345756 net:net345679 net:net345705 net:net192772
	comment: capacity:37 usage:38 overflow:1
	bbox = (676.5000, 831.0000) - (678.0000, 832.5000) on Layer -
violation type: Horizontal congestion
	srcs: net:net580325 net:net571707 net:net570393 net:net541936 net:net357710 net:net400682 net:net560520 net:net366752 net:net347087 net:net345251 net:net573093 net:net85243 net:net53807 net:net85186 net:net347456 net:net347423 net:net347417 net:net346987 net:net347680 net:net347385 net:net346627 net:net347453
	comment: capacity:22 usage:23 overflow:1
	bbox = (676.5000, 991.5000) - (678.0000, 993.0000) on Layer -
violation type: Horizontal congestion
	srcs: net:net447500 net:net446983 net:net446955 net:net446929 net:net446904 net:net432523 net:net432305 net:net430282 net:net430229 net:net430117 net:net429910 net:net429777 net:net396626 net:net396403 net:net391567 net:net391556 net:net391555 net:net273816 net:net273175 net:net273172 net:net273177 net:net435611 net:net418483 net:net273957 net:net1256288 net:net1256283 net:net53813 net:net392965 net:net346041 net:net345979 net:net366991 net:net347596
	comment: capacity:33 usage:34 overflow:1
	bbox = (678.0000, 819.0000) - (679.5000, 820.5000) on Layer -
violation type: Horizontal congestion
	srcs: net:net447500 net:net446983 net:net446955 net:net446929 net:net446904 net:net432523 net:net432305 net:net430437 net:net430282 net:net430229 net:net430118 net:net430117 net:net429910 net:net429777 net:net396626 net:net396403 net:net391556 net:net327403 net:net282922 net:net273816 net:net273177 net:net435611 net:net418483 net:net273957 net:net1256288 net:net1256283 net:net53813 net:net392965 net:net346041 net:net345979 net:net366991 net:net347129 net:net347596
	comment: capacity:33 usage:34 overflow:1
	bbox = (679.5000, 819.0000) - (681.0000, 820.5000) on Layer -
violation type: Horizontal congestion
	srcs: net:net1012380 net:net539771 net:net446420 net:net446372 net:net429834 net:net429788 net:net429601 net:net410067 net:net394957 net:net394792 net:net393846 net:net391368 net:net391366 net:net327611 net:net361800 net:net57923 net:net63615 net:net324222 net:net446504 net:net273105 net:net273175 net:net430402 net:net346634 net:net346021 net:net410042 net:net394153 net:net2508 net:net344863 net:net361431 net:net345203 net:net345803 net:net199023
	comment: capacity:33 usage:34 overflow:1
	bbox = (679.5000, 828.0000) - (681.0000, 829.5000) on Layer -
violation type: Horizontal congestion
	srcs: net:net437600 net:net437543 net:net435924 net:net434895 net:net421282 net:net421281 net:net421280 net:net416998 net:net416239 net:net415158 net:net409102 net:net393426 net:net327149 net:net326886 net:net326881 net:net326733 net:net326730 net:net244470 net:net192798 net:net324750 net:net437638 net:net210707 net:net63605 net:net225889 net:net217059 net:net438169 net:net394637 net:net248027 net:net1256288 net:net44861 net:net358061 net:net348735 net:net347359 net:net228523 net:net1095096 net:net199022 net:net345832
	comment: capacity:37 usage:38 overflow:1
	bbox = (681.0000, 798.0000) - (682.5000, 799.5000) on Layer -
violation type: Horizontal congestion
	srcs: net:net436613 net:net400794 net:net396199 net:net396015 net:net395481 net:net395480 net:net326538 net:net326532 net:net326417 net:net324711 net:net320105 net:net396961 net:net435641 net:net420945 net:net367483 net:net412613 net:net345052 net:net273181 net:net89235 net:net324443 net:net435671 net:net326523 net:net345367 net:net224177 net:net345377 net:net347802 net:net346282 net:net345162 net:net345977 net:net232898 net:net345160 net:net346222 net:net346841 net:net345805 net:net345504 net:net345639 net:net348699
	comment: capacity:37 usage:38 overflow:1
	bbox = (681.0000, 834.0000) - (682.5000, 835.5000) on Layer -
violation type: Horizontal congestion
	srcs: net:net397372 net:net395950 net:net395944 net:net395869 net:net391701 net:net391693 net:net391692 net:net391407 net:net326868 net:net19291 net:net19283 net:net395976 net:net273115 net:net345170 net:net366717 net:net347808 net:net367286 net:net295118 net:net363849 net:net1255998 net:net348636 net:net347040 net:net345365 net:net344958 net:net239056 net:net91046 net:net358506 net:net345205 net:net223115 net:net347015 net:net346154 net:net346258 net:net264325 net:net345754 net:net255749 net:net346830 net:net345938
	comment: capacity:37 usage:38 overflow:1
	bbox = (681.0000, 843.0000) - (682.5000, 844.5000) on Layer -
violation type: Horizontal congestion
	srcs: net:net576090 net:net573993 net:net535203 net:net535694 net:net535592 net:net535631 net:net535375 net:net535584 net:net535586 net:net535589 net:net535558 net:net346348 net:net346194 net:net345249 net:net345210 net:net345286 net:net345087 net:net345126 net:net347778 net:net348607 net:net347239 net:net75586
	comment: capacity:22 usage:23 overflow:1
	bbox = (681.0000, 919.5000) - (682.5000, 921.0000) on Layer -
violation type: Horizontal congestion
	srcs: net:net391374 net:net390525 net:net326817 net:net324611 net:net324601 net:net84909 net:net320485 net:net435671 net:net85204 net:net326800 net:net298238 net:net345408 net:net345249 net:net346117 net:net346311 net:net346556 net:net345451 net:net345445 net:net345571 net:net346958 net:net202300 net:net347098
	comment: capacity:22 usage:23 overflow:1
	bbox = (682.5000, 838.5000) - (684.0000, 840.0000) on Layer -
violation type: Horizontal congestion
	srcs: net:net396228 net:net395515 net:net395068 net:net395067 net:net396774 net:net273181 net:net320107 net:net320185 net:net346614 net:net324508 net:net346278 net:net345239 net:net346691 net:net346344 net:net344942 net:net346280 net:net61868 net:net346870 net:net346900 net:net345439 net:net345731 net:net347190
	comment: capacity:22 usage:23 overflow:1
	bbox = (682.5000, 847.5000) - (684.0000, 849.0000) on Layer -
violation type: Horizontal congestion
	srcs: net:net552157 net:net551024 net:net395712 net:net395516 net:net395104 net:net395079 net:net394203 net:net390980 net:net203660 net:net219695 net:net65195 net:net287363 net:net273106 net:net69772 net:net273118 net:net347537 net:net361090 net:net357784 net:net239052 net:net320091 net:net324772 net:net232919 net:net345044 net:net347451 net:net347864 net:net361105 net:net346049 net:net347046 net:net361200 net:net346148 net:net346154 net:net345375 net:net346657 net:net361958 net:net346865 net:net348704 net:net347194
	comment: capacity:37 usage:38 overflow:1
	bbox = (682.5000, 849.0000) - (684.0000, 850.5000) on Layer -
violation type: Horizontal congestion
	srcs: net:net569797 net:net535322 net:net369035 net:net535548 net:net535365 net:net535360 net:net535646 net:net535270 net:net535498 net:net535526 net:net535255 net:net535366 net:net535458 net:net535374 net:net535631 net:net535601 net:net535375 net:net535577 net:net535573 net:net347796 net:net347655 net:net348737 net:net346589 net:net62015 net:net224894 net:net298242 net:net346318 net:net346416 net:net346082 net:net346841 net:net345483 net:net346810 net:net345540 net:net345742 net:net345701 net:net348460 net:net347583
	comment: capacity:37 usage:38 overflow:1
	bbox = (682.5000, 939.0000) - (684.0000, 940.5000) on Layer -
violation type: Horizontal congestion
	srcs: net:net569273 net:net536833 net:net536831 net:net345379 net:net535604 net:net345170 net:net347398 net:net347425 net:net357588 net:net346661 net:net346995 net:net535366 net:net535586 net:net535588 net:net535583 net:net345192 net:net345394 net:net346342 net:net346589 net:net59206 net:net346377 net:net265862 net:net347356 net:net346216 net:net346148 net:net361958 net:net346834 net:net345666 net:net347098 net:net347129 net:net347161 net:net347157 net:net347187
	comment: capacity:33 usage:34 overflow:1
	bbox = (682.5000, 963.0000) - (684.0000, 964.5000) on Layer -
violation type: Horizontal congestion
	srcs: net:net446879 net:net446418 net:net429331 net:net396807 net:net396804 net:net396803 net:net396516 net:net396515 net:net396399 net:net395030 net:net393724 net:net327165 net:net324732 net:net244874 net:net228994 net:net273922 net:net274208 net:net273712 net:net273175 net:net273153 net:net273172 net:net367454 net:net273106 net:net274049 net:net324704 net:net432434 net:net273900 net:net274211 net:net271806 net:net347068 net:net320064 net:net345979 net:net345241 net:net274454 net:net348709 net:net244489
	comment: capacity:37 usage:38 overflow:1
	bbox = (684.0000, 817.5000) - (685.5000, 819.0000) on Layer -
violation type: Horizontal congestion
	srcs: net:net394830 net:net391374 net:net390525 net:net326817 net:net324611 net:net324601 net:net84909 net:net320485 net:net435671 net:net85204 net:net326800 net:net298238 net:net345408 net:net345249 net:net346117 net:net346556 net:net345451 net:net345445 net:net345571 net:net346958 net:net202300 net:net347098
	comment: capacity:22 usage:23 overflow:1
	bbox = (684.0000, 838.5000) - (685.5000, 840.0000) on Layer -
violation type: Horizontal congestion
	srcs: net:net571491 net:net570665 net:net535742 net:net535735 net:net535716 net:net535563 net:net391067 net:net348574 net:net361495 net:net535523 net:net535545 net:net535493 net:net535449 net:net535558 net:net535556 net:net535583 net:net232919 net:net347388 net:net346987 net:net346719 net:net347077 net:net345276 net:net344999 net:net347837 net:net348662 net:net348739 net:net59185 net:net345449 net:net345703 net:net345731 net:net347190 net:net345856 net:net345946
	comment: capacity:33 usage:34 overflow:1
	bbox = (684.0000, 936.0000) - (685.5000, 937.5000) on Layer -
violation type: Horizontal congestion
	srcs: net:net446879 net:net446418 net:net429331 net:net396925 net:net396919 net:net396830 net:net396829 net:net396807 net:net396804 net:net396803 net:net396516 net:net396515 net:net396399 net:net395030 net:net393724 net:net327165 net:net324732 net:net244874 net:net228994 net:net273922 net:net273712 net:net273153 net:net273172 net:net367454 net:net273106 net:net324704 net:net432434 net:net274211 net:net271806 net:net347068 net:net320064 net:net346072 net:net345979 net:net345241 net:net274454 net:net348709 net:net244489
	comment: capacity:37 usage:39 overflow:2
	bbox = (685.5000, 817.5000) - (687.0000, 819.0000) on Layer -
violation type: Horizontal congestion
	srcs: net:net977558 net:net954278 net:net432432 net:net430251 net:net429685 net:net425000 net:net411735 net:net409976 net:net409751 net:net409584 net:net395913 net:net395906 net:net395905 net:net395903 net:net392743 net:net391260 net:net69595 net:net298264 net:net360661 net:net433095 net:net326550 net:net324213 net:net432464 net:net345900 net:net63443 net:net419255 net:net346276 net:net326523 net:net346316 net:net346620 net:net345887 net:net327045 net:net345544 net:net346902 net:net345516
	comment: capacity:37 usage:38 overflow:1
	bbox = (685.5000, 822.0000) - (687.0000, 823.5000) on Layer -
violation type: Horizontal congestion
	srcs: net:net437160 net:net437158 net:net436603 net:net436393 net:net411795 net:net397337 net:net397334 net:net396195 net:net396191 net:net396024 net:net391756 net:net273174 net:net19293 net:net273115 net:net276984 net:net396958 net:net273105 net:net273175 net:net326453 net:net274012 net:net324434 net:net391593 net:net346125 net:net347411 net:net347768 net:net345111 net:net345897 net:net345346 net:net246810 net:net345119 net:net347328 net:net232898 net:net230321 net:net347804 net:net345483 net:net345471 net:net346828
	comment: capacity:37 usage:39 overflow:2
	bbox = (685.5000, 832.5000) - (687.0000, 834.0000) on Layer -
violation type: Horizontal congestion
	srcs: net:net552157 net:net551024 net:net395104 net:net395073 net:net395072 net:net395069 net:net394204 net:net390980 net:net390675 net:net203660 net:net65195 net:net273184 net:net287363 net:net273106 net:net69772 net:net204018 net:net361090 net:net367286 net:net357784 net:net273121 net:net239052 net:net320091 net:net324772 net:net345077 net:net232919 net:net345044 net:net347864 net:net346049 net:net361200 net:net346148 net:net346154 net:net345375 net:net345283 net:net346657 net:net361958 net:net346865 net:net347194
	comment: capacity:37 usage:38 overflow:1
	bbox = (685.5000, 849.0000) - (687.0000, 850.5000) on Layer -
violation type: Horizontal congestion
	srcs: net:net535555 net:net535254 net:net357638 net:net535564 net:net2560 net:net535270 net:net535562 net:net535546 net:net535631 net:net535561 net:net535603 net:net535558 net:net535556 net:net535559 net:net299219 net:net345030 net:net91046 net:net91045 net:net346348 net:net345007 net:net347361 net:net346587 net:net346985 net:net344940 net:net348604 net:net347271 net:net345514 net:net345547 net:net345486 net:net346757 net:net345703 net:net345705 net:net2563 net:net348463 net:net192772 net:net347108 net:net244487
	comment: capacity:37 usage:38 overflow:1
	bbox = (685.5000, 967.5000) - (687.0000, 969.0000) on Layer -
violation type: Horizontal congestion
	srcs: net:net1002208 net:net581696 net:net581695 net:net580975 net:net556538 net:net543237 net:net535964 net:net535190 net:net273187 net:net560520 net:net535366 net:net53669 net:net53672 net:net53675 net:net53681 net:net53690 net:net53795 net:net345237 net:net345394 net:net345111 net:net345249 net:net347361 net:net299234 net:net257643 net:net250569 net:net347388 net:net232898 net:net346620 net:net347446 net:net346587 net:net347074 net:net224524 net:net269093 net:net361518 net:net345506 net:net69741 net:net358187
	comment: capacity:37 usage:38 overflow:1
	bbox = (685.5000, 988.5000) - (687.0000, 990.0000) on Layer -
violation type: Horizontal congestion
	srcs: net:net960599 net:net446768 net:net436502 net:net435662 net:net397180 net:net397088 net:net397089 net:net396903 net:net396600 net:net395311 net:net395297 net:net391103 net:net390874 net:net390873 net:net327170 net:net326904 net:net326509 net:net326446 net:net230308 net:net230306 net:net203726 net:net327056 net:net273911 net:net273105 net:net273106 net:net273177 net:net324674 net:net327134 net:net273773 net:net347423 net:net348602 net:net346507 net:net274035 net:net202302 net:net345599 net:net347165
	comment: capacity:37 usage:38 overflow:1
	bbox = (687.0000, 813.0000) - (688.5000, 814.5000) on Layer -
violation type: Horizontal congestion
	srcs: net:net394830 net:net391369 net:net390532 net:net390525 net:net324611 net:net324601 net:net84909 net:net320485 net:net435671 net:net85204 net:net298238 net:net345408 net:net345249 net:net346117 net:net346556 net:net345451 net:net345571 net:net346958 net:net202300 net:net347098 net:net347163 net:net345936
	comment: capacity:22 usage:23 overflow:1
	bbox = (687.0000, 838.5000) - (688.5000, 840.0000) on Layer -
violation type: Horizontal congestion
	srcs: net:net552157 net:net551024 net:net395104 net:net395076 net:net395075 net:net395072 net:net395071 net:net394204 net:net390675 net:net390669 net:net203660 net:net65195 net:net273184 net:net287363 net:net273106 net:net69772 net:net204018 net:net361090 net:net367286 net:net357784 net:net273121 net:net239052 net:net320091 net:net324772 net:net345077 net:net232919 net:net345044 net:net347864 net:net346049 net:net361200 net:net346154 net:net345375 net:net345283 net:net346657 net:net361958 net:net346865 net:net347194
	comment: capacity:37 usage:38 overflow:1
	bbox = (687.0000, 849.0000) - (688.5000, 850.5000) on Layer -
violation type: Horizontal congestion
	srcs: net:net551262 net:net538236 net:net395977 net:net395975 net:net395630 net:net347277 net:net273115 net:net347338 net:net391015 net:net348610 net:net347305 net:net65196 net:net347671 net:net347319 net:net347321 net:net347293 net:net347806 net:net348571 net:net348494 net:net348660 net:net346512 net:net324779 net:net345890 net:net346707 net:net348484 net:net347798 net:net347657 net:net346717 net:net320311 net:net347837 net:net346480 net:net361061 net:net346968 net:net346895 net:net358197 net:net348702 net:net347558
	comment: capacity:37 usage:38 overflow:1
	bbox = (687.0000, 867.0000) - (688.5000, 868.5000) on Layer -
violation type: Horizontal congestion
	srcs: net:net537846 net:net535660 net:net222694 net:net535548 net:net535366 net:net535496 net:net535410 net:net535406 net:net535561 net:net535584 net:net535589 net:net346218 net:net345401 net:net345344 net:net345243 net:net345307 net:net345695 net:net199023 net:net199022 net:net347132 net:net347560 net:net347562
	comment: capacity:22 usage:23 overflow:1
	bbox = (687.0000, 928.5000) - (688.5000, 930.0000) on Layer -
violation type: Horizontal congestion
	srcs: net:net569779 net:net535750 net:net535714 net:net535592 net:net535502 net:net535234 net:net535586 net:net535606 net:net535558 net:net535576 net:net535583 net:net535509 net:net535559 net:net535573 net:net326573 net:net345977 net:net345241 net:net345369 net:net224894 net:net345669 net:net244489
	comment: capacity:22 usage:23 overflow:1
	bbox = (687.0000, 937.5000) - (688.5000, 939.0000) on Layer -
violation type: Horizontal congestion
	srcs: net:net63629 net:net442577 net:net442513 net:net442433 net:net439168 net:net439054 net:net438943 net:net436174 net:net400409 net:net391422 net:net391177 net:net214058 net:net391058 net:net273172 net:net190132 net:net429419 net:net439055 net:net345083 net:net345116 net:net92042 net:net390744 net:net390935
	comment: capacity:22 usage:23 overflow:1
	bbox = (688.5000, 766.5000) - (690.0000, 768.0000) on Layer -
violation type: Horizontal congestion
	srcs: net:net956430 net:net451322 net:net450799 net:net450688 net:net434110 net:net433561 net:net433463 net:net433435 net:net433338 net:net432982 net:net432573 net:net406408 net:net395629 net:net393386 net:net364367 net:net324683 net:net244428 net:net224884 net:net224883 net:net224882 net:net202847 net:net199528 net:net433552 net:net327116 net:net252771 net:net433342 net:net63443 net:net246042 net:net239518 net:net348476 net:net348742 net:net346011 net:net347044 net:net347271 net:net273148 net:net1122016
	comment: capacity:37 usage:38 overflow:1
	bbox = (688.5000, 787.5000) - (690.0000, 789.0000) on Layer -
violation type: Horizontal congestion
	srcs: net:net579964 net:net536390 net:net536389 net:net536387 net:net535555 net:net535448 net:net357638 net:net535585 net:net357586 net:net370653 net:net346661 net:net346995 net:net345289 net:net344950 net:net535323 net:net535546 net:net535490 net:net535442 net:net535441 net:net535586 net:net535606 net:net535558 net:net535576 net:net535588 net:net535583 net:net44884 net:net346348 net:net346321 net:net346122 net:net348665 net:net347361 net:net346631 net:net347423 net:net345476 net:net347106 net:net347593 net:net345858
	comment: capacity:37 usage:38 overflow:1
	bbox = (688.5000, 930.0000) - (690.0000, 931.5000) on Layer -
violation type: Horizontal congestion
	srcs: net:net557129 net:net557128 net:net557098 net:net369035 net:net535585 net:net535365 net:net535360 net:net2560 net:net535646 net:net535270 net:net535498 net:net535526 net:net535255 net:net535366 net:net535458 net:net535631 net:net535601 net:net535449 net:net535574 net:net348737 net:net347046 net:net344942 net:net361200 net:net62015 net:net298242 net:net346318 net:net346154 net:net346991 net:net346688 net:net347022 net:net361435 net:net346841 net:net345483 net:net345742 net:net345701 net:net345695 net:net348460
	comment: capacity:37 usage:38 overflow:1
	bbox = (688.5000, 939.0000) - (690.0000, 940.5000) on Layer -
violation type: Horizontal congestion
	srcs: net:net1002437 net:net962794 net:net457882 net:net457772 net:net457744 net:net457742 net:net457677 net:net457674 net:net457668 net:net447877 net:net439645 net:net439567 net:net428521 net:net419247 net:net391152 net:net273147 net:net202841 net:net326505 net:net190135 net:net345351 net:net345049 net:net346631 net:net345162 net:net346416 net:net326900 net:net326898 net:net439575 net:net345542 net:net457796 net:net345540 net:net345531 net:net345610 net:net390816 net:net348460
	comment: capacity:37 usage:38 overflow:1
	bbox = (690.0000, 754.5000) - (691.5000, 756.0000) on Layer -
violation type: Horizontal congestion
	srcs: net:net523843 net:net397211 net:net396311 net:net393621 net:net393600 net:net393599 net:net393578 net:net391570 net:net69820 net:net84927 net:net396312 net:net273115 net:net397150 net:net324909 net:net347459 net:net357588 net:net346734 net:net347379 net:net348665 net:net320365 net:net250569 net:net267524 net:net246043 net:net346991 net:net345005 net:net344946 net:net61877 net:net48264 net:net345779 net:net345489 net:net345738 net:net347190
	comment: capacity:33 usage:34 overflow:1
	bbox = (690.0000, 855.0000) - (691.5000, 856.5000) on Layer -
violation type: Horizontal congestion
	srcs: net:net576083 net:net537239 net:net536703 net:net535684 net:net357736 net:net535600 net:net535599 net:net535407 net:net535389 net:net535517 net:net535527 net:net535490 net:net535603 net:net535584 net:net535509 net:net347440 net:net281842 net:net345341 net:net230321 net:net345439 net:net345719 net:net348434
	comment: capacity:22 usage:23 overflow:1
	bbox = (690.0000, 946.5000) - (691.5000, 948.0000) on Layer -
violation type: Horizontal congestion
	srcs: net:net1002207 net:net545047 net:net544869 net:net544229 net:net324587 net:net273187 net:net435641 net:net273191 net:net412613 net:net74442 net:net89235 net:net571709 net:net578432 net:net62926 net:net573093 net:net1281903 net:net1281901 net:net581193 net:net53687 net:net53693 net:net60581 net:net347379 net:net347440 net:net283009 net:net345192 net:net345239 net:net271421 net:net320307 net:net59206 net:net346987 net:net346657 net:net347050 net:net55876
	comment: capacity:33 usage:34 overflow:1
	bbox = (690.0000, 990.0000) - (691.5000, 991.5000) on Layer -
violation type: Horizontal congestion
	srcs: net:net92031 net:net450303 net:net450143 net:net442985 net:net437664 net:net437134 net:net437110 net:net437022 net:net394945 net:net394780 net:net393557 net:net392714 net:net246365 net:net239517 net:net246038 net:net450328 net:net326505 net:net324678 net:net324679 net:net360833 net:net360517 net:net190134 net:net324680 net:net345109 net:net347500 net:net347494 net:net346682 net:net283799 net:net239512
	comment: capacity:37 usage:38 overflow:1
	bbox = (691.5000, 772.5000) - (693.0000, 774.0000) on Layer -
violation type: Horizontal congestion
	srcs: net:net576726 net:net537846 net:net536400 net:net536365 net:net535660 net:net346420 net:net535405 net:net357784 net:net535366 net:net535496 net:net535410 net:net535584 net:net535589 net:net535588 net:net345897 net:net345344 net:net345243 net:net345307 net:net347325 net:net199023 net:net347108 net:net347560
	comment: capacity:22 usage:23 overflow:1
	bbox = (691.5000, 928.5000) - (693.0000, 930.0000) on Layer -
violation type: Horizontal congestion
	srcs: net:net437583 net:net437518 net:net426698 net:net426302 net:net421280 net:net420124 net:net416297 net:net412386 net:net409144 net:net396259 net:net396255 net:net327257 net:net326971 net:net326969 net:net326884 net:net244882 net:net230319 net:net214042 net:net432501 net:net273175 net:net346634 net:net400979 net:net273106 net:net273177 net:net248027 net:net326570 net:net44881 net:net347845 net:net348728 net:net358057 net:net346587 net:net347453 net:net85213 net:net437602
	comment: capacity:37 usage:38 overflow:1
	bbox = (693.0000, 796.5000) - (694.5000, 798.0000) on Layer -
violation type: Horizontal congestion
	srcs: net:net539767 net:net396287 net:net391263 net:net390539 net:net390532 net:net326821 net:net324639 net:net324623 net:net324607 net:net324590 net:net324528 net:net320569 net:net367162 net:net324593 net:net273177 net:net390536 net:net346661 net:net327729 net:net1256286 net:net1256085 net:net326800 net:net211585 net:net211583 net:net346418 net:net345087 net:net224524 net:net219344 net:net263742 net:net345781 net:net345443 net:net346806 net:net345533 net:net345770 net:net345616 net:net345858 net:net345850
	comment: capacity:37 usage:38 overflow:1
	bbox = (693.0000, 840.0000) - (694.5000, 841.5000) on Layer -
violation type: Horizontal congestion
	srcs: net:net550076 net:net401027 net:net397212 net:net327366 net:net357638 net:net358540 net:net396364 net:net273106 net:net48262 net:net392944 net:net69839 net:net344950 net:net395704 net:net84926 net:net327367 net:net345111 net:net324502 net:net348665 net:net347868 net:net347025 net:net347456 net:net232917 net:net265862 net:net346148 net:net345307 net:net346410 net:net346474 net:net318430 net:net320173 net:net346053 net:net345447 net:net267064 net:net345645 net:net345727 net:net345740 net:net345854
	comment: capacity:37 usage:38 overflow:1
	bbox = (693.0000, 853.5000) - (694.5000, 855.0000) on Layer -
violation type: Horizontal congestion
	srcs: net:net576726 net:net537846 net:net536385 net:net536386 net:net536380 net:net535541 net:net535605 net:net346420 net:net345950 net:net535405 net:net346197 net:net345213 net:net535234 net:net535366 net:net535601 net:net535496 net:net535556 net:net535588 net:net345897 net:net345344 net:net345307 net:net347142
	comment: capacity:22 usage:23 overflow:1
	bbox = (693.0000, 928.5000) - (694.5000, 930.0000) on Layer -
violation type: Horizontal congestion
	srcs: net:net543835 net:net535446 net:net535300 net:net535277 net:net535221 net:net535828 net:net347241 net:net347884 net:net535367 net:net346547 net:net535368 net:net535273 net:net2573 net:net273612 net:net535518 net:net535443 net:net347258 net:net347782 net:net346550 net:net283007 net:net269297 net:net324474 net:net320356 net:net346039 net:net345311 net:net345245 net:net345083 net:net346154 net:net69779 net:net345502 net:net345676 net:net345691 net:net345936
	comment: capacity:33 usage:34 overflow:1
	bbox = (693.0000, 954.0000) - (694.5000, 955.5000) on Layer -
violation type: Horizontal congestion
	srcs: net:net539767 net:net396287 net:net391263 net:net390539 net:net390532 net:net324639 net:net324623 net:net324622 net:net324607 net:net324590 net:net324539 net:net324528 net:net324293 net:net367162 net:net324593 net:net346661 net:net273118 net:net273181 net:net327729 net:net1256286 net:net1256085 net:net326800 net:net211585 net:net211583 net:net346418 net:net345087 net:net224524 net:net219344 net:net263742 net:net345781 net:net345443 net:net346806 net:net345533 net:net345770 net:net345616 net:net345858
	comment: capacity:37 usage:38 overflow:1
	bbox = (694.5000, 840.0000) - (696.0000, 841.5000) on Layer -
violation type: Horizontal congestion
	srcs: net:net390671 net:net326421 net:net326407 net:net324876 net:net324829 net:net273083 net:net63454 net:net390536 net:net320107 net:net273991 net:net324508 net:net345001 net:net344942 net:net346280 net:net345005 net:net347081 net:net61868 net:net346870 net:net346900 net:net345439 net:net345731
	comment: capacity:22 usage:23 overflow:1
	bbox = (694.5000, 847.5000) - (696.0000, 849.0000) on Layer -
violation type: Horizontal congestion
	srcs: net:net397212 net:net391003 net:net327366 net:net357638 net:net358540 net:net360661 net:net396364 net:net273106 net:net274049 net:net48262 net:net392944 net:net69839 net:net344950 net:net395704 net:net84926 net:net327367 net:net345111 net:net324502 net:net348665 net:net347868 net:net347025 net:net347456 net:net232917 net:net265862 net:net346148 net:net345307 net:net346410 net:net346474 net:net318430 net:net320173 net:net346053 net:net345447 net:net267064 net:net345645 net:net345727 net:net345740
	comment: capacity:37 usage:38 overflow:1
	bbox = (694.5000, 853.5000) - (696.0000, 855.0000) on Layer -
violation type: Horizontal congestion
	srcs: net:net576761 net:net557114 net:net557113 net:net535254 net:net391067 net:net535233 net:net535366 net:net535213 net:net535602 net:net535355 net:net535601 net:net345334 net:net345156 net:net345109 net:net346406 net:net346278 net:net346338 net:net347070 net:net346369 net:net345007 net:net346342 net:net345371 net:net345203 net:net346412 net:net345162 net:net346346 net:net345375 net:net345348 net:net345247 net:net345283 net:net345313 net:net345085 net:net345046 net:net345005 net:net345166 net:net345123 net:net347271
	comment: capacity:37 usage:38 overflow:1
	bbox = (696.0000, 922.5000) - (697.5000, 924.0000) on Layer -
violation type: Horizontal congestion
	srcs: net:net446983 net:net446955 net:net446904 net:net436550 net:net432523 net:net432305 net:net430232 net:net429777 net:net429628 net:net396807 net:net396519 net:net396403 net:net396402 net:net395564 net:net391428 net:net327404 net:net326532 net:net324771 net:net324732 net:net217106 net:net273115 net:net273106 net:net273177 net:net273957 net:net1256283 net:net345303 net:net346041 net:net346316 net:net346441 net:net347866 net:net347129 net:net347197
	comment: capacity:33 usage:34 overflow:1
	bbox = (699.0000, 819.0000) - (700.5000, 820.5000) on Layer -
violation type: Horizontal congestion
	srcs: net:net538084 net:net533596 net:net60632 net:net89249 net:net347277 net:net357710 net:net535322 net:net347870 net:net91485 net:net527487 net:net358138 net:net367534 net:net388286 net:net346520 net:net527488 net:net361677 net:net370653 net:net367286 net:net345411 net:net535562 net:net535406 net:net535559 net:net358436 net:net346418 net:net346019 net:net345403 net:net345281 net:net345044 net:net345279 net:net346476 net:net348732 net:net2517 net:net2561 net:net55876 net:net345662 net:net345645
	comment: capacity:37 usage:38 overflow:1
	bbox = (718.5000, 931.5000) - (720.0000, 933.0000) on Layer -
violation type: Horizontal congestion
	srcs: net:net570649 net:net347235 net:net347219 net:net74493 net:net91496 net:net217106 net:net298247 net:net219695 net:net361448 net:net203615 net:net287363 net:net320060 net:net63466 net:net320081 net:net317819 net:net295118 net:net320185 net:net227394 net:net535524 net:net535606 net:net89908 net:net347218 net:net320358 net:net324502 net:net318433 net:net320176 net:net320372 net:net208244 net:net55874 net:net346844 net:net345516 net:net345643 net:net345676 net:net345703 net:net69741 net:net348449
	comment: capacity:37 usage:38 overflow:1
	bbox = (718.5000, 934.5000) - (720.0000, 936.0000) on Layer -
violation type: Horizontal congestion
	srcs: net:net347028 net:net393605 net:net391565 net:net391564 net:net391187 net:net327374 net:net327373 net:net327372 net:net327232 net:net326676 net:net390536 net:net273181 net:net53762 net:net346106 net:net346715 net:net346616 net:net347353 net:net345158 net:net347050 net:net345504 net:net347139
	comment: capacity:22 usage:23 overflow:1
	bbox = (720.0000, 856.5000) - (721.5000, 858.0000) on Layer -
violation type: Horizontal congestion
	srcs: net:net538086 net:net538085 net:net536882 net:net533596 net:net60632 net:net89249 net:net347277 net:net357710 net:net535322 net:net347870 net:net91485 net:net527487 net:net367534 net:net346520 net:net527488 net:net370653 net:net345052 net:net367286 net:net345411 net:net535562 net:net535234 net:net535406 net:net535559 net:net358436 net:net346418 net:net346019 net:net345403 net:net345044 net:net345279 net:net346476 net:net348732 net:net2517 net:net2561 net:net55876 net:net345662 net:net345645
	comment: capacity:37 usage:38 overflow:1
	bbox = (720.0000, 931.5000) - (721.5000, 933.0000) on Layer -
violation type: Horizontal congestion
	srcs: net:net570649 net:net570641 net:net347220 net:net347219 net:net91496 net:net60612 net:net217106 net:net298247 net:net219695 net:net361448 net:net203615 net:net287363 net:net320060 net:net63466 net:net320081 net:net317819 net:net295118 net:net320185 net:net227394 net:net535524 net:net89908 net:net347218 net:net320358 net:net324502 net:net318433 net:net320176 net:net320372 net:net208244 net:net55874 net:net346844 net:net345516 net:net345643 net:net345676 net:net345703 net:net69741 net:net348449
	comment: capacity:37 usage:38 overflow:1
	bbox = (720.0000, 934.5000) - (721.5000, 936.0000) on Layer -
violation type: Horizontal congestion
	srcs: net:net538086 net:net538085 net:net538089 net:net536882 net:net533596 net:net60632 net:net89249 net:net345317 net:net357710 net:net535322 net:net535604 net:net347241 net:net347870 net:net91485 net:net527487 net:net367534 net:net346520 net:net527488 net:net370653 net:net345052 net:net367286 net:net345411 net:net535562 net:net535234 net:net535406 net:net535559 net:net358436 net:net346019 net:net345044 net:net346476 net:net344999 net:net348732 net:net2561 net:net55876 net:net345662 net:net345645
	comment: capacity:37 usage:38 overflow:1
	bbox = (721.5000, 931.5000) - (723.0000, 933.0000) on Layer -
violation type: Horizontal congestion
	srcs: net:net537933 net:net536969 net:net536970 net:net536968 net:net535605 net:net367595 net:net63466 net:net535212 net:net357588 net:net74481 net:net535342 net:net535374 net:net345109 net:net346278 net:net346585 net:net347413 net:net346678 net:net347011 net:net320066 net:net239056 net:net346156 net:net326573 net:net346482 net:net345203 net:net345162 net:net346374 net:net347770 net:net346286 net:net224524 net:net246043 net:net346991 net:net346381 net:net347271 net:net346908 net:net345756 net:net347629 net:net357556
	comment: capacity:37 usage:38 overflow:1
	bbox = (724.5000, 922.5000) - (726.0000, 924.0000) on Layer -
violation type: Horizontal congestion
	srcs: net:net943553 net:net91462 net:net442548 net:net442460 net:net438955 net:net402758 net:net402757 net:net402755 net:net402603 net:net399516 net:net399407 net:net399264 net:net399263 net:net399253 net:net394951 net:net393562 net:net273172 net:net324401 net:net190133 net:net190135 net:net438591 net:net392566 net:net239518 net:net239514 net:net394785 net:net439106 net:net347709 net:net347705 net:net347703 net:net347737
	comment: capacity:33 usage:35 overflow:2
	bbox = (727.5000, 765.0000) - (729.0000, 766.5000) on Layer -
violation type: Horizontal congestion
	srcs: net:net91462 net:net442548 net:net442460 net:net438955 net:net399516 net:net399407 net:net399264 net:net399255 net:net399256 net:net394951 net:net393562 net:net324400 net:net273172 net:net326505 net:net324401 net:net228530 net:net190133 net:net190135 net:net438591 net:net392566 net:net239518 net:net239514 net:net326899 net:net394785 net:net439106 net:net347709 net:net347705 net:net347703 net:net347737
	comment: capacity:33 usage:38 overflow:5
	bbox = (729.0000, 765.0000) - (730.5000, 766.5000) on Layer -
violation type: Horizontal congestion
	srcs: net:net444019 net:net443471 net:net394620 net:net393677 net:net393098 net:net392803 net:net392787 net:net393379 net:net345009 net:net324679 net:net394628 net:net345289 net:net394268 net:net324680 net:net239514 net:net347478 net:net344863 net:net345303 net:net344938 net:net344997 net:net345305 net:net345311 net:net345307 net:net344940 net:net345313 net:net345005 net:net326900 net:net326899 net:net399296
	comment: capacity:33 usage:34 overflow:1
	bbox = (730.5000, 747.0000) - (732.0000, 748.5000) on Layer -
violation type: Horizontal congestion
	srcs: net:net457677 net:net457674 net:net457668 net:net450799 net:net442433 net:net439607 net:net403060 net:net276974 net:net434613 net:net326505 net:net190132 net:net228530 net:net239585 net:net394153 net:net346713 net:net345880 net:net345351 net:net345049 net:net346631 net:net345344 net:net326900 net:net283799 net:net228528 net:net442367 net:net439575 net:net345542 net:net345531 net:net390816 net:net361126 net:net348460 net:net348434
	comment: capacity:37 usage:38 overflow:1
	bbox = (730.5000, 754.5000) - (732.0000, 756.0000) on Layer -
violation type: Horizontal congestion
	srcs: net:net443864 net:net443471 net:net394620 net:net393677 net:net393098 net:net392803 net:net392787 net:net393379 net:net345009 net:net190132 net:net324678 net:net324679 net:net394628 net:net345289 net:net394268 net:net324680 net:net239514 net:net347478 net:net344863 net:net345303 net:net344938 net:net344997 net:net345305 net:net345311 net:net344940 net:net345313 net:net345005 net:net326900 net:net326899
	comment: capacity:33 usage:36 overflow:3
	bbox = (732.0000, 747.0000) - (733.5000, 748.5000) on Layer -
violation type: Horizontal congestion
	srcs: net:net458864 net:net458863 net:net458862 net:net458328 net:net458300 net:net458247 net:net458220 net:net458158 net:net438646 net:net438620 net:net429844 net:net360787 net:net326390 net:net246038 net:net438434 net:net190132 net:net239584 net:net239585 net:net190133 net:net239518 net:net345408 net:net326900 net:net345512 net:net345807 net:net345506 net:net345805 net:net345504 net:net345502 net:net361128 net:net357646 net:net348453 net:net347715
	comment: capacity:37 usage:40 overflow:3
	bbox = (732.0000, 760.5000) - (733.5000, 762.0000) on Layer -
violation type: Horizontal congestion
	srcs: net:net442513 net:net439681 net:net439139 net:net439081 net:net439062 net:net439035 net:net438970 net:net438971 net:net438956 net:net400409 net:net394439 net:net390510 net:net391058 net:net324401 net:net228530 net:net239514 net:net345111 net:net345367 net:net345116 net:net346651
	comment: capacity:22 usage:23 overflow:1
	bbox = (732.0000, 766.5000) - (733.5000, 768.0000) on Layer -
violation type: Horizontal congestion
	srcs: net:net392711 net:net390497 net:net390498 net:net390494 net:net390487 net:net390446 net:net231554 net:net239589 net:net246037 net:net360573 net:net326505 net:net324679 net:net361698 net:net392516 net:net358566 net:net324680 net:net346278 net:net346649 net:net345077 net:net345083 net:net345121 net:net346655 net:net345369 net:net318430 net:net283799 net:net228528 net:net346844 net:net345510 net:net393271 net:net442486 net:net345817
	comment: capacity:37 usage:38 overflow:1
	bbox = (732.0000, 768.0000) - (733.5000, 769.5000) on Layer -
violation type: Horizontal congestion
	srcs: net:net1250136 net:net450626 net:net433067 net:net432921 net:net429761 net:net390827 net:net326886 net:net324507 net:net246389 net:net230975 net:net55881 net:net214055 net:net239589 net:net432501 net:net230405 net:net230334 net:net326505 net:net74440 net:net74442 net:net92054 net:net230977 net:net63608 net:net346009 net:net59204 net:net347359 net:net347271 net:net326900 net:net326899 net:net326898 net:net390826 net:net1080622 net:net347562
	comment: capacity:37 usage:38 overflow:1
	bbox = (732.0000, 786.0000) - (733.5000, 787.5000) on Layer -
violation type: Horizontal congestion
	srcs: net:net451333 net:net450625 net:net434119 net:net433561 net:net433435 net:net432573 net:net429584 net:net393156 net:net326562 net:net324814 net:net243177 net:net230333 net:net246037 net:net203217 net:net393117 net:net324679 net:net252771 net:net230335 net:net433342 net:net63460 net:net246042 net:net324680 net:net239525 net:net239577 net:net346647 net:net346019 net:net347456 net:net348742 net:net346017 net:net239512 net:net1122016 net:net402867
	comment: capacity:37 usage:38 overflow:1
	bbox = (732.0000, 787.5000) - (733.5000, 789.0000) on Layer -
violation type: Horizontal congestion
	srcs: net:net452687 net:net452610 net:net445928 net:net432851 net:net402454 net:net394998 net:net392897 net:net65223 net:net326390 net:net324400 net:net324401 net:net324403 net:net190135 net:net324402 net:net347214 net:net361059 net:net239513 net:net456917 net:net399642 net:net399399 net:net393062 net:net361077 net:net393448 net:net347194 net:net347192 net:net347586 net:net392455 net:net347583 net:net452092 net:net452018 net:net452709
	comment: capacity:37 usage:38 overflow:1
	bbox = (733.5000, 705.0000) - (735.0000, 706.5000) on Layer -
violation type: Horizontal congestion
	srcs: net:net443864 net:net443471 net:net394620 net:net393677 net:net393099 net:net392803 net:net392787 net:net393379 net:net345009 net:net190132 net:net324678 net:net324679 net:net190133 net:net394628 net:net345289 net:net190134 net:net394268 net:net347478 net:net344863 net:net345303 net:net344938 net:net344997 net:net345305 net:net345311 net:net344940 net:net345313 net:net345005 net:net326900 net:net326899
	comment: capacity:33 usage:36 overflow:3
	bbox = (733.5000, 747.0000) - (735.0000, 748.5000) on Layer -
violation type: Horizontal congestion
	srcs: net:net450625 net:net441025 net:net433881 net:net246394 net:net243165 net:net326390 net:net239584 net:net392308 net:net190134 net:net1255146 net:net344942 net:net348732 net:net347044 net:net239513 net:net345514 net:net346837 net:net456347 net:net399227 net:net393062
	comment: capacity:22 usage:23 overflow:1
	bbox = (733.5000, 784.5000) - (735.0000, 786.0000) on Layer -
violation type: Horizontal congestion
	srcs: net:net436118 net:net436007 net:net434995 net:net433492 net:net429309 net:net429258 net:net395020 net:net393993 net:net393110 net:net392734 net:net392727 net:net230669 net:net219696 net:net239589 net:net219695 net:net69217 net:net228530 net:net230976 net:net346597 net:net324680 net:net347845 net:net347068 net:net346591 net:net345925 net:net347297 net:net267962 net:net346587 net:net346991 net:net283799 net:net345631 net:net347550
	comment: capacity:33 usage:35 overflow:2
	bbox = (733.5000, 792.0000) - (735.0000, 793.5000) on Layer -
violation type: Horizontal congestion
	srcs: net:net436088 net:net435926 net:net394676 net:net393387 net:net392723 net:net390974 net:net364262 net:net34237 net:net326571 net:net324752 net:net287355 net:net244884 net:net230320 net:net230322 net:net224895 net:net219716 net:net239584 net:net281836 net:net190133 net:net345900 net:net345917 net:net345919 net:net229842 net:net347274 net:net271421 net:net268084 net:net346478 net:net324777 net:net345921 net:net348739 net:net347271 net:net298332 net:net436143 net:net1095096 net:net399273 net:net347707
	comment: capacity:37 usage:38 overflow:1
	bbox = (733.5000, 795.0000) - (735.0000, 796.5000) on Layer -
violation type: Horizontal congestion
	srcs: net:net1073851 net:net435076 net:net434386 net:net429824 net:net429798 net:net327142 net:net326894 net:net320079 net:net246382 net:net228986 net:net228983 net:net239517 net:net324422 net:net440548 net:net435166 net:net239518 net:net348607 net:net347419 net:net228985 net:net348658 net:net348597 net:net348604 net:net326899 net:net326898 net:net283799 net:net414298 net:net345603 net:net399206 net:net390816 net:net454464 net:net399186 net:net192772 net:net347556 net:net347590
	comment: capacity:37 usage:39 overflow:2
	bbox = (733.5000, 804.0000) - (735.0000, 805.5000) on Layer -
violation type: Horizontal congestion
	srcs: net:net450282 net:net446904 net:net446776 net:net446777 net:net436171 net:net435662 net:net435451 net:net432549 net:net327170 net:net320071 net:net231348 net:net231271 net:net326390 net:net190132 net:net92054 net:net69220 net:net327134 net:net239518 net:net346276 net:net346503 net:net345367 net:net234689 net:net346517 net:net346512 net:net346507 net:net361958 net:net326900 net:net326898 net:net239513 net:net345599 net:net347560 net:net347165
	comment: capacity:37 usage:39 overflow:2
	bbox = (733.5000, 813.0000) - (735.0000, 814.5000) on Layer -
violation type: Horizontal congestion
	srcs: net:net54884 net:net541983 net:net535252 net:net211586 net:net229842 net:net345984 net:net346482 net:net346545 net:net324498 net:net299234 net:net320367 net:net252352 net:net232919 net:net345892 net:net345276 net:net347770 net:net346985 net:net358059 net:net346844 net:net345449 net:net345544 net:net345506 net:net346834 net:net345569 net:net345441 net:net345471 net:net345608 net:net358182 net:net345740 net:net361079 net:net347165 net:net345948
	comment: capacity:33 usage:34 overflow:1
	bbox = (733.5000, 972.0000) - (735.0000, 973.5000) on Layer -
violation type: Horizontal congestion
	srcs: net:net452687 net:net452610 net:net445928 net:net432851 net:net402457 net:net402456 net:net65223 net:net326390 net:net324400 net:net324401 net:net324679 net:net190135 net:net324402 net:net347214 net:net361059 net:net239513 net:net228528 net:net456917 net:net399399 net:net358390 net:net393062 net:net361077 net:net393448 net:net347194 net:net347192 net:net347586 net:net392455 net:net347583 net:net452092 net:net452018 net:net452709
	comment: capacity:37 usage:39 overflow:2
	bbox = (735.0000, 705.0000) - (736.5000, 706.5000) on Layer -
violation type: Horizontal congestion
	srcs: net:net443864 net:net443471 net:net394622 net:net394621 net:net394620 net:net393677 net:net392803 net:net392789 net:net393379 net:net345009 net:net190132 net:net324678 net:net190133 net:net394628 net:net345289 net:net394268 net:net347478 net:net344863 net:net345303 net:net344938 net:net344997 net:net345305 net:net344948 net:net345311 net:net344940 net:net345313 net:net345005 net:net326900 net:net326899
	comment: capacity:33 usage:34 overflow:1
	bbox = (735.0000, 747.0000) - (736.5000, 748.5000) on Layer -
violation type: Horizontal congestion
	srcs: net:net442513 net:net439139 net:net439081 net:net438971 net:net438959 net:net438955 net:net400409 net:net394439 net:net390510 net:net364262 net:net391058 net:net392277 net:net324401 net:net228530 net:net324402 net:net345111 net:net345367 net:net345371 net:net345116 net:net346651 net:net326899
	comment: capacity:22 usage:25 overflow:3
	bbox = (735.0000, 766.5000) - (736.5000, 768.0000) on Layer -
violation type: Horizontal congestion
	srcs: net:net1075586 net:net63629 net:net443072 net:net443015 net:net443014 net:net442931 net:net442871 net:net442866 net:net442853 net:net436995 net:net391230 net:net390637 net:net239589 net:net443032 net:net320060 net:net239585 net:net324678 net:net324679 net:net390455 net:net357734 net:net1262944 net:net239577 net:net239518 net:net298238 net:net346072 net:net347496 net:net345119 net:net345079 net:net347860 net:net346657 net:net2305 net:net199022
	comment: capacity:37 usage:38 overflow:1
	bbox = (735.0000, 769.5000) - (736.5000, 771.0000) on Layer -
violation type: Horizontal congestion
	srcs: net:net450743 net:net437609 net:net437415 net:net434478 net:net434371 net:net429331 net:net326532 net:net244140 net:net214049 net:net214048 net:net437638 net:net441989 net:net33047 net:net324678 net:net324679 net:net63449 net:net248030 net:net248027 net:net1256288 net:net347339 net:net348728 net:net266666 net:net324512 net:net345892 net:net345001 net:net345923 net:net348735 net:net248059 net:net246395 net:net346905 net:net345613 net:net345603 net:net213060 net:net345738 net:net192772 net:net347583
	comment: capacity:37 usage:38 overflow:1
	bbox = (735.0000, 798.0000) - (736.5000, 799.5000) on Layer -
violation type: Horizontal congestion
	srcs: net:net980414 net:net447879 net:net435055 net:net435025 net:net326437 net:net324747 net:net295110 net:net248032 net:net228988 net:net214047 net:net213633 net:net326390 net:net324400 net:net228527 net:net287363 net:net324401 net:net228530 net:net68791 net:net440053 net:net393074 net:net346625 net:net348602 net:net347299 net:net246810 net:net326898 net:net239513 net:net228528 net:net399296 net:net347093
	comment: capacity:33 usage:36 overflow:3
	bbox = (735.0000, 801.0000) - (736.5000, 802.5000) on Layer -
violation type: Horizontal congestion
	srcs: net:net943525 net:net446955 net:net432305 net:net429656 net:net401466 net:net393217 net:net390711 net:net327267 net:net324703 net:net324699 net:net320072 net:net320071 net:net269094 net:net269092 net:net248015 net:net231018 net:net327274 net:net217499 net:net326390 net:net214032 net:net391067 net:net324678 net:net89235 net:net324680 net:net89906 net:net239525 net:net346456 net:net347440 net:net358052 net:net345087 net:net347234 net:net347657 net:net269093 net:net345744 net:net346908 net:net393239
	comment: capacity:37 usage:40 overflow:3
	bbox = (735.0000, 808.5000) - (736.5000, 810.0000) on Layer -
violation type: Horizontal congestion
	srcs: net:net446853 net:net435636 net:net435634 net:net435519 net:net327170 net:net326538 net:net244874 net:net326423 net:net326505 net:net228530 net:net190135 net:net239514 net:net232563 net:net347862 net:net228528 net:net346927 net:net345453 net:net268833 net:net348699
	comment: capacity:22 usage:24 overflow:2
	bbox = (735.0000, 811.5000) - (736.5000, 813.0000) on Layer -
violation type: Horizontal congestion
	srcs: net:net450282 net:net446904 net:net446776 net:net446777 net:net436171 net:net435662 net:net435451 net:net432549 net:net231348 net:net231271 net:net239517 net:net326390 net:net190132 net:net324401 net:net92054 net:net69220 net:net239518 net:net346276 net:net346503 net:net345367 net:net234689 net:net346517 net:net326900 net:net326898 net:net239513 net:net283799 net:net347560 net:net347165
	comment: capacity:37 usage:38 overflow:1
	bbox = (735.0000, 813.0000) - (736.5000, 814.5000) on Layer -
violation type: Horizontal congestion
	srcs: net:net436613 net:net436503 net:net429721 net:net429553 net:net397597 net:net395138 net:net393244 net:net326966 net:net324773 net:net283798 net:net283797 net:net246014 net:net231251 net:net239517 net:net346264 net:net345880 net:net346552 net:net347388 net:net326899 net:net326898 net:net456826 net:net347183
	comment: capacity:22 usage:25 overflow:3
	bbox = (735.0000, 820.5000) - (736.5000, 822.0000) on Layer -
violation type: Horizontal congestion
	srcs: net:net536489 net:net536487 net:net536486 net:net74485 net:net320405 net:net535454 net:net535569 net:net535576 net:net535556 net:net271421 net:net223116 net:net228985 net:net324779 net:net345203 net:net345042 net:net254737 net:net346514 net:net358079 net:net345779 net:net345616 net:net361234 net:net347737
	comment: capacity:22 usage:23 overflow:1
	bbox = (735.0000, 937.5000) - (736.5000, 939.0000) on Layer -
violation type: Horizontal congestion
	srcs: net:net91462 net:net442460 net:net438970 net:net438960 net:net399256 net:net394951 net:net393562 net:net203204 net:net246037 net:net326390 net:net324400 net:net246038 net:net273172 net:net326505 net:net228530 net:net190133 net:net231003 net:net438591 net:net392566 net:net345373 net:net345123 net:net239513 net:net394785 net:net347709 net:net347705 net:net347703 net:net347737
	comment: capacity:33 usage:35 overflow:2
	bbox = (736.5000, 765.0000) - (738.0000, 766.5000) on Layer -
violation type: Horizontal congestion
	srcs: net:net943525 net:net437583 net:net437525 net:net437416 net:net435103 net:net429788 net:net429647 net:net393081 net:net248029 net:net246365 net:net65195 net:net437545 net:net437499 net:net228529 net:net326505 net:net248055 net:net438172 net:net190135 net:net92054 net:net436635 net:net239577 net:net283009 net:net346039 net:net255227 net:net347451 net:net326941 net:net347524 net:net218973 net:net326899 net:net228523 net:net345471 net:net361126 net:net345942
	comment: capacity:37 usage:38 overflow:1
	bbox = (736.5000, 799.5000) - (738.0000, 801.0000) on Layer -
violation type: Horizontal congestion
	srcs: net:net446853 net:net435519 net:net435466 net:net435457 net:net327170 net:net326538 net:net244874 net:net239589 net:net326505 net:net228530 net:net190135 net:net324680 net:net232563 net:net347862 net:net228528 net:net346927 net:net345453 net:net268833 net:net348699
	comment: capacity:22 usage:25 overflow:3
	bbox = (736.5000, 811.5000) - (738.0000, 813.0000) on Layer -
violation type: Horizontal congestion
	srcs: net:net536454 net:net74485 net:net320405 net:net535569 net:net535576 net:net535556 net:net271421 net:net223116 net:net228985 net:net324779 net:net345203 net:net345042 net:net347800 net:net269093 net:net254737 net:net346514 net:net358079 net:net345779 net:net345616 net:net361234 net:net345645 net:net347737
	comment: capacity:22 usage:23 overflow:1
	bbox = (736.5000, 937.5000) - (738.0000, 939.0000) on Layer -
violation type: Horizontal congestion
	srcs: net:net535448 net:net347222 net:net347221 net:net347220 net:net346459 net:net74493 net:net89249 net:net202853 net:net75593 net:net535694 net:net91485 net:net535419 net:net535405 net:net89235 net:net535428 net:net535410 net:net535441 net:net239052 net:net252352 net:net346625 net:net346591 net:net347020 net:net345279 net:net345162 net:net346078 net:net347663 net:net346627 net:net347392 net:net218975 net:net347081 net:net347271 net:net263742 net:net346900 net:net345781 net:net361081
	comment: capacity:37 usage:38 overflow:1
	bbox = (736.5000, 940.5000) - (738.0000, 942.0000) on Layer -
violation type: Horizontal congestion
	srcs: net:net1072221 net:net1063677 net:net445047 net:net444964 net:net433561 net:net394325 net:net393141 net:net392839 net:net440428 net:net230405 net:net228530 net:net392474 net:net445555 net:net456768 net:net346350 net:net358591 net:net239525 net:net239577 net:net347009 net:net63608 net:net346418 net:net347025 net:net228528 net:net1097529 net:net346841 net:net414241 net:net346874 net:net346757 net:net347729 net:net1078923
	comment: capacity:33 usage:34 overflow:1
	bbox = (738.0000, 675.0000) - (739.5000, 676.5000) on Layer -
violation type: Horizontal congestion
	srcs: net:net454128 net:net392330 net:net239517 net:net347502 net:net239585 net:net366340 net:net324679 net:net92054 net:net346074 net:net326900 net:net326898 net:net358074 net:net286583 net:net192770 net:net453064 net:net347108 net:net347588
	comment: capacity:22 usage:23 overflow:1
	bbox = (738.0000, 694.5000) - (739.5000, 696.0000) on Layer -
violation type: Horizontal congestion
	srcs: net:net446853 net:net435466 net:net435456 net:net435457 net:net435455 net:net327170 net:net326538 net:net244874 net:net326505 net:net228530 net:net190135 net:net324680 net:net232563 net:net347862 net:net228528 net:net346927 net:net345453 net:net268833 net:net348699
	comment: capacity:22 usage:24 overflow:2
	bbox = (738.0000, 811.5000) - (739.5000, 813.0000) on Layer -
violation type: Horizontal congestion
	srcs: net:net1069718 net:net1058111 net:net1050068 net:net1022734 net:net910451 net:net446955 net:net429777 net:net393724 net:net239517 net:net346324 net:net324400 net:net239585 net:net190135 net:net4672 net:net346340 net:net326899 net:net283799 net:net1075690 net:net461372 net:net74417 net:net346738 net:net60608 net:net1088532 net:net346900 net:net346889 net:net1086493 net:net1083977 net:net358194 net:net1081524
	comment: capacity:33 usage:35 overflow:2
	bbox = (741.0000, 657.0000) - (742.5000, 658.5000) on Layer -
violation type: Horizontal congestion
	srcs: net:net446983 net:net437161 net:net436613 net:net432523 net:net429777 net:net418661 net:net324732 net:net248052 net:net243163 net:net243157 net:net231251 net:net231019 net:net217119 net:net347241 net:net326550 net:net190132 net:net320185 net:net446325 net:net347411 net:net347040 net:net239052 net:net208244 net:net327085 net:net347328 net:net345369 net:net347325 net:net346556 net:net345085 net:net326898 net:net439575 net:net347129 net:net347197
	comment: capacity:33 usage:35 overflow:2
	bbox = (741.0000, 819.0000) - (742.5000, 820.5000) on Layer -
violation type: Horizontal congestion
	srcs: net:net560603 net:net560526 net:net541998 net:net211576 net:net541956 net:net211584 net:net541957 net:net346535 net:net346019 net:net345984 net:net347500 net:net346545 net:net345977 net:net346011 net:net345974 net:net346311 net:net345079 net:net346441 net:net346507 net:net346985 net:net346844 net:net345544 net:net345441 net:net345608 net:net358182 net:net199022 net:net347098 net:net347165 net:net347187 net:net345948 net:net345940 net:net345938
	comment: capacity:33 usage:34 overflow:1
	bbox = (741.0000, 972.0000) - (742.5000, 973.5000) on Layer -
violation type: Horizontal congestion
	srcs: net:net456701 net:net456697 net:net395007 net:net394277 net:net393110 net:net392841 net:net239589 net:net326390 net:net440900 net:net324400 net:net85470 net:net324401 net:net239584 net:net324678 net:net228538 net:net190133 net:net324680 net:net346983 net:net346379 net:net223116 net:net346342 net:net346987 net:net239513 net:net346933 net:net346898 net:net346923 net:net345606 net:net358152 net:net358147
	comment: capacity:37 usage:38 overflow:1
	bbox = (742.5000, 679.5000) - (744.0000, 681.0000) on Layer -
violation type: Horizontal congestion
	srcs: net:net394884 net:net392312 net:net392270 net:net392267 net:net239589 net:net347502 net:net228530 net:net324678 net:net324679 net:net324680 net:net346074 net:net326898 net:net358074 net:net286583 net:net192770 net:net453064 net:net347108
	comment: capacity:22 usage:23 overflow:1
	bbox = (742.5000, 694.5000) - (744.0000, 696.0000) on Layer -
violation type: Horizontal congestion
	srcs: net:net441508 net:net429834 net:net401446 net:net231518 net:net231517 net:net231516 net:net246037 net:net430331 net:net190133 net:net432464 net:net324680 net:net2508 net:net44820 net:net346245 net:net345272 net:net346451 net:net347778 net:net347361 net:net324779 net:net347772 net:net347800 net:net348564 net:net346620 net:net345887 net:net347830 net:net224524 net:net347804 net:net239513 net:net283799 net:net346902 net:net345811 net:net345809 net:net454940
	comment: capacity:37 usage:38 overflow:1
	bbox = (742.5000, 822.0000) - (744.0000, 823.5000) on Layer -
violation type: Horizontal congestion
	srcs: net:net446420 net:net446293 net:net394156 net:net393846 net:net392947 net:net392945 net:net392943 net:net392922 net:net392919 net:net392589 net:net392588 net:net392585 net:net390795 net:net390789 net:net390783 net:net390781 net:net239517 net:net358581 net:net326505 net:net190135 net:net346305 net:net347825 net:net346585 net:net347806 net:net345203 net:net346719 net:net346717 net:net361879 net:net1063400 net:net345803 net:net345606
	comment: capacity:33 usage:34 overflow:1
	bbox = (742.5000, 828.0000) - (744.0000, 829.5000) on Layer -
violation type: Horizontal congestion
	srcs: net:net541954 net:net535252 net:net541961 net:net345900 net:net358503 net:net345917 net:net347682 net:net360841 net:net345247 net:net345207 net:net345313 net:net254737 net:net346017 net:net218975 net:net345927 net:net348491 net:net361969 net:net345641 net:net348706 net:net348704 net:net347558
	comment: capacity:22 usage:24 overflow:2
	bbox = (742.5000, 964.5000) - (744.0000, 966.0000) on Layer -
violation type: Horizontal congestion
	srcs: net:net1043749 net:net429788 net:net55881 net:net326390 net:net324400 net:net278295 net:net326505 net:net239584 net:net324403 net:net190135 net:net92054 net:net324402 net:net324680 net:net239518 net:net346369 net:net346224 net:net347052 net:net346591 net:net347388 net:net347018 net:net326900 net:net326898 net:net239513 net:net1130653 net:net1120627
	comment: capacity:37 usage:38 overflow:1
	bbox = (744.0000, 673.5000) - (745.5000, 675.0000) on Layer -
violation type: Horizontal congestion
	srcs: net:net450743 net:net434478 net:net434371 net:net429331 net:net326562 net:net326532 net:net324472 net:net244140 net:net437638 net:net441989 net:net246038 net:net231016 net:net33047 net:net239585 net:net63449 net:net1256288 net:net347339 net:net348728 net:net324512 net:net345892 net:net345001 net:net345923 net:net348735 net:net248059 net:net246395 net:net239513 net:net283799 net:net346905 net:net346828 net:net345613 net:net213060 net:net192772 net:net347100 net:net347583
	comment: capacity:37 usage:38 overflow:1
	bbox = (744.0000, 798.0000) - (745.5000, 799.5000) on Layer -
violation type: Horizontal congestion
	srcs: net:net429834 net:net401446 net:net390472 net:net231518 net:net246037 net:net430331 net:net390430 net:net239585 net:net190133 net:net432464 net:net436579 net:net324680 net:net2508 net:net44820 net:net346245 net:net345272 net:net346451 net:net347778 net:net347361 net:net324779 net:net347772 net:net347800 net:net348564 net:net346620 net:net345887 net:net224524 net:net347804 net:net283799 net:net346902 net:net345811 net:net345809 net:net346780 net:net454940 net:net347129
	comment: capacity:37 usage:39 overflow:2
	bbox = (744.0000, 822.0000) - (745.5000, 823.5000) on Layer -
violation type: Horizontal congestion
	srcs: net:net446372 net:net444475 net:net436558 net:net429601 net:net401527 net:net392935 net:net390429 net:net246028 net:net246038 net:net324678 net:net74456 net:net53654 net:net239525 net:net239577 net:net347784 net:net347258 net:net346647 net:net324772 net:net346408 net:net345897 net:net345281 net:net232919 net:net346721 net:net346589 net:net264325 net:net326898 net:net447010 net:net2561 net:net345786 net:net458752 net:net345597 net:net348463 net:net345936
	comment: capacity:37 usage:38 overflow:1
	bbox = (744.0000, 823.5000) - (745.5000, 825.0000) on Layer -
violation type: Horizontal congestion
	srcs: net:net393487 net:net393485 net:net392269 net:net239589 net:net347502 net:net246038 net:net228530 net:net324678 net:net324679 net:net190135 net:net324680 net:net346074 net:net358074 net:net286583 net:net348704 net:net453064 net:net347108
	comment: capacity:22 usage:24 overflow:2
	bbox = (745.5000, 694.5000) - (747.0000, 696.0000) on Layer -
violation type: Horizontal congestion
	srcs: net:net450743 net:net434478 net:net434371 net:net327083 net:net326562 net:net326532 net:net324472 net:net244140 net:net441989 net:net231016 net:net33047 net:net239585 net:net63449 net:net1256288 net:net44820 net:net347339 net:net348728 net:net324512 net:net345892 net:net346444 net:net345001 net:net345923 net:net348735 net:net248059 net:net246395 net:net239513 net:net283799 net:net346905 net:net399273 net:net346828 net:net345613 net:net213060 net:net192772 net:net347100 net:net347583
	comment: capacity:37 usage:38 overflow:1
	bbox = (745.5000, 798.0000) - (747.0000, 799.5000) on Layer -
violation type: Horizontal congestion
	srcs: net:net429834 net:net401446 net:net246037 net:net239585 net:net190133 net:net432464 net:net436579 net:net324680 net:net2508 net:net346245 net:net324772 net:net345272 net:net346451 net:net347778 net:net347361 net:net324779 net:net346049 net:net347772 net:net347800 net:net348564 net:net346620 net:net345887 net:net224524 net:net347804 net:net283799 net:net346902 net:net345811 net:net345809 net:net346780 net:net454940 net:net347132 net:net347129 net:net347159
	comment: capacity:37 usage:38 overflow:1
	bbox = (745.5000, 822.0000) - (747.0000, 823.5000) on Layer -
violation type: Horizontal congestion
	srcs: net:net447016 net:net446372 net:net446297 net:net444475 net:net436558 net:net429601 net:net401527 net:net392935 net:net246038 net:net324678 net:net74456 net:net53654 net:net239525 net:net239577 net:net239518 net:net63467 net:net347784 net:net347258 net:net346647 net:net346408 net:net345897 net:net345281 net:net232919 net:net346721 net:net346589 net:net264325 net:net326898 net:net2561 net:net345786 net:net458752 net:net345597 net:net348463
	comment: capacity:37 usage:38 overflow:1
	bbox = (745.5000, 823.5000) - (747.0000, 825.0000) on Layer -
violation type: Horizontal congestion
	srcs: net:net1020851 net:net1020829 net:net395076 net:net395071 net:net393313 net:net390676 net:net324894 net:net324872 net:net324862 net:net324847 net:net324841 net:net324839 net:net346387 net:net1017984 net:net357784 net:net324857 net:net345192 net:net346084 net:net345974 net:net345375 net:net345005 net:net346870
	comment: capacity:22 usage:23 overflow:1
	bbox = (745.5000, 847.5000) - (747.0000, 849.0000) on Layer -
violation type: Horizontal congestion
	srcs: net:net446449 net:net446301 net:net429834 net:net401446 net:net239585 net:net190133 net:net432464 net:net436579 net:net324680 net:net2508 net:net347782 net:net346245 net:net324772 net:net345272 net:net346451 net:net347778 net:net347361 net:net324779 net:net347772 net:net347800 net:net348564 net:net346620 net:net345887 net:net224524 net:net347804 net:net283799 net:net346872 net:net346902 net:net345811 net:net346900 net:net345809 net:net346780 net:net454940 net:net347132 net:net347129 net:net347159
	comment: capacity:37 usage:40 overflow:3
	bbox = (747.0000, 822.0000) - (748.5000, 823.5000) on Layer -
violation type: Horizontal congestion
	srcs: net:net446380 net:net446315 net:net446314 net:net446302 net:net444475 net:net436558 net:net429601 net:net401527 net:net392935 net:net246038 net:net324678 net:net324679 net:net74456 net:net53654 net:net239525 net:net239518 net:net63467 net:net347784 net:net347258 net:net346647 net:net346307 net:net346408 net:net345897 net:net345281 net:net232919 net:net346721 net:net346589 net:net264325 net:net326898 net:net345786 net:net458752 net:net345597 net:net348463
	comment: capacity:37 usage:39 overflow:2
	bbox = (747.0000, 823.5000) - (748.5000, 825.0000) on Layer -
violation type: Horizontal congestion
	srcs: net:net450282 net:net446983 net:net446904 net:net446776 net:net432549 net:net429629 net:net429353 net:net429337 net:net401515 net:net401490 net:net401452 net:net327165 net:net246013 net:net230659 net:net217113 net:net239517 net:net246031 net:net429336 net:net324401 net:net324403 net:net69220 net:net320126 net:net239525 net:net347319 net:net346276 net:net345156 net:net346503 net:net345367 net:net345305 net:net345042 net:net320304 net:net347663 net:net346752 net:net399102 net:net199023
	comment: capacity:37 usage:39 overflow:2
	bbox = (748.5000, 813.0000) - (750.0000, 814.5000) on Layer -
violation type: Horizontal congestion
	srcs: net:net446314 net:net429834 net:net239517 net:net190132 net:net239585 net:net347780 net:net190133 net:net432464 net:net436579 net:net2508 net:net347782 net:net346245 net:net324772 net:net345272 net:net346451 net:net347778 net:net347361 net:net324779 net:net347772 net:net347800 net:net348564 net:net346620 net:net345887 net:net224524 net:net347804 net:net283799 net:net346872 net:net346902 net:net345811 net:net346900 net:net345809 net:net346780 net:net454940 net:net347132 net:net347159
	comment: capacity:37 usage:40 overflow:3
	bbox = (748.5000, 822.0000) - (750.0000, 823.5000) on Layer -
violation type: Horizontal congestion
	srcs: net:net446481 net:net446301 net:net401509 net:net400464 net:net397618 net:net393196 net:net327076 net:net326412 net:net326306 net:net79691 net:net278295 net:net393278 net:net190135 net:net346290 net:net346715 net:net401500 net:net345377 net:net346316 net:net346989 net:net219354 net:net345203 net:net59206 net:net219343 net:net346311 net:net345341 net:net347837 net:net347081 net:net347866 net:net326899 net:net239513 net:net345451 net:net345815 net:net345783 net:net393203 net:net345854 net:net345936
	comment: capacity:37 usage:39 overflow:2
	bbox = (748.5000, 825.0000) - (750.0000, 826.5000) on Layer -
violation type: Horizontal congestion
	srcs: net:net444475 net:net436558 net:net429669 net:net429603 net:net429396 net:net401527 net:net246038 net:net74456 net:net53654 net:net239525 net:net239518 net:net63467 net:net347784 net:net347258 net:net347782 net:net346647 net:net346307 net:net347293 net:net346408 net:net345897 net:net345281 net:net232919 net:net346721 net:net320307 net:net346589 net:net346076 net:net264325 net:net326900 net:net345786 net:net442486 net:net458752 net:net345770 net:net345597 net:net348463
	comment: capacity:37 usage:38 overflow:1
	bbox = (750.0000, 823.5000) - (751.5000, 825.0000) on Layer -
violation type: Horizontal congestion
	srcs: net:net1046412 net:net1035279 net:net1022227 net:net1022223 net:net1022214 net:net1022211 net:net1022213 net:net1022203 net:net1022199 net:net1022196 net:net1021611 net:net1021603 net:net1021197 net:net1021173 net:net1020476 net:net447377 net:net392954 net:net391115 net:net273501 net:net273313 net:net273265 net:net1017988 net:net324530 net:net327031 net:net273121 net:net344938 net:net345049 net:net346013 net:net346011 net:net345486 net:net345506 net:net346958 net:net345639 net:net345645 net:net1078953 net:net347593 net:net1063399
	comment: capacity:37 usage:38 overflow:1
	bbox = (750.0000, 832.5000) - (751.5000, 834.0000) on Layer -
violation type: Horizontal congestion
	srcs: net:net447879 net:net441508 net:net401539 net:net401466 net:net327267 net:net327159 net:net320334 net:net239507 net:net320338 net:net190138 net:net239522 net:net324434 net:net438591 net:net320331 net:net239514 net:net346713 net:net269297 net:net326516 net:net211583 net:net346517 net:net299234 net:net320367 net:net347774 net:net327085 net:net258433 net:net346985 net:net348561 net:net239516 net:net239485 net:net239489 net:net239581 net:net239582 net:net434529 net:net345445 net:net345746 net:net399206 net:net1020192
	comment: capacity:37 usage:38 overflow:1
	bbox = (754.5000, 805.5000) - (756.0000, 807.0000) on Layer -
violation type: Horizontal congestion
	srcs: net:net1045347 net:net1021508 net:net1020849 net:net1020831 net:net1020821 net:net1020815 net:net1020813 net:net1020814 net:net1017977 net:net393332 net:net393298 net:net326363 net:net326341 net:net324897 net:net324876 net:net320512 net:net273289 net:net65223 net:net1035214 net:net1017988 net:net273078 net:net273106 net:net324857 net:net345158 net:net346261 net:net225894 net:net346691 net:net347661 net:net347020 net:net347421 net:net74417 net:net345506 net:net455885
	comment: capacity:33 usage:35 overflow:2
	bbox = (754.5000, 846.0000) - (756.0000, 847.5000) on Layer -
violation type: Horizontal congestion
	srcs: net:net1046412 net:net1040876 net:net1035150 net:net1022227 net:net1022223 net:net1022215 net:net1022209 net:net1022191 net:net1021611 net:net1021603 net:net1021197 net:net1020482 net:net1020477 net:net1020478 net:net1020476 net:net447377 net:net392954 net:net391115 net:net327015 net:net278318 net:net273313 net:net273265 net:net1017984 net:net1018007 net:net324530 net:net327031 net:net273121 net:net345049 net:net346011 net:net346410 net:net345486 net:net346958 net:net345639 net:net345645 net:net348704 net:net1078953 net:net1063399
	comment: capacity:37 usage:38 overflow:1
	bbox = (756.0000, 832.5000) - (757.5000, 834.0000) on Layer -
violation type: Horizontal congestion
	srcs: net:net535121 net:net535120 net:net534700 net:net524549 net:net524541 net:net524511 net:net524506 net:net524500 net:net524448 net:net91494 net:net1017969 net:net74481 net:net347011 net:net324492 net:net324772 net:net346754 net:net61990 net:net346847 net:net346782 net:net345573 net:net345445 net:net358077 net:net345746 net:net346927 net:net346806 net:net345506 net:net346954 net:net346891 net:net345439 net:net346952 net:net346889 net:net346937 net:net346874 net:net345603 net:net345635 net:net345666
	comment: capacity:37 usage:38 overflow:1
	bbox = (757.5000, 921.0000) - (759.0000, 922.5000) on Layer -
violation type: Horizontal congestion
	srcs: net:net1049490 net:net1038400 net:net446420 net:net391124 net:net390781 net:net327321 net:net273429 net:net1018002 net:net1041006 net:net1018007 net:net1017994 net:net1017988 net:net346305 net:net347875 net:net347806 net:net346080 net:net347802 net:net299232 net:net346314 net:net250569 net:net345401 net:net347833 net:net346719 net:net346474 net:net346717 net:net361435 net:net346754 net:net346865 net:net345781 net:net1088215 net:net345803 net:net345606 net:net345850
	comment: capacity:33 usage:34 overflow:1
	bbox = (759.0000, 828.0000) - (760.5000, 829.5000) on Layer -
violation type: Horizontal congestion
	srcs: net:net436066 net:net429656 net:net393217 net:net327170 net:net324453 net:net320184 net:net228983 net:net327274 net:net239589 net:net217499 net:net214032 net:net320193 net:net324678 net:net324679 net:net239510 net:net89235 net:net324680 net:net89906 net:net239525 net:net347478 net:net347440 net:net320299 net:net345087 net:net320309 net:net320362 net:net344999 net:net320369 net:net239513 net:net239151 net:net2561 net:net345744 net:net346908
	comment: capacity:37 usage:38 overflow:1
	bbox = (762.0000, 808.5000) - (763.5000, 810.0000) on Layer -
violation type: Horizontal congestion
	srcs: net:net358196 net:net358186 net:net358183 net:net358150 net:net347834 net:net347824 net:net346964 net:net346962 net:net346953 net:net345816 net:net345618 net:net60632 net:net213061 net:net89249 net:net89250 net:net304466 net:net74481 net:net75591
	comment: capacity:22 usage:23 overflow:1
	bbox = (807.0000, 928.5000) - (808.5000, 930.0000) on Layer -
violation type: Horizontal congestion
	srcs: net:net347095 net:net347094 net:net347049 net:net346922 net:net346911 net:net346850 net:net346846 net:net74493 net:net91496 net:net60632 net:net192804 net:net60609 net:net319853 net:net315604 net:net299203 net:net269965 net:net319856 net:net318664 net:net314845
	comment: capacity:22 usage:23 overflow:1
	bbox = (813.0000, 901.5000) - (814.5000, 903.0000) on Layer -
violation type: Horizontal congestion
	srcs: net:net348705 net:net348694 net:net347742 net:net347733 net:net347718 net:net346877 net:net346875 net:net346873 net:net345820 net:net273251 net:net60641 net:net91496 net:net69849 net:net60612 net:net60609 net:net74485 net:net313436 net:net207807 net:net326980 net:net313783 net:net74481 net:net1267138 net:net312202 net:net314120 net:net319226 net:net75591 net:net314115 net:net312137 net:net303194 net:net217173
	comment: capacity:37 usage:38 overflow:1
	bbox = (813.0000, 925.5000) - (814.5000, 927.0000) on Layer -
violation type: Horizontal congestion
	srcs: net:net348455 net:net347566 net:net345861 net:net345618 net:net345596 net:net345485 net:net345470 net:net345452 net:net265879 net:net60609 net:net542323 net:net313423 net:net311113 net:net306459 net:net62091 net:net320064 net:net319354 net:net310697 net:net307839 net:net68793 net:net1018047
	comment: capacity:22 usage:23 overflow:1
	bbox = (813.0000, 937.5000) - (814.5000, 939.0000) on Layer -
violation type: Horizontal congestion
	srcs: net:net348455 net:net348436 net:net347563 net:net345861 net:net345596 net:net345472 net:net345454 net:net89249 net:net19197 net:net60609 net:net74485 net:net542323 net:net313423 net:net306459 net:net310710 net:net320064 net:net319354 net:net310697 net:net307839 net:net307974 net:net68793
	comment: capacity:22 usage:24 overflow:2
	bbox = (816.0000, 937.5000) - (817.5000, 939.0000) on Layer -
violation type: Horizontal congestion
	srcs: net:net47693 net:net47651 net:net348462 net:net348459 net:net348457 net:net348452 net:net348448 net:net345980 net:net345978 net:net345969 net:net345704 net:net345609 net:net345602 net:net345601 net:net345598 net:net345584 net:net345582 net:net345580 net:net345035 net:net329974 net:net91496 net:net212599 net:net89250 net:net60612 net:net310787 net:net246811 net:net322825 net:net307914 net:net317996 net:net308243 net:net304233 net:net317110 net:net307673 net:net1017808
	comment: capacity:37 usage:38 overflow:1
	bbox = (816.0000, 939.0000) - (817.5000, 940.5000) on Layer -
violation type: Horizontal congestion
	srcs: net:net212605 net:net190670 net:net316470 net:net90527 net:net314853 net:net308375 net:net310765 net:net316499 net:net90525 net:net317283 net:net307083 net:net314881 net:net321488 net:net321473 net:net308399 net:net318664 net:net321400 net:net318013 net:net316972 net:net321248 net:net321347 net:net310964 net:net305928 net:net321499 net:net306424 net:net190729 net:net190727 net:net199579 net:net191763 net:net372146 net:net317400 net:net316165 net:net316608 net:net319792 net:net307673 net:net69107
	comment: capacity:37 usage:39 overflow:2
	bbox = (820.5000, 868.5000) - (822.0000, 870.0000) on Layer -
violation type: Horizontal congestion
	srcs: net:net347185 net:net347124 net:net347109 net:net346045 net:net346024 net:net346022 net:net345953 net:net345949 net:net60612 net:net91494 net:net60609 net:net74485 net:net69848 net:net310924 net:net307956 net:net317194 net:net318338 net:net75591
	comment: capacity:22 usage:24 overflow:2
	bbox = (822.0000, 946.5000) - (823.5000, 948.0000) on Layer -
violation type: Horizontal congestion
	srcs: net:net1002125 net:net278463 net:net306651 net:net314553 net:net52804 net:net309662 net:net254763 net:net313436 net:net314833 net:net316761 net:net319166 net:net323383 net:net318786 net:net316493 net:net309019 net:net316539 net:net323153 net:net316758 net:net318503 net:net319348 net:net317864 net:net313055 net:net316524 net:net317197 net:net315619 net:net190727 net:net199579 net:net191763 net:net215270 net:net319351 net:net191716 net:net372147 net:net372146 net:net319371
	comment: capacity:37 usage:38 overflow:1
	bbox = (826.5000, 852.0000) - (828.0000, 853.5000) on Layer -
violation type: Horizontal congestion
	srcs: net:net1002091 net:net1002076 net:net308685 net:net314592 net:net308490 net:net309181 net:net308781 net:net314848 net:net314875 net:net322597 net:net317658 net:net322541 net:net308956 net:net318068 net:net317849 net:net309239 net:net314567 net:net323353 net:net320289 net:net314952 net:net315053 net:net304004 net:net317846 net:net314577 net:net314885 net:net314857 net:net314378 net:net313059 net:net317682 net:net190727 net:net191763 net:net215270
	comment: capacity:33 usage:34 overflow:1
	bbox = (829.5000, 855.0000) - (831.0000, 856.5000) on Layer -
violation type: Horizontal congestion
	srcs: net:net372714 net:net371396 net:net311166 net:net321336 net:net371400 net:net315613 net:net307820 net:net371401 net:net313000 net:net352123 net:net303198 net:net376302 net:net307984 net:net200455 net:net308089 net:net311086 net:net310398 net:net306690 net:net309631 net:net314845 net:net323136 net:net308181 net:net319569 net:net312245 net:net321587 net:net321586 net:net319690 net:net244886 net:net191304 net:net92114 net:net318790 net:net319440 net:net303194 net:net303414 net:net307673
	comment: capacity:37 usage:38 overflow:1
	bbox = (868.5000, 942.0000) - (870.0000, 943.5000) on Layer -
violation type: Horizontal congestion
	srcs: net:net376107 net:net371395 net:net376109 net:net374737 net:net55739 net:net323309 net:net313037 net:net324160 net:net52603 net:net356914 net:net383257 net:net322248 net:net322900 net:net325527 net:net324052 net:net324082 net:net322897 net:net92111 net:net325371 net:net321360 net:net376336 net:net313059
	comment: capacity:22 usage:23 overflow:1
	bbox = (870.0000, 928.5000) - (871.5000, 930.0000) on Layer -
violation type: Horizontal congestion
	srcs: net:net942596 net:net942594 net:net372695 net:net371694 net:net371396 net:net371395 net:net323573 net:net314085 net:net325359 net:net325366 net:net319061 net:net371720 net:net351963 net:net321572 net:net56070 net:net314109 net:net316618 net:net312575 net:net310872 net:net298231 net:net319064 net:net315314
	comment: capacity:22 usage:23 overflow:1
	bbox = (870.0000, 937.5000) - (871.5000, 939.0000) on Layer -
violation type: Horizontal congestion
	srcs: net:net371436 net:net371396 net:net311166 net:net321336 net:net315613 net:net307820 net:net371401 net:net270270 net:net313000 net:net353029 net:net352123 net:net303198 net:net376302 net:net307984 net:net200455 net:net308089 net:net311086 net:net310398 net:net306690 net:net309631 net:net314845 net:net323136 net:net308181 net:net321923 net:net321800 net:net319569 net:net312245 net:net321587 net:net321586 net:net319690 net:net244886 net:net191304 net:net92114 net:net318790 net:net319440 net:net303194 net:net307673
	comment: capacity:37 usage:40 overflow:3
	bbox = (870.0000, 942.0000) - (871.5000, 943.5000) on Layer -
violation type: Horizontal congestion
	srcs: net:net371396 net:net311166 net:net321336 net:net315613 net:net307820 net:net371401 net:net313000 net:net323569 net:net304490 net:net353029 net:net352123 net:net303198 net:net376302 net:net307984 net:net200455 net:net318630 net:net307690 net:net311086 net:net306690 net:net309631 net:net314845 net:net323136 net:net308181 net:net321923 net:net321800 net:net325377 net:net319569 net:net312245 net:net321587 net:net321586 net:net319690 net:net244886 net:net191304 net:net92114 net:net319440 net:net307673
	comment: capacity:37 usage:38 overflow:1
	bbox = (871.5000, 942.0000) - (873.0000, 943.5000) on Layer -
violation type: Horizontal congestion
	srcs: net:net372702 net:net372694 net:net371711 net:net371398 net:net371409 net:net323573 net:net325359 net:net322597 net:net270270 net:net318016 net:net269965 net:net351963 net:net321572 net:net324099 net:net56070 net:net316618 net:net312575 net:net310872 net:net298231 net:net319064 net:net315314 net:net319073
	comment: capacity:22 usage:23 overflow:1
	bbox = (873.0000, 937.5000) - (874.5000, 939.0000) on Layer -
violation type: Horizontal congestion
	srcs: net:net371395 net:net303359 net:net55739 net:net323309 net:net313037 net:net357260 net:net324160 net:net356914 net:net383257 net:net322900 net:net319431 net:net325527 net:net63649 net:net324052 net:net314104 net:net324082 net:net322897 net:net321882 net:net92111 net:net321360 net:net376336 net:net313059
	comment: capacity:22 usage:23 overflow:1
	bbox = (874.5000, 928.5000) - (876.0000, 930.0000) on Layer -
violation type: Horizontal congestion
	srcs: net:net355510 net:net350072 net:net350037 net:net350033 net:net348803 net:net323435 net:net312150 net:net325021 net:net313051 net:net312591 net:net324974 net:net75609 net:net319684 net:net317996 net:net316480 net:net316507 net:net298223 net:net269300 net:net317197 net:net313472 net:net312593 net:net314260
	comment: capacity:22 usage:23 overflow:1
	bbox = (933.0000, 865.5000) - (934.5000, 867.0000) on Layer -
violation type: Horizontal congestion
	srcs: net:net359721 net:net355755 net:net355754 net:net355345 net:net355344 net:net352602 net:net350433 net:net304126 net:net318782 net:net349196 net:net350471 net:net321949 net:net308525 net:net323031 net:net303794 net:net318231 net:net355159 net:net319814 net:net318452 net:net304505 net:net325561 net:net309711
	comment: capacity:22 usage:23 overflow:1
	bbox = (933.0000, 973.5000) - (934.5000, 975.0000) on Layer -
violation type: Horizontal congestion
	srcs: net:net385187 net:net383161 net:net375953 net:net375897 net:net359706 net:net359681 net:net358790 net:net358789 net:net356077 net:net355912 net:net355914 net:net355901 net:net355815 net:net355791 net:net353267 net:net349928 net:net325820 net:net355156 net:net349102 net:net322436 net:net355266 net:net359658 net:net348803 net:net312597 net:net323435 net:net325801 net:net319959 net:net310972 net:net320001 net:net316625 net:net323190 net:net323160 net:net318640 net:net323452 net:net314260 net:net316624 net:net321469
	comment: capacity:37 usage:38 overflow:1
	bbox = (939.0000, 969.0000) - (940.5000, 970.5000) on Layer -
violation type: Horizontal congestion
	srcs: net:net375935 net:net359933 net:net359931 net:net358710 net:net349498 net:net349152 net:net262134 net:net320813 net:net325132 net:net318693 net:net313830 net:net375929 net:net306660 net:net363096 net:net314942 net:net349276 net:net314240 net:net304472 net:net321086 net:net355286 net:net322762 net:net325954 net:net321936 net:net318231 net:net316545 net:net300176 net:net325917 net:net318025 net:net321248 net:net318848 net:net314891 net:net319945 net:net314583 net:net315419 net:net314074 net:net317179 net:net316241
	comment: capacity:37 usage:38 overflow:1
	bbox = (963.0000, 930.0000) - (964.5000, 931.5000) on Layer -
violation type: Horizontal congestion
	srcs: net:net376019 net:net376022 net:net360190 net:net351982 net:net322259 net:net322726 net:net318675 net:net314836 net:net313772 net:net326251 net:net352109 net:net304472 net:net349231 net:net355254 net:net319962 net:net319787 net:net355319 net:net355847 net:net322124 net:net324996 net:net325165 net:net318824 net:net312256 net:net314260 net:net209555 net:net315043 net:net313042 net:net354209 net:net319990 net:net314101 net:net316208 net:net310387 net:net305807
	comment: capacity:33 usage:34 overflow:1
	bbox = (969.0000, 927.0000) - (970.5000, 928.5000) on Layer -
violation type: Horizontal congestion
	srcs: net:net817589 net:net781973 net:net760905 net:net760906 net:net817586 net:net761502 net:net753694 net:net757345 net:net761501 net:net753692 net:net759136 net:net753572 net:net754343 net:net757343 net:net85237
	comment: capacity:22 usage:23 overflow:1
	bbox = (990.0000, 1243.5000) - (991.5000, 1245.0000) on Layer -
violation type: Horizontal congestion
	srcs: net:net667915 net:net667871 net:net667859 net:net657030 net:net656998 net:net656988 net:net656982 net:net656972 net:net656966 net:net656950 net:net241299 net:net667904 net:net329982 net:net329980 net:net342387 net:net342386 net:net667882 net:net657282
	comment: capacity:22 usage:23 overflow:1
	bbox = (1102.5000, 685.5000) - (1104.0000, 687.0000) on Layer -
violation type: Horizontal congestion
	srcs: net:net668872 net:net668866 net:net668864 net:net656199 net:net344573 net:net344569 net:net343651 net:net343635 net:net343619 net:net343603 net:net241205 net:net659238 net:net342385 net:net330185 net:net330088 net:net668859 net:net668856 net:net242309 net:net668857
	comment: capacity:22 usage:23 overflow:1
	bbox = (1107.0000, 640.5000) - (1108.5000, 642.0000) on Layer -
violation type: Horizontal congestion
	srcs: net:net667327 net:net667262 net:net241299 net:net241301 net:net241313 net:net330189 net:net339971 net:net241297 net:net241293 net:net241315 net:net329978 net:net342342 net:net241295 net:net241291
	comment: capacity:22 usage:23 overflow:1
	bbox = (1108.5000, 703.5000) - (1110.0000, 705.0000) on Layer -
violation type: Horizontal congestion
	srcs: net:net668648 net:net241301 net:net342345 net:net329984 net:net339977 net:net657285 net:net330209 net:net242308 net:net242303 net:net342403 net:net657487 net:net241281 net:net339974 net:net339971 net:net241297 net:net242358 net:net329978 net:net241285 net:net342342 net:net657282 net:net657386 net:net657388 net:net242260
	comment: capacity:37 usage:38 overflow:1
	bbox = (1110.0000, 670.5000) - (1111.5000, 672.0000) on Layer -
violation type: Horizontal congestion
	srcs: net:net667736 net:net667477 net:net667403 net:net667358 net:net667349 net:net667347 net:net661987 net:net661921 net:net661920 net:net661155 net:net657887 net:net656922 net:net656888 net:net656876 net:net656874 net:net656858 net:net656856 net:net656842 net:net656840 net:net656225 net:net344299 net:net341076 net:net342376 net:net658786 net:net658769 net:net677338 net:net663740 net:net330204 net:net342386 net:net330027 net:net340655 net:net342292 net:net657885 net:net667370
	comment: capacity:37 usage:38 overflow:1
	bbox = (1113.0000, 673.5000) - (1114.5000, 675.0000) on Layer -
violation type: Horizontal congestion
	srcs: net:net241299 net:net241301 net:net241313 net:net339971 net:net241297 net:net666842 net:net241293 net:net657489 net:net241315 net:net342342 net:net241295 net:net241291 net:net657388
	comment: capacity:22 usage:23 overflow:1
	bbox = (1113.0000, 703.5000) - (1114.5000, 705.0000) on Layer -
violation type: Horizontal congestion
	srcs: net:net677908 net:net669374 net:net663380 net:net663352 net:net663297 net:net663211 net:net659483 net:net659233 net:net656489 net:net656487 net:net656330 net:net656328 net:net656307 net:net660115 net:net662096 net:net657285 net:net242303 net:net342403 net:net242357 net:net330189 net:net663214 net:net657489 net:net657670 net:net242312 net:net657386 net:net657388 net:net242260
	comment: capacity:33 usage:34 overflow:1
	bbox = (1116.0000, 657.0000) - (1117.5000, 658.5000) on Layer -
violation type: Horizontal congestion
	srcs: net:net667903 net:net667426 net:net663869 net:net661610 net:net661600 net:net657046 net:net657020 net:net657014 net:net657004 net:net344241 net:net344199 net:net344175 net:net241299 net:net667555 net:net339977 net:net657285 net:net339974 net:net330189 net:net657185 net:net241317 net:net340655 net:net663476 net:net657290 net:net242312 net:net241295 net:net657282 net:net657388
	comment: capacity:37 usage:38 overflow:1
	bbox = (1117.5000, 682.5000) - (1119.0000, 684.0000) on Layer -
violation type: Horizontal congestion
	srcs: net:net666557 net:net660236 net:net660235 net:net660229 net:net660209 net:net660202 net:net660042 net:net658191 net:net656516 net:net344037 net:net342385 net:net330088 net:net241201 net:net657185 net:net342382 net:net659751 net:net330187
	comment: capacity:22 usage:23 overflow:1
	bbox = (1120.5000, 631.5000) - (1122.0000, 633.0000) on Layer -
violation type: Horizontal congestion
	srcs: net:net663194 net:net663169 net:net663115 net:net663061 net:net663056 net:net661527 net:net659233 net:net656199 net:net342143 net:net342137 net:net342127 net:net342121 net:net342326 net:net657391 net:net342337 net:net242308 net:net342385 net:net342334 net:net330088 net:net342396 net:net342340 net:net657489 net:net342375 net:net342328 net:net330187
	comment: capacity:37 usage:38 overflow:1
	bbox = (1120.5000, 642.0000) - (1122.0000, 643.5000) on Layer -
violation type: Horizontal congestion
	srcs: net:net677912 net:net667757 net:net667442 net:net667403 net:net667377 net:net667347 net:net667267 net:net664615 net:net661991 net:net661970 net:net661967 net:net661536 net:net660953 net:net344169 net:net342381 net:net241213 net:net342376 net:net667555 net:net658778 net:net663865 net:net241209 net:net661973 net:net241207 net:net661937 net:net241271 net:net661532 net:net661974 net:net241277 net:net342290 net:net342382 net:net342346
	comment: capacity:33 usage:34 overflow:1
	bbox = (1120.5000, 675.0000) - (1122.0000, 676.5000) on Layer -
violation type: Horizontal congestion
	srcs: net:net677798 net:net665146 net:net664602 net:net657560 net:net664549 net:net339977 net:net330209 net:net342403 net:net657487 net:net329982 net:net241199 net:net329978 net:net342375 net:net342328 net:net664551
	comment: capacity:22 usage:23 overflow:1
	bbox = (1122.0000, 595.5000) - (1123.5000, 597.0000) on Layer -
violation type: Horizontal congestion
	srcs: net:net661882 net:net661883 net:net661880 net:net241299 net:net241301 net:net657285 net:net242308 net:net342403 net:net241297 net:net242358 net:net241293 net:net342342 net:net241291 net:net657388
	comment: capacity:22 usage:23 overflow:1
	bbox = (1122.0000, 703.5000) - (1123.5000, 705.0000) on Layer -
violation type: Horizontal congestion
	srcs: net:net665938 net:net665079 net:net664926 net:net664896 net:net664776 net:net664752 net:net664723 net:net664712 net:net664711 net:net663989 net:net663980 net:net658853 net:net658764 net:net658310 net:net656211 net:net342061 net:net342031 net:net242279 net:net663761 net:net664531 net:net241311 net:net659238 net:net241273 net:net342385 net:net342396 net:net658328 net:net241271 net:net242358 net:net241315 net:net657885 net:net342346 net:net677892
	comment: capacity:33 usage:36 overflow:3
	bbox = (1123.5000, 612.0000) - (1125.0000, 613.5000) on Layer -
violation type: Horizontal congestion
	srcs: net:net666510 net:net666504 net:net666498 net:net666481 net:net666305 net:net666121 net:net665956 net:net660239 net:net660224 net:net660212 net:net660201 net:net656796 net:net656794 net:net344039 net:net344017 net:net342392 net:net241205 net:net660223 net:net242308 net:net342393 net:net660218 net:net658504 net:net658502 net:net660219 net:net242358 net:net660197 net:net342290 net:net660187 net:net660213
	comment: capacity:33 usage:34 overflow:1
	bbox = (1123.5000, 630.0000) - (1125.0000, 631.5000) on Layer -
violation type: Horizontal congestion
	srcs: net:net677656 net:net661590 net:net661584 net:net661580 net:net661579 net:net661573 net:net661571 net:net661566 net:net658310 net:net657560 net:net657536 net:net657020 net:net656924 net:net656908 net:net656844 net:net342347 net:net342308 net:net341316 net:net342337 net:net664247 net:net342393 net:net242311 net:net342385 net:net330185 net:net661563 net:net342386 net:net242310 net:net342328 net:net342382 net:net330187
	comment: capacity:37 usage:38 overflow:1
	bbox = (1123.5000, 679.5000) - (1125.0000, 681.0000) on Layer -
violation type: Horizontal congestion
	srcs: net:net666459 net:net666393 net:net666319 net:net666140 net:net666061 net:net665241 net:net660599 net:net660578 net:net660549 net:net660430 net:net660106 net:net659743 net:net659301 net:net658889 net:net658886 net:net657092 net:net656792 net:net344035 net:net344015 net:net343993 net:net342286 net:net342284 net:net342280 net:net342276 net:net342223 net:net342217 net:net657391 net:net664704 net:net665340 net:net241311 net:net339971 net:net665344 net:net657290 net:net657282
	comment: capacity:37 usage:38 overflow:1
	bbox = (1126.5000, 628.5000) - (1128.0000, 630.0000) on Layer -
violation type: Horizontal congestion
	srcs: net:net666459 net:net666393 net:net666319 net:net666061 net:net665241 net:net660599 net:net660549 net:net660430 net:net660201 net:net659743 net:net659301 net:net658889 net:net658886 net:net658724 net:net658288 net:net657092 net:net656792 net:net344035 net:net344015 net:net343993 net:net342286 net:net342284 net:net342280 net:net342223 net:net342217 net:net657391 net:net664704 net:net665340 net:net241311 net:net339971 net:net665344 net:net340655 net:net657290 net:net657282
	comment: capacity:37 usage:39 overflow:2
	bbox = (1128.0000, 628.5000) - (1129.5000, 630.0000) on Layer -
violation type: Horizontal congestion
	srcs: net:net666419 net:net666407 net:net666371 net:net666310 net:net666161 net:net666155 net:net666149 net:net666113 net:net664167 net:net660593 net:net660577 net:net660552 net:net660547 net:net660068 net:net660042 net:net659505 net:net659485 net:net659072 net:net658284 net:net657113 net:net343991 net:net343989 net:net343975 net:net343973 net:net343959 net:net343941 net:net343927 net:net242273 net:net342376 net:net660023 net:net658100 net:net330180 net:net342387 net:net330088 net:net342386
	comment: capacity:37 usage:38 overflow:1
	bbox = (1129.5000, 624.0000) - (1131.0000, 625.5000) on Layer -
violation type: Horizontal congestion
	srcs: net:net666459 net:net666319 net:net665241 net:net660599 net:net660430 net:net660201 net:net659743 net:net659301 net:net658889 net:net658886 net:net658724 net:net658509 net:net658510 net:net658288 net:net657092 net:net656792 net:net344035 net:net344015 net:net343993 net:net342286 net:net342284 net:net342280 net:net342217 net:net657391 net:net664704 net:net665340 net:net658723 net:net241311 net:net339971 net:net665344 net:net340655 net:net657290 net:net659833 net:net657282
	comment: capacity:37 usage:39 overflow:2
	bbox = (1129.5000, 628.5000) - (1131.0000, 630.0000) on Layer -
violation type: Horizontal congestion
	srcs: net:net677502 net:net241301 net:net342403 net:net329980 net:net339974 net:net330189 net:net339971 net:net241297 net:net330129 net:net662312 net:net342342 net:net241295 net:net241291 net:net657388
	comment: capacity:22 usage:23 overflow:1
	bbox = (1129.5000, 667.5000) - (1131.0000, 669.0000) on Layer -
violation type: Horizontal congestion
	srcs: net:net658752 net:net658697 net:net658692 net:net658310 net:net657909 net:net657887 net:net342302 net:net342079 net:net342077 net:net342073 net:net342021 net:net341166 net:net663875 net:net342337 net:net658713 net:net658094 net:net342387 net:net241207 net:net658714 net:net342386 net:net658346
	comment: capacity:22 usage:23 overflow:1
	bbox = (1131.0000, 613.5000) - (1132.5000, 615.0000) on Layer -
violation type: Horizontal congestion
	srcs: net:net677828 net:net677502 net:net677501 net:net656862 net:net241301 net:net662949 net:net342403 net:net330189 net:net339971 net:net241297 net:net330129 net:net662312 net:net342342 net:net241295 net:net241291 net:net657388
	comment: capacity:22 usage:23 overflow:1
	bbox = (1131.0000, 667.5000) - (1132.5000, 669.0000) on Layer -
violation type: Horizontal congestion
	srcs: net:net663094 net:net663068 net:net659510 net:net342207 net:net342205 net:net342191 net:net342185 net:net342169 net:net241301 net:net242308 net:net242311 net:net663052 net:net342334 net:net242358 net:net329978 net:net659124 net:net241295 net:net242260
	comment: capacity:22 usage:24 overflow:2
	bbox = (1134.0000, 640.5000) - (1135.5000, 642.0000) on Layer -
violation type: Horizontal congestion
	srcs: net:net662068 net:net661436 net:net660953 net:net660946 net:net660870 net:net657902 net:net657508 net:net344251 net:net242303 net:net662031 net:net658186 net:net662058 net:net661343 net:net657523 net:net657489 net:net661532 net:net242312 net:net663892 net:net663787 net:net660745
	comment: capacity:22 usage:23 overflow:1
	bbox = (1134.0000, 676.5000) - (1135.5000, 678.0000) on Layer -
violation type: Horizontal congestion
	srcs: net:net343743 net:net343715 net:net343679 net:net343677 net:net343675 net:net343663 net:net342015 net:net342013 net:net342011 net:net342009 net:net241313 net:net342376 net:net657391 net:net339977 net:net242313 net:net241311 net:net342350 net:net329980 net:net330189 net:net342353 net:net241297 net:net241317 net:net342340 net:net657489 net:net342386 net:net242310 net:net342382 net:net657386
	comment: capacity:37 usage:38 overflow:1
	bbox = (1135.5000, 589.5000) - (1137.0000, 591.0000) on Layer -
violation type: Horizontal congestion
	srcs: net:net658752 net:net658740 net:net658712 net:net658697 net:net658692 net:net658310 net:net658300 net:net657909 net:net657887 net:net342302 net:net342079 net:net342077 net:net342073 net:net663875 net:net342337 net:net242311 net:net658094 net:net342387 net:net241207 net:net657489 net:net242309
	comment: capacity:22 usage:23 overflow:1
	bbox = (1135.5000, 613.5000) - (1137.0000, 615.0000) on Layer -
violation type: Horizontal congestion
	srcs: net:net663105 net:net663088 net:net663068 net:net659510 net:net342207 net:net342205 net:net342191 net:net342185 net:net342169 net:net241301 net:net242308 net:net242311 net:net342334 net:net242358 net:net329978 net:net659124 net:net241295 net:net657282
	comment: capacity:22 usage:25 overflow:3
	bbox = (1135.5000, 640.5000) - (1137.0000, 642.0000) on Layer -
violation type: Horizontal congestion
	srcs: net:net665447 net:net665266 net:net663802 net:net663517 net:net663469 net:net663154 net:net663074 net:net663056 net:net663040 net:net663034 net:net663029 net:net663031 net:net661529 net:net659115 net:net658343 net:net342173 net:net342139 net:net342127 net:net342125 net:net342123 net:net342095 net:net342089 net:net660115 net:net659495 net:net241211 net:net342344 net:net658778 net:net658769 net:net657663 net:net330204 net:net665265 net:net665358 net:net330027 net:net340655 net:net656229 net:net340814 net:net659070
	comment: capacity:37 usage:38 overflow:1
	bbox = (1135.5000, 643.5000) - (1137.0000, 645.0000) on Layer -
violation type: Horizontal congestion
	srcs: net:net658682 net:net658616 net:net658599 net:net343743 net:net343715 net:net343679 net:net343677 net:net343675 net:net343663 net:net342013 net:net241313 net:net342376 net:net657391 net:net339977 net:net242313 net:net342350 net:net329980 net:net342398 net:net330189 net:net342353 net:net342340 net:net657489 net:net342386 net:net657290 net:net242310 net:net342382 net:net657386
	comment: capacity:37 usage:38 overflow:1
	bbox = (1137.0000, 589.5000) - (1138.5000, 591.0000) on Layer -
violation type: Horizontal congestion
	srcs: net:net660297 net:net342381 net:net342326 net:net342392 net:net241205 net:net342403 net:net242357 net:net329982 net:net329980 net:net342334 net:net342398 net:net330180 net:net660025 net:net241199 net:net342372 net:net330088 net:net657185 net:net342397 net:net342340 net:net657489 net:net242310 net:net242312 net:net342328 net:net342382
	comment: capacity:37 usage:40 overflow:3
	bbox = (1137.0000, 637.5000) - (1138.5000, 639.0000) on Layer -
violation type: Horizontal congestion
	srcs: net:net669395 net:net669389 net:net669383 net:net663343 net:net663335 net:net662843 net:net662836 net:net657793 net:net656307 net:net342381 net:net660984 net:net241313 net:net661375 net:net342337 net:net242308 net:net342403 net:net241281 net:net242357 net:net339974 net:net330189 net:net660978 net:net339971 net:net660980 net:net342396 net:net342375 net:net660941 net:net657282 net:net242260 net:net662482
	comment: capacity:37 usage:39 overflow:2
	bbox = (1137.0000, 655.5000) - (1138.5000, 657.0000) on Layer -
violation type: Horizontal congestion
	srcs: net:net663328 net:net662900 net:net662281 net:net659065 net:net656489 net:net656487 net:net656426 net:net241205 net:net339977 net:net242303 net:net660938 net:net342385 net:net662499 net:net330183 net:net657185 net:net342340 net:net657489 net:net241315 net:net342342 net:net242312 net:net659204 net:net657386 net:net657388 net:net659070
	comment: capacity:33 usage:36 overflow:3
	bbox = (1137.0000, 657.0000) - (1138.5000, 658.5000) on Layer -
violation type: Horizontal congestion
	srcs: net:net667880 net:net667483 net:net667397 net:net666852 net:net662227 net:net662218 net:net662140 net:net661399 net:net661392 net:net661385 net:net661332 net:net658191 net:net344253 net:net344195 net:net344181 net:net242372 net:net242303 net:net342350 net:net657879 net:net666656 net:net241317 net:net342397 net:net657489 net:net241315 net:net342386 net:net660947 net:net342290 net:net329973 net:net658802 net:net657386 net:net658010
	comment: capacity:37 usage:38 overflow:1
	bbox = (1137.0000, 688.5000) - (1138.5000, 690.0000) on Layer -
violation type: Horizontal congestion
	srcs: net:net669232 net:net669052 net:net668967 net:net668960 net:net668953 net:net668918 net:net667200 net:net663674 net:net662844 net:net662526 net:net662525 net:net662514 net:net662506 net:net662503 net:net662457 net:net661731 net:net661569 net:net660968 net:net660944 net:net659072 net:net657694 net:net656326 net:net344447 net:net342381 net:net667538 net:net658416 net:net340911 net:net242313 net:net329976 net:net662498 net:net342387 net:net661340 net:net241297 net:net666821 net:net340655 net:net665246 net:net659070
	comment: capacity:37 usage:38 overflow:1
	bbox = (1138.5000, 652.5000) - (1140.0000, 654.0000) on Layer -
violation type: Horizontal congestion
	srcs: net:net663328 net:net662900 net:net662376 net:net662281 net:net659065 net:net656489 net:net656487 net:net656426 net:net344515 net:net241205 net:net339977 net:net242303 net:net660938 net:net662502 net:net342385 net:net330189 net:net330183 net:net657185 net:net342340 net:net657489 net:net342342 net:net242312 net:net659204 net:net657386 net:net657388
	comment: capacity:33 usage:36 overflow:3
	bbox = (1138.5000, 657.0000) - (1140.0000, 658.5000) on Layer -
violation type: Horizontal congestion
	srcs: net:net660491 net:net660477 net:net658090 net:net343995 net:net343985 net:net343967 net:net343953 net:net343943 net:net343935 net:net343925 net:net342326 net:net341338 net:net663774 net:net342393 net:net242303 net:net342403 net:net658778 net:net329980 net:net341245 net:net657663 net:net342334 net:net660025 net:net241207 net:net339971 net:net658295 net:net342375 net:net242310 net:net242312 net:net341161
	comment: capacity:37 usage:38 overflow:1
	bbox = (1140.0000, 616.5000) - (1141.5000, 618.0000) on Layer -
violation type: Horizontal congestion
	srcs: net:net677606 net:net666595 net:net666589 net:net666583 net:net666245 net:net666199 net:net660329 net:net660323 net:net660295 net:net660292 net:net660233 net:net660227 net:net660185 net:net659301 net:net659233 net:net659078 net:net658542 net:net658302 net:net657500 net:net344033 net:net343921 net:net342193 net:net342187 net:net342177 net:net342115 net:net342099 net:net342083 net:net342081 net:net342311 net:net658100 net:net242308 net:net341248 net:net657674 net:net659407 net:net340655 net:net341161
	comment: capacity:37 usage:38 overflow:1
	bbox = (1143.0000, 633.0000) - (1144.5000, 634.5000) on Layer -
violation type: Horizontal congestion
	srcs: net:net665114 net:net665017 net:net665008 net:net664997 net:net658966 net:net658959 net:net658952 net:net658746 net:net658204 net:net658187 net:net658099 net:net658009 net:net657988 net:net657986 net:net657902 net:net657658 net:net657651 net:net343681 net:net342308 net:net341919 net:net241301 net:net342345 net:net657691 net:net658100 net:net657285 net:net657879 net:net657993 net:net241297 net:net657290 net:net340812 net:net342328 net:net241295 net:net658010
	comment: capacity:37 usage:38 overflow:1
	bbox = (1149.0000, 606.0000) - (1150.5000, 607.5000) on Layer -
violation type: Horizontal congestion
	srcs: net:net666069 net:net664920 net:net664867 net:net664746 net:net664740 net:net664734 net:net659032 net:net658935 net:net658870 net:net658144 net:net658137 net:net658131 net:net658126 net:net658075 net:net657909 net:net657545 net:net241205 net:net342334 net:net241203 net:net330185 net:net342372 net:net330088 net:net342396 net:net342375 net:net657290 net:net658125 net:net657678 net:net658802 net:net330187
	comment: capacity:37 usage:38 overflow:1
	bbox = (1153.5000, 609.0000) - (1155.0000, 610.5000) on Layer -
violation type: Horizontal congestion
	srcs: net:net666075 net:net666029 net:net665492 net:net665487 net:net660488 net:net660452 net:net660141 net:net657999 net:net343999 net:net343971 net:net343935 net:net241299 net:net342337 net:net657285 net:net242303 net:net342403 net:net242357 net:net329980 net:net342385 net:net657185 net:net242358 net:net241293 net:net242312 net:net342328 net:net330187
	comment: capacity:37 usage:38 overflow:1
	bbox = (1156.5000, 618.0000) - (1158.0000, 619.5000) on Layer -
violation type: Horizontal congestion
	srcs: net:net666510 net:net666504 net:net666498 net:net665924 net:net665914 net:net659505 net:net659500 net:net659227 net:net659226 net:net659225 net:net659098 net:net659086 net:net658004 net:net657896 net:net342309 net:net342345 net:net659097 net:net339977 net:net341338 net:net657544 net:net659114 net:net657487 net:net657879 net:net342385 net:net659088 net:net339974 net:net342340 net:net657282
	comment: capacity:33 usage:34 overflow:1
	bbox = (1167.0000, 630.0000) - (1168.5000, 631.5000) on Layer -
violation type: Horizontal congestion
	srcs: net:net671080 net:net669304 net:net668512 net:net666669 net:net663236 net:net662307 net:net342326 net:net242372 net:net342376 net:net241205 net:net242308 net:net342350 net:net330180 net:net330183 net:net241199 net:net342396 net:net666658 net:net666653 net:net342375 net:net342292 net:net242310 net:net662312 net:net342328 net:net342290 net:net330187
	comment: capacity:37 usage:38 overflow:1
	bbox = (1167.0000, 661.5000) - (1168.5000, 663.0000) on Layer -
violation type: Horizontal congestion
	srcs: net:net341316 net:net341306 net:net342326 net:net241301 net:net659509 net:net342403 net:net242311 net:net241297 net:net241201 net:net342396 net:net342342 net:net659124 net:net342328 net:net241295 net:net241291
	comment: capacity:22 usage:24 overflow:2
	bbox = (1168.5000, 631.5000) - (1170.0000, 633.0000) on Layer -
violation type: Horizontal congestion
	srcs: net:net672720 net:net668696 net:net668663 net:net668624 net:net668617 net:net668610 net:net668572 net:net668566 net:net668545 net:net668271 net:net668229 net:net668139 net:net668132 net:net663602 net:net663588 net:net663556 net:net662618 net:net662610 net:net662597 net:net661180 net:net659765 net:net659233 net:net657981 net:net656868 net:net656370 net:net344455 net:net657391 net:net241311 net:net241317 net:net241315 net:net657290
	comment: capacity:33 usage:34 overflow:1
	bbox = (1168.5000, 666.0000) - (1170.0000, 667.5000) on Layer -
violation type: Horizontal congestion
	srcs: net:net668367 net:net667391 net:net661251 net:net661158 net:net660774 net:net660743 net:net656824 net:net656820 net:net656814 net:net342345 net:net241313 net:net339977 net:net657285 net:net330209 net:net242308 net:net342403 net:net657487 net:net242357 net:net329980 net:net339974 net:net242358 net:net241293 net:net242312 net:net657282 net:net657388
	comment: capacity:37 usage:38 overflow:1
	bbox = (1168.5000, 673.5000) - (1170.0000, 675.0000) on Layer -
violation type: Horizontal congestion
	srcs: net:net665327 net:net665319 net:net665314 net:net663869 net:net659080 net:net343943 net:net241299 net:net241301 net:net663875 net:net657285 net:net329982 net:net663872 net:net659088 net:net657489 net:net242312 net:net241295 net:net657386
	comment: capacity:22 usage:24 overflow:2
	bbox = (1170.0000, 622.5000) - (1171.5000, 624.0000) on Layer -
violation type: Horizontal congestion
	srcs: net:net657280 net:net341845 net:net241299 net:net342381 net:net342392 net:net241205 net:net342337 net:net342393 net:net342372 net:net330088 net:net241201 net:net342310 net:net241295 net:net342382 net:net242309
	comment: capacity:22 usage:23 overflow:1
	bbox = (1171.5000, 595.5000) - (1173.0000, 597.0000) on Layer -
violation type: Horizontal congestion
	srcs: net:net668166 net:net667100 net:net663688 net:net663681 net:net663641 net:net663523 net:net662778 net:net662776 net:net662775 net:net662705 net:net662693 net:net662402 net:net662330 net:net662324 net:net662318 net:net662270 net:net659743 net:net656491 net:net656369 net:net656367 net:net344441 net:net342326 net:net242372 net:net342376 net:net242313 net:net242311 net:net242357 net:net662800 net:net339971 net:net342396 net:net329978 net:net342328
	comment: capacity:37 usage:39 overflow:2
	bbox = (1173.0000, 651.0000) - (1174.5000, 652.5000) on Layer -
violation type: Horizontal congestion
	srcs: net:net855383 net:net853524 net:net839975 net:net833172 net:net833150 net:net833132 net:net833126 net:net833092 net:net833012 net:net820126 net:net820124 net:net819042 net:net831235 net:net833967 net:net825077 net:net830120 net:net830171 net:net824046 net:net820158 net:net830124
	comment: capacity:22 usage:23 overflow:1
	bbox = (1327.5000, 1243.5000) - (1329.0000, 1245.0000) on Layer -
violation type: Vertical congestion
	srcs: net:net1181528 net:net1181501 net:net1181497 net:net1181496 net:net1181498 net:net1181468 net:net1181435 net:net1165846 net:net1165765 net:net1165376 net:net1165377 net:net1165281 net:net1165130 net:net1165084 net:net1164944 net:net1164939 net:net1164896 net:net1164572 net:net1164546 net:net1164535 net:net1164527 net:net1164425
	comment: capacity:30 usage:31 overflow:1
	bbox = (57.0000, 1101.0000) - (58.5000, 1102.5000) on Layer -
violation type: Vertical congestion
	srcs: net:net513371 net:net505641 net:net498883 net:net490848 net:net487892 net:net487795 net:net487742 net:net476047 net:net476046 net:net475234 net:net475044 net:net475016 net:net472961 net:net470871 net:net424305 net:net404858 net:net404856 net:net404854 net:net286126 net:net265194 net:net261985 net:net236873 net:net476050 net:net220271 net:net194311 net:net476049 net:net473660 net:net201396 net:net473662 net:net1218246 net:net1209063
	comment: capacity:40 usage:41 overflow:1
	bbox = (138.0000, 661.5000) - (139.5000, 663.0000) on Layer -
violation type: Vertical congestion
	srcs: net:net513371 net:net505641 net:net502673 net:net501912 net:net498883 net:net490848 net:net488047 net:net487892 net:net487795 net:net487742 net:net486843 net:net471315 net:net285239 net:net236873 net:net220271 net:net285267 net:net207140 net:net206776 net:net194464 net:net201396 net:net1218710 net:net1218246 net:net1209063 net:net540223 net:net526314 net:net432177 net:net530052 net:net434825 net:net440818 net:net436347 net:net439855 net:net432175 net:net439368 net:net435850 net:net435368 net:net523041 net:net442292
	comment: capacity:40 usage:41 overflow:1
	bbox = (138.0000, 730.5000) - (139.5000, 732.0000) on Layer -
violation type: Vertical congestion
	srcs: net:net513371 net:net505641 net:net502673 net:net501912 net:net498883 net:net490848 net:net488047 net:net487892 net:net487795 net:net487742 net:net471315 net:net285264 net:net285239 net:net236873 net:net232220 net:net220271 net:net285267 net:net207140 net:net206776 net:net194464 net:net201396 net:net1218710 net:net1218246 net:net1209063 net:net540223 net:net526314 net:net432177 net:net530052 net:net434825 net:net436347 net:net439855 net:net432175 net:net549010 net:net439368 net:net435850 net:net435368 net:net523041
	comment: capacity:40 usage:41 overflow:1
	bbox = (138.0000, 732.0000) - (139.5000, 733.5000) on Layer -
violation type: Vertical congestion
	srcs: net:net936507 net:net523375 net:net523298 net:net522905 net:net522877 net:net1212680 net:net541212 net:net526095 net:net527141 net:net548189 net:net530062 net:net557963 net:net557882 net:net540977 net:net540140 net:net466764 net:net530379 net:net526535 net:net541057 net:net523306 net:net466342 net:net526534 net:net228478 net:net89852 net:net466320 net:net526091 net:net192250 net:net540158 net:net540026 net:net523374 net:net523300 net:net242862 net:net227725 net:net235037 net:net214426 net:net466310 net:net1167772 net:net203592 net:net520527 net:net466306
	comment: capacity:40 usage:41 overflow:1
	bbox = (240.0000, 738.0000) - (241.5000, 739.5000) on Layer -
violation type: Vertical congestion
	srcs: net:net1024425 net:net522617 net:net521946 net:net521406 net:net459862 net:net455727 net:net455726 net:net455724 net:net454150 net:net453836 net:net450112 net:net450111 net:net417602 net:net417600 net:net417578 net:net414087 net:net79614 net:net79609 net:net255733 net:net242844 net:net212961 net:net212957 net:net211949 net:net203141 net:net200348 net:net446562 net:net419086 net:net453835 net:net430671 net:net1221421 net:net1220130 net:net971477 net:net422507 net:net414924 net:net427287 net:net436845 net:net433273 net:net450575 net:net435368 net:net79657
	comment: capacity:40 usage:41 overflow:1
	bbox = (297.0000, 762.0000) - (298.5000, 763.5000) on Layer -
violation type: Vertical congestion
	srcs: net:net1024425 net:net1024299 net:net1024298 net:net522617 net:net521946 net:net521657 net:net521406 net:net459862 net:net457932 net:net456023 net:net454149 net:net450112 net:net450111 net:net442641 net:net417602 net:net417600 net:net417578 net:net414087 net:net79614 net:net79609 net:net255733 net:net242844 net:net212961 net:net212957 net:net211949 net:net203141 net:net200348 net:net446562 net:net419086 net:net430671 net:net1221421 net:net1220130 net:net971477 net:net422507 net:net414924 net:net436845 net:net433273 net:net432260 net:net450575 net:net79657
	comment: capacity:40 usage:41 overflow:1
	bbox = (297.0000, 768.0000) - (298.5000, 769.5000) on Layer -
violation type: Vertical congestion
	srcs: net:net1025157 net:net655726 net:net525332 net:net445577 net:net445574 net:net437693 net:net411299 net:net411240 net:net411239 net:net324931 net:net276879 net:net91407 net:net255707 net:net255704 net:net248455 net:net243096 net:net234632 net:net225820 net:net223416 net:net217978 net:net217974 net:net214412 net:net210997 net:net209887 net:net208567 net:net204561 net:net412179 net:net409263 net:net390269 net:net409264 net:net44249 net:net1223645 net:net1213254 net:net461779 net:net434831 net:net453336 net:net268061 net:net432139 net:net438392
	comment: capacity:40 usage:41 overflow:1
	bbox = (300.0000, 762.0000) - (301.5000, 763.5000) on Layer -
violation type: Vertical congestion
	srcs: net:net1025157 net:net655726 net:net525332 net:net437693 net:net432054 net:net417613 net:net411299 net:net411240 net:net411239 net:net324931 net:net276879 net:net91407 net:net255707 net:net255704 net:net248455 net:net243096 net:net234632 net:net225820 net:net223416 net:net217978 net:net217974 net:net214412 net:net210997 net:net209887 net:net208567 net:net204561 net:net412179 net:net409263 net:net390269 net:net417621 net:net409264 net:net1223645 net:net1213254 net:net461779 net:net434831 net:net453336 net:net268061 net:net432139 net:net438392
	comment: capacity:40 usage:41 overflow:1
	bbox = (300.0000, 763.5000) - (301.5000, 765.0000) on Layer -
violation type: Vertical congestion
	srcs: net:net1024868 net:net448504 net:net431220 net:net390279 net:net324916 net:net269241 net:net92429 net:net266803 net:net266798 net:net264655 net:net249026 net:net249022 net:net228912 net:net91005 net:net91003 net:net401889 net:net439697 net:net439714 net:net458885 net:net84854 net:net458586 net:net1025183 net:net197816 net:net379219 net:net440340 net:net246099 net:net44276 net:net79657 net:net1015169 net:net1017232
	comment: capacity:30 usage:31 overflow:1
	bbox = (309.0000, 759.0000) - (310.5000, 760.5000) on Layer -
violation type: Vertical congestion
	srcs: net:net1015752 net:net448498 net:net445100 net:net442336 net:net436369 net:net423823 net:net417234 net:net412229 net:net403515 net:net401951 net:net401898 net:net401880 net:net390383 net:net278669 net:net277726 net:net269030 net:net89831 net:net264658 net:net262622 net:net256747 net:net256690 net:net256658 net:net256654 net:net256539 net:net245954 net:net234649 net:net220109 net:net211002 net:net439697 net:net84870 net:net439704 net:net401827 net:net438725 net:net1221588 net:net1218401 net:net443278 net:net434301 net:net1203265 net:net262108
	comment: capacity:40 usage:41 overflow:1
	bbox = (310.5000, 760.5000) - (312.0000, 762.0000) on Layer -
violation type: Vertical congestion
	srcs: net:net1024322 net:net1024317 net:net460808 net:net460324 net:net460033 net:net460032 net:net459984 net:net458060 net:net458059 net:net457088 net:net453318 net:net452442 net:net452397 net:net450884 net:net448021 net:net445093 net:net444791 net:net441771 net:net256574 net:net256201 net:net227707 net:net226189 net:net215590 net:net197789 net:net454148 net:net447528 net:net445270 net:net453845 net:net452738 net:net431904 net:net452908 net:net197816 net:net449462 net:net453843 net:net1219283 net:net1219282 net:net1219114 net:net971489
	comment: capacity:40 usage:42 overflow:2
	bbox = (315.0000, 723.0000) - (316.5000, 724.5000) on Layer -
violation type: Vertical congestion
	srcs: net:net1024322 net:net1024317 net:net460808 net:net460324 net:net460033 net:net460032 net:net459982 net:net457088 net:net452442 net:net452397 net:net450884 net:net448021 net:net445093 net:net444791 net:net256574 net:net256201 net:net227707 net:net226189 net:net220928 net:net215590 net:net197789 net:net454148 net:net447528 net:net445270 net:net453845 net:net452738 net:net457630 net:net452908 net:net449462 net:net453843 net:net1219283 net:net1219282 net:net1219114 net:net971489 net:net208196
	comment: capacity:36 usage:37 overflow:1
	bbox = (315.0000, 724.5000) - (316.5000, 726.0000) on Layer -
violation type: Vertical congestion
	srcs: net:net1024322 net:net1024317 net:net460808 net:net460324 net:net460033 net:net460032 net:net459982 net:net452442 net:net452397 net:net450884 net:net448021 net:net445093 net:net444791 net:net444744 net:net442762 net:net441772 net:net406611 net:net256574 net:net256201 net:net227707 net:net226189 net:net220928 net:net215590 net:net197789 net:net454148 net:net447528 net:net445270 net:net453845 net:net452738 net:net457630 net:net452908 net:net453843 net:net1219283 net:net1219282 net:net1219114 net:net971489 net:net220930 net:net208196
	comment: capacity:39 usage:40 overflow:1
	bbox = (315.0000, 726.0000) - (316.5000, 727.5000) on Layer -
violation type: Vertical congestion
	srcs: net:net1024322 net:net1024317 net:net460808 net:net460324 net:net460033 net:net460032 net:net452442 net:net450884 net:net448632 net:net448021 net:net445093 net:net444791 net:net444744 net:net437827 net:net434814 net:net406613 net:net406612 net:net267048 net:net256574 net:net256201 net:net227707 net:net226189 net:net220928 net:net215590 net:net197789 net:net454148 net:net447528 net:net445270 net:net452738 net:net432594 net:net457630 net:net452908 net:net453843 net:net1219283 net:net1219282 net:net1219114 net:net971489 net:net446252 net:net220930 net:net208196
	comment: capacity:40 usage:41 overflow:1
	bbox = (315.0000, 730.5000) - (316.5000, 732.0000) on Layer -
violation type: Vertical congestion
	srcs: net:net1024322 net:net1024317 net:net1015558 net:net460808 net:net460324 net:net460033 net:net460032 net:net452442 net:net450884 net:net448021 net:net445093 net:net444791 net:net441302 net:net441169 net:net400826 net:net256574 net:net256201 net:net61375 net:net227707 net:net226189 net:net215590 net:net89180 net:net197789 net:net454148 net:net447528 net:net220935 net:net452738 net:net432594 net:net457630 net:net452908 net:net453843 net:net1221252 net:net1219283 net:net1219282 net:net971489 net:net47197 net:net446253 net:net446252 net:net258107 net:net89198
	comment: capacity:40 usage:41 overflow:1
	bbox = (315.0000, 759.0000) - (316.5000, 760.5000) on Layer -
violation type: Vertical congestion
	srcs: net:net1024322 net:net1024317 net:net460808 net:net460324 net:net460323 net:net452442 net:net450884 net:net448021 net:net445097 net:net444791 net:net444788 net:net400826 net:net256574 net:net256201 net:net61375 net:net246318 net:net227707 net:net226189 net:net215590 net:net89180 net:net197789 net:net454148 net:net447528 net:net220935 net:net452738 net:net432594 net:net44248 net:net457630 net:net452908 net:net453843 net:net1221252 net:net1219283 net:net1219282 net:net971489 net:net47197 net:net446253 net:net446252 net:net258107 net:net89198
	comment: capacity:39 usage:40 overflow:1
	bbox = (315.0000, 760.5000) - (316.5000, 762.0000) on Layer -
violation type: Vertical congestion
	srcs: net:net1017498 net:net1017456 net:net1015452 net:net521767 net:net453669 net:net445756 net:net445755 net:net443764 net:net436368 net:net434813 net:net433778 net:net406558 net:net287237 net:net287227 net:net287226 net:net267037 net:net227711 net:net224812 net:net224109 net:net231977 net:net220935 net:net433775 net:net433771 net:net1025159 net:net432266 net:net223500 net:net1221589 net:net197476 net:net91017 net:net89198
	comment: capacity:30 usage:31 overflow:1
	bbox = (325.5000, 729.0000) - (327.0000, 730.5000) on Layer -
violation type: Vertical congestion
	srcs: net:net1025483 net:net1024218 net:net1017325 net:net521945 net:net449149 net:net443838 net:net443819 net:net437373 net:net435845 net:net435831 net:net435829 net:net433851 net:net427201 net:net402038 net:net278668 net:net264845 net:net255706 net:net254732 net:net228957 net:net219302 net:net210651 net:net1016495 net:net439213 net:net439912 net:net229787 net:net91434 net:net1016129 net:net443110 net:net416016 net:net427999 net:net387962 net:net466717 net:net277113 net:net200127 net:net243240 net:net90335
	comment: capacity:38 usage:39 overflow:1
	bbox = (337.5000, 744.0000) - (339.0000, 745.5000) on Layer -
violation type: Vertical congestion
	srcs: net:net932734 net:net931332 net:net927867 net:net285928 net:net285922 net:net927869 net:net932253 net:net932257 net:net285923
	comment: capacity:13 usage:14 overflow:1
	bbox = (397.5000, 210.0000) - (399.0000, 211.5000) on Layer -
violation type: Vertical congestion
	srcs: net:net562939 net:net562526 net:net545398 net:net545396 net:net379533 net:net379388 net:net379387 net:net379391 net:net379385 net:net520613 net:net379346 net:net547791 net:net360516 net:net366752 net:net212997 net:net379382 net:net274068 net:net271806 net:net379309 net:net379381 net:net1256615 net:net347291 net:net89197 net:net271421 net:net361431 net:net346480 net:net2572 net:net357570 net:net346902 net:net222302
	comment: capacity:30 usage:31 overflow:1
	bbox = (453.0000, 949.5000) - (454.5000, 951.0000) on Layer -
violation type: Vertical congestion
	srcs: net:net1029327 net:net456122 net:net453857 net:net452174 net:net450130 net:net446579 net:net446550 net:net438765 net:net438421 net:net438396 net:net434665 net:net426561 net:net426556 net:net420218 net:net419283 net:net419282 net:net417259 net:net417254 net:net400857 net:net398447 net:net261584 net:net261583 net:net255736 net:net255729 net:net255726 net:net243099 net:net239174 net:net224154 net:net224854 net:net230416 net:net459957 net:net65130 net:net63605 net:net213002 net:net197833 net:net446264 net:net444626 net:net261579 net:net1017750
	comment: capacity:40 usage:41 overflow:1
	bbox = (460.5000, 721.5000) - (462.0000, 723.0000) on Layer -
violation type: Vertical congestion
	srcs: net:net565145 net:net563140 net:net563137 net:net198518 net:net84940 net:net365416 net:net1016133 net:net199531 net:net357778 net:net57923 net:net202267 net:net366364 net:net274507 net:net324208 net:net1016483 net:net324674 net:net358018 net:net2291 net:net1268499 net:net218819 net:net189988 net:net1256474 net:net1227785 net:net11734 net:net1227419 net:net11746 net:net44878 net:net4666 net:net346734 net:net344944 net:net61843 net:net56067 net:net1023220 net:net1015165 net:net1023187 net:net1017751 net:net1017331
	comment: capacity:39 usage:40 overflow:1
	bbox = (462.0000, 951.0000) - (463.5000, 952.5000) on Layer -
violation type: Vertical congestion
	srcs: net:net79130 net:net459875 net:net458916 net:net452158 net:net449493 net:net449488 net:net447899 net:net447515 net:net435618 net:net435373 net:net426129 net:net420979 net:net417155 net:net414486 net:net406071 net:net402014 net:net264312 net:net231264 net:net449475 net:net65108 net:net65130 net:net63605 net:net213002 net:net91434 net:net456990 net:net439692 net:net44249 net:net1262235 net:net1256646 net:net1227364 net:net361059 net:net44276 net:net1027504 net:net1027552 net:net1058859 net:net1056927 net:net65129 net:net1023220
	comment: capacity:39 usage:40 overflow:1
	bbox = (465.0000, 708.0000) - (466.5000, 709.5000) on Layer -
violation type: Vertical congestion
	srcs: net:net1029270 net:net1027696 net:net1025921 net:net458900 net:net458898 net:net458711 net:net449969 net:net449657 net:net448998 net:net448699 net:net447545 net:net446756 net:net444630 net:net442662 net:net440224 net:net433851 net:net430820 net:net417182 net:net413652 net:net404897 net:net401926 net:net224520 net:net224146 net:net434137 net:net1262238 net:net1255314 net:net451489 net:net5495 net:net4702 net:net262108 net:net44276 net:net224861 net:net430572 net:net403511 net:net1075322 net:net1015169 net:net1017230 net:net1015166
	comment: capacity:38 usage:39 overflow:1
	bbox = (472.5000, 708.0000) - (474.0000, 709.5000) on Layer -
violation type: Vertical congestion
	srcs: net:net1027696 net:net1025921 net:net458905 net:net447545 net:net447027 net:net446756 net:net444630 net:net434177 net:net433851 net:net431567 net:net430820 net:net425010 net:net413652 net:net405200 net:net405194 net:net404897 net:net401926 net:net400857 net:net255729 net:net254725 net:net224865 net:net224520 net:net370236 net:net434137 net:net65130 net:net1262238 net:net1255314 net:net451489 net:net5495 net:net4702 net:net224861 net:net219311 net:net430572 net:net1017202 net:net1075322 net:net65129
	comment: capacity:36 usage:37 overflow:1
	bbox = (472.5000, 724.5000) - (474.0000, 726.0000) on Layer -
violation type: Vertical congestion
	srcs: net:net1030383 net:net1029262 net:net1026682 net:net440224 net:net439253 net:net435176 net:net431002 net:net428573 net:net426019 net:net401109 net:net326275 net:net263728 net:net263724 net:net254726 net:net254718 net:net246800 net:net231518 net:net224149 net:net65130 net:net230418 net:net263726 net:net11987 net:net203227 net:net61827 net:net447630 net:net190597 net:net1255306 net:net1255218 net:net1254703 net:net11722 net:net11731 net:net5496 net:net4663 net:net63608 net:net1062148
	comment: capacity:36 usage:37 overflow:1
	bbox = (474.0000, 724.5000) - (475.5000, 726.0000) on Layer -
violation type: Vertical congestion
	srcs: net:net79124 net:net543368 net:net484476 net:net477628 net:net414778 net:net404699 net:net398633 net:net326275 net:net234132 net:net225320 net:net203960 net:net356237 net:net365423 net:net63578 net:net61800 net:net327390 net:net11987 net:net204122 net:net370850 net:net358164 net:net273898 net:net198986 net:net1277040 net:net1268995 net:net2291 net:net1255306 net:net1255218 net:net1254703 net:net11731 net:net1227456 net:net4665 net:net347784 net:net213565 net:net246395 net:net274132 net:net2577 net:net360684 net:net348699 net:net1015156
	comment: capacity:39 usage:40 overflow:1
	bbox = (474.0000, 924.0000) - (475.5000, 925.5000) on Layer -
violation type: Vertical congestion
	srcs: net:net573391 net:net559865 net:net559821 net:net520684 net:net413370 net:net379551 net:net235609 net:net79676 net:net218787 net:net214970 net:net213614 net:net200904 net:net79659 net:net361464 net:net273737 net:net520691 net:net379548 net:net367991 net:net55898 net:net61802 net:net360780 net:net365495 net:net213002 net:net273759 net:net379444 net:net379455 net:net273684 net:net211033 net:net11987 net:net559858 net:net2277 net:net223715 net:net5478 net:net4663 net:net13749 net:net65129 net:net1033702 net:net69661
	comment: capacity:40 usage:41 overflow:1
	bbox = (475.5000, 954.0000) - (477.0000, 955.5000) on Layer -
violation type: Vertical congestion
	srcs: net:net1026686 net:net1025583 net:net459959 net:net441175 net:net432097 net:net427582 net:net424856 net:net416474 net:net411222 net:net411220 net:net404003 net:net278261 net:net255739 net:net254731 net:net254727 net:net228959 net:net224858 net:net224154 net:net213004 net:net224854 net:net65130 net:net412818 net:net218938 net:net224860 net:net228960 net:net399569 net:net406551 net:net1256220 net:net1255258 net:net1254343 net:net1254050 net:net11727 net:net1227488 net:net5493 net:net1027684 net:net255741 net:net228961 net:net1016604 net:net1016243 net:net1033702
	comment: capacity:40 usage:41 overflow:1
	bbox = (477.0000, 727.5000) - (478.5000, 729.0000) on Layer -
violation type: Vertical congestion
	srcs: net:net1026704 net:net1026686 net:net1025583 net:net459959 net:net453222 net:net453221 net:net452907 net:net451374 net:net445594 net:net426468 net:net420369 net:net416474 net:net416471 net:net411222 net:net401234 net:net213004 net:net273662 net:net453845 net:net431904 net:net409266 net:net415836 net:net452908 net:net409264 net:net453843 net:net2271 net:net2239 net:net1256220 net:net1255258 net:net1254343 net:net1254050 net:net11727 net:net1227488 net:net446252 net:net5493 net:net92015 net:net1016604 net:net1016243 net:net1033702
	comment: capacity:40 usage:41 overflow:1
	bbox = (477.0000, 757.5000) - (478.5000, 759.0000) on Layer -
violation type: Vertical congestion
	srcs: net:net982176 net:net580222 net:net54847 net:net474103 net:net417984 net:net398627 net:net256251 net:net203952 net:net273650 net:net273874 net:net203615 net:net48238 net:net62956 net:net361463 net:net324674 net:net208613 net:net1256691 net:net1255338 net:net1227721 net:net5469 net:net5485 net:net5504 net:net348651 net:net346585 net:net89211 net:net346620 net:net347830 net:net347044 net:net358059 net:net192283 net:net192282 net:net2577 net:net65113 net:net221019 net:net202281 net:net360686 net:net1016598 net:net1016256
	comment: capacity:40 usage:41 overflow:1
	bbox = (478.5000, 919.5000) - (480.0000, 921.0000) on Layer -
violation type: Vertical congestion
	srcs: net:net982176 net:net564145 net:net564107 net:net561112 net:net561105 net:net474103 net:net379275 net:net245501 net:net237984 net:net203952 net:net65164 net:net356237 net:net273650 net:net379547 net:net62956 net:net357825 net:net63590 net:net273967 net:net370115 net:net361090 net:net559943 net:net47211 net:net1264691 net:net208613 net:net1256515 net:net1255338 net:net1227721 net:net5469 net:net348651 net:net89211 net:net347044 net:net347015 net:net358059 net:net347022 net:net65113 net:net221019 net:net202281 net:net1016598 net:net1016256
	comment: capacity:40 usage:42 overflow:2
	bbox = (478.5000, 963.0000) - (480.0000, 964.5000) on Layer -
violation type: Vertical congestion
	srcs: net:net962789 net:net79126 net:net445275 net:net445274 net:net423331 net:net416151 net:net396269 net:net395573 net:net326473 net:net326471 net:net324934 net:net324916 net:net265834 net:net265832 net:net265831 net:net262078 net:net262076 net:net262075 net:net230298 net:net223090 net:net223050 net:net218943 net:net213019 net:net1032629 net:net223055 net:net92021 net:net1039790 net:net65108 net:net458987 net:net65151 net:net12458 net:net1256100 net:net1256045 net:net1255150 net:net5509 net:net5379 net:net219304 net:net430577 net:net222375
	comment: capacity:39 usage:40 overflow:1
	bbox = (484.5000, 733.5000) - (486.0000, 735.0000) on Layer -
violation type: Vertical congestion
	srcs: net:net561458 net:net561457 net:net520875 net:net368469 net:net364307 net:net1016177 net:net273697 net:net542321 net:net365752 net:net365572 net:net63611 net:net197846 net:net190596 net:net10818 net:net1256682 net:net1256662 net:net1256549 net:net1256527 net:net1255378 net:net1255362 net:net1255357 net:net345917 net:net347778 net:net69779 net:net1140910 net:net361516 net:net361239 net:net348695 net:net69692
	comment: capacity:29 usage:30 overflow:1
	bbox = (487.5000, 888.0000) - (489.0000, 889.5000) on Layer -
violation type: Vertical congestion
	srcs: net:net561464 net:net520875 net:net368469 net:net274468 net:net1016177 net:net561473 net:net542321 net:net561459 net:net365572 net:net63611 net:net197846 net:net190596 net:net10818 net:net1256682 net:net1256662 net:net1256549 net:net1256527 net:net1255378 net:net1255362 net:net1255357 net:net5464 net:net345917 net:net347778 net:net1140910 net:net346963 net:net361516 net:net361239 net:net360686 net:net348695 net:net69692
	comment: capacity:30 usage:31 overflow:1
	bbox = (487.5000, 892.5000) - (489.0000, 894.0000) on Layer -
violation type: Vertical congestion
	srcs: net:net1029503 net:net459558 net:net457949 net:net443624 net:net441748 net:net425714 net:net403732 net:net12465 net:net35604 net:net255733 net:net224157 net:net1017161 net:net224146 net:net962792 net:net91434 net:net460346 net:net209923 net:net1039177 net:net370850 net:net197816 net:net2297 net:net2293 net:net1256640 net:net1255370 net:net1254687 net:net5475 net:net262108 net:net91450
	comment: capacity:30 usage:31 overflow:1
	bbox = (489.0000, 742.5000) - (490.5000, 744.0000) on Layer -
violation type: Vertical congestion
	srcs: net:net523870 net:net523847 net:net523841 net:net523839 net:net365758 net:net12465 net:net199522 net:net368468 net:net273735 net:net190643 net:net363849 net:net368039 net:net2293 net:net10818 net:net1256640 net:net1255370 net:net1254687 net:net5489 net:net5508 net:net5509 net:net4664 net:net4669 net:net5464 net:net324508 net:net2572 net:net61868 net:net360681 net:net348706
	comment: capacity:28 usage:29 overflow:1
	bbox = (489.0000, 877.5000) - (490.5000, 879.0000) on Layer -
violation type: Vertical congestion
	srcs: net:net566805 net:net561458 net:net368469 net:net364332 net:net364308 net:net12465 net:net199522 net:net273735 net:net274104 net:net244473 net:net365755 net:net365753 net:net363849 net:net2293 net:net10818 net:net1256640 net:net1255370 net:net1254687 net:net5489 net:net5506 net:net4669 net:net5464 net:net324199 net:net358410 net:net84903 net:net360681 net:net348706 net:net357762
	comment: capacity:29 usage:30 overflow:1
	bbox = (489.0000, 886.5000) - (490.5000, 888.0000) on Layer -
violation type: Vertical congestion
	srcs: net:net566782 net:net12465 net:net199522 net:net358048 net:net368548 net:net244458 net:net365769 net:net365919 net:net219695 net:net566785 net:net273735 net:net274104 net:net366902 net:net244473 net:net368221 net:net2205 net:net1256689 net:net1256640 net:net1255370 net:net1254687 net:net10762 net:net5508 net:net4669 net:net5464 net:net324199 net:net345927 net:net192283 net:net358147 net:net357762
	comment: capacity:30 usage:32 overflow:2
	bbox = (489.0000, 910.5000) - (490.5000, 912.0000) on Layer -
violation type: Vertical congestion
	srcs: net:net567311 net:net566782 net:net12465 net:net199522 net:net368548 net:net244458 net:net365769 net:net365919 net:net219695 net:net567035 net:net274104 net:net366902 net:net244473 net:net368221 net:net2205 net:net1256689 net:net1256640 net:net1255370 net:net1254687 net:net10762 net:net5508 net:net4669 net:net5464 net:net324199 net:net345927 net:net192283 net:net345817 net:net358147 net:net357762
	comment: capacity:30 usage:31 overflow:1
	bbox = (489.0000, 912.0000) - (490.5000, 913.5000) on Layer -
violation type: Vertical congestion
	srcs: net:net567311 net:net566782 net:net566685 net:net560091 net:net12465 net:net199522 net:net368548 net:net365919 net:net567797 net:net219695 net:net274104 net:net366902 net:net368036 net:net368221 net:net1256689 net:net1256640 net:net1255370 net:net1254687 net:net10762 net:net5473 net:net5508 net:net4669 net:net5464 net:net324199 net:net345927 net:net192283 net:net345817 net:net358147 net:net357762
	comment: capacity:30 usage:31 overflow:1
	bbox = (489.0000, 915.0000) - (490.5000, 916.5000) on Layer -
violation type: Vertical congestion
	srcs: net:net566782 net:net560091 net:net199522 net:net368548 net:net219695 net:net568048 net:net567608 net:net566776 net:net345860 net:net274104 net:net366902 net:net368036 net:net368221 net:net567214 net:net1256689 net:net1256640 net:net1255370 net:net1254687 net:net10762 net:net5473 net:net5508 net:net4669 net:net5464 net:net324199 net:net345927 net:net192283 net:net346929 net:net345817 net:net357762
	comment: capacity:30 usage:31 overflow:1
	bbox = (489.0000, 916.5000) - (490.5000, 918.0000) on Layer -
violation type: Vertical congestion
	srcs: net:net566782 net:net560091 net:net199522 net:net368548 net:net219695 net:net566741 net:net566776 net:net379506 net:net345860 net:net274104 net:net366902 net:net368036 net:net368221 net:net567214 net:net1256689 net:net1256640 net:net1255370 net:net1254687 net:net10762 net:net5473 net:net5508 net:net4669 net:net5464 net:net324199 net:net345927 net:net192283 net:net346929 net:net345817 net:net357762
	comment: capacity:30 usage:31 overflow:1
	bbox = (489.0000, 918.0000) - (490.5000, 919.5000) on Layer -
violation type: Vertical congestion
	srcs: net:net79134 net:net79126 net:net576911 net:net573395 net:net565146 net:net565012 net:net565011 net:net565001 net:net564277 net:net564183 net:net564095 net:net19212 net:net565411 net:net273883 net:net379556 net:net273675 net:net379582 net:net225890 net:net2293 net:net2281 net:net2275 net:net2269 net:net1256561 net:net1256402 net:net1256184 net:net1255990 net:net1255354 net:net1255266 net:net10944 net:net5501 net:net5509 net:net4669 net:net218950 net:net211585 net:net347833 net:net224894 net:net358559 net:net345807 net:net347621 net:net75588
	comment: capacity:40 usage:42 overflow:2
	bbox = (490.5000, 957.0000) - (492.0000, 958.5000) on Layer -
violation type: Vertical congestion
	srcs: net:net91024 net:net84879 net:net523852 net:net523848 net:net418319 net:net416442 net:net412943 net:net368742 net:net365758 net:net204017 net:net203960 net:net203952 net:net197848 net:net199528 net:net203859 net:net190643 net:net203778 net:net199535 net:net566807 net:net367425 net:net2281 net:net10818 net:net1256495 net:net1256402 net:net1256322 net:net1256234 net:net1256001 net:net1255418 net:net1255410 net:net1255402 net:net1255348 net:net5468 net:net5470 net:net5473 net:net5484 net:net324199 net:net273954 net:net69779 net:net347713
	comment: capacity:39 usage:40 overflow:1
	bbox = (492.0000, 868.5000) - (493.5000, 870.0000) on Layer -
violation type: Vertical congestion
	srcs: net:net418318 net:net417412 net:net417407 net:net414783 net:net412972 net:net405021 net:net368476 net:net35604 net:net204015 net:net199525 net:net196836 net:net229813 net:net362000 net:net324652 net:net12454 net:net273613 net:net12450 net:net274106 net:net204018 net:net358513 net:net367251 net:net85216 net:net1256113 net:net44875 net:net44858 net:net5475 net:net5480 net:net5482 net:net347778 net:net246395 net:net84903 net:net360684 net:net358192 net:net358190 net:net75588 net:net361081
	comment: capacity:38 usage:39 overflow:1
	bbox = (493.5000, 868.5000) - (495.0000, 870.0000) on Layer -
violation type: Vertical congestion
	srcs: net:net579306 net:net578405 net:net577074 net:net577070 net:net577068 net:net577067 net:net404347 net:net35604 net:net357579 net:net324652 net:net12454 net:net369446 net:net244457 net:net12450 net:net366635 net:net274106 net:net367163 net:net203822 net:net274092 net:net2289 net:net44875 net:net5480 net:net5484 net:net324508 net:net348651 net:net255749 net:net358155 net:net347623 net:net347621 net:net361234 net:net360684 net:net358192 net:net358182 net:net357646 net:net347741 net:net347739 net:net347737 net:net347715
	comment: capacity:39 usage:41 overflow:2
	bbox = (493.5000, 895.5000) - (495.0000, 897.0000) on Layer -
violation type: Vertical congestion
	srcs: net:net563263 net:net563232 net:net358048 net:net366760 net:net273886 net:net367562 net:net357579 net:net12454 net:net526772 net:net12450 net:net366765 net:net361146 net:net366340 net:net563215 net:net367432 net:net366496 net:net422681 net:net274092 net:net2295 net:net1256113 net:net44875 net:net5468 net:net5480 net:net357594 net:net357605 net:net261594 net:net84901 net:net360684 net:net213648 net:net357556 net:net358194 net:net347711 net:net347707 net:net347703 net:net347737 net:net347715 net:net361079 net:net361077 net:net1017226
	comment: capacity:40 usage:41 overflow:1
	bbox = (493.5000, 946.5000) - (495.0000, 948.0000) on Layer -
violation type: Vertical congestion
	srcs: net:net79134 net:net571412 net:net566156 net:net565674 net:net564453 net:net564452 net:net564454 net:net564447 net:net564449 net:net564435 net:net549701 net:net566178 net:net244481 net:net274106 net:net563266 net:net367950 net:net10818 net:net59226 net:net5482 net:net5489 net:net5498 net:net274465 net:net91046 net:net358079 net:net358077 net:net347627 net:net84903 net:net213649 net:net347629 net:net84901 net:net346571 net:net357556 net:net358197 net:net213058 net:net357740 net:net347744 net:net347729
	comment: capacity:38 usage:39 overflow:1
	bbox = (495.0000, 969.0000) - (496.5000, 970.5000) on Layer -
violation type: Vertical congestion
	srcs: net:net1033794 net:net1030891 net:net1030889 net:net1030862 net:net1030820 net:net1029929 net:net1029906 net:net1029523 net:net974251 net:net420262 net:net412942 net:net403861 net:net368504 net:net368492 net:net204107 net:net204007 net:net203856 net:net199527 net:net1016177 net:net320680 net:net273732 net:net346995 net:net1016135 net:net203822 net:net198986 net:net2283 net:net1255332 net:net1255176 net:net5476 net:net5503 net:net4693 net:net274465 net:net358074 net:net360684 net:net357740 net:net347705 net:net348706 net:net69689
	comment: capacity:40 usage:41 overflow:1
	bbox = (496.5000, 850.5000) - (498.0000, 852.0000) on Layer -
violation type: Vertical congestion
	srcs: net:net578913 net:net577070 net:net577069 net:net358004 net:net367249 net:net367241 net:net57923 net:net274476 net:net367694 net:net533421 net:net1255202 net:net5488 net:net4695 net:net344863 net:net348480 net:net211585 net:net346476 net:net346935 net:net345815 net:net361885 net:net345809 net:net346961 net:net255820 net:net346927 net:net346958 net:net286583 net:net345819 net:net267064 net:net345789 net:net358162 net:net358159 net:net268833 net:net213058 net:net358390 net:net348709 net:net345848 net:net345832
	comment: capacity:37 usage:38 overflow:1
	bbox = (498.0000, 895.5000) - (499.5000, 897.0000) on Layer -
violation type: Vertical congestion
	srcs: net:net577338 net:net572401 net:net572396 net:net565381 net:net565380 net:net565382 net:net565368 net:net12465 net:net357638 net:net273784 net:net324905 net:net324652 net:net273732 net:net358482 net:net361209 net:net563111 net:net85222 net:net1255202 net:net5493 net:net4693 net:net4695 net:net347671 net:net348480 net:net91046 net:net274441 net:net345750 net:net345809 net:net345779 net:net358077 net:net345746 net:net358074 net:net345772 net:net345742 net:net345770 net:net358162 net:net358390 net:net357762
	comment: capacity:40 usage:41 overflow:1
	bbox = (498.0000, 954.0000) - (499.5000, 955.5000) on Layer -
violation type: Vertical congestion
	srcs: net:net369810 net:net369550 net:net369289 net:net369038 net:net35610 net:net358048 net:net366339 net:net324651 net:net273886 net:net274476 net:net367710 net:net369542 net:net367969 net:net368503 net:net367163 net:net366966 net:net360778 net:net1256783 net:net1256427 net:net1255234 net:net5481 net:net361061 net:net346933 net:net346965 net:net346931 net:net346963 net:net346929 net:net345809 net:net346961 net:net255820 net:net345807 net:net255749 net:net346954 net:net346952
	comment: capacity:36 usage:37 overflow:1
	bbox = (502.5000, 868.5000) - (504.0000, 870.0000) on Layer -
violation type: Vertical congestion
	srcs: net:net544834 net:net544725 net:net544135 net:net544134 net:net544131 net:net544130 net:net544065 net:net35610 net:net358048 net:net366339 net:net324651 net:net273886 net:net367710 net:net367969 net:net367254 net:net360778 net:net366494 net:net1256783 net:net1256427 net:net1255234 net:net5481 net:net298238 net:net211583 net:net361061 net:net345786 net:net346965 net:net346931 net:net345811 net:net346963 net:net345748 net:net346929 net:net345809 net:net255820 net:net345805 net:net346952 net:net346889 net:net346908 net:net345789 net:net358155 net:net347577
	comment: capacity:40 usage:42 overflow:2
	bbox = (502.5000, 877.5000) - (504.0000, 879.0000) on Layer -
violation type: Vertical congestion
	srcs: net:net552567 net:net531268 net:net367162 net:net361545 net:net345436 net:net365592 net:net324651 net:net361500 net:net358126 net:net366175 net:net367439 net:net360791 net:net324905 net:net347879 net:net534609 net:net361496 net:net357618 net:net531271 net:net367891 net:net274021 net:net360828 net:net368159 net:net367387 net:net361430 net:net366732 net:net366494 net:net367952 net:net2207 net:net1256783 net:net1254689 net:net5481 net:net5487 net:net5463 net:net358405 net:net346989 net:net361059 net:net219344 net:net345821 net:net267064
	comment: capacity:40 usage:41 overflow:1
	bbox = (502.5000, 930.0000) - (504.0000, 931.5000) on Layer -
violation type: Vertical congestion
	srcs: net:net572405 net:net565148 net:net564803 net:net564095 net:net563553 net:net564182 net:net361545 net:net197870 net:net365592 net:net366497 net:net324651 net:net361500 net:net358126 net:net361934 net:net274514 net:net534609 net:net358107 net:net388260 net:net366630 net:net357618 net:net274071 net:net273761 net:net367438 net:net274021 net:net360828 net:net361514 net:net532424 net:net2207 net:net1256783 net:net1254689 net:net5481 net:net5463 net:net209210 net:net285365 net:net348484 net:net347804 net:net345894 net:net345821 net:net361081
	comment: capacity:40 usage:41 overflow:1
	bbox = (502.5000, 954.0000) - (504.0000, 955.5000) on Layer -
violation type: Vertical congestion
	srcs: net:net572063 net:net571561 net:net570738 net:net570570 net:net570489 net:net570275 net:net569883 net:net569704 net:net569587 net:net569586 net:net565904 net:net565901 net:net565027 net:net565021 net:net12465 net:net35610 net:net324651 net:net357618 net:net358611 net:net348634 net:net2273 net:net1256427 net:net1255809 net:net1255234 net:net5473 net:net5491 net:net5466 net:net348665 net:net358405 net:net285365 net:net347798 net:net348655 net:net348662 net:net361061 net:net345811 net:net345789 net:net358187 net:net361077 net:net348704 net:net1017748
	comment: capacity:40 usage:41 overflow:1
	bbox = (504.0000, 979.5000) - (505.5000, 981.0000) on Layer -
violation type: Vertical congestion
	srcs: net:net1026648 net:net457476 net:net449638 net:net449637 net:net441831 net:net441830 net:net439893 net:net412263 net:net412262 net:net400534 net:net287316 net:net287315 net:net287311 net:net285333 net:net285331 net:net263701 net:net263700 net:net263698 net:net256232 net:net255732 net:net254689 net:net246358 net:net220921 net:net208193 net:net84845 net:net224146 net:net231925 net:net449634 net:net1259198 net:net1256787 net:net1256243 net:net1256190 net:net1255386 net:net4695 net:net5463 net:net262108 net:net283007 net:net211049 net:net65166
	comment: capacity:39 usage:40 overflow:1
	bbox = (508.5000, 744.0000) - (510.0000, 745.5000) on Layer -
violation type: Vertical congestion
	srcs: net:net570792 net:net568567 net:net568174 net:net35612 net:net361800 net:net366760 net:net357760 net:net367249 net:net388636 net:net348622 net:net362176 net:net367562 net:net274476 net:net357718 net:net366346 net:net367444 net:net361074 net:net367432 net:net345900 net:net361606 net:net367701 net:net1256083 net:net348476 net:net358405 net:net347835 net:net345925 net:net345892 net:net348489 net:net347680 net:net246395 net:net347837 net:net345809 net:net346937 net:net347556 net:net347554 net:net347588 net:net347586 net:net345854 net:net345852 net:net345832
	comment: capacity:40 usage:41 overflow:1
	bbox = (508.5000, 853.5000) - (510.0000, 855.0000) on Layer -
violation type: Vertical congestion
	srcs: net:net1030836 net:net1026294 net:net1025865 net:net575639 net:net574344 net:net573900 net:net573609 net:net573606 net:net54987 net:net403876 net:net244062 net:net218706 net:net203847 net:net229425 net:net273784 net:net217499 net:net367252 net:net367454 net:net19318 net:net367251 net:net191650 net:net358580 net:net1256532 net:net1253347 net:net1227456 net:net5486 net:net211585 net:net344946 net:net358559 net:net345752 net:net345813 net:net361516 net:net345807 net:net255749 net:net345805 net:net345821 net:net345803 net:net347605
	comment: capacity:38 usage:39 overflow:1
	bbox = (511.5000, 841.5000) - (513.0000, 843.0000) on Layer -
violation type: Vertical congestion
	srcs: net:net1026805 net:net1026705 net:net457551 net:net457135 net:net442662 net:net432814 net:net428501 net:net427710 net:net427711 net:net427689 net:net427606 net:net421549 net:net420724 net:net405194 net:net403779 net:net396874 net:net256231 net:net255733 net:net212549 net:net224146 net:net218703 net:net203859 net:net44248 net:net427713 net:net445121 net:net457549 net:net420729 net:net425023 net:net2279 net:net1256777 net:net1256375 net:net1256083 net:net1253347 net:net262108 net:net347022 net:net1140525 net:net346789 net:net360686 net:net347715
	comment: capacity:40 usage:41 overflow:1
	bbox = (513.0000, 750.0000) - (514.5000, 751.5000) on Layer -
violation type: Vertical congestion
	srcs: net:net574654 net:net574093 net:net565628 net:net560764 net:net540491 net:net528529 net:net525488 net:net525485 net:net525484 net:net274985 net:net358009 net:net367162 net:net327056 net:net559985 net:net358095 net:net357730 net:net210690 net:net357696 net:net358107 net:net366987 net:net358551 net:net361069 net:net367454 net:net370278 net:net358580 net:net2279 net:net1256407 net:net1256268 net:net1256083 net:net1255250 net:net5486 net:net394562 net:net347845 net:net347456 net:net320304 net:net230321 net:net246043 net:net361958 net:net299229 net:net346961
	comment: capacity:40 usage:41 overflow:1
	bbox = (516.0000, 954.0000) - (517.5000, 955.5000) on Layer -
violation type: Vertical congestion
	srcs: net:net574654 net:net574093 net:net565625 net:net560764 net:net525421 net:net274985 net:net358009 net:net224189 net:net327056 net:net559985 net:net576044 net:net357730 net:net562517 net:net210690 net:net357696 net:net366987 net:net366829 net:net361069 net:net367454 net:net360738 net:net379606 net:net370278 net:net358580 net:net2279 net:net1256407 net:net1256268 net:net1256083 net:net1255250 net:net5523 net:net394562 net:net347845 net:net347456 net:net320304 net:net246043 net:net361958 net:net299229 net:net357594
	comment: capacity:37 usage:38 overflow:1
	bbox = (516.0000, 958.5000) - (517.5000, 960.0000) on Layer -
violation type: Vertical congestion
	srcs: net:net577344 net:net576671 net:net576658 net:net576011 net:net574093 net:net573387 net:net564631 net:net564095 net:net562468 net:net562467 net:net562410 net:net561832 net:net560764 net:net274985 net:net357638 net:net224189 net:net327056 net:net65195 net:net216386 net:net347842 net:net2279 net:net1256431 net:net1256268 net:net1256083 net:net1255250 net:net1255194 net:net4667 net:net5462 net:net394562 net:net347673 net:net346993 net:net347025 net:net361059 net:net320169 net:net361200 net:net345887 net:net267524 net:net348662 net:net345856 net:net345848
	comment: capacity:40 usage:41 overflow:1
	bbox = (516.0000, 985.5000) - (517.5000, 987.0000) on Layer -
violation type: Vertical congestion
	srcs: net:net1060355 net:net1042115 net:net1026355 net:net1026290 net:net1026154 net:net1026113 net:net1026063 net:net1026012 net:net1025856 net:net1025684 net:net459483 net:net458313 net:net448133 net:net448130 net:net447955 net:net426785 net:net406048 net:net224146 net:net1039147 net:net55898 net:net1072519 net:net91434 net:net1031038 net:net1025861 net:net2209 net:net1256628 net:net1256454 net:net1255180 net:net1117997 net:net1026017 net:net1096382 net:net1095097 net:net1062069 net:net1089021 net:net1088819 net:net345750 net:net1025848 net:net1083978 net:net1031358 net:net222302
	comment: capacity:40 usage:41 overflow:1
	bbox = (534.0000, 721.5000) - (535.5000, 723.0000) on Layer -
violation type: Vertical congestion
	srcs: net:net578821 net:net574944 net:net571573 net:net571552 net:net569865 net:net569862 net:net565638 net:net370356 net:net361443 net:net347338 net:net360787 net:net370100 net:net347241 net:net346736 net:net362227 net:net368415 net:net361488 net:net569873 net:net367151 net:net357676 net:net361220 net:net357734 net:net1256521 net:net89908 net:net44894 net:net346702 net:net348577 net:net347757 net:net347768 net:net223116 net:net346711 net:net347772 net:net360841 net:net347770 net:net361969 net:net347776 net:net346889
	comment: capacity:37 usage:38 overflow:1
	bbox = (534.0000, 969.0000) - (535.5000, 970.5000) on Layer -
violation type: Vertical congestion
	srcs: net:net574520 net:net574519 net:net573486 net:net573430 net:net573424 net:net573417 net:net573400 net:net368504 net:net217106 net:net573428 net:net347338 net:net347502 net:net274998 net:net326687 net:net320321 net:net346484 net:net367168 net:net358403 net:net367432 net:net347537 net:net348745 net:net1256418 net:net1256315 net:net4685 net:net347258 net:net347768 net:net347490 net:net347274 net:net347774 net:net347269 net:net59204 net:net346709 net:net347770 net:net347498 net:net218975 net:net347776 net:net347301 net:net345815 net:net345807 net:net261594
	comment: capacity:40 usage:41 overflow:1
	bbox = (538.5000, 835.5000) - (540.0000, 837.0000) on Layer -
violation type: Vertical congestion
	srcs: net:net1050313 net:net1045677 net:net1041805 net:net1039551 net:net1033783 net:net1031434 net:net1030752 net:net1030746 net:net1030708 net:net1030696 net:net1030694 net:net1030574 net:net1030570 net:net1030535 net:net1030533 net:net1030515 net:net1030502 net:net1030501 net:net1030485 net:net1030472 net:net455014 net:net455015 net:net410896 net:net402710 net:net1016495 net:net369225 net:net1016483 net:net358071 net:net347020 net:net347415 net:net346082 net:net1138700 net:net1122167 net:net1031161 net:net1031183 net:net1089534 net:net1026599 net:net1026600 net:net1054507 net:net1078923
	comment: capacity:40 usage:41 overflow:1
	bbox = (546.0000, 729.0000) - (547.5000, 730.5000) on Layer -
violation type: Vertical congestion
	srcs: net:net1050313 net:net1045677 net:net1041805 net:net1039551 net:net1039510 net:net1037486 net:net1033783 net:net1031434 net:net1030752 net:net1030746 net:net1030708 net:net1030696 net:net1030574 net:net1030570 net:net1030535 net:net1030533 net:net1030515 net:net1030502 net:net1030501 net:net1030485 net:net1030472 net:net455014 net:net455015 net:net410896 net:net402710 net:net1016495 net:net369225 net:net358071 net:net347020 net:net347415 net:net346082 net:net1138700 net:net1122167 net:net1031161 net:net1031183 net:net1089534 net:net1026599 net:net1026600 net:net1054507 net:net1078923
	comment: capacity:40 usage:41 overflow:1
	bbox = (546.0000, 730.5000) - (547.5000, 732.0000) on Layer -
violation type: Vertical congestion
	srcs: net:net424542 net:net421644 net:net421590 net:net421020 net:net421019 net:net69809 net:net274468 net:net274021 net:net273675 net:net273771 net:net357945 net:net370635 net:net85216 net:net85222 net:net85225 net:net85240 net:net85249 net:net44872 net:net44891 net:net44881 net:net273610 net:net274094 net:net346631 net:net346078 net:net346593 net:net44866 net:net85213 net:net345679 net:net347096 net:net347136
	comment: capacity:40 usage:42 overflow:2
	bbox = (565.5000, 765.0000) - (567.0000, 766.5000) on Layer -
violation type: Vertical congestion
	srcs: net:net424542 net:net421719 net:net421644 net:net421590 net:net421087 net:net421034 net:net421033 net:net421010 net:net69809 net:net274468 net:net274021 net:net273771 net:net370635 net:net85216 net:net85240 net:net85249 net:net44872 net:net44891 net:net44881 net:net273610 net:net274094 net:net85228 net:net346078 net:net346593 net:net44866 net:net85237 net:net85213 net:net345679 net:net347096
	comment: capacity:40 usage:41 overflow:1
	bbox = (565.5000, 769.5000) - (567.0000, 771.0000) on Layer -
violation type: Vertical congestion
	srcs: net:net429757 net:net429700 net:net421644 net:net421619 net:net421586 net:net69809 net:net274468 net:net326687 net:net421622 net:net274021 net:net273771 net:net370635 net:net85216 net:net85240 net:net85249 net:net44891 net:net324199 net:net274465 net:net273610 net:net274094 net:net85228 net:net346078 net:net346593 net:net44889 net:net85237 net:net85213 net:net345679 net:net347096
	comment: capacity:40 usage:41 overflow:1
	bbox = (565.5000, 772.5000) - (567.0000, 774.0000) on Layer -
violation type: Vertical congestion
	srcs: net:net961354 net:net458339 net:net424572 net:net421325 net:net421092 net:net421044 net:net273931 net:net273697 net:net273574 net:net273883 net:net274476 net:net367483 net:net320616 net:net358637 net:net274507 net:net274068 net:net273967 net:net273585 net:net358018 net:net273964 net:net85240 net:net1236809 net:net44878 net:net44896 net:net44881 net:net273610 net:net85228 net:net85204 net:net347361
	comment: capacity:40 usage:41 overflow:1
	bbox = (567.0000, 757.5000) - (568.5000, 759.0000) on Layer -
violation type: Vertical congestion
	srcs: net:net438490 net:net432349 net:net429863 net:net429753 net:net429696 net:net429643 net:net429498 net:net429497 net:net396136 net:net216708 net:net69829 net:net366339 net:net324651 net:net274992 net:net273735 net:net361096 net:net274514 net:net273934 net:net394218 net:net274071 net:net434432 net:net391023 net:net69760 net:net273991 net:net276962 net:net44875 net:net44895 net:net345365 net:net48264 net:net346806 net:net345703 net:net345697 net:net361123
	comment: capacity:40 usage:41 overflow:1
	bbox = (570.0000, 790.5000) - (571.5000, 792.0000) on Layer -
violation type: Vertical congestion
	srcs: net:net428066 net:net426434 net:net424820 net:net424803 net:net424759 net:net421724 net:net421692 net:net406207 net:net406124 net:net403464 net:net399377 net:net393032 net:net320601 net:net395408 net:net274470 net:net366339 net:net273883 net:net273886 net:net273560 net:net85470 net:net274473 net:net273675 net:net274068 net:net273967 net:net273771 net:net399829 net:net85210 net:net274465 net:net273909 net:net1083977
	comment: capacity:38 usage:39 overflow:1
	bbox = (574.5000, 717.0000) - (576.0000, 718.5000) on Layer -
violation type: Vertical congestion
	srcs: net:net429449 net:net410363 net:net403443 net:net403394 net:net403337 net:net403302 net:net403301 net:net403298 net:net402570 net:net402565 net:net399368 net:net399362 net:net396131 net:net392986 net:net391312 net:net391144 net:net390572 net:net276947 net:net273664 net:net273735 net:net273576 net:net273637 net:net85470 net:net274130 net:net394218 net:net273812 net:net273759 net:net273700 net:net429438 net:net326780 net:net347419 net:net345508 net:net1083977
	comment: capacity:39 usage:40 overflow:1
	bbox = (574.5000, 760.5000) - (576.0000, 762.0000) on Layer -
violation type: Vertical congestion
	srcs: net:net428438 net:net428338 net:net428322 net:net428220 net:net428204 net:net403265 net:net399792 net:net399362 net:net399326 net:net393032 net:net392996 net:net390905 net:net390572 net:net390570 net:net326771 net:net326719 net:net278416 net:net276958 net:net276942 net:net216495 net:net85473 net:net1031253 net:net273626 net:net216885 net:net366666 net:net366742 net:net370635 net:net44864 net:net44887 net:net44894 net:net44891 net:net347419 net:net44889 net:net1098182
	comment: capacity:38 usage:39 overflow:1
	bbox = (576.0000, 733.5000) - (577.5000, 735.0000) on Layer -
violation type: Vertical congestion
	srcs: net:net428438 net:net428322 net:net428231 net:net428220 net:net428204 net:net403265 net:net399822 net:net399792 net:net399362 net:net399326 net:net393032 net:net392996 net:net391314 net:net390905 net:net390572 net:net390570 net:net326771 net:net326719 net:net276958 net:net276942 net:net216495 net:net390571 net:net85473 net:net1031253 net:net273626 net:net216885 net:net366666 net:net366742 net:net370635 net:net44864 net:net44887 net:net44894 net:net44891 net:net44895 net:net347419 net:net44889 net:net1098182
	comment: capacity:40 usage:43 overflow:3
	bbox = (576.0000, 735.0000) - (577.5000, 736.5000) on Layer -
violation type: Vertical congestion
	srcs: net:net429482 net:net428535 net:net428519 net:net403355 net:net403297 net:net403282 net:net402542 net:net399827 net:net397303 net:net393033 net:net278398 net:net216680 net:net273784 net:net273697 net:net273585 net:net397304 net:net85222 net:net44891 net:net44895 net:net274094 net:net85228 net:net44889 net:net345703 net:net361128
	comment: capacity:30 usage:32 overflow:2
	bbox = (577.5000, 759.0000) - (579.0000, 760.5000) on Layer -
violation type: Vertical congestion
	srcs: net:net429482 net:net428519 net:net403355 net:net403309 net:net403281 net:net402542 net:net399827 net:net397303 net:net393033 net:net216680 net:net273784 net:net273697 net:net273585 net:net397304 net:net85216 net:net85222 net:net44895 net:net274094 net:net85228 net:net44889 net:net345703 net:net361128
	comment: capacity:28 usage:29 overflow:1
	bbox = (577.5000, 760.5000) - (579.0000, 762.0000) on Layer -
violation type: Vertical congestion
	srcs: net:net412365 net:net412364 net:net412361 net:net394523 net:net393033 net:net278398 net:net278345 net:net274961 net:net432369 net:net274468 net:net216973 net:net239070 net:net429488 net:net324343 net:net361855 net:net433411 net:net409598 net:net397304 net:net239079 net:net273964 net:net85219 net:net274465 net:net274094 net:net358057 net:net348489
	comment: capacity:28 usage:29 overflow:1
	bbox = (577.5000, 796.5000) - (579.0000, 798.0000) on Layer -
violation type: Vertical congestion
	srcs: net:net428487 net:net406124 net:net403265 net:net402542 net:net399792 net:net394523 net:net393028 net:net393025 net:net391294 net:net390559 net:net390555 net:net390556 net:net320595 net:net276958 net:net63490 net:net397257 net:net274106 net:net324211 net:net85207 net:net85219 net:net44861 net:net44878 net:net53813
	comment: capacity:28 usage:29 overflow:1
	bbox = (579.0000, 753.0000) - (580.5000, 754.5000) on Layer -
violation type: Vertical congestion
	srcs: net:net428487 net:net406124 net:net403265 net:net399792 net:net394523 net:net393028 net:net393025 net:net391294 net:net390801 net:net390690 net:net390564 net:net390555 net:net390554 net:net320595 net:net276958 net:net273525 net:net274106 net:net85207 net:net85219 net:net85231 net:net44861 net:net44878 net:net53813 net:net85228
	comment: capacity:30 usage:31 overflow:1
	bbox = (579.0000, 754.5000) - (580.5000, 756.0000) on Layer -
violation type: Vertical congestion
	srcs: net:net435503 net:net397301 net:net397300 net:net397294 net:net397266 net:net395436 net:net393026 net:net273784 net:net366339 net:net273979 net:net274514 net:net273637 net:net273812 net:net274071 net:net273759 net:net274152 net:net273700 net:net274068 net:net278423 net:net273944 net:net273898 net:net273991 net:net273964 net:net274001 net:net274465 net:net273909 net:net1117250
	comment: capacity:40 usage:41 overflow:1
	bbox = (580.5000, 702.0000) - (582.0000, 703.5000) on Layer -
violation type: Vertical congestion
	srcs: net:net425516 net:net412442 net:net409766 net:net403096 net:net397264 net:net278407 net:net278395 net:net274470 net:net273784 net:net450194 net:net273735 net:net273576 net:net273886 net:net273560 net:net274476 net:net278396 net:net273732 net:net274507 net:net409684 net:net273967 net:net273585 net:net409427 net:net273964 net:net85222 net:net85234 net:net85240 net:net274094 net:net85204
	comment: capacity:38 usage:39 overflow:1
	bbox = (580.5000, 807.0000) - (582.0000, 808.5000) on Layer -
violation type: Vertical congestion
	srcs: net:net577737 net:net576849 net:net576841 net:net576840 net:net534950 net:net366016 net:net361995 net:net367592 net:net369699 net:net361500 net:net367564 net:net369923 net:net533419 net:net363847 net:net361524 net:net388326 net:net361558 net:net361578 net:net367339 net:net367432 net:net369684 net:net422681 net:net367340 net:net361549 net:net367207 net:net532424 net:net85222 net:net44896 net:net324494 net:net345451 net:net346844 net:net346837 net:net345476 net:net345531 net:net202302 net:net345613 net:net345606 net:net345671 net:net69741
	comment: capacity:40 usage:41 overflow:1
	bbox = (580.5000, 955.5000) - (582.0000, 957.0000) on Layer -
violation type: Vertical congestion
	srcs: net:net443843 net:net406274 net:net406235 net:net406229 net:net406228 net:net402362 net:net399822 net:net399326 net:net392975 net:net273664 net:net274470 net:net273650 net:net273979 net:net273883 net:net273886 net:net273934 net:net216372 net:net273812 net:net273759 net:net273732 net:net274024 net:net324208 net:net273675 net:net273700 net:net273967 net:net273610
	comment: capacity:40 usage:41 overflow:1
	bbox = (582.0000, 709.5000) - (583.5000, 711.0000) on Layer -
violation type: Vertical congestion
	srcs: net:net443843 net:net409422 net:net409409 net:net409408 net:net406211 net:net394556 net:net394523 net:net390388 net:net278369 net:net399809 net:net274468 net:net273931 net:net392974 net:net274514 net:net273886 net:net274476 net:net273812 net:net274976 net:net274071 net:net274507 net:net274473 net:net274021 net:net273675 net:net273944 net:net434432 net:net273771 net:net273991 net:net394529 net:net273964 net:net274001
	comment: capacity:40 usage:42 overflow:2
	bbox = (582.0000, 738.0000) - (583.5000, 739.5000) on Layer -
violation type: Vertical congestion
	srcs: net:net443981 net:net443843 net:net409505 net:net409425 net:net409424 net:net409422 net:net406211 net:net394556 net:net390388 net:net278341 net:net399809 net:net274468 net:net273931 net:net392974 net:net274935 net:net274514 net:net274476 net:net273812 net:net274976 net:net274507 net:net274473 net:net274021 net:net273675 net:net273944 net:net434432 net:net273771 net:net273991 net:net394529 net:net273964 net:net274001
	comment: capacity:40 usage:41 overflow:1
	bbox = (582.0000, 739.5000) - (583.5000, 741.0000) on Layer -
violation type: Vertical congestion
	srcs: net:net436437 net:net436110 net:net433916 net:net428487 net:net409354 net:net406477 net:net403239 net:net401090 net:net396937 net:net396553 net:net396551 net:net396441 net:net396438 net:net396437 net:net391030 net:net324315 net:net320592 net:net276956 net:net273664 net:net399809 net:net392974 net:net239070 net:net274935 net:net326711 net:net394218 net:net273759 net:net273700 net:net273967 net:net273771 net:net85207 net:net274465 net:net273909
	comment: capacity:40 usage:41 overflow:1
	bbox = (583.5000, 735.0000) - (585.0000, 736.5000) on Layer -
violation type: Vertical congestion
	srcs: net:net433970 net:net426882 net:net412402 net:net409476 net:net406491 net:net396634 net:net396525 net:net396473 net:net396438 net:net396437 net:net395772 net:net391308 net:net391148 net:net326788 net:net69809 net:net273784 net:net273650 net:net273979 net:net273697 net:net273735 net:net320606 net:net74456 net:net276935 net:net1254679 net:net273610 net:net274165 net:net274094 net:net85228 net:net85204 net:net346627
	comment: capacity:39 usage:40 overflow:1
	bbox = (585.0000, 735.0000) - (586.5000, 736.5000) on Layer -
violation type: Vertical congestion
	srcs: net:net937272 net:net433970 net:net429942 net:net426882 net:net419109 net:net406491 net:net403391 net:net403322 net:net397076 net:net395772 net:net278278 net:net324652 net:net320606 net:net324213 net:net394218 net:net274994 net:net324208 net:net74456 net:net278423 net:net391023 net:net44887 net:net44891 net:net44881 net:net273610 net:net274165 net:net346627 net:net44889 net:net85237
	comment: capacity:40 usage:42 overflow:2
	bbox = (585.0000, 759.0000) - (586.5000, 760.5000) on Layer -
violation type: Vertical congestion
	srcs: net:net937272 net:net433970 net:net429942 net:net428368 net:net426882 net:net419109 net:net406491 net:net397076 net:net395772 net:net278278 net:net324652 net:net320606 net:net324213 net:net394218 net:net274994 net:net324208 net:net74456 net:net367721 net:net278423 net:net391023 net:net44887 net:net44891 net:net44881 net:net273610 net:net274165 net:net346627 net:net44889 net:net85237
	comment: capacity:40 usage:42 overflow:2
	bbox = (585.0000, 760.5000) - (586.5000, 762.0000) on Layer -
violation type: Vertical congestion
	srcs: net:net437440 net:net435412 net:net418589 net:net409854 net:net409405 net:net396131 net:net394523 net:net392986 net:net326723 net:net278387 net:net278330 net:net278279 net:net239122 net:net65205 net:net216887 net:net429456 net:net361264 net:net273931 net:net63432 net:net274514 net:net326840 net:net429930 net:net248055 net:net357635 net:net367721 net:net412403 net:net273944 net:net239132 net:net44864 net:net44869 net:net345919 net:net324755 net:net246810 net:net348564 net:net346627 net:net346927
	comment: capacity:40 usage:41 overflow:1
	bbox = (585.0000, 805.5000) - (586.5000, 807.0000) on Layer -
violation type: Vertical congestion
	srcs: net:net364365 net:net357896 net:net357772 net:net357771 net:net357664 net:net356372 net:net356292 net:net356278 net:net348626 net:net348627 net:net348432 net:net348433 net:net348431 net:net230681 net:net48308 net:net356282 net:net361545 net:net348465 net:net358103 net:net348672 net:net348523 net:net348466 net:net348673 net:net356263 net:net348501 net:net344907 net:net344867 net:net347379 net:net347440 net:net345270 net:net255227 net:net347260 net:net346517 net:net203206 net:net346480 net:net345540 net:net346773 net:net345819 net:net358192
	comment: capacity:40 usage:41 overflow:1
	bbox = (585.0000, 990.0000) - (586.5000, 991.5000) on Layer -
violation type: Vertical congestion
	srcs: net:net961513 net:net453919 net:net437440 net:net434058 net:net433407 net:net433397 net:net432365 net:net430134 net:net406142 net:net397270 net:net397163 net:net397162 net:net397133 net:net397096 net:net397048 net:net320602 net:net216812 net:net216401 net:net274468 net:net450194 net:net273883 net:net273886 net:net274476 net:net433388 net:net324343 net:net273934 net:net273944 net:net44869 net:net274465 net:net273909 net:net348489 net:net320651 net:net345693
	comment: capacity:40 usage:41 overflow:1
	bbox = (586.5000, 774.0000) - (588.0000, 775.5000) on Layer -
violation type: Vertical congestion
	srcs: net:net961513 net:net444060 net:net444034 net:net444004 net:net444006 net:net434058 net:net428536 net:net419172 net:net403417 net:net403379 net:net403315 net:net403096 net:net402543 net:net399341 net:net399339 net:net397264 net:net397133 net:net397016 net:net396138 net:net395403 net:net395384 net:net390617 net:net320636 net:net320624 net:net278348 net:net419140 net:net273576 net:net273886 net:net443904 net:net324343 net:net274071 net:net446281 net:net395400 net:net273700 net:net85210 net:net1255708 net:net44896 net:net320651
	comment: capacity:40 usage:41 overflow:1
	bbox = (588.0000, 745.5000) - (589.5000, 747.0000) on Layer -
violation type: Vertical congestion
	srcs: net:net430308 net:net430293 net:net430152 net:net409897 net:net273784 net:net273650 net:net217002 net:net273931 net:net430151 net:net273979 net:net273697 net:net273735 net:net273637 net:net273747 net:net274021 net:net273675 net:net273771 net:net367728 net:net273964 net:net85249 net:net274001 net:net274465 net:net273909 net:net274165 net:net348566 net:net348491
	comment: capacity:40 usage:41 overflow:1
	bbox = (588.0000, 819.0000) - (589.5000, 820.5000) on Layer -
violation type: Vertical congestion
	srcs: net:net409876 net:net274468 net:net273784 net:net273650 net:net217002 net:net273931 net:net273697 net:net273735 net:net274476 net:net273637 net:net273747 net:net326871 net:net274021 net:net273675 net:net273967 net:net273944 net:net273771 net:net367728 net:net234666 net:net273964 net:net85249 net:net274465 net:net347757 net:net348491
	comment: capacity:39 usage:40 overflow:1
	bbox = (588.0000, 825.0000) - (589.5000, 826.5000) on Layer -
violation type: Vertical congestion
	srcs: net:net1068825 net:net956485 net:net459281 net:net431816 net:net410135 net:net410119 net:net406434 net:net406421 net:net406279 net:net406280 net:net406173 net:net403322 net:net399349 net:net397296 net:net397272 net:net395384 net:net393002 net:net276965 net:net239083 net:net217038 net:net216812 net:net216372 net:net397279 net:net274071 net:net274994 net:net74456 net:net367721 net:net324211 net:net435415 net:net390557 net:net394529 net:net239127 net:net44872 net:net44878 net:net44866
	comment: capacity:40 usage:41 overflow:1
	bbox = (589.5000, 711.0000) - (591.0000, 712.5000) on Layer -
violation type: Vertical congestion
	srcs: net:net368096 net:net358235 net:net358229 net:net358219 net:net358166 net:net358142 net:net358096 net:net357737 net:net357725 net:net356238 net:net348512 net:net357611 net:net344868 net:net356375 net:net360791 net:net360773 net:net358129 net:net361782 net:net361677 net:net356357 net:net346995 net:net361842 net:net360716 net:net360838 net:net62965 net:net344907 net:net344867 net:net347218 net:net346106 net:net209210 net:net345032 net:net219354 net:net346218 net:net347772 net:net320166 net:net346119 net:net345811 net:net345742 net:net358187
	comment: capacity:40 usage:41 overflow:1
	bbox = (589.5000, 982.5000) - (591.0000, 984.0000) on Layer -
violation type: Vertical congestion
	srcs: net:net457710 net:net454370 net:net454027 net:net437973 net:net433394 net:net430138 net:net419138 net:net399344 net:net391292 net:net327432 net:net327416 net:net320608 net:net278416 net:net278346 net:net239113 net:net217037 net:net273664 net:net273979 net:net274130 net:net273759 net:net433411 net:net406120 net:net324211 net:net435419 net:net435415 net:net391296 net:net324199 net:net394562 net:net274165 net:net346620 net:net85237 net:net85213
	comment: capacity:40 usage:41 overflow:1
	bbox = (591.0000, 759.0000) - (592.5000, 760.5000) on Layer -
violation type: Vertical congestion
	srcs: net:net360753 net:net358312 net:net358217 net:net358179 net:net358093 net:net358088 net:net356238 net:net345829 net:net345435 net:net358581 net:net358138 net:net358112 net:net358092 net:net344901 net:net358118 net:net362025 net:net356357 net:net369679 net:net357769 net:net361245 net:net346350 net:net346197 net:net347258 net:net347875 net:net345111 net:net346437 net:net346261 net:net346117 net:net346220 net:net346256 net:net219343 net:net346112 net:net214044 net:net347264 net:net264325 net:net218975 net:net299229 net:net361234
	comment: capacity:40 usage:41 overflow:1
	bbox = (591.0000, 984.0000) - (592.5000, 985.5000) on Layer -
violation type: Vertical congestion
	srcs: net:net459224 net:net432111 net:net419172 net:net410134 net:net409405 net:net406309 net:net406128 net:net397261 net:net396479 net:net320592 net:net278348 net:net276960 net:net217037 net:net274468 net:net273931 net:net273697 net:net274935 net:net274514 net:net278334 net:net394522 net:net320641 net:net274071 net:net320643 net:net274024 net:net324208 net:net274021 net:net395431 net:net273898 net:net273991 net:net273964 net:net394562
	comment: capacity:39 usage:40 overflow:1
	bbox = (592.5000, 708.0000) - (594.0000, 709.5000) on Layer -
violation type: Vertical congestion
	srcs: net:net446276 net:net430245 net:net430129 net:net320607 net:net320601 net:net278416 net:net217038 net:net217037 net:net216974 net:net216887 net:net204034 net:net429456 net:net273883 net:net357564 net:net324339 net:net446281 net:net396989 net:net274068 net:net273771 net:net273898 net:net246806 net:net324341 net:net85234 net:net44887 net:net44895 net:net274094 net:net346535 net:net320093 net:net345049 net:net346620 net:net346537 net:net269093 net:net85237 net:net347731
	comment: capacity:40 usage:41 overflow:1
	bbox = (592.5000, 810.0000) - (594.0000, 811.5000) on Layer -
violation type: Vertical congestion
	srcs: net:net539829 net:net453976 net:net453918 net:net432352 net:net411051 net:net406231 net:net391420 net:net391390 net:net390584 net:net273662 net:net274470 net:net273650 net:net273883 net:net274514 net:net273886 net:net274476 net:net273934 net:net408382 net:net320604 net:net453930 net:net273747 net:net274071 net:net274507 net:net273585 net:net273898 net:net273991 net:net85210 net:net85219 net:net274165 net:net345315 net:net345307 net:net274441
	comment: capacity:40 usage:41 overflow:1
	bbox = (594.0000, 751.5000) - (595.5000, 753.0000) on Layer -
violation type: Vertical congestion
	srcs: net:net439020 net:net434408 net:net430158 net:net430138 net:net410119 net:net403981 net:net403286 net:net391510 net:net391486 net:net391325 net:net391291 net:net391214 net:net229797 net:net273784 net:net273747 net:net273759 net:net434411 net:net274507 net:net274473 net:net274068 net:net274038 net:net273771 net:net44887 net:net44895
	comment: capacity:30 usage:31 overflow:1
	bbox = (595.5000, 765.0000) - (597.0000, 766.5000) on Layer -
violation type: Vertical congestion
	srcs: net:net430242 net:net430170 net:net409989 net:net409919 net:net327640 net:net327623 net:net224523 net:net204033 net:net239070 net:net273637 net:net273747 net:net327644 net:net273700 net:net273967 net:net273991 net:net44872 net:net44881 net:net53813 net:net346591 net:net348564 net:net346627 net:net320651
	comment: capacity:29 usage:30 overflow:1
	bbox = (595.5000, 816.0000) - (597.0000, 817.5000) on Layer -
violation type: Vertical congestion
	srcs: net:net938085 net:net430241 net:net409989 net:net409919 net:net327640 net:net224523 net:net204131 net:net204033 net:net320617 net:net239070 net:net273637 net:net273700 net:net273967 net:net273991 net:net44872 net:net44881 net:net53813 net:net346591 net:net348564 net:net346627 net:net320651 net:net346927 net:net345805 net:net346923
	comment: capacity:30 usage:31 overflow:1
	bbox = (595.5000, 817.5000) - (597.0000, 819.0000) on Layer -
violation type: Vertical congestion
	srcs: net:net938085 net:net430299 net:net430283 net:net409989 net:net409919 net:net409602 net:net327640 net:net204131 net:net204033 net:net239070 net:net273637 net:net273700 net:net360663 net:net273967 net:net273991 net:net44872 net:net53813 net:net348571 net:net346591 net:net348564 net:net346556 net:net346627 net:net320651 net:net61877 net:net346927 net:net345805 net:net346954 net:net346923
	comment: capacity:30 usage:34 overflow:4
	bbox = (595.5000, 819.0000) - (597.0000, 820.5000) on Layer -
violation type: Vertical congestion
	srcs: net:net938085 net:net430218 net:net409989 net:net409919 net:net327640 net:net326501 net:net204131 net:net204033 net:net239070 net:net273700 net:net360663 net:net273991 net:net44872 net:net53813 net:net345077 net:net348571 net:net346625 net:net346591 net:net348566 net:net348564 net:net346627 net:net320651 net:net61877 net:net346927 net:net345805 net:net346954 net:net346923
	comment: capacity:30 usage:31 overflow:1
	bbox = (595.5000, 820.5000) - (597.0000, 822.0000) on Layer -
violation type: Vertical congestion
	srcs: net:net430179 net:net409989 net:net409919 net:net327640 net:net326501 net:net204131 net:net204033 net:net239070 net:net430196 net:net273700 net:net360663 net:net273991 net:net44864 net:net44872 net:net53813 net:net348571 net:net346625 net:net346591 net:net348564 net:net346627 net:net320651 net:net61877 net:net346927 net:net345805 net:net346954 net:net346923
	comment: capacity:30 usage:31 overflow:1
	bbox = (595.5000, 822.0000) - (597.0000, 823.5000) on Layer -
violation type: Vertical congestion
	srcs: net:net409989 net:net409919 net:net327640 net:net327579 net:net208243 net:net326501 net:net410063 net:net204131 net:net204033 net:net239070 net:net273530 net:net273700 net:net273991 net:net1255672 net:net348571 net:net346625 net:net346591 net:net348564 net:net346717 net:net346627 net:net320651 net:net61877 net:net346927 net:net345805 net:net346954 net:net346923 net:net347619 net:net346571 net:net347737
	comment: capacity:30 usage:31 overflow:1
	bbox = (595.5000, 823.5000) - (597.0000, 825.0000) on Layer -
violation type: Vertical congestion
	srcs: net:net409989 net:net409919 net:net327640 net:net208243 net:net326501 net:net410063 net:net204131 net:net239070 net:net273700 net:net273991 net:net326521 net:net44869 net:net326523 net:net348571 net:net346625 net:net346591 net:net346627 net:net320651 net:net61877 net:net209212 net:net346927 net:net345805 net:net346954 net:net346923 net:net347619 net:net346571 net:net347737
	comment: capacity:29 usage:30 overflow:1
	bbox = (595.5000, 825.0000) - (597.0000, 826.5000) on Layer -
violation type: Vertical congestion
	srcs: net:net327429 net:net216496 net:net429457 net:net273735 net:net326687 net:net324652 net:net324213 net:net326726 net:net273812 net:net273759 net:net324208 net:net273675 net:net273771 net:net327428 net:net273964 net:net44875 net:net44894 net:net44866
	comment: capacity:30 usage:31 overflow:1
	bbox = (597.0000, 810.0000) - (598.5000, 811.5000) on Layer -
violation type: Vertical congestion
	srcs: net:net361225 net:net361216 net:net361173 net:net361170 net:net361166 net:net360818 net:net346971 net:net361221 net:net346733 net:net356224 net:net347463 net:net348511 net:net361494 net:net361228 net:net358071 net:net346732 net:net358017 net:net345411 net:net344907 net:net345432 net:net232919 net:net347018 net:net346510 net:net264325 net:net361516 net:net346782 net:net346961 net:net346898 net:net345779 net:net345805
	comment: capacity:30 usage:31 overflow:1
	bbox = (597.0000, 981.0000) - (598.5000, 982.5000) on Layer -
violation type: Vertical congestion
	srcs: net:net446337 net:net443018 net:net442963 net:net442879 net:net395783 net:net274470 net:net274468 net:net273979 net:net273883 net:net274514 net:net274476 net:net273747 net:net274071 net:net273759 net:net366340 net:net274024 net:net434412 net:net273525 net:net274021 net:net273967 net:net85222 net:net85240 net:net85243 net:net44891 net:net274001 net:net274465 net:net44889
	comment: capacity:40 usage:41 overflow:1
	bbox = (598.5000, 772.5000) - (600.0000, 774.0000) on Layer -
violation type: Vertical congestion
	srcs: net:net1007321 net:net409943 net:net327646 net:net327641 net:net327638 net:net327634 net:net327633 net:net327583 net:net273784 net:net199539 net:net273650 net:net345436 net:net273979 net:net273697 net:net274514 net:net357564 net:net274071 net:net274507 net:net366696 net:net273675 net:net273964 net:net85249 net:net274001 net:net326516 net:net348566 net:net348564 net:net244883 net:net348561 net:net224524 net:net348568 net:net346017 net:net274132 net:net345821 net:net347707 net:net347731
	comment: capacity:40 usage:41 overflow:1
	bbox = (598.5000, 826.5000) - (600.0000, 828.0000) on Layer -
violation type: Vertical congestion
	srcs: net:net524981 net:net368096 net:net361492 net:net361491 net:net361263 net:net361218 net:net345829 net:net361039 net:net361264 net:net345435 net:net535229 net:net361494 net:net361496 net:net370653 net:net48262 net:net370251 net:net370362 net:net373222 net:net361495 net:net361841 net:net346550 net:net346533 net:net346472 net:net345003 net:net345044 net:net299232 net:net345162 net:net345890 net:net345200 net:net345341 net:net345166 net:net48264 net:net346872 net:net345811 net:net345746 net:net345807 net:net345789 net:net358147 net:net345669 net:net348702
	comment: capacity:40 usage:42 overflow:2
	bbox = (598.5000, 973.5000) - (600.0000, 975.0000) on Layer -
violation type: Vertical congestion
	srcs: net:net524981 net:net361634 net:net361339 net:net361340 net:net361318 net:net361261 net:net361215 net:net361042 net:net361031 net:net361349 net:net535229 net:net361526 net:net361294 net:net356443 net:net361043 net:net361496 net:net345933 net:net370653 net:net48262 net:net370251 net:net370362 net:net373222 net:net361242 net:net361528 net:net356328 net:net361841 net:net346533 net:net345270 net:net346472 net:net347079 net:net299232 net:net346115 net:net320307 net:net348735 net:net345200 net:net348597 net:net48264 net:net346872 net:net358155 net:net348702
	comment: capacity:40 usage:41 overflow:1
	bbox = (598.5000, 990.0000) - (600.0000, 991.5000) on Layer -
violation type: Vertical congestion
	srcs: net:net554635 net:net546709 net:net546191 net:net545840 net:net545802 net:net545767 net:net534587 net:net388162 net:net379666 net:net361206 net:net348524 net:net361211 net:net369935 net:net347638 net:net370236 net:net357994 net:net345435 net:net361483 net:net524030 net:net361152 net:net361551 net:net546214 net:net523509 net:net345933 net:net357648 net:net358457 net:net361242 net:net361528 net:net545830 net:net545831 net:net357667 net:net361841 net:net360821 net:net360834 net:net346535 net:net345205 net:net345783 net:net345744 net:net199023
	comment: capacity:40 usage:41 overflow:1
	bbox = (600.0000, 960.0000) - (601.5000, 961.5000) on Layer -
violation type: Vertical congestion
	srcs: net:net534587 net:net388162 net:net361480 net:net361479 net:net361460 net:net361206 net:net361192 net:net345829 net:net361211 net:net347638 net:net344968 net:net344873 net:net361987 net:net346567 net:net361483 net:net361526 net:net361152 net:net361551 net:net369695 net:net546214 net:net360809 net:net357648 net:net358457 net:net361242 net:net357667 net:net360834 net:net89906 net:net346535 net:net345205 net:net320365 net:net348487 net:net345815 net:net361518 net:net345748 net:net255820 net:net345779 net:net345776 net:net345744 net:net358155 net:net361123
	comment: capacity:40 usage:42 overflow:2
	bbox = (600.0000, 976.5000) - (601.5000, 978.0000) on Layer -
violation type: Vertical congestion
	srcs: net:net534587 net:net388162 net:net361787 net:net361480 net:net361479 net:net361477 net:net361460 net:net361335 net:net361291 net:net361206 net:net360951 net:net361464 net:net361211 net:net347638 net:net361483 net:net361152 net:net361551 net:net369695 net:net546214 net:net361501 net:net345933 net:net357648 net:net344901 net:net361465 net:net358457 net:net361242 net:net347460 net:net89906 net:net345303 net:net345281 net:net345205 net:net320365 net:net348487 net:net348561 net:net345748 net:net255820 net:net345744
	comment: capacity:38 usage:39 overflow:1
	bbox = (600.0000, 985.5000) - (601.5000, 987.0000) on Layer -
violation type: Vertical congestion
	srcs: net:net534587 net:net388162 net:net361787 net:net361480 net:net361479 net:net361477 net:net361460 net:net361461 net:net361335 net:net361291 net:net361206 net:net360951 net:net361464 net:net347638 net:net361483 net:net361152 net:net369695 net:net546214 net:net361501 net:net345933 net:net357648 net:net344901 net:net361465 net:net358457 net:net361242 net:net347460 net:net89906 net:net345303 net:net345281 net:net345205 net:net320365 net:net348487 net:net348561 net:net346222 net:net345166 net:net345748 net:net255820 net:net345744
	comment: capacity:38 usage:40 overflow:2
	bbox = (600.0000, 987.0000) - (601.5000, 988.5000) on Layer -
violation type: Vertical congestion
	srcs: net:net446341 net:net441894 net:net433970 net:net432354 net:net426717 net:net426350 net:net426326 net:net426291 net:net426285 net:net426286 net:net414188 net:net399803 net:net397303 net:net392986 net:net370204 net:net216375 net:net216889 net:net392979 net:net397257 net:net44875 net:net44894 net:net44891 net:net44896 net:net44895 net:net53813 net:net348665 net:net348658 net:net347680 net:net347415 net:net327051 net:net44889
	comment: capacity:38 usage:39 overflow:1
	bbox = (601.5000, 708.0000) - (603.0000, 709.5000) on Layer -
violation type: Vertical congestion
	srcs: net:net446341 net:net441894 net:net433970 net:net426347 net:net426326 net:net414188 net:net406168 net:net397303 net:net395426 net:net393032 net:net392986 net:net370204 net:net216375 net:net216889 net:net392979 net:net397257 net:net273675 net:net44878 net:net44875 net:net44894 net:net44891 net:net44896 net:net44895 net:net53813 net:net273610 net:net347415 net:net327051 net:net44866 net:net44889
	comment: capacity:40 usage:41 overflow:1
	bbox = (601.5000, 711.0000) - (603.0000, 712.5000) on Layer -
violation type: Vertical congestion
	srcs: net:net435698 net:net435003 net:net434956 net:net430126 net:net429454 net:net370204 net:net435002 net:net281840 net:net273931 net:net273737 net:net273560 net:net216889 net:net394218 net:net358400 net:net273759 net:net203932 net:net434411 net:net360663 net:net274106 net:net367781 net:net273585 net:net434960 net:net85210 net:net85225 net:net85231 net:net85234 net:net324199 net:net394562 net:net283007
	comment: capacity:35 usage:36 overflow:1
	bbox = (601.5000, 805.5000) - (603.0000, 807.0000) on Layer -
violation type: Vertical congestion
	srcs: net:net435064 net:net430126 net:net429454 net:net370204 net:net267957 net:net216888 net:net274468 net:net281840 net:net273931 net:net274514 net:net273560 net:net274476 net:net394218 net:net358400 net:net273759 net:net367454 net:net203932 net:net360663 net:net274106 net:net367781 net:net366902 net:net273585 net:net345089 net:net85210 net:net85225 net:net85231 net:net85234 net:net324199 net:net394562 net:net274094 net:net283007
	comment: capacity:40 usage:41 overflow:1
	bbox = (601.5000, 808.5000) - (603.0000, 810.0000) on Layer -
violation type: Vertical congestion
	srcs: net:net431816 net:net429489 net:net426405 net:net411438 net:net406238 net:net396880 net:net395279 net:net394545 net:net394544 net:net394541 net:net394222 net:net393634 net:net391290 net:net390599 net:net216375 net:net273687 net:net360661 net:net273737 net:net357643 net:net367483 net:net397279 net:net436439 net:net406132 net:net346059 net:net274038 net:net449223 net:net394539 net:net370846 net:net44864 net:net44894 net:net53813 net:net273610 net:net274094 net:net346072 net:net346084 net:net347682
	comment: capacity:40 usage:41 overflow:1
	bbox = (603.0000, 691.5000) - (604.5000, 693.0000) on Layer -
violation type: Vertical congestion
	srcs: net:net361512 net:net361470 net:net361459 net:net360772 net:net358569 net:net348539 net:net347209 net:net360713 net:net357752 net:net361511 net:net348611 net:net344968 net:net529886 net:net348615 net:net69588 net:net344901 net:net344869 net:net358035 net:net358200 net:net357559 net:net347537 net:net69589 net:net1236811 net:net345897 net:net345346 net:net345892 net:net62015 net:net345307 net:net345369 net:net264325 net:net345348 net:net361969 net:net48236 net:net345449 net:net346782 net:net358074 net:net358192 net:net347703 net:net347741 net:net348704
	comment: capacity:40 usage:41 overflow:1
	bbox = (603.0000, 976.5000) - (604.5000, 978.0000) on Layer -
violation type: Vertical congestion
	srcs: net:net436677 net:net436080 net:net436050 net:net436030 net:net436028 net:net435957 net:net435919 net:net435921 net:net435915 net:net435148 net:net429489 net:net415153 net:net403754 net:net327583 net:net327423 net:net326759 net:net273662 net:net274130 net:net320641 net:net346454 net:net273761 net:net429930 net:net366340 net:net274473 net:net239127 net:net44887 net:net44891 net:net44881 net:net344997 net:net345367 net:net345087 net:net346543 net:net44889 net:net85213 net:net345502
	comment: capacity:40 usage:41 overflow:1
	bbox = (604.5000, 792.0000) - (606.0000, 793.5000) on Layer -
violation type: Vertical congestion
	srcs: net:net435093 net:net434970 net:net434969 net:net434949 net:net429489 net:net418473 net:net403754 net:net327583 net:net327423 net:net274960 net:net273662 net:net434965 net:net273784 net:net327056 net:net273979 net:net239096 net:net367562 net:net274130 net:net366340 net:net274473 net:net395431 net:net434964 net:net239127 net:net85207 net:net85219 net:net85243 net:net44891 net:net44881 net:net344997 net:net345367 net:net345087 net:net346545 net:net345502 net:net345693
	comment: capacity:40 usage:41 overflow:1
	bbox = (604.5000, 808.5000) - (606.0000, 810.0000) on Layer -
violation type: Vertical congestion
	srcs: net:net430158 net:net429489 net:net418473 net:net403754 net:net327583 net:net327423 net:net327409 net:net274960 net:net273662 net:net327056 net:net273979 net:net239096 net:net278408 net:net367562 net:net274130 net:net327390 net:net366340 net:net273525 net:net274473 net:net274038 net:net273771 net:net239127 net:net85207 net:net85219 net:net85243 net:net44891 net:net44881 net:net344997 net:net345367 net:net345087 net:net346631 net:net346545 net:net273954 net:net345502
	comment: capacity:40 usage:41 overflow:1
	bbox = (604.5000, 811.5000) - (606.0000, 813.0000) on Layer -
violation type: Vertical congestion
	srcs: net:net520696 net:net520689 net:net361944 net:net361468 net:net361445 net:net361441 net:net361424 net:net358590 net:net358168 net:net348534 net:net344866 net:net356374 net:net360690 net:net361179 net:net346567 net:net360788 net:net48238 net:net530186 net:net361444 net:net358515 net:net361437 net:net61873 net:net361949 net:net361508 net:net361930 net:net347460 net:net1256326 net:net345880 net:net346503 net:net320066 net:net347806 net:net348494 net:net345373 net:net347802 net:net345887 net:net347657 net:net358187 net:net357740 net:net347737 net:net345854
	comment: capacity:40 usage:41 overflow:1
	bbox = (604.5000, 976.5000) - (606.0000, 978.0000) on Layer -
violation type: Vertical congestion
	srcs: net:net547807 net:net520630 net:net364327 net:net362015 net:net358549 net:net358548 net:net345829 net:net69590 net:net366545 net:net360827 net:net367562 net:net524030 net:net523510 net:net361496 net:net361156 net:net358574 net:net346454 net:net345933 net:net361557 net:net347780 net:net360663 net:net361449 net:net361487 net:net62965 net:net69589 net:net361495 net:net361220 net:net358550 net:net211585 net:net345049 net:net348494 net:net347835 net:net348489 net:net347269 net:net346507 net:net347234 net:net345447 net:net345479 net:net345666 net:net345858
	comment: capacity:40 usage:42 overflow:2
	bbox = (606.0000, 957.0000) - (607.5000, 958.5000) on Layer -
violation type: Vertical congestion
	srcs: net:net554132 net:net364327 net:net362015 net:net361998 net:net361924 net:net361440 net:net358568 net:net358557 net:net358546 net:net69590 net:net361642 net:net344868 net:net361999 net:net358574 net:net361927 net:net344901 net:net357766 net:net361142 net:net1256326 net:net324474 net:net320176 net:net347665 net:net348665 net:net211583 net:net358577 net:net358405 net:net324498 net:net345373 net:net358057 net:net347079 net:net320169 net:net347830 net:net348655 net:net320173 net:net358157 net:net361239 net:net347593 net:net347590 net:net345858 net:net345856
	comment: capacity:40 usage:41 overflow:1
	bbox = (606.0000, 981.0000) - (607.5000, 982.5000) on Layer -
violation type: Vertical congestion
	srcs: net:net446266 net:net436960 net:net434077 net:net433993 net:net430181 net:net429491 net:net429490 net:net415125 net:net411490 net:net406207 net:net397006 net:net396092 net:net320665 net:net267069 net:net255774 net:net217505 net:net204144 net:net204143 net:net203748 net:net395407 net:net324343 net:net224188 net:net273613 net:net204146 net:net44875 net:net44887 net:net273909 net:net345377 net:net345373 net:net345369 net:net346474 net:net345375 net:net44866 net:net345697
	comment: capacity:37 usage:38 overflow:1
	bbox = (607.5000, 780.0000) - (609.0000, 781.5000) on Layer -
violation type: Vertical congestion
	srcs: net:net446276 net:net430342 net:net430126 net:net409851 net:net409717 net:net273069 net:net239050 net:net273784 net:net326882 net:net273574 net:net274935 net:net273647 net:net346454 net:net327469 net:net248055 net:net326871 net:net345052 net:net366902 net:net234666 net:net345089 net:net85240 net:net44864 net:net44895 net:net53813 net:net85204 net:net347796 net:net346108 net:net345377 net:net345087 net:net320367 net:net345373 net:net345083 net:net59204 net:net85213 net:net345740
	comment: capacity:40 usage:41 overflow:1
	bbox = (607.5000, 822.0000) - (609.0000, 823.5000) on Layer -
violation type: Vertical congestion
	srcs: net:net451148 net:net448293 net:net437475 net:net434972 net:net434387 net:net433420 net:net432382 net:net429491 net:net428326 net:net428273 net:net409624 net:net406491 net:net399368 net:net396166 net:net395419 net:net395415 net:net392238 net:net326752 net:net324353 net:net263753 net:net210695 net:net199494 net:net273735 net:net411464 net:net436439 net:net274021 net:net254752 net:net393014 net:net216969 net:net395416 net:net85249 net:net44896 net:net273610 net:net274165 net:net85204
	comment: capacity:40 usage:41 overflow:1
	bbox = (609.0000, 732.0000) - (610.5000, 733.5000) on Layer -
violation type: Vertical congestion
	srcs: net:net451148 net:net448293 net:net447920 net:net447786 net:net437475 net:net434972 net:net434387 net:net433420 net:net432382 net:net429491 net:net429293 net:net424523 net:net411170 net:net409624 net:net406491 net:net403315 net:net396166 net:net395419 net:net395415 net:net392238 net:net326752 net:net324353 net:net263753 net:net210695 net:net199494 net:net395407 net:net411464 net:net436439 net:net254752 net:net393014 net:net216969 net:net395416 net:net85207 net:net85249 net:net44896 net:net85204 net:net347440
	comment: capacity:38 usage:40 overflow:2
	bbox = (609.0000, 733.5000) - (610.5000, 735.0000) on Layer -
violation type: Vertical congestion
	srcs: net:net451148 net:net448293 net:net447893 net:net447781 net:net447774 net:net437475 net:net434972 net:net434387 net:net433420 net:net432382 net:net429491 net:net429293 net:net426898 net:net424523 net:net411170 net:net409624 net:net409511 net:net406491 net:net403315 net:net396166 net:net395419 net:net395415 net:net326752 net:net324353 net:net263753 net:net210695 net:net199494 net:net395407 net:net411464 net:net436439 net:net273525 net:net254752 net:net393014 net:net216969 net:net216885 net:net395416 net:net85207 net:net85225 net:net85249 net:net44896
	comment: capacity:40 usage:42 overflow:2
	bbox = (609.0000, 735.0000) - (610.5000, 736.5000) on Layer -
violation type: Vertical congestion
	srcs: net:net443914 net:net439009 net:net437475 net:net434972 net:net433420 net:net432382 net:net409624 net:net409350 net:net406491 net:net395415 net:net326752 net:net265865 net:net261598 net:net254741 net:net210695 net:net199494 net:net274992 net:net411464 net:net394218 net:net274994 net:net273525 net:net254752 net:net429463 net:net395416 net:net327729 net:net85207 net:net85216 net:net85225 net:net85249 net:net44861 net:net44887 net:net44891 net:net44881
	comment: capacity:40 usage:42 overflow:2
	bbox = (609.0000, 748.5000) - (610.5000, 750.0000) on Layer -
violation type: Vertical congestion
	srcs: net:net442906 net:net440045 net:net437475 net:net435496 net:net434972 net:net433420 net:net432382 net:net429490 net:net409624 net:net409350 net:net406491 net:net401009 net:net395415 net:net390587 net:net390553 net:net326752 net:net265865 net:net261598 net:net254741 net:net210695 net:net199494 net:net274992 net:net411464 net:net394218 net:net274994 net:net273525 net:net254752 net:net429463 net:net395416 net:net327729 net:net85216 net:net85225 net:net85249 net:net44887 net:net44881
	comment: capacity:40 usage:41 overflow:1
	bbox = (609.0000, 750.0000) - (610.5000, 751.5000) on Layer -
violation type: Vertical congestion
	srcs: net:net446828 net:net436626 net:net436158 net:net435990 net:net435989 net:net434953 net:net434549 net:net434424 net:net420694 net:net418553 net:net406211 net:net400742 net:net368504 net:net327652 net:net208243 net:net278417 net:net324651 net:net273735 net:net411464 net:net324652 net:net324213 net:net326711 net:net273613 net:net320616 net:net278423 net:net273898 net:net44869 net:net44884 net:net53813 net:net85228 net:net344865 net:net345514
	comment: capacity:40 usage:41 overflow:1
	bbox = (609.0000, 792.0000) - (610.5000, 793.5000) on Layer -
violation type: Vertical congestion
	srcs: net:net446828 net:net435089 net:net434419 net:net396681 net:net327652 net:net274977 net:net234665 net:net273664 net:net273784 net:net273931 net:net273979 net:net411464 net:net429488 net:net273934 net:net434406 net:net326840 net:net429930 net:net273732 net:net274473 net:net412392 net:net274038 net:net273771 net:net361001 net:net273991 net:net44875 net:net274001 net:net344865 net:net320367 net:net345375 net:net44889 net:net361126
	comment: capacity:39 usage:41 overflow:2
	bbox = (609.0000, 807.0000) - (610.5000, 808.5000) on Layer -
violation type: Vertical congestion
	srcs: net:net446828 net:net434430 net:net434429 net:net434410 net:net409989 net:net396681 net:net395770 net:net327652 net:net327450 net:net274977 net:net234665 net:net273664 net:net273784 net:net273931 net:net411464 net:net395789 net:net429488 net:net434406 net:net326840 net:net273732 net:net273525 net:net412392 net:net224175 net:net273771 net:net361001 net:net273991 net:net44875 net:net274001 net:net344865 net:net320367 net:net345375 net:net44889 net:net361126
	comment: capacity:40 usage:41 overflow:1
	bbox = (609.0000, 808.5000) - (610.5000, 810.0000) on Layer -
violation type: Vertical congestion
	srcs: net:net457220 net:net445845 net:net445371 net:net441928 net:net433395 net:net416078 net:net406083 net:net403092 net:net399798 net:net399792 net:net395196 net:net390812 net:net324358 net:net320660 net:net265866 net:net263752 net:net263751 net:net263744 net:net217519 net:net429456 net:net273784 net:net358391 net:net273574 net:net203724 net:net273747 net:net274507 net:net273525 net:net406170 net:net273967 net:net438991 net:net62965 net:net461244 net:net274001 net:net1108360 net:net347092 net:net192770 net:net345940
	comment: capacity:39 usage:40 overflow:1
	bbox = (610.5000, 688.5000) - (612.0000, 690.0000) on Layer -
violation type: Vertical congestion
	srcs: net:net444079 net:net443918 net:net443915 net:net443914 net:net442906 net:net442417 net:net439488 net:net438520 net:net436466 net:net434953 net:net434448 net:net429957 net:net397194 net:net390587 net:net390586 net:net369237 net:net324358 net:net320663 net:net320660 net:net285370 net:net265873 net:net263753 net:net261610 net:net254741 net:net210712 net:net324651 net:net203625 net:net326711 net:net397279 net:net255776 net:net406171 net:net278423 net:net254753 net:net44875 net:net44894 net:net44866
	comment: capacity:40 usage:41 overflow:1
	bbox = (610.5000, 745.5000) - (612.0000, 747.0000) on Layer -
violation type: Vertical congestion
	srcs: net:net546702 net:net545744 net:net362225 net:net362223 net:net362174 net:net361150 net:net360552 net:net358615 net:net358584 net:net298247 net:net229813 net:net357736 net:net356490 net:net346454 net:net320081 net:net345933 net:net361985 net:net345860 net:net358514 net:net357884 net:net346197 net:net295118 net:net358593 net:net227396 net:net535224 net:net347460 net:net85183 net:net85195 net:net347823 net:net346713 net:net283007 net:net345878 net:net347068 net:net320064 net:net320314 net:net347334 net:net267524 net:net69843 net:net60608 net:net346810
	comment: capacity:40 usage:41 overflow:1
	bbox = (610.5000, 990.0000) - (612.0000, 991.5000) on Layer -
violation type: Vertical congestion
	srcs: net:net434975 net:net434360 net:net430368 net:net406491 net:net396680 net:net274941 net:net274940 net:net239113 net:net239095 net:net224176 net:net273687 net:net273735 net:net273560 net:net412566 net:net273759 net:net326871 net:net273684 net:net273702 net:net274106 net:net278423 net:net273944 net:net273898 net:net409625 net:net85219 net:net85231 net:net85234 net:net85243 net:net44878 net:net85204 net:net345512 net:net345697
	comment: capacity:40 usage:41 overflow:1
	bbox = (612.0000, 804.0000) - (613.5000, 805.5000) on Layer -
violation type: Vertical congestion
	srcs: net:net554631 net:net545743 net:net543235 net:net357572 net:net347338 net:net345435 net:net344873 net:net366886 net:net370248 net:net358519 net:net361139 net:net370526 net:net358499 net:net357653 net:net225890 net:net358503 net:net367980 net:net1255196 net:net1254938 net:net85192 net:net348636 net:net326581 net:net345897 net:net267524 net:net348568 net:net346514 net:net345894 net:net345567 net:net358159 net:net345597 net:net345637 net:net345635 net:net345669 net:net345693 net:net345679 net:net345721 net:net347729 net:net347747 net:net345856
	comment: capacity:39 usage:40 overflow:1
	bbox = (612.0000, 960.0000) - (613.5000, 961.5000) on Layer -
violation type: Vertical congestion
	srcs: net:net459168 net:net459156 net:net459152 net:net459148 net:net457726 net:net453942 net:net450206 net:net446361 net:net436968 net:net433925 net:net432902 net:net429240 net:net399333 net:net390580 net:net261610 net:net255766 net:net210700 net:net395407 net:net216372 net:net394218 net:net397279 net:net391023 net:net44861 net:net44878 net:net44866
	comment: capacity:30 usage:31 overflow:1
	bbox = (613.5000, 727.5000) - (615.0000, 729.0000) on Layer -
violation type: Vertical congestion
	srcs: net:net1009694 net:net430362 net:net430298 net:net409616 net:net408347 net:net408325 net:net408323 net:net408320 net:net396974 net:net327424 net:net239088 net:net216813 net:net208249 net:net208248 net:net274962 net:net409904 net:net216973 net:net273979 net:net239070 net:net274935 net:net326711 net:net273613 net:net273759 net:net273530 net:net366666 net:net366397 net:net85216 net:net273909
	comment: capacity:30 usage:31 overflow:1
	bbox = (613.5000, 810.0000) - (615.0000, 811.5000) on Layer -
violation type: Vertical congestion
	srcs: net:net430362 net:net412602 net:net412554 net:net409627 net:net361995 net:net273784 net:net388636 net:net409904 net:net239070 net:net274935 net:net273637 net:net429932 net:net273613 net:net412622 net:net366666 net:net391023 net:net366397 net:net346264 net:net44878 net:net44884 net:net44891 net:net273909 net:net346556 net:net345514
	comment: capacity:29 usage:30 overflow:1
	bbox = (613.5000, 825.0000) - (615.0000, 826.5000) on Layer -
violation type: Vertical congestion
	srcs: net:net445841 net:net445840 net:net274470 net:net274468 net:net273931 net:net273979 net:net273886 net:net326687 net:net273934 net:net274071 net:net274473 net:net274021 net:net274152 net:net274068 net:net273967 net:net44887 net:net273610 net:net274165
	comment: capacity:30 usage:31 overflow:1
	bbox = (615.0000, 660.0000) - (616.5000, 661.5000) on Layer -
violation type: Vertical congestion
	srcs: net:net410362 net:net410199 net:net274468 net:net273931 net:net436974 net:net273979 net:net273886 net:net273934 net:net274071 net:net274507 net:net274021 net:net274152 net:net273967 net:net391317 net:net44887 net:net273610 net:net274165
	comment: capacity:26 usage:27 overflow:1
	bbox = (615.0000, 663.0000) - (616.5000, 664.5000) on Layer -
violation type: Vertical congestion
	srcs: net:net452620 net:net444891 net:net410362 net:net410123 net:net274468 net:net273784 net:net436974 net:net273886 net:net273812 net:net274994 net:net274507 net:net444890 net:net444888 net:net358071 net:net391317 net:net85219 net:net85228 net:net327051 net:net320651 net:net85237 net:net85213
	comment: capacity:28 usage:30 overflow:2
	bbox = (615.0000, 670.5000) - (616.5000, 672.0000) on Layer -
violation type: Vertical congestion
	srcs: net:net452620 net:net444973 net:net444892 net:net444891 net:net410552 net:net410362 net:net410123 net:net274468 net:net273784 net:net436974 net:net273886 net:net273812 net:net274507 net:net444888 net:net358071 net:net391317 net:net85219 net:net85243 net:net85228 net:net320651 net:net85237 net:net85213
	comment: capacity:28 usage:30 overflow:2
	bbox = (615.0000, 672.0000) - (616.5000, 673.5000) on Layer -
violation type: Vertical congestion
	srcs: net:net457328 net:net457209 net:net457208 net:net452620 net:net444886 net:net444881 net:net274468 net:net273784 net:net436974 net:net273886 net:net273812 net:net274507 net:net274106 net:net358071 net:net391317 net:net85219 net:net85243 net:net85228 net:net63608 net:net320651 net:net85237 net:net85213
	comment: capacity:30 usage:31 overflow:1
	bbox = (615.0000, 675.0000) - (616.5000, 676.5000) on Layer -
violation type: Vertical congestion
	srcs: net:net458672 net:net457726 net:net456742 net:net453164 net:net452620 net:net442039 net:net442036 net:net442010 net:net441891 net:net441856 net:net441855 net:net441857 net:net436970 net:net432892 net:net422658 net:net406086 net:net397103 net:net255766 net:net436974 net:net274021 net:net391317 net:net85216 net:net85219 net:net85243 net:net85249 net:net85228 net:net320651 net:net85213
	comment: capacity:30 usage:32 overflow:2
	bbox = (615.0000, 684.0000) - (616.5000, 685.5000) on Layer -
violation type: Vertical congestion
	srcs: net:net458672 net:net457726 net:net452072 net:net448802 net:net448754 net:net448756 net:net448752 net:net436970 net:net432902 net:net432892 net:net401090 net:net395419 net:net320610 net:net255766 net:net65223 net:net273735 net:net274021 net:net274106 net:net273585 net:net448228 net:net273909 net:net274165 net:net345245 net:net320651 net:net202300
	comment: capacity:29 usage:30 overflow:1
	bbox = (615.0000, 706.5000) - (616.5000, 708.0000) on Layer -
violation type: Vertical congestion
	srcs: net:net533176 net:net361542 net:net361539 net:net357949 net:net357830 net:net357831 net:net357602 net:net357601 net:net357600 net:net347277 net:net361687 net:net344868 net:net344861 net:net356268 net:net357588 net:net361538 net:net344901 net:net361587 net:net347873 net:net239052 net:net324755 net:net326516 net:net346152 net:net324779 net:net348658 net:net347046 net:net347077 net:net344942 net:net320304 net:net248059
	comment: capacity:30 usage:31 overflow:1
	bbox = (615.0000, 991.5000) - (616.5000, 993.0000) on Layer -
violation type: Vertical congestion
	srcs: net:net91462 net:net450206 net:net450203 net:net446825 net:net442412 net:net437980 net:net436966 net:net434446 net:net432900 net:net406477 net:net391617 net:net391580 net:net391332 net:net390570 net:net276956 net:net210700 net:net203628 net:net273574 net:net394218 net:net273812 net:net274994 net:net273759 net:net273732 net:net324208 net:net273771 net:net391023 net:net276935 net:net324199 net:net394562 net:net85204
	comment: capacity:40 usage:41 overflow:1
	bbox = (616.5000, 763.5000) - (618.0000, 765.0000) on Layer -
violation type: Vertical congestion
	srcs: net:net532153 net:net531514 net:net361795 net:net361684 net:net361665 net:net361588 net:net361564 net:net361382 net:net361253 net:net361149 net:net357837 net:net230678 net:net361141 net:net357636 net:net532575 net:net356358 net:net219695 net:net357625 net:net356268 net:net357825 net:net320185 net:net65196 net:net344867 net:net324512 net:net320299 net:net243133 net:net225894 net:net210716 net:net252772 net:net346220 net:net347048 net:net344944 net:net327085 net:net326456 net:net59206 net:net244883 net:net347015 net:net246395 net:net347081 net:net347050
	comment: capacity:40 usage:41 overflow:1
	bbox = (616.5000, 988.5000) - (618.0000, 990.0000) on Layer -
violation type: Vertical congestion
	srcs: net:net1002872 net:net446284 net:net430453 net:net415118 net:net415117 net:net415105 net:net415107 net:net415104 net:net415059 net:net412633 net:net396988 net:net396685 net:net395770 net:net326712 net:net239129 net:net214025 net:net274468 net:net274992 net:net216372 net:net358092 net:net320321 net:net273812 net:net446281 net:net436439 net:net274152 net:net274068 net:net274106 net:net273585 net:net327729 net:net85225 net:net44869 net:net320356 net:net320372
	comment: capacity:40 usage:41 overflow:1
	bbox = (618.0000, 810.0000) - (619.5000, 811.5000) on Layer -
violation type: Vertical congestion
	srcs: net:net458764 net:net457710 net:net457356 net:net457325 net:net457298 net:net457290 net:net457163 net:net452977 net:net414183 net:net411423 net:net411345 net:net410758 net:net410125 net:net406149 net:net406086 net:net399805 net:net395783 net:net217509 net:net450194 net:net324213 net:net429929 net:net391023 net:net44875 net:net44894 net:net44891 net:net44895 net:net274094 net:net345245 net:net345162 net:net345166 net:net345573 net:net345571 net:net345567 net:net347165
	comment: capacity:40 usage:41 overflow:1
	bbox = (619.5000, 682.5000) - (621.0000, 684.0000) on Layer -
violation type: Vertical congestion
	srcs: net:net551621 net:net549458 net:net361624 net:net361621 net:net361619 net:net361135 net:net361110 net:net361094 net:net361067 net:net346573 net:net361550 net:net361929 net:net344968 net:net346567 net:net360729 net:net361840 net:net361482 net:net361556 net:net346597 net:net346730 net:net346970 net:net361151 net:net344907 net:net91045 net:net210716 net:net346655 net:net346625 net:net346591 net:net223116 net:net361431 net:net346653 net:net346623 net:net348564 net:net347356 net:net346688 net:net346657 net:net346627 net:net59185 net:net345748
	comment: capacity:40 usage:41 overflow:1
	bbox = (619.5000, 979.5000) - (621.0000, 981.0000) on Layer -
violation type: Vertical congestion
	srcs: net:net551621 net:net549458 net:net361621 net:net361622 net:net361619 net:net361135 net:net361110 net:net361094 net:net361084 net:net347464 net:net347340 net:net345829 net:net361550 net:net361929 net:net360729 net:net361840 net:net357655 net:net361482 net:net361556 net:net346597 net:net361085 net:net361592 net:net361090 net:net361151 net:net91045 net:net346344 net:net346655 net:net346625 net:net346591 net:net346989 net:net223116 net:net346653 net:net346623 net:net345001 net:net347356 net:net346688 net:net346657 net:net346627 net:net59185 net:net345445
	comment: capacity:40 usage:41 overflow:1
	bbox = (619.5000, 984.0000) - (621.0000, 985.5000) on Layer -
violation type: Vertical congestion
	srcs: net:net458764 net:net453918 net:net451180 net:net448912 net:net448771 net:net448765 net:net448224 net:net446341 net:net432515 net:net429489 net:net422619 net:net411763 net:net410363 net:net410123 net:net409428 net:net406497 net:net406148 net:net399803 net:net324315 net:net276968 net:net432369 net:net324651 net:net395788 net:net429931 net:net324208 net:net278423 net:net327729 net:net85210 net:net324199 net:net394562 net:net273610 net:net346148 net:net44889
	comment: capacity:40 usage:41 overflow:1
	bbox = (621.0000, 712.5000) - (622.5000, 714.0000) on Layer -
violation type: Vertical congestion
	srcs: net:net453918 net:net446341 net:net438480 net:net432898 net:net429927 net:net429489 net:net425607 net:net410363 net:net406148 net:net403092 net:net399330 net:net394556 net:net394532 net:net390570 net:net276968 net:net255758 net:net216376 net:net396421 net:net273979 net:net273697 net:net216378 net:net273574 net:net396444 net:net390571 net:net395788 net:net429488 net:net429931 net:net399337 net:net453930 net:net429929 net:net446281 net:net438496 net:net324211 net:net393014 net:net429438 net:net370846 net:net85222
	comment: capacity:40 usage:41 overflow:1
	bbox = (621.0000, 742.5000) - (622.5000, 744.0000) on Layer -
violation type: Vertical congestion
	srcs: net:net457702 net:net453918 net:net446341 net:net429489 net:net429249 net:net410363 net:net406148 net:net399330 net:net394532 net:net390580 net:net390570 net:net274972 net:net234680 net:net216376 net:net396421 net:net273784 net:net254749 net:net63432 net:net216378 net:net273574 net:net396444 net:net278334 net:net429488 net:net429932 net:net429931 net:net446281 net:net278423 net:net434432 net:net85216 net:net85222 net:net85231 net:net85240 net:net85243 net:net85213
	comment: capacity:40 usage:41 overflow:1
	bbox = (621.0000, 757.5000) - (622.5000, 759.0000) on Layer -
violation type: Vertical congestion
	srcs: net:net453918 net:net446341 net:net429489 net:net429249 net:net419142 net:net410363 net:net406148 net:net394532 net:net390580 net:net390578 net:net390570 net:net370835 net:net274972 net:net234680 net:net216379 net:net216376 net:net396421 net:net273784 net:net254749 net:net63432 net:net216378 net:net273574 net:net396444 net:net278334 net:net429488 net:net429932 net:net429931 net:net446281 net:net278423 net:net434432 net:net85216 net:net85231 net:net85240 net:net85243 net:net85213
	comment: capacity:40 usage:41 overflow:1
	bbox = (621.0000, 759.0000) - (622.5000, 760.5000) on Layer -
violation type: Vertical congestion
	srcs: net:net434424 net:net434408 net:net432384 net:net430158 net:net429489 net:net409397 net:net397157 net:net397097 net:net397008 net:net397007 net:net394532 net:net394523 net:net274972 net:net234680 net:net224219 net:net216379 net:net396421 net:net254749 net:net216378 net:net396444 net:net278334 net:net429488 net:net429932 net:net429931 net:net446281 net:net278423 net:net396412 net:net391023 net:net85216 net:net85231 net:net85240 net:net85243 net:net346691 net:net327051 net:net85213
	comment: capacity:40 usage:41 overflow:1
	bbox = (621.0000, 774.0000) - (622.5000, 775.5000) on Layer -
violation type: Vertical congestion
	srcs: net:net324312 net:net548547 net:net436436 net:net430366 net:net430335 net:net420594 net:net409905 net:net409397 net:net400735 net:net274977 net:net239089 net:net232899 net:net216708 net:net421375 net:net327245 net:net367795 net:net273883 net:net274514 net:net273886 net:net273560 net:net429931 net:net406132 net:net274106 net:net429958 net:net44875 net:net324199 net:net274001 net:net274465 net:net273610 net:net85204 net:net346691 net:net223115 net:net274441
	comment: capacity:40 usage:41 overflow:1
	bbox = (621.0000, 817.5000) - (622.5000, 819.0000) on Layer -
violation type: Vertical congestion
	srcs: net:net551537 net:net532833 net:net361383 net:net361365 net:net361278 net:net361275 net:net361120 net:net361066 net:net361065 net:net361064 net:net360713 net:net356356 net:net360854 net:net361840 net:net360712 net:net357825 net:net356276 net:net89237 net:net361620 net:net361098 net:net361576 net:net358598 net:net344907 net:net1256563 net:net344956 net:net345432 net:net255227 net:net346649 net:net346678 net:net346659 net:net346220 net:net346342 net:net346218 net:net346653 net:net347388 net:net345923 net:net346476 net:net346148 net:net347295 net:net345852
	comment: capacity:40 usage:41 overflow:1
	bbox = (621.0000, 993.0000) - (622.5000, 994.5000) on Layer -
violation type: Vertical congestion
	srcs: net:net551537 net:net543416 net:net532833 net:net361273 net:net361110 net:net361111 net:net360638 net:net361064 net:net360713 net:net361464 net:net347468 net:net356220 net:net360854 net:net361864 net:net356406 net:net361840 net:net357825 net:net360968 net:net361620 net:net361098 net:net344849 net:net346563 net:net1256563 net:net89906 net:net344956 net:net345432 net:net255227 net:net346678 net:net346220 net:net347390 net:net346342 net:net346218 net:net346653 net:net345923 net:net346476 net:net346148 net:net61990 net:net345852
	comment: capacity:40 usage:41 overflow:1
	bbox = (621.0000, 1003.5000) - (622.5000, 1005.0000) on Layer -
violation type: Vertical congestion
	srcs: net:net448234 net:net448229 net:net446337 net:net446284 net:net438488 net:net436473 net:net433407 net:net432365 net:net429449 net:net411307 net:net410331 net:net410328 net:net406477 net:net406124 net:net402575 net:net278348 net:net239112 net:net216680 net:net208252 net:net273637 net:net394522 net:net429932 net:net362228 net:net273732 net:net435419 net:net44872 net:net44884 net:net44887 net:net44894 net:net44891 net:net44896 net:net327051 net:net1122167
	comment: capacity:40 usage:41 overflow:1
	bbox = (624.0000, 714.0000) - (625.5000, 715.5000) on Layer -
violation type: Vertical congestion
	srcs: net:net438488 net:net435433 net:net435412 net:net433407 net:net432394 net:net432365 net:net432349 net:net429942 net:net429449 net:net410092 net:net406124 net:net397273 net:net396383 net:net327416 net:net278369 net:net276956 net:net276942 net:net216377 net:net274468 net:net320718 net:net203630 net:net273886 net:net362228 net:net274473 net:net327350 net:net396412 net:net274038 net:net435419 net:net278440 net:net217514 net:net327252 net:net276935 net:net324231 net:net85213
	comment: capacity:40 usage:41 overflow:1
	bbox = (624.0000, 741.0000) - (625.5000, 742.5000) on Layer -
violation type: Vertical congestion
	srcs: net:net91462 net:net450205 net:net438488 net:net438483 net:net435433 net:net435412 net:net434443 net:net433407 net:net432365 net:net432349 net:net430358 net:net430141 net:net430138 net:net429942 net:net429449 net:net429431 net:net417930 net:net410327 net:net397273 net:net396383 net:net391634 net:net216382 net:net216377 net:net273664 net:net391344 net:net273735 net:net391633 net:net410950 net:net362228 net:net438496 net:net274106 net:net396412 net:net435419 net:net44895 net:net44889 net:net320651
	comment: capacity:40 usage:41 overflow:1
	bbox = (624.0000, 763.5000) - (625.5000, 765.0000) on Layer -
violation type: Vertical congestion
	srcs: net:net450205 net:net438517 net:net438488 net:net435433 net:net435412 net:net434443 net:net433407 net:net432365 net:net432349 net:net430141 net:net430138 net:net429942 net:net429449 net:net429431 net:net417931 net:net417930 net:net410327 net:net397273 net:net396383 net:net391634 net:net391613 net:net216382 net:net216377 net:net273664 net:net391344 net:net273735 net:net273574 net:net273934 net:net410950 net:net362228 net:net438496 net:net274106 net:net396412 net:net435419 net:net44895 net:net44889
	comment: capacity:40 usage:41 overflow:1
	bbox = (624.0000, 765.0000) - (625.5000, 766.5000) on Layer -
violation type: Vertical congestion
	srcs: net:net450854 net:net450853 net:net450277 net:net450188 net:net450187 net:net446359 net:net435433 net:net435412 net:net433407 net:net432365 net:net432349 net:net430141 net:net429942 net:net429927 net:net429449 net:net429431 net:net397273 net:net395799 net:net278369 net:net234681 net:net216382 net:net216377 net:net202845 net:net273664 net:net429456 net:net273697 net:net273735 net:net326687 net:net273637 net:net429973 net:net362228 net:net324211 net:net435419 net:net394562 net:net59206
	comment: capacity:40 usage:42 overflow:2
	bbox = (624.0000, 778.5000) - (625.5000, 780.0000) on Layer -
violation type: Vertical congestion
	srcs: net:net446346 net:net435433 net:net435412 net:net433407 net:net432870 net:net432365 net:net432350 net:net432349 net:net432346 net:net429942 net:net429927 net:net429483 net:net429449 net:net429431 net:net400647 net:net395799 net:net394533 net:net320662 net:net278369 net:net274972 net:net255761 net:net273697 net:net326687 net:net273637 net:net255762 net:net362228 net:net327624 net:net324211 net:net327344 net:net429438 net:net394562 net:net273610 net:net59206
	comment: capacity:38 usage:39 overflow:1
	bbox = (624.0000, 787.5000) - (625.5000, 789.0000) on Layer -
violation type: Vertical congestion
	srcs: net:net446346 net:net437440 net:net436450 net:net435433 net:net435412 net:net433394 net:net432365 net:net432349 net:net429927 net:net429925 net:net429483 net:net429449 net:net429435 net:net429431 net:net420637 net:net400770 net:net400742 net:net324330 net:net278399 net:net239089 net:net224216 net:net326875 net:net273842 net:net273697 net:net239096 net:net326687 net:net326726 net:net434459 net:net429929 net:net362228 net:net324211 net:net361487 net:net327344 net:net326785 net:net394562 net:net273610
	comment: capacity:40 usage:41 overflow:1
	bbox = (624.0000, 801.0000) - (625.5000, 802.5000) on Layer -
violation type: Vertical congestion
	srcs: net:net446346 net:net437440 net:net436450 net:net435412 net:net433394 net:net432365 net:net432349 net:net429927 net:net429483 net:net429435 net:net429431 net:net415070 net:net400770 net:net327445 net:net327439 net:net327416 net:net239089 net:net224216 net:net326875 net:net320718 net:net273697 net:net239096 net:net216709 net:net326687 net:net324213 net:net326726 net:net429929 net:net362228 net:net358176 net:net361487 net:net327344 net:net326785 net:net327252 net:net44894 net:net358555 net:net320367
	comment: capacity:40 usage:41 overflow:1
	bbox = (624.0000, 810.0000) - (625.5000, 811.5000) on Layer -
violation type: Vertical congestion
	srcs: net:net446388 net:net446364 net:net446346 net:net436450 net:net435420 net:net435412 net:net435411 net:net435409 net:net435408 net:net432365 net:net432349 net:net429927 net:net429483 net:net429435 net:net420606 net:net400770 net:net324314 net:net273782 net:net437443 net:net273979 net:net273697 net:net239096 net:net273737 net:net326687 net:net324213 net:net273712 net:net273800 net:net362228 net:net358176 net:net366696 net:net361487 net:net327344 net:net326785 net:net320356 net:net320367 net:net346688 net:net274454
	comment: capacity:39 usage:41 overflow:2
	bbox = (624.0000, 814.5000) - (625.5000, 816.0000) on Layer -
violation type: Vertical congestion
	srcs: net:net984344 net:net446495 net:net446388 net:net446364 net:net410031 net:net400727 net:net239065 net:net239059 net:net356237 net:net273782 net:net273979 net:net273697 net:net273737 net:net326687 net:net273934 net:net324213 net:net273712 net:net273800 net:net273761 net:net362228 net:net273722 net:net358176 net:net366696 net:net273675 net:net360663 net:net273967 net:net273602 net:net327344 net:net273773 net:net274092 net:net320356 net:net320367 net:net320369 net:net346688 net:net274454
	comment: capacity:40 usage:41 overflow:1
	bbox = (624.0000, 822.0000) - (625.5000, 823.5000) on Layer -
violation type: Vertical congestion
	srcs: net:net446500 net:net446495 net:net446393 net:net446388 net:net446342 net:net446273 net:net410031 net:net400727 net:net273782 net:net327449 net:net273979 net:net273697 net:net273737 net:net239070 net:net273934 net:net273712 net:net273800 net:net273761 net:net368053 net:net362228 net:net273722 net:net366696 net:net273675 net:net360663 net:net273967 net:net361993 net:net273602 net:net273773 net:net274092 net:net273610 net:net320356 net:net320367 net:net232898 net:net320369 net:net346688 net:net274454
	comment: capacity:40 usage:41 overflow:1
	bbox = (624.0000, 826.5000) - (625.5000, 828.0000) on Layer -
violation type: Vertical congestion
	srcs: net:net453932 net:net453915 net:net442411 net:net436473 net:net436470 net:net436469 net:net434445 net:net434443 net:net433415 net:net432395 net:net432376 net:net430177 net:net430164 net:net429927 net:net429451 net:net395799 net:net327659 net:net324356 net:net278369 net:net278348 net:net276947 net:net265872 net:net261608 net:net255770 net:net217521 net:net210702 net:net273735 net:net327042 net:net429973 net:net438502 net:net273700 net:net429438 net:net273898 net:net370846 net:net44872 net:net274165
	comment: capacity:40 usage:41 overflow:1
	bbox = (625.5000, 759.0000) - (627.0000, 760.5000) on Layer -
violation type: Vertical congestion
	srcs: net:net442413 net:net436473 net:net436470 net:net436469 net:net434445 net:net434443 net:net432395 net:net432376 net:net430177 net:net430164 net:net429927 net:net429451 net:net395799 net:net327659 net:net327416 net:net324356 net:net278369 net:net278348 net:net276947 net:net265872 net:net265871 net:net261608 net:net210702 net:net273735 net:net327042 net:net429973 net:net429929 net:net438496 net:net438502 net:net203634 net:net273700 net:net429438 net:net370846 net:net44872 net:net274165
	comment: capacity:38 usage:39 overflow:1
	bbox = (625.5000, 762.0000) - (627.0000, 763.5000) on Layer -
violation type: Vertical congestion
	srcs: net:net446463 net:net446444 net:net446416 net:net446412 net:net446346 net:net418553 net:net400787 net:net400770 net:net248008 net:net216974 net:net273664 net:net356237 net:net273650 net:net345436 net:net324751 net:net274935 net:net273637 net:net348574 net:net216884 net:net358176 net:net274152 net:net274104 net:net239079 net:net271806 net:net89906 net:net44894 net:net283009 net:net346678 net:net358555 net:net283803 net:net346316 net:net232898 net:net346682 net:net267524 net:net347804 net:net274132
	comment: capacity:40 usage:41 overflow:1
	bbox = (625.5000, 828.0000) - (627.0000, 829.5000) on Layer -
violation type: Vertical congestion
	srcs: net:net548864 net:net547710 net:net379668 net:net361881 net:net360693 net:net360665 net:net345829 net:net230648 net:net361868 net:net360942 net:net366552 net:net345435 net:net69598 net:net344873 net:net65195 net:net360695 net:net348510 net:net357995 net:net361905 net:net361654 net:net366387 net:net361973 net:net362041 net:net348748 net:net346059 net:net347754 net:net362161 net:net361996 net:net369626 net:net361472 net:net346072 net:net346152 net:net346117 net:net346189 net:net346080 net:net230321 net:net346627 net:net346933 net:net347163
	comment: capacity:40 usage:41 overflow:1
	bbox = (625.5000, 966.0000) - (627.0000, 967.5000) on Layer -
violation type: Vertical congestion
	srcs: net:net446357 net:net446347 net:net429924 net:net412611 net:net412609 net:net400738 net:net400704 net:net400645 net:net400644 net:net367123 net:net324654 net:net320607 net:net224217 net:net217056 net:net320718 net:net367725 net:net327245 net:net324649 net:net63432 net:net274998 net:net239070 net:net273637 net:net217516 net:net326835 net:net327248 net:net327116 net:net274507 net:net326691 net:net278440 net:net326836 net:net327252 net:net326396 net:net346456 net:net346046
	comment: capacity:40 usage:42 overflow:2
	bbox = (627.0000, 801.0000) - (628.5000, 802.5000) on Layer -
violation type: Vertical congestion
	srcs: net:net458790 net:net452706 net:net452703 net:net452260 net:net452185 net:net452086 net:net452045 net:net452013 net:net452010 net:net452006 net:net449242 net:net432394 net:net396937 net:net390580 net:net261609 net:net239061 net:net273784 net:net273650 net:net327245 net:net63432 net:net273979 net:net273697 net:net273886 net:net274071 net:net438496 net:net452043 net:net274473 net:net273944 net:net274038 net:net390557 net:net273991 net:net347181
	comment: capacity:40 usage:41 overflow:1
	bbox = (628.5000, 702.0000) - (630.0000, 703.5000) on Layer -
violation type: Vertical congestion
	srcs: net:net962081 net:net454951 net:net454868 net:net454856 net:net437125 net:net434455 net:net420083 net:net420061 net:net417050 net:net261609 net:net239061 net:net274468 net:net254749 net:net273931 net:net327245 net:net324649 net:net273979 net:net273697 net:net273886 net:net320680 net:net274476 net:net274507 net:net92069 net:net274021 net:net274068 net:net273967 net:net327350 net:net273991 net:net53813 net:net274094
	comment: capacity:40 usage:41 overflow:1
	bbox = (628.5000, 738.0000) - (630.0000, 739.5000) on Layer -
violation type: Vertical congestion
	srcs: net:net457717 net:net457716 net:net457688 net:net454056 net:net439484 net:net434455 net:net433378 net:net274470 net:net274468 net:net273931 net:net324649 net:net320680 net:net274476 net:net63490 net:net327385 net:net326685 net:net273732 net:net274024 net:net274152 net:net273675 net:net324211 net:net274038 net:net273771 net:net273964 net:net44869 net:net274094 net:net327052 net:net44866
	comment: capacity:40 usage:41 overflow:1
	bbox = (628.5000, 754.5000) - (630.0000, 756.0000) on Layer -
violation type: Vertical congestion
	srcs: net:net450217 net:net450215 net:net450134 net:net434455 net:net433415 net:net433378 net:net366307 net:net274468 net:net327245 net:net324649 net:net273979 net:net274998 net:net273883 net:net360827 net:net320680 net:net327385 net:net326685 net:net273812 net:net274071 net:net326691 net:net274473 net:net274021 net:net274068 net:net273944 net:net274038 net:net273898 net:net273072 net:net44861 net:net346039 net:net346051 net:net346053
	comment: capacity:40 usage:41 overflow:1
	bbox = (628.5000, 775.5000) - (630.0000, 777.0000) on Layer -
violation type: Vertical congestion
	srcs: net:net429965 net:net429950 net:net412632 net:net412555 net:net400741 net:net400653 net:net366307 net:net320682 net:net273931 net:net324651 net:net273883 net:net360827 net:net273886 net:net274476 net:net326835 net:net327049 net:net274071 net:net273759 net:net48262 net:net274473 net:net274038 net:net324217 net:net326396 net:net395431 net:net273072 net:net1255184 net:net346039 net:net324498 net:net346051 net:net346053
	comment: capacity:37 usage:38 overflow:1
	bbox = (628.5000, 796.5000) - (630.0000, 798.0000) on Layer -
violation type: Vertical congestion
	srcs: net:net548957 net:net548760 net:net361907 net:net358012 net:net356289 net:net347464 net:net347208 net:net357987 net:net360864 net:net346567 net:net361203 net:net358114 net:net347748 net:net357666 net:net358532 net:net346970 net:net361001 net:net358434 net:net346264 net:net347641 net:net347671 net:net346572 net:net346009 net:net346616 net:net298240 net:net324788 net:net346156 net:net346314 net:net346282 net:net346251 net:net347392 net:net346593 net:net347866 net:net345613
	comment: capacity:34 usage:35 overflow:1
	bbox = (628.5000, 976.5000) - (630.0000, 978.0000) on Layer -
violation type: Vertical congestion
	srcs: net:net420904 net:net400604 net:net326790 net:net216363 net:net274470 net:net274468 net:net273931 net:net63432 net:net274514 net:net273934 net:net273747 net:net327115 net:net274024 net:net48262 net:net274021 net:net274068 net:net273967 net:net273944 net:net273898 net:net227394 net:net273964 net:net1256289 net:net274001 net:net274465 net:net273909 net:net324500 net:net324234
	comment: capacity:38 usage:39 overflow:1
	bbox = (630.0000, 798.0000) - (631.5000, 799.5000) on Layer -
violation type: Vertical congestion
	srcs: net:net554752 net:net549509 net:net548034 net:net360518 net:net360513 net:net358609 net:net358478 net:net358454 net:net358442 net:net358438 net:net358298 net:net358274 net:net358070 net:net358001 net:net358000 net:net345829 net:net357576 net:net345435 net:net356320 net:net344861 net:net358005 net:net361580 net:net365495 net:net361557 net:net357998 net:net361616 net:net346086 net:net344907 net:net358470 net:net347258 net:net346278 net:net346146 net:net346585 net:net347293 net:net346056 net:net347303 net:net346049 net:net346812 net:net345805
	comment: capacity:39 usage:42 overflow:3
	bbox = (630.0000, 987.0000) - (631.5000, 988.5000) on Layer -
violation type: Vertical congestion
	srcs: net:net446001 net:net445911 net:net445909 net:net445782 net:net444542 net:net444397 net:net410331 net:net273574 net:net273560 net:net392277 net:net326687 net:net327700 net:net216372 net:net327729 net:net44864 net:net44875 net:net44881 net:net346437 net:net346446 net:net327051 net:net320651 net:net345772
	comment: capacity:29 usage:30 overflow:1
	bbox = (631.5000, 663.0000) - (633.0000, 664.5000) on Layer -
violation type: Vertical congestion
	srcs: net:net400668 net:net368744 net:net368504 net:net326876 net:net326791 net:net326790 net:net246361 net:net327347 net:net273784 net:net273979 net:net324910 net:net324907 net:net274935 net:net327700 net:net273812 net:net327248 net:net326878 net:net278423 net:net273771 net:net273991 net:net1254697 net:net324234
	comment: capacity:30 usage:32 overflow:2
	bbox = (631.5000, 798.0000) - (633.0000, 799.5000) on Layer -
violation type: Vertical congestion
	srcs: net:net978067 net:net446445 net:net446356 net:net410049 net:net409957 net:net400742 net:net327660 net:net327250 net:net274992 net:net435538 net:net394218 net:net324201 net:net278423 net:net278421 net:net1256289 net:net1255704 net:net44864 net:net44875 net:net394562 net:net346572 net:net327354 net:net346517 net:net324494 net:net327730 net:net366991
	comment: capacity:30 usage:31 overflow:1
	bbox = (631.5000, 825.0000) - (633.0000, 826.5000) on Layer -
violation type: Vertical congestion
	srcs: net:net448412 net:net444430 net:net444393 net:net444392 net:net444385 net:net411409 net:net410900 net:net410840 net:net274468 net:net326687 net:net274994 net:net324211 net:net44861 net:net44872 net:net44869 net:net44878 net:net44875 net:net44894 net:net44866 net:net358182
	comment: capacity:30 usage:31 overflow:1
	bbox = (633.0000, 681.0000) - (634.5000, 682.5000) on Layer -
violation type: Vertical congestion
	srcs: net:net444569 net:net444568 net:net444485 net:net444393 net:net444392 net:net444385 net:net410900 net:net410840 net:net410838 net:net399832 net:net274468 net:net324211 net:net61827 net:net44861 net:net44872 net:net44869 net:net44878 net:net44875 net:net44894 net:net44891 net:net44866
	comment: capacity:30 usage:31 overflow:1
	bbox = (633.0000, 682.5000) - (634.5000, 684.0000) on Layer -
violation type: Vertical congestion
	srcs: net:net457351 net:net444568 net:net410840 net:net410838 net:net410723 net:net399832 net:net274468 net:net324651 net:net274476 net:net324652 net:net324211 net:net44861 net:net44872 net:net44869 net:net44878 net:net44875 net:net44894 net:net44891 net:net44866
	comment: capacity:30 usage:32 overflow:2
	bbox = (633.0000, 684.0000) - (634.5000, 685.5000) on Layer -
violation type: Vertical congestion
	srcs: net:net447980 net:net447963 net:net447807 net:net393668 net:net278438 net:net326835 net:net394218 net:net327248 net:net327115 net:net278423 net:net326396 net:net85207 net:net85210 net:net85216 net:net85219 net:net85225 net:net85231 net:net85234 net:net85240 net:net85243 net:net85249 net:net324234 net:net85237
	comment: capacity:30 usage:31 overflow:1
	bbox = (633.0000, 739.5000) - (634.5000, 741.0000) on Layer -
violation type: Vertical congestion
	srcs: net:net439470 net:net433869 net:net391024 net:net327663 net:net202841 net:net278438 net:net360923 net:net273574 net:net326687 net:net390603 net:net274994 net:net324201 net:net324208 net:net273585 net:net85207 net:net85216 net:net85219 net:net85231 net:net85240 net:net85243 net:net85249 net:net324199 net:net85237
	comment: capacity:29 usage:31 overflow:2
	bbox = (633.0000, 751.5000) - (634.5000, 753.0000) on Layer -
violation type: Vertical congestion
	srcs: net:net391207 net:net390602 net:net327663 net:net202841 net:net278438 net:net273574 net:net326687 net:net390603 net:net274994 net:net324201 net:net324224 net:net324208 net:net273585 net:net324217 net:net390601 net:net85207 net:net85216 net:net85219 net:net85231 net:net85240 net:net85243 net:net327730 net:net85237
	comment: capacity:29 usage:30 overflow:1
	bbox = (633.0000, 753.0000) - (634.5000, 754.5000) on Layer -
violation type: Vertical congestion
	srcs: net:net391675 net:net391351 net:net12501 net:net274992 net:net324910 net:net391090 net:net324652 net:net324224 net:net324208 net:net326690 net:net324217 net:net85216 net:net85219 net:net85225 net:net85231 net:net85240 net:net85243 net:net85249 net:net324234 net:net327730 net:net327051 net:net85237
	comment: capacity:30 usage:31 overflow:1
	bbox = (633.0000, 766.5000) - (634.5000, 768.0000) on Layer -
violation type: Vertical congestion
	srcs: net:net979237 net:net436958 net:net12501 net:net273560 net:net324652 net:net324198 net:net327348 net:net324226 net:net394218 net:net327248 net:net346021 net:net324208 net:net273626 net:net324217 net:net404001 net:net327729 net:net85243 net:net1255178 net:net394562 net:net274094 net:net1097424
	comment: capacity:28 usage:29 overflow:1
	bbox = (633.0000, 778.5000) - (634.5000, 780.0000) on Layer -
violation type: Vertical congestion
	srcs: net:net436626 net:net430190 net:net421324 net:net326790 net:net324654 net:net278425 net:net267509 net:net216393 net:net203635 net:net12501 net:net327347 net:net324205 net:net324651 net:net274992 net:net326689 net:net327348 net:net324224 net:net326871 net:net326690 net:net324217 net:net85243 net:net324233 net:net324234 net:net327045 net:net1099704
	comment: capacity:30 usage:32 overflow:2
	bbox = (633.0000, 796.5000) - (634.5000, 798.0000) on Layer -
violation type: Vertical congestion
	srcs: net:net456738 net:net449393 net:net449255 net:net448412 net:net448388 net:net447369 net:net447225 net:net444393 net:net443326 net:net441419 net:net441418 net:net441408 net:net439422 net:net410723 net:net395922 net:net395852 net:net366307 net:net408344 net:net274476 net:net327700 net:net437954 net:net324213 net:net394218 net:net274994 net:net274507 net:net357668 net:net324208 net:net391023 net:net273991 net:net324199 net:net273610 net:net457171
	comment: capacity:40 usage:42 overflow:2
	bbox = (634.5000, 682.5000) - (636.0000, 684.0000) on Layer -
violation type: Vertical congestion
	srcs: net:net449240 net:net448412 net:net448388 net:net448357 net:net447396 net:net447369 net:net447225 net:net439181 net:net429757 net:net403322 net:net395922 net:net395852 net:net395488 net:net366307 net:net273931 net:net408344 net:net449241 net:net324213 net:net394218 net:net274994 net:net273675 net:net85207 net:net85210 net:net85222 net:net85234 net:net324199 net:net273909 net:net273610 net:net327051 net:net320651
	comment: capacity:40 usage:41 overflow:1
	bbox = (634.5000, 694.5000) - (636.0000, 696.0000) on Layer -
violation type: Vertical congestion
	srcs: net:net952104 net:net454003 net:net451259 net:net447225 net:net438637 net:net411742 net:net411708 net:net411688 net:net397316 net:net366307 net:net411689 net:net273931 net:net273637 net:net273934 net:net327248 net:net274994 net:net274021 net:net273675 net:net324217 net:net85207 net:net85216 net:net85222 net:net85231 net:net85234 net:net85240 net:net85246 net:net85228 net:net85204 net:net327051
	comment: capacity:40 usage:41 overflow:1
	bbox = (634.5000, 723.0000) - (636.0000, 724.5000) on Layer -
violation type: Vertical congestion
	srcs: net:net436515 net:net436455 net:net436436 net:net436431 net:net409633 net:net327663 net:net216379 net:net203807 net:net320718 net:net274992 net:net274514 net:net324905 net:net327049 net:net327664 net:net327348 net:net326685 net:net327248 net:net346021 net:net324224 net:net367168 net:net409634 net:net395441 net:net358403 net:net327249 net:net366666 net:net327729 net:net1255188 net:net1255178 net:net273909 net:net346552 net:net345079 net:net345085 net:net346514 net:net324234 net:net327045
	comment: capacity:40 usage:41 overflow:1
	bbox = (634.5000, 822.0000) - (636.0000, 823.5000) on Layer -
violation type: Vertical congestion
	srcs: net:net436515 net:net436455 net:net436436 net:net436431 net:net409633 net:net274995 net:net216379 net:net203807 net:net274992 net:net274514 net:net324905 net:net327049 net:net327348 net:net326685 net:net327248 net:net346021 net:net324224 net:net367168 net:net395441 net:net358403 net:net327249 net:net367432 net:net366666 net:net327729 net:net1255188 net:net1255178 net:net324233 net:net273909 net:net346552 net:net345079 net:net345085 net:net346514 net:net324234 net:net327045 net:net327730
	comment: capacity:39 usage:41 overflow:2
	bbox = (634.5000, 823.5000) - (636.0000, 825.0000) on Layer -
violation type: Vertical congestion
	srcs: net:net934906 net:net457236 net:net449393 net:net448212 net:net440627 net:net438422 net:net415803 net:net415135 net:net399833 net:net399832 net:net396042 net:net327347 net:net274992 net:net326687 net:net437954 net:net273747 net:net273759 net:net273732 net:net274152 net:net278423 net:net327729 net:net273898 net:net324231 net:net274465 net:net273909 net:net274165 net:net324234
	comment: capacity:40 usage:41 overflow:1
	bbox = (636.0000, 687.0000) - (637.5000, 688.5000) on Layer -
violation type: Vertical congestion
	srcs: net:net519490 net:net449393 net:net448212 net:net447981 net:net440627 net:net438422 net:net431816 net:net415135 net:net399834 net:net396042 net:net395200 net:net274992 net:net326687 net:net437954 net:net273747 net:net273759 net:net273732 net:net327116 net:net274152 net:net327729 net:net273898 net:net274465 net:net273909 net:net274165
	comment: capacity:35 usage:36 overflow:1
	bbox = (636.0000, 688.5000) - (637.5000, 690.0000) on Layer -
violation type: Vertical congestion
	srcs: net:net451775 net:net448357 net:net447981 net:net447396 net:net443326 net:net442424 net:net440627 net:net438582 net:net438422 net:net432905 net:net432486 net:net419982 net:net415135 net:net406247 net:net397316 net:net396241 net:net320718 net:net408344 net:net324910 net:net324909 net:net437954 net:net274152 net:net326690 net:net274106 net:net326396 net:net85204 net:net327045 net:net85237 net:net85213
	comment: capacity:39 usage:40 overflow:1
	bbox = (636.0000, 708.0000) - (637.5000, 709.5000) on Layer -
violation type: Vertical congestion
	srcs: net:net450651 net:net446827 net:net434458 net:net432352 net:net412554 net:net390943 net:net324654 net:net324236 net:net278426 net:net327347 net:net327250 net:net278438 net:net408344 net:net324910 net:net324909 net:net327700 net:net326835 net:net327669 net:net274130 net:net327248 net:net326690 net:net327249 net:net415142 net:net216969 net:net273585 net:net278421 net:net391023 net:net85240 net:net1255178 net:net345075 net:net346049 net:net85213
	comment: capacity:39 usage:40 overflow:1
	bbox = (636.0000, 796.5000) - (637.5000, 798.0000) on Layer -
violation type: Vertical congestion
	srcs: net:net436448 net:net436438 net:net396173 net:net368504 net:net327668 net:net327667 net:net324377 net:net274977 net:net327347 net:net273931 net:net324205 net:net324649 net:net360923 net:net360787 net:net274998 net:net239070 net:net320680 net:net326689 net:net326835 net:net429929 net:net346484 net:net345052 net:net326690 net:net357769 net:net327350 net:net278421 net:net366666 net:net357799 net:net391023 net:net273909 net:net345075 net:net347321 net:net345081 net:net346049 net:net324234 net:net327052
	comment: capacity:40 usage:41 overflow:1
	bbox = (636.0000, 825.0000) - (637.5000, 826.5000) on Layer -
violation type: Vertical congestion
	srcs: net:net436448 net:net436438 net:net368504 net:net327701 net:net327668 net:net327667 net:net324771 net:net324377 net:net274977 net:net273931 net:net324205 net:net324649 net:net360923 net:net360787 net:net274998 net:net239070 net:net320680 net:net326689 net:net324905 net:net326835 net:net367211 net:net429929 net:net346484 net:net345052 net:net326690 net:net357769 net:net327350 net:net366666 net:net357799 net:net391023 net:net273909 net:net345075 net:net347321 net:net345081 net:net346049 net:net324234 net:net327052
	comment: capacity:40 usage:41 overflow:1
	bbox = (636.0000, 826.5000) - (637.5000, 828.0000) on Layer -
violation type: Vertical congestion
	srcs: net:net455522 net:net453952 net:net449312 net:net447453 net:net445846 net:net445845 net:net443519 net:net442505 net:net440392 net:net395813 net:net283793 net:net327347 net:net327700 net:net324213 net:net278423 net:net273944 net:net273585 net:net1255188 net:net1255178 net:net1255004 net:net44872 net:net44878 net:net44894 net:net44891 net:net44896 net:net44895 net:net324231 net:net324199
	comment: capacity:40 usage:41 overflow:1
	bbox = (637.5000, 664.5000) - (639.0000, 666.0000) on Layer -
violation type: Vertical congestion
	srcs: net:net519489 net:net457236 net:net454568 net:net453952 net:net449312 net:net449173 net:net447453 net:net443519 net:net440392 net:net436981 net:net421660 net:net395813 net:net324225 net:net283793 net:net399837 net:net429459 net:net216372 net:net273812 net:net326690 net:net273675 net:net273700 net:net85231 net:net85243 net:net1255188 net:net1255178 net:net1255004 net:net44878 net:net324231 net:net324233 net:net347129
	comment: capacity:39 usage:40 overflow:1
	bbox = (637.5000, 688.5000) - (639.0000, 690.0000) on Layer -
violation type: Vertical congestion
	srcs: net:net454568 net:net453952 net:net450680 net:net447453 net:net447307 net:net443326 net:net440627 net:net440515 net:net440512 net:net440438 net:net440392 net:net438422 net:net433602 net:net432815 net:net432515 net:net428256 net:net424875 net:net424813 net:net396268 net:net324654 net:net324225 net:net283793 net:net327347 net:net216372 net:net327248 net:net397314 net:net326690 net:net393014 net:net326396 net:net85210 net:net1255188 net:net1255186 net:net1255184 net:net1255178 net:net324233 net:net324234
	comment: capacity:40 usage:42 overflow:2
	bbox = (637.5000, 720.0000) - (639.0000, 721.5000) on Layer -
violation type: Vertical congestion
	srcs: net:net450680 net:net442352 net:net433602 net:net432815 net:net396173 net:net391770 net:net324377 net:net390609 net:net324205 net:net360923 net:net274992 net:net274514 net:net326687 net:net326835 net:net327049 net:net273747 net:net274994 net:net436476 net:net327249 net:net1255186 net:net44864 net:net44872 net:net44869 net:net44887 net:net44894 net:net324199 net:net85204 net:net327051 net:net274441
	comment: capacity:40 usage:41 overflow:1
	bbox = (637.5000, 768.0000) - (639.0000, 769.5000) on Layer -
violation type: Vertical congestion
	srcs: net:net324346 net:net450684 net:net436483 net:net432374 net:net429863 net:net429696 net:net429501 net:net429500 net:net327663 net:net390609 net:net327347 net:net324651 net:net360923 net:net273735 net:net324910 net:net273560 net:net327049 net:net327664 net:net61839 net:net397314 net:net326690 net:net326396 net:net1255186 net:net324233 net:net274094 net:net85204 net:net84943 net:net346015 net:net324234 net:net327045 net:net324368
	comment: capacity:40 usage:41 overflow:1
	bbox = (637.5000, 790.5000) - (639.0000, 792.0000) on Layer -
violation type: Vertical congestion
	srcs: net:net530281 net:net530269 net:net529438 net:net520689 net:net358420 net:net358417 net:net358029 net:net346971 net:net344864 net:net344860 net:net357638 net:net520726 net:net344968 net:net361448 net:net520691 net:net346567 net:net347870 net:net357682 net:net361572 net:net520754 net:net388119 net:net357695 net:net520635 net:net346533 net:net346406 net:net344958 net:net344938 net:net347293 net:net346510 net:net324500 net:net344946 net:net345579 net:net345813 net:net345443 net:net345744 net:net345441 net:net345439 net:net346828 net:net345703 net:net345738
	comment: capacity:40 usage:41 overflow:1
	bbox = (637.5000, 981.0000) - (639.0000, 982.5000) on Layer -
violation type: Vertical congestion
	srcs: net:net530281 net:net530269 net:net529438 net:net520702 net:net520689 net:net358420 net:net358417 net:net358029 net:net346971 net:net344864 net:net344860 net:net357638 net:net520726 net:net344968 net:net361448 net:net520691 net:net346567 net:net347870 net:net357682 net:net361572 net:net520754 net:net388119 net:net357695 net:net520635 net:net346533 net:net344958 net:net344938 net:net347293 net:net324500 net:net344946 net:net347022 net:net345579 net:net345813 net:net345443 net:net345744 net:net345441 net:net345439 net:net346828 net:net345703 net:net345738
	comment: capacity:40 usage:41 overflow:1
	bbox = (637.5000, 982.5000) - (639.0000, 984.0000) on Layer -
violation type: Vertical congestion
	srcs: net:net1001316 net:net451337 net:net450815 net:net450699 net:net436483 net:net432379 net:net418539 net:net412445 net:net412444 net:net400670 net:net368500 net:net324654 net:net324377 net:net324225 net:net327347 net:net324910 net:net370842 net:net326835 net:net429932 net:net327115 net:net274024 net:net273525 net:net326871 net:net274106 net:net326396 net:net357945 net:net85210 net:net85234 net:net324233 net:net274165 net:net85204 net:net324234 net:net324368 net:net274441
	comment: capacity:40 usage:41 overflow:1
	bbox = (639.0000, 804.0000) - (640.5000, 805.5000) on Layer -
violation type: Vertical congestion
	srcs: net:net977561 net:net977560 net:net324346 net:net432363 net:net432361 net:net432348 net:net273782 net:net324205 net:net400682 net:net274003 net:net324910 net:net273816 net:net326835 net:net273934 net:net429932 net:net327664 net:net273911 net:net273712 net:net273800 net:net274073 net:net274024 net:net326878 net:net273525 net:net326871 net:net326690 net:net273773 net:net326396 net:net273991 net:net357945 net:net324231 net:net274165 net:net324234 net:net327045 net:net327730 net:net274035
	comment: capacity:40 usage:42 overflow:2
	bbox = (639.0000, 822.0000) - (640.5000, 823.5000) on Layer -
violation type: Vertical congestion
	srcs: net:net324346 net:net436515 net:net432363 net:net327667 net:net273782 net:net400682 net:net274003 net:net324910 net:net273816 net:net274935 net:net326835 net:net327049 net:net273934 net:net429932 net:net273911 net:net273712 net:net273800 net:net274073 net:net326878 net:net326438 net:net326871 net:net326690 net:net273773 net:net326396 net:net273991 net:net357945 net:net324231 net:net274165 net:net324234 net:net327045 net:net327051 net:net274035
	comment: capacity:38 usage:40 overflow:2
	bbox = (639.0000, 825.0000) - (640.5000, 826.5000) on Layer -
violation type: Vertical congestion
	srcs: net:net456272 net:net455522 net:net451232 net:net451074 net:net445064 net:net443408 net:net441568 net:net441525 net:net441523 net:net441358 net:net441121 net:net440569 net:net439502 net:net433427 net:net416150 net:net395958 net:net395721 net:net394982 net:net231517 net:net457331 net:net327700 net:net399839 net:net216372 net:net396084 net:net324235 net:net85210 net:net85222 net:net85225 net:net85231 net:net85246 net:net1255855 net:net85249 net:net85204 net:net346444 net:net85237
	comment: capacity:40 usage:41 overflow:1
	bbox = (640.5000, 681.0000) - (642.0000, 682.5000) on Layer -
violation type: Vertical congestion
	srcs: net:net324346 net:net539824 net:net450840 net:net450728 net:net450657 net:net436543 net:net429953 net:net366852 net:net326297 net:net324270 net:net273662 net:net390609 net:net273697 net:net278334 net:net326704 net:net326792 net:net273759 net:net273732 net:net274152 net:net274106 net:net391638 net:net273773 net:net85207 net:net85222 net:net85231 net:net85246 net:net1255188 net:net346254 net:net347301 net:net85237
	comment: capacity:38 usage:39 overflow:1
	bbox = (640.5000, 798.0000) - (642.0000, 799.5000) on Layer -
violation type: Vertical congestion
	srcs: net:net395812 net:net324654 net:net273922 net:net324910 net:net273874 net:net273888 net:net324222 net:net420713 net:net327248 net:net326792 net:net273722 net:net273732 net:net274049 net:net326691 net:net274119 net:net274012 net:net274021 net:net326690 net:net274059 net:net391638 net:net278440 net:net326836 net:net326396 net:net418483 net:net400665 net:net324233 net:net346254 net:net347301 net:net324234 net:net327045 net:net273954
	comment: capacity:40 usage:42 overflow:2
	bbox = (640.5000, 820.5000) - (642.0000, 822.0000) on Layer -
violation type: Vertical congestion
	srcs: net:net539824 net:net450734 net:net444084 net:net443495 net:net443408 net:net443332 net:net442424 net:net439488 net:net439181 net:net437991 net:net437151 net:net437125 net:net437035 net:net436981 net:net436597 net:net430038 net:net429502 net:net412402 net:net399349 net:net394982 net:net366852 net:net366053 net:net326297 net:net281818 net:net320718 net:net63432 net:net324910 net:net273934 net:net273613 net:net358200 net:net356491 net:net443331 net:net85207 net:net44875 net:net44884 net:net44887 net:net346247
	comment: capacity:40 usage:43 overflow:3
	bbox = (642.0000, 742.5000) - (643.5000, 744.0000) on Layer -
violation type: Vertical congestion
	srcs: net:net450734 net:net437151 net:net432905 net:net432893 net:net430038 net:net429502 net:net390750 net:net281818 net:net244428 net:net228972 net:net327347 net:net324909 net:net433035 net:net273647 net:net324222 net:net395439 net:net326691 net:net326836 net:net356491 net:net326396 net:net367745 net:net85207 net:net85231 net:net44861 net:net44884 net:net324233 net:net274001 net:net346247 net:net346056 net:net346017 net:net85213
	comment: capacity:40 usage:41 overflow:1
	bbox = (642.0000, 783.0000) - (643.5000, 784.5000) on Layer -
violation type: Vertical congestion
	srcs: net:net436483 net:net396173 net:net347277 net:net273842 net:net327347 net:net273826 net:net274468 net:net408344 net:net324910 net:net324909 net:net273576 net:net274082 net:net367822 net:net415122 net:net274071 net:net273761 net:net327116 net:net274032 net:net274507 net:net273969 net:net273967 net:net273602 net:net273771 net:net356491 net:net273964 net:net367745 net:net274001 net:net346007 net:net346247 net:net346056 net:net347297 net:net346017 net:net273854
	comment: capacity:40 usage:41 overflow:1
	bbox = (642.0000, 822.0000) - (643.5000, 823.5000) on Layer -
violation type: Vertical congestion
	srcs: net:net432355 net:net432347 net:net396173 net:net347277 net:net273662 net:net273842 net:net327347 net:net273826 net:net274468 net:net408344 net:net273576 net:net274082 net:net274476 net:net367822 net:net415122 net:net274071 net:net273761 net:net274032 net:net274507 net:net274473 net:net273969 net:net273967 net:net273602 net:net273771 net:net356491 net:net273964 net:net367745 net:net274001 net:net346007 net:net346247 net:net346056 net:net347297 net:net346017 net:net273854
	comment: capacity:40 usage:41 overflow:1
	bbox = (642.0000, 823.5000) - (643.5000, 825.0000) on Layer -
violation type: Vertical congestion
	srcs: net:net456926 net:net456738 net:net456357 net:net455962 net:net455931 net:net455877 net:net455823 net:net455014 net:net454872 net:net447403 net:net444081 net:net442505 net:net441552 net:net441492 net:net441445 net:net440597 net:net440539 net:net440479 net:net439588 net:net437904 net:net437094 net:net437067 net:net435995 net:net412123 net:net395436 net:net393053 net:net390599 net:net395439 net:net358071 net:net449826 net:net1256419 net:net1255184 net:net1255010 net:net1236809 net:net44887 net:net44881 net:net320651
	comment: capacity:38 usage:39 overflow:1
	bbox = (643.5000, 681.0000) - (645.0000, 682.5000) on Layer -
violation type: Vertical congestion
	srcs: net:net552726 net:net454934 net:net454933 net:net454935 net:net454908 net:net454907 net:net454909 net:net454905 net:net448007 net:net444081 net:net442479 net:net439639 net:net439614 net:net439588 net:net439531 net:net439422 net:net437067 net:net430188 net:net429974 net:net428041 net:net391344 net:net395439 net:net324226 net:net63611 net:net327729 net:net44861 net:net44872 net:net44869 net:net44896 net:net44895 net:net44881 net:net44866 net:net1132199
	comment: capacity:40 usage:41 overflow:1
	bbox = (643.5000, 738.0000) - (645.0000, 739.5000) on Layer -
violation type: Vertical congestion
	srcs: net:net436597 net:net436570 net:net412611 net:net274977 net:net273697 net:net324910 net:net273574 net:net274071 net:net274021 net:net429958 net:net274038 net:net273773 net:net273898 net:net44864 net:net44861 net:net44872 net:net44887 net:net44894 net:net44895 net:net44881 net:net53813 net:net347291 net:net347293 net:net347303 net:net347299 net:net44866 net:net44889
	comment: capacity:40 usage:41 overflow:1
	bbox = (643.5000, 786.0000) - (645.0000, 787.5000) on Layer -
violation type: Vertical congestion
	srcs: net:net451340 net:net450795 net:net450703 net:net436597 net:net436570 net:net430038 net:net412611 net:net274977 net:net365769 net:net273697 net:net324910 net:net273574 net:net274071 net:net274021 net:net429958 net:net274038 net:net273898 net:net44864 net:net44861 net:net44872 net:net44887 net:net44894 net:net44881 net:net53813 net:net347291 net:net347293 net:net347303 net:net347299 net:net44866 net:net44889
	comment: capacity:40 usage:43 overflow:3
	bbox = (643.5000, 787.5000) - (645.0000, 789.0000) on Layer -
violation type: Vertical congestion
	srcs: net:net456926 net:net455745 net:net454988 net:net454794 net:net453523 net:net453468 net:net442616 net:net440156 net:net437648 net:net435995 net:net432384 net:net429502 net:net410154 net:net399349 net:net394996 net:net390599 net:net399809 net:net327347 net:net324910 net:net324909 net:net327116 net:net326836 net:net326785 net:net449826 net:net1256418 net:net44887 net:net44894 net:net324234 net:net327045 net:net453479
	comment: capacity:36 usage:37 overflow:1
	bbox = (645.0000, 690.0000) - (646.5000, 691.5000) on Layer -
violation type: Vertical congestion
	srcs: net:net456928 net:net456926 net:net456360 net:net456197 net:net455745 net:net454988 net:net440156 net:net437648 net:net437094 net:net435995 net:net432384 net:net429502 net:net403035 net:net399349 net:net394996 net:net391148 net:net390617 net:net390599 net:net399809 net:net324909 net:net456235 net:net393049 net:net399839 net:net456275 net:net327116 net:net326691 net:net326690 net:net326836 net:net326785 net:net449826 net:net326396 net:net1256418 net:net44887 net:net44894
	comment: capacity:40 usage:41 overflow:1
	bbox = (645.0000, 694.5000) - (646.5000, 696.0000) on Layer -
violation type: Vertical congestion
	srcs: net:net437654 net:net437035 net:net436903 net:net436900 net:net436897 net:net432456 net:net395812 net:net274468 net:net273931 net:net273979 net:net274514 net:net273886 net:net367252 net:net216372 net:net273759 net:net436902 net:net274152 net:net358200 net:net437041 net:net273898 net:net273991 net:net44864 net:net394562 net:net274465 net:net273909 net:net274165 net:net44866
	comment: capacity:40 usage:42 overflow:2
	bbox = (645.0000, 774.0000) - (646.5000, 775.5000) on Layer -
violation type: Vertical congestion
	srcs: net:net437040 net:net437038 net:net437035 net:net436976 net:net432456 net:net395812 net:net274468 net:net273931 net:net273979 net:net274514 net:net273886 net:net367252 net:net216372 net:net273759 net:net436902 net:net274152 net:net358200 net:net437041 net:net273898 net:net273991 net:net44864 net:net394562 net:net274465 net:net273909 net:net274165 net:net44866
	comment: capacity:40 usage:41 overflow:1
	bbox = (645.0000, 775.5000) - (646.5000, 777.0000) on Layer -
violation type: Vertical congestion
	srcs: net:net438121 net:net437969 net:net432456 net:net395812 net:net274468 net:net273931 net:net273979 net:net273886 net:net429459 net:net367252 net:net273759 net:net273732 net:net437950 net:net274152 net:net358200 net:net273898 net:net273991 net:net44864 net:net44891 net:net394562 net:net274465 net:net273909 net:net274165 net:net44866
	comment: capacity:39 usage:40 overflow:1
	bbox = (645.0000, 778.5000) - (646.5000, 780.0000) on Layer -
violation type: Vertical congestion
	srcs: net:net457842 net:net443490 net:net443404 net:net443403 net:net442505 net:net440077 net:net437991 net:net437648 net:net433513 net:net429502 net:net390605 net:net320718 net:net274992 net:net324213 net:net327248 net:net278423 net:net391023 net:net44864 net:net44861 net:net44869 net:net44875 net:net44887 net:net44894 net:net44891 net:net324199 net:net44866
	comment: capacity:40 usage:41 overflow:1
	bbox = (646.5000, 745.5000) - (648.0000, 747.0000) on Layer -
violation type: Vertical congestion
	srcs: net:net442505 net:net442479 net:net442451 net:net439207 net:net438555 net:net438526 net:net438525 net:net437648 net:net433513 net:net432515 net:net430376 net:net429974 net:net428455 net:net419182 net:net406160 net:net278432 net:net327116 net:net326691 net:net326690 net:net274106 net:net326396 net:net44864 net:net44872 net:net44869 net:net44887 net:net324231 net:net324233 net:net327045 net:net44889
	comment: capacity:40 usage:42 overflow:2
	bbox = (646.5000, 760.5000) - (648.0000, 762.0000) on Layer -
violation type: Vertical congestion
	srcs: net:net437151 net:net436626 net:net436472 net:net436464 net:net436463 net:net435537 net:net435431 net:net433086 net:net432515 net:net368477 net:net274470 net:net63432 net:net273883 net:net274476 net:net435538 net:net367252 net:net69842 net:net274049 net:net326438 net:net273626 net:net435416 net:net85216 net:net85219 net:net85225 net:net85243 net:net85249 net:net274465 net:net299219 net:net348593 net:net346013 net:net347498 net:net320651 net:net274035 net:net274441 net:net274132
	comment: capacity:40 usage:41 overflow:1
	bbox = (646.5000, 819.0000) - (648.0000, 820.5000) on Layer -
violation type: Vertical congestion
	srcs: net:net459258 net:net457243 net:net456382 net:net455847 net:net441437 net:net440476 net:net438694 net:net434979 net:net432111 net:net428438 net:net428103 net:net421720 net:net416268 net:net411366 net:net410402 net:net406160 net:net395255 net:net395173 net:net395132 net:net393498 net:net274992 net:net411365 net:net399837 net:net326687 net:net324213 net:net394218 net:net326691 net:net324208 net:net278423 net:net324199 net:net327045 net:net399417
	comment: capacity:39 usage:41 overflow:2
	bbox = (648.0000, 681.0000) - (649.5000, 682.5000) on Layer -
violation type: Vertical congestion
	srcs: net:net459258 net:net456382 net:net455847 net:net441545 net:net441437 net:net441432 net:net441431 net:net438694 net:net435502 net:net434979 net:net432569 net:net432111 net:net428438 net:net428103 net:net421720 net:net420025 net:net420001 net:net410402 net:net406160 net:net395255 net:net395173 net:net395132 net:net274992 net:net399837 net:net326687 net:net394218 net:net327116 net:net326691 net:net324208 net:net278423 net:net324199 net:net44881 net:net399417
	comment: capacity:40 usage:42 overflow:2
	bbox = (648.0000, 684.0000) - (649.5000, 685.5000) on Layer -
violation type: Vertical congestion
	srcs: net:net459258 net:net456382 net:net455847 net:net441437 net:net441432 net:net441431 net:net438694 net:net435502 net:net434979 net:net432569 net:net432111 net:net428438 net:net428103 net:net421720 net:net420025 net:net420001 net:net410402 net:net406160 net:net395812 net:net395255 net:net395173 net:net395132 net:net278425 net:net274992 net:net399837 net:net326687 net:net394218 net:net327116 net:net326691 net:net324208 net:net278423 net:net324199 net:net44881 net:net399417
	comment: capacity:40 usage:43 overflow:3
	bbox = (648.0000, 685.5000) - (649.5000, 687.0000) on Layer -
violation type: Vertical congestion
	srcs: net:net459258 net:net456382 net:net455847 net:net453002 net:net441437 net:net438694 net:net435502 net:net434979 net:net433427 net:net432111 net:net428438 net:net428103 net:net420001 net:net410402 net:net406160 net:net395812 net:net395255 net:net395132 net:net278425 net:net324910 net:net453003 net:net399837 net:net326687 net:net324222 net:net274994 net:net327116 net:net326691 net:net324208 net:net1256056 net:net1255008 net:net44875 net:net44895
	comment: capacity:40 usage:41 overflow:1
	bbox = (648.0000, 690.0000) - (649.5000, 691.5000) on Layer -
violation type: Vertical congestion
	srcs: net:net459258 net:net455847 net:net452671 net:net452593 net:net452540 net:net441437 net:net438694 net:net433427 net:net433426 net:net432111 net:net431816 net:net428103 net:net421056 net:net420001 net:net410402 net:net406503 net:net396937 net:net395812 net:net395255 net:net395132 net:net278425 net:net327347 net:net326687 net:net327248 net:net326836 net:net44864 net:net44872 net:net44878 net:net44875 net:net44884 net:net44894 net:net44896 net:net44895 net:net452653
	comment: capacity:40 usage:44 overflow:4
	bbox = (648.0000, 702.0000) - (649.5000, 703.5000) on Layer -
violation type: Vertical congestion
	srcs: net:net434458 net:net432391 net:net430376 net:net430191 net:net429505 net:net397316 net:net393053 net:net327665 net:net327663 net:net203632 net:net320718 net:net273650 net:net324651 net:net273735 net:net273886 net:net273637 net:net324652 net:net324226 net:net273747 net:net326691 net:net274473 net:net203634 net:net278423 net:net278440 net:net324217 net:net324231 net:net324233
	comment: capacity:40 usage:41 overflow:1
	bbox = (648.0000, 786.0000) - (649.5000, 787.5000) on Layer -
violation type: Vertical congestion
	srcs: net:net451341 net:net434458 net:net432391 net:net430376 net:net430191 net:net429505 net:net397316 net:net393053 net:net327665 net:net327663 net:net203632 net:net320718 net:net273650 net:net324651 net:net273735 net:net273886 net:net273637 net:net324652 net:net324222 net:net324226 net:net273747 net:net326691 net:net274473 net:net203634 net:net278440 net:net324217 net:net324231 net:net324233
	comment: capacity:40 usage:42 overflow:2
	bbox = (648.0000, 787.5000) - (649.5000, 789.0000) on Layer -
violation type: Vertical congestion
	srcs: net:net952094 net:net934895 net:net273097 net:net514367 net:net461365 net:net461300 net:net460556 net:net460155 net:net460124 net:net459797 net:net459171 net:net458213 net:net456299 net:net448394 net:net431016 net:net422772 net:net422758 net:net422612 net:net422546 net:net416251 net:net414320 net:net410248 net:net409155 net:net409131 net:net409113 net:net406172 net:net393399 net:net392965 net:net324234 net:net422670
	comment: capacity:30 usage:31 overflow:1
	bbox = (649.5000, 658.5000) - (651.0000, 660.0000) on Layer -
violation type: Vertical congestion
	srcs: net:net934895 net:net514367 net:net457330 net:net456299 net:net448394 net:net431016 net:net410914 net:net410778 net:net410777 net:net409155 net:net409131 net:net409113 net:net399580 net:net394567 net:net327248 net:net327116 net:net326691 net:net326690 net:net326396 net:net394129 net:net324231 net:net324234 net:net327045 net:net456685
	comment: capacity:30 usage:31 overflow:1
	bbox = (649.5000, 673.5000) - (651.0000, 675.0000) on Layer -
violation type: Vertical congestion
	srcs: net:net459171 net:net456413 net:net456265 net:net456264 net:net448394 net:net440476 net:net435502 net:net435398 net:net434979 net:net434458 net:net433331 net:net420025 net:net403322 net:net327700 net:net324213 net:net274994 net:net429968 net:net391023 net:net44891 net:net324199 net:net44889 net:net452653 net:net452577 net:net452552
	comment: capacity:30 usage:31 overflow:1
	bbox = (649.5000, 699.0000) - (651.0000, 700.5000) on Layer -
violation type: Vertical congestion
	srcs: net:net455350 net:net454930 net:net454871 net:net440476 net:net435586 net:net435502 net:net433331 net:net432486 net:net409440 net:net403379 net:net274992 net:net324222 net:net394218 net:net327248 net:net326691 net:net439497 net:net278423 net:net278440 net:net326836 net:net327729 net:net324231 net:net327045 net:net345469
	comment: capacity:30 usage:33 overflow:3
	bbox = (649.5000, 738.0000) - (651.0000, 739.5000) on Layer -
violation type: Vertical congestion
	srcs: net:net443081 net:net442531 net:net439644 net:net439587 net:net439491 net:net438101 net:net435502 net:net429864 net:net397316 net:net320718 net:net274992 net:net327700 net:net327248 net:net326691 net:net326690 net:net439498 net:net326836 net:net44878 net:net324231 net:net324199 net:net394562
	comment: capacity:30 usage:31 overflow:1
	bbox = (649.5000, 753.0000) - (651.0000, 754.5000) on Layer -
violation type: Vertical congestion
	srcs: net:net454401 net:net443081 net:net442531 net:net438101 net:net435502 net:net430188 net:net429864 net:net397316 net:net324225 net:net246383 net:net320718 net:net274992 net:net438527 net:net327700 net:net327248 net:net326690 net:net44878 net:net324231 net:net324199 net:net394562 net:net324234 net:net454550
	comment: capacity:30 usage:31 overflow:1
	bbox = (649.5000, 756.0000) - (651.0000, 757.5000) on Layer -
violation type: Vertical congestion
	srcs: net:net437904 net:net437396 net:net435502 net:net434979 net:net434458 net:net434455 net:net433426 net:net430188 net:net429864 net:net393050 net:net324241 net:net324236 net:net274992 net:net273812 net:net324208 net:net85234 net:net44878 net:net44875 net:net44896 net:net44881 net:net44866 net:net85237
	comment: capacity:30 usage:31 overflow:1
	bbox = (649.5000, 771.0000) - (651.0000, 772.5000) on Layer -
violation type: Vertical congestion
	srcs: net:net437904 net:net437396 net:net437149 net:net437122 net:net436972 net:net435502 net:net434979 net:net434458 net:net434455 net:net433426 net:net430188 net:net429864 net:net393050 net:net324241 net:net274992 net:net273812 net:net324208 net:net85234 net:net44878 net:net44875 net:net44896 net:net85237 net:net85213
	comment: capacity:30 usage:31 overflow:1
	bbox = (649.5000, 772.5000) - (651.0000, 774.0000) on Layer -
violation type: Vertical congestion
	srcs: net:net450678 net:net437396 net:net435502 net:net434979 net:net434455 net:net433382 net:net433381 net:net432384 net:net430188 net:net429864 net:net393050 net:net324654 net:net324241 net:net274470 net:net274468 net:net63432 net:net273812 net:net327116 net:net326690 net:net273700 net:net326396 net:net346009 net:net327045
	comment: capacity:30 usage:32 overflow:2
	bbox = (649.5000, 789.0000) - (651.0000, 790.5000) on Layer -
violation type: Vertical congestion
	srcs: net:net437396 net:net435502 net:net434979 net:net434455 net:net433453 net:net433409 net:net433405 net:net433404 net:net433389 net:net432384 net:net430188 net:net429864 net:net396173 net:net393050 net:net324654 net:net324241 net:net274470 net:net63432 net:net62022 net:net273812 net:net327116 net:net273700 net:net326396 net:net346009 net:net327045
	comment: capacity:30 usage:32 overflow:2
	bbox = (649.5000, 790.5000) - (651.0000, 792.0000) on Layer -
violation type: Vertical congestion
	srcs: net:net432492 net:net432489 net:net432291 net:net430374 net:net278430 net:net203681 net:net203635 net:net203726 net:net327347 net:net324213 net:net394218 net:net432494 net:net391023 net:net348501 net:net44869 net:net324199 net:net53813 net:net299221 net:net347330 net:net347325 net:net318430 net:net327051 net:net44889
	comment: capacity:30 usage:32 overflow:2
	bbox = (649.5000, 826.5000) - (651.0000, 828.0000) on Layer -
violation type: Vertical congestion
	srcs: net:net459273 net:net459099 net:net459097 net:net438043 net:net437536 net:net436160 net:net435398 net:net434458 net:net425599 net:net421104 net:net419949 net:net410402 net:net403240 net:net396531 net:net327347 net:net324910 net:net394567 net:net367981 net:net393051 net:net429968 net:net326396 net:net324231 net:net324233 net:net324234 net:net459268
	comment: capacity:28 usage:30 overflow:2
	bbox = (651.0000, 724.5000) - (652.5000, 726.0000) on Layer -
violation type: Vertical congestion
	srcs: net:net457815 net:net454904 net:net454871 net:net454870 net:net442531 net:net438043 net:net435398 net:net434979 net:net425650 net:net421104 net:net419949 net:net403464 net:net393390 net:net324654 net:net324910 net:net324909 net:net393051 net:net429968 net:net327116 net:net326690 net:net326396 net:net324231 net:net324233 net:net324234
	comment: capacity:30 usage:31 overflow:1
	bbox = (651.0000, 736.5000) - (652.5000, 738.0000) on Layer -
violation type: Vertical congestion
	srcs: net:net457815 net:net455353 net:net455352 net:net442531 net:net437536 net:net435586 net:net434979 net:net425650 net:net421104 net:net419949 net:net410997 net:net409361 net:net403464 net:net403315 net:net324654 net:net327347 net:net324910 net:net324909 net:net393051 net:net429968 net:net327116 net:net326690 net:net393519 net:net326396 net:net324234
	comment: capacity:30 usage:31 overflow:1
	bbox = (651.0000, 741.0000) - (652.5000, 742.5000) on Layer -
violation type: Vertical congestion
	srcs: net:net457815 net:net444089 net:net443499 net:net443337 net:net442531 net:net437536 net:net435586 net:net434979 net:net432486 net:net421104 net:net419949 net:net410997 net:net403464 net:net403315 net:net324654 net:net327347 net:net324910 net:net324909 net:net393051 net:net429968 net:net327116 net:net326690 net:net392433 net:net326836 net:net393519 net:net324234
	comment: capacity:30 usage:31 overflow:1
	bbox = (651.0000, 742.5000) - (652.5000, 744.0000) on Layer -
violation type: Vertical congestion
	srcs: net:net457815 net:net444089 net:net443499 net:net443406 net:net443337 net:net443081 net:net442531 net:net437536 net:net435586 net:net434979 net:net432486 net:net403464 net:net403315 net:net394099 net:net324654 net:net327347 net:net324910 net:net324909 net:net393051 net:net429968 net:net327116 net:net326690 net:net326836 net:net393372 net:net324234
	comment: capacity:29 usage:30 overflow:1
	bbox = (651.0000, 744.0000) - (652.5000, 745.5000) on Layer -
violation type: Vertical congestion
	srcs: net:net457813 net:net442531 net:net442337 net:net440183 net:net438071 net:net437536 net:net435586 net:net434979 net:net432486 net:net390610 net:net324654 net:net324225 net:net213036 net:net391058 net:net324910 net:net324909 net:net393051 net:net367252 net:net429968 net:net327116 net:net439517 net:net367745 net:net324233 net:net324234 net:net327045 net:net348453
	comment: capacity:30 usage:31 overflow:1
	bbox = (651.0000, 750.0000) - (652.5000, 751.5000) on Layer -
violation type: Vertical congestion
	srcs: net:net442337 net:net439496 net:net439495 net:net438071 net:net437536 net:net435586 net:net434979 net:net432486 net:net432396 net:net324225 net:net213036 net:net391058 net:net324910 net:net324909 net:net393051 net:net324222 net:net367252 net:net327116 net:net439517 net:net367745 net:net324231 net:net324233 net:net345341 net:net324234 net:net327045
	comment: capacity:30 usage:32 overflow:2
	bbox = (651.0000, 751.5000) - (652.5000, 753.0000) on Layer -
violation type: Vertical congestion
	srcs: net:net458365 net:net458231 net:net458202 net:net458201 net:net442337 net:net438071 net:net437991 net:net437536 net:net435586 net:net434979 net:net432486 net:net432396 net:net428548 net:net278425 net:net391058 net:net324651 net:net324910 net:net324909 net:net324652 net:net324222 net:net399380 net:net345121 net:net324234 net:net327045 net:net458327 net:net458219
	comment: capacity:30 usage:32 overflow:2
	bbox = (651.0000, 759.0000) - (652.5000, 760.5000) on Layer -
violation type: Vertical congestion
	srcs: net:net971583 net:net442483 net:net442342 net:net442339 net:net442337 net:net438071 net:net437991 net:net437536 net:net435586 net:net434979 net:net432486 net:net432396 net:net406160 net:net278425 net:net345379 net:net203689 net:net324651 net:net326687 net:net327700 net:net324652 net:net324213 net:net394218 net:net442402 net:net327729 net:net320651
	comment: capacity:30 usage:32 overflow:2
	bbox = (651.0000, 768.0000) - (652.5000, 769.5000) on Layer -
violation type: Vertical congestion
	srcs: net:net438071 net:net437991 net:net437563 net:net437536 net:net437150 net:net437093 net:net437007 net:net436977 net:net436976 net:net435586 net:net433513 net:net432486 net:net432396 net:net406160 net:net278425 net:net324651 net:net63432 net:net327700 net:net324652 net:net324213 net:net324211 net:net327729 net:net1255708 net:net320651
	comment: capacity:30 usage:31 overflow:1
	bbox = (651.0000, 772.5000) - (652.5000, 774.0000) on Layer -
violation type: Vertical congestion
	srcs: net:net438133 net:net438130 net:net438128 net:net437991 net:net437563 net:net437536 net:net435586 net:net433513 net:net432486 net:net432396 net:net406160 net:net273560 net:net327700 net:net216372 net:net273732 net:net274106 net:net324211 net:net327729 net:net437948 net:net85219 net:net1255708 net:net324233 net:net85228
	comment: capacity:30 usage:31 overflow:1
	bbox = (651.0000, 778.5000) - (652.5000, 780.0000) on Layer -
violation type: Vertical congestion
	srcs: net:net437536 net:net437467 net:net436007 net:net435586 net:net432486 net:net432396 net:net406160 net:net396173 net:net324808 net:net324472 net:net324236 net:net228967 net:net224876 net:net278417 net:net273697 net:net273883 net:net367822 net:net216372 net:net274071 net:net274507 net:net273771 net:net85243 net:net44878 net:net274465
	comment: capacity:30 usage:31 overflow:1
	bbox = (651.0000, 792.0000) - (652.5000, 793.5000) on Layer -
violation type: Vertical congestion
	srcs: net:net432512 net:net432422 net:net432380 net:net432379 net:net432378 net:net432377 net:net432287 net:net324362 net:net324910 net:net274143 net:net326687 net:net217516 net:net420945 net:net412613 net:net273530 net:net326836 net:net327729 net:net44864 net:net44861 net:net44872 net:net44875 net:net44884 net:net44887
	comment: capacity:30 usage:31 overflow:1
	bbox = (651.0000, 823.5000) - (652.5000, 825.0000) on Layer -
violation type: Vertical congestion
	srcs: net:net952094 net:net950058 net:net458688 net:net458604 net:net458136 net:net457815 net:net455940 net:net455449 net:net448315 net:net446370 net:net442337 net:net437481 net:net425618 net:net421720 net:net421072 net:net419940 net:net410483 net:net410421 net:net410343 net:net410255 net:net406369 net:net399685 net:net399480 net:net394702 net:net390689 net:net283788 net:net327347 net:net324909 net:net324222 net:net327116 net:net278440 net:net357799 net:net326396 net:net324231
	comment: capacity:40 usage:41 overflow:1
	bbox = (654.0000, 703.5000) - (655.5000, 705.0000) on Layer -
violation type: Vertical congestion
	srcs: net:net952094 net:net950058 net:net458688 net:net458604 net:net458136 net:net457815 net:net455940 net:net455449 net:net448315 net:net446370 net:net442337 net:net437481 net:net425618 net:net421720 net:net421072 net:net419940 net:net410483 net:net410421 net:net410343 net:net410255 net:net406178 net:net399685 net:net399480 net:net394702 net:net390689 net:net283788 net:net327347 net:net324909 net:net324222 net:net327116 net:net278440 net:net357799 net:net326396 net:net324231
	comment: capacity:40 usage:41 overflow:1
	bbox = (654.0000, 705.0000) - (655.5000, 706.5000) on Layer -
violation type: Vertical congestion
	srcs: net:net952094 net:net950058 net:net458688 net:net458604 net:net458136 net:net457815 net:net455922 net:net455868 net:net455449 net:net448315 net:net446370 net:net437481 net:net425618 net:net421072 net:net419940 net:net410483 net:net410421 net:net410343 net:net410255 net:net399685 net:net399480 net:net394702 net:net390689 net:net283788 net:net327347 net:net455910 net:net324909 net:net327116 net:net278440 net:net357799 net:net326396 net:net324231 net:net455917
	comment: capacity:37 usage:39 overflow:2
	bbox = (654.0000, 708.0000) - (655.5000, 709.5000) on Layer -
violation type: Vertical congestion
	srcs: net:net438043 net:net437657 net:net435503 net:net431821 net:net428565 net:net424997 net:net419223 net:net419168 net:net419167 net:net419166 net:net412599 net:net324362 net:net327347 net:net324909 net:net324222 net:net327248 net:net326691 net:net358571 net:net348748 net:net348745 net:net278440 net:net391023 net:net326396 net:net44895 net:net324231 net:net324233 net:net324234 net:net327045 net:net399653
	comment: capacity:40 usage:41 overflow:1
	bbox = (654.0000, 760.5000) - (655.5000, 762.0000) on Layer -
violation type: Vertical congestion
	srcs: net:net446445 net:net432435 net:net431821 net:net419949 net:net415156 net:net412598 net:net324654 net:net203752 net:net320718 net:net432413 net:net324909 net:net432501 net:net361494 net:net324222 net:net273153 net:net327248 net:net326691 net:net326690 net:net348748 net:net278440 net:net1255722 net:net324231 net:net324233 net:net346503 net:net348607 net:net346512 net:net347269 net:net348739 net:net327045 net:net273148 net:net192770
	comment: capacity:40 usage:41 overflow:1
	bbox = (654.0000, 825.0000) - (655.5000, 826.5000) on Layer -
violation type: Vertical congestion
	srcs: net:net446445 net:net446397 net:net432505 net:net432435 net:net432417 net:net432372 net:net432294 net:net431821 net:net419949 net:net415156 net:net412598 net:net324654 net:net203752 net:net320718 net:net324909 net:net361494 net:net324222 net:net327248 net:net366401 net:net326691 net:net326690 net:net348748 net:net1255722 net:net324231 net:net320064 net:net346503 net:net348607 net:net346512 net:net347269 net:net348739 net:net327045 net:net273148 net:net192770
	comment: capacity:40 usage:41 overflow:1
	bbox = (654.0000, 826.5000) - (655.5000, 828.0000) on Layer -
violation type: Vertical congestion
	srcs: net:net89213 net:net446447 net:net438153 net:net433426 net:net424997 net:net424980 net:net406539 net:net406517 net:net324808 net:net324652 net:net394218 net:net324208 net:net219697 net:net409536 net:net85207 net:net85222 net:net44869 net:net44878 net:net44875 net:net44884 net:net44891 net:net44896 net:net44881 net:net53813 net:net274165 net:net44889 net:net390826
	comment: capacity:40 usage:41 overflow:1
	bbox = (655.5000, 781.5000) - (657.0000, 783.0000) on Layer -
violation type: Vertical congestion
	srcs: net:net950058 net:net446927 net:net446843 net:net446370 net:net443005 net:net440531 net:net437576 net:net437074 net:net436933 net:net436904 net:net435601 net:net433485 net:net432333 net:net428376 net:net424944 net:net421039 net:net420010 net:net411734 net:net406516 net:net406460 net:net406455 net:net397048 net:net395208 net:net391486 net:net391390 net:net366053 net:net324654 net:net327347 net:net320718 net:net327248 net:net326690 net:net278440 net:net326836 net:net324231 net:net324233 net:net346256 net:net324234
	comment: capacity:40 usage:44 overflow:4
	bbox = (657.0000, 763.5000) - (658.5000, 765.0000) on Layer -
violation type: Vertical congestion
	srcs: net:net950058 net:net446927 net:net446843 net:net446370 net:net443005 net:net442423 net:net442422 net:net440531 net:net437576 net:net437074 net:net436933 net:net436904 net:net435601 net:net433485 net:net432333 net:net424944 net:net420010 net:net406516 net:net406455 net:net401423 net:net397048 net:net395208 net:net391390 net:net366053 net:net324654 net:net320718 net:net320381 net:net324910 net:net327248 net:net326691 net:net326690 net:net278440 net:net326836 net:net326396 net:net346256 net:net324234
	comment: capacity:40 usage:43 overflow:3
	bbox = (657.0000, 766.5000) - (658.5000, 768.0000) on Layer -
violation type: Vertical congestion
	srcs: net:net950058 net:net446927 net:net446843 net:net446370 net:net440531 net:net437576 net:net437130 net:net437074 net:net436931 net:net436904 net:net436905 net:net435601 net:net434031 net:net433485 net:net432333 net:net429810 net:net401423 net:net395208 net:net393557 net:net366053 net:net324654 net:net69595 net:net320718 net:net324910 net:net324213 net:net327248 net:net326691 net:net326690 net:net278440 net:net326836 net:net326396 net:net346256 net:net62015 net:net327051
	comment: capacity:40 usage:44 overflow:4
	bbox = (657.0000, 771.0000) - (658.5000, 772.5000) on Layer -
violation type: Vertical congestion
	srcs: net:net950058 net:net446927 net:net446843 net:net446370 net:net440531 net:net437656 net:net437576 net:net437134 net:net437130 net:net437074 net:net436909 net:net436904 net:net436905 net:net435601 net:net433485 net:net432333 net:net429810 net:net401423 net:net395208 net:net366053 net:net324654 net:net320718 net:net324910 net:net324213 net:net327248 net:net326691 net:net326690 net:net326836 net:net326396 net:net324199 net:net346256 net:net62015 net:net327051
	comment: capacity:40 usage:42 overflow:2
	bbox = (657.0000, 772.5000) - (658.5000, 774.0000) on Layer -
violation type: Vertical congestion
	srcs: net:net539826 net:net446927 net:net446843 net:net446370 net:net440531 net:net435601 net:net434105 net:net433485 net:net433483 net:net432333 net:net432104 net:net228967 net:net320718 net:net324651 net:net274992 net:net324910 net:net324909 net:net326687 net:net327700 net:net324213 net:net394218 net:net327248 net:net274994 net:net278423 net:net324199 net:net327051 net:net44866
	comment: capacity:40 usage:42 overflow:2
	bbox = (657.0000, 783.0000) - (658.5000, 784.5000) on Layer -
violation type: Vertical congestion
	srcs: net:net446927 net:net446843 net:net446370 net:net440531 net:net435601 net:net434109 net:net434105 net:net433485 net:net433482 net:net433418 net:net433417 net:net432333 net:net432104 net:net228967 net:net320718 net:net324651 net:net274992 net:net324910 net:net326687 net:net327700 net:net324213 net:net394218 net:net327248 net:net274994 net:net278423 net:net324199 net:net327051 net:net44866
	comment: capacity:40 usage:42 overflow:2
	bbox = (657.0000, 784.5000) - (658.5000, 786.0000) on Layer -
violation type: Vertical congestion
	srcs: net:net273097 net:net457844 net:net455475 net:net455284 net:net454811 net:net454409 net:net454034 net:net451239 net:net447739 net:net446289 net:net442531 net:net442511 net:net432099 net:net431457 net:net428489 net:net428068 net:net428010 net:net420906 net:net411715 net:net406511 net:net406405 net:net406312 net:net406179 net:net406178 net:net406176 net:net403344 net:net403145 net:net399584 net:net399484 net:net395698 net:net395632 net:net395625 net:net395295 net:net324279 net:net69595 net:net358165 net:net1255719 net:net346837 net:net393448
	comment: capacity:40 usage:41 overflow:1
	bbox = (658.5000, 706.5000) - (660.0000, 708.0000) on Layer -
violation type: Vertical congestion
	srcs: net:net273097 net:net457844 net:net455953 net:net455475 net:net455284 net:net454811 net:net454409 net:net454034 net:net451239 net:net447739 net:net446289 net:net442531 net:net442511 net:net432099 net:net431457 net:net428489 net:net428068 net:net428010 net:net420906 net:net411715 net:net411698 net:net406511 net:net406405 net:net406179 net:net406178 net:net406176 net:net403344 net:net403145 net:net399584 net:net399484 net:net395698 net:net395632 net:net395625 net:net395295 net:net324279 net:net69595 net:net358165 net:net1255719 net:net273148 net:net346837
	comment: capacity:40 usage:42 overflow:2
	bbox = (658.5000, 708.0000) - (660.0000, 709.5000) on Layer -
violation type: Vertical congestion
	srcs: net:net446289 net:net438070 net:net437990 net:net436160 net:net431462 net:net424963 net:net424944 net:net422193 net:net420010 net:net411734 net:net396850 net:net366053 net:net324654 net:net252766 net:net252764 net:net252763 net:net345379 net:net203716 net:net358165 net:net326691 net:net74442 net:net326690 net:net278440 net:net326396 net:net409387 net:net85225 net:net324231 net:net394562 net:net346256 net:net327045 net:net346837 net:net346834
	comment: capacity:38 usage:39 overflow:1
	bbox = (658.5000, 780.0000) - (660.0000, 781.5000) on Layer -
violation type: Vertical congestion
	srcs: net:net938457 net:net446289 net:net436160 net:net433551 net:net433379 net:net433337 net:net431462 net:net424944 net:net422193 net:net420010 net:net411734 net:net366053 net:net252764 net:net246365 net:net345379 net:net324910 net:net324909 net:net433336 net:net274994 net:net358165 net:net326691 net:net326690 net:net327729 net:net409387 net:net348501 net:net85225 net:net324231 net:net394562 net:net346256 net:net346011 net:net346837 net:net346834
	comment: capacity:39 usage:40 overflow:1
	bbox = (658.5000, 787.5000) - (660.0000, 789.0000) on Layer -
violation type: Vertical congestion
	srcs: net:net938457 net:net446289 net:net436160 net:net431462 net:net424944 net:net420010 net:net411734 net:net406460 net:net366053 net:net324278 net:net324275 net:net345379 net:net63602 net:net324910 net:net324909 net:net360516 net:net65232 net:net358165 net:net326691 net:net326690 net:net327729 net:net409387 net:net273991 net:net348501 net:net85231 net:net324231 net:net394562 net:net347258 net:net346256 net:net62015 net:net346844 net:net346837
	comment: capacity:40 usage:41 overflow:1
	bbox = (658.5000, 792.0000) - (660.0000, 793.5000) on Layer -
violation type: Vertical congestion
	srcs: net:net446289 net:net435662 net:net435653 net:net435651 net:net435601 net:net431462 net:net424944 net:net420034 net:net420010 net:net411753 net:net411734 net:net366053 net:net69829 net:net203801 net:net345379 net:net360729 net:net360516 net:net358165 net:net326691 net:net273969 net:net84925 net:net435672 net:net358550 net:net85249 net:net62044 net:net324233 net:net346517 net:net299234 net:net348600 net:net346046 net:net345116 net:net348597 net:net348604 net:net327045 net:net346844 net:net345809 net:net346837 net:net345736
	comment: capacity:40 usage:41 overflow:1
	bbox = (658.5000, 811.5000) - (660.0000, 813.0000) on Layer -
violation type: Vertical congestion
	srcs: net:net446768 net:net446289 net:net431462 net:net424944 net:net420034 net:net420010 net:net411753 net:net411734 net:net366053 net:net244870 net:net244234 net:net203801 net:net345379 net:net327449 net:net400682 net:net360729 net:net360516 net:net435482 net:net358165 net:net274049 net:net326691 net:net84925 net:net358550 net:net85249 net:net324233 net:net65214 net:net299234 net:net348600 net:net346046 net:net348597 net:net346507 net:net348604 net:net345514 net:net346844 net:net345809 net:net346837 net:net202302 net:net345736 net:net345942
	comment: capacity:40 usage:41 overflow:1
	bbox = (658.5000, 816.0000) - (660.0000, 817.5000) on Layer -
violation type: Vertical congestion
	srcs: net:net273097 net:net454334 net:net453430 net:net452934 net:net452931 net:net452652 net:net452471 net:net451093 net:net446927 net:net438078 net:net436577 net:net428423 net:net410739 net:net410664 net:net410607 net:net409682 net:net406534 net:net406421 net:net403324 net:net403204 net:net402886 net:net400810 net:net400656 net:net399317 net:net395757 net:net395512 net:net395340 net:net395242 net:net392904 net:net399311 net:net441367 net:net273105 net:net273172 net:net273106 net:net273177 net:net273519 net:net278305 net:net1255863 net:net459098
	comment: capacity:40 usage:41 overflow:1
	bbox = (660.0000, 684.0000) - (661.5000, 685.5000) on Layer -
violation type: Vertical congestion
	srcs: net:net446764 net:net437432 net:net433576 net:net431446 net:net424963 net:net412594 net:net411814 net:net411793 net:net411753 net:net410343 net:net409945 net:net409792 net:net409682 net:net406540 net:net406516 net:net406460 net:net400605 net:net395295 net:net395208 net:net394451 net:net324654 net:net327347 net:net367464 net:net324222 net:net327116 net:net63438 net:net326836 net:net370264 net:net326396 net:net324233 net:net85228 net:net324234 net:net327045 net:net345502
	comment: capacity:39 usage:41 overflow:2
	bbox = (660.0000, 787.5000) - (661.5000, 789.0000) on Layer -
violation type: Vertical congestion
	srcs: net:net552728 net:net539818 net:net446764 net:net437432 net:net431446 net:net424963 net:net412594 net:net411814 net:net411793 net:net411753 net:net410343 net:net409945 net:net409792 net:net409682 net:net406540 net:net406516 net:net406460 net:net395295 net:net395208 net:net394451 net:net252762 net:net327347 net:net324222 net:net327116 net:net63438 net:net326836 net:net370264 net:net326396 net:net324233 net:net85228 net:net324234 net:net327045 net:net345510 net:net345502
	comment: capacity:40 usage:41 overflow:1
	bbox = (660.0000, 790.5000) - (661.5000, 792.0000) on Layer -
violation type: Vertical congestion
	srcs: net:net969091 net:net952322 net:net552728 net:net539818 net:net446764 net:net437535 net:net437430 net:net431446 net:net424963 net:net412594 net:net411814 net:net411793 net:net411753 net:net410343 net:net409945 net:net409792 net:net409682 net:net406516 net:net395295 net:net395208 net:net394451 net:net327347 net:net324222 net:net327116 net:net326836 net:net370264 net:net326396 net:net324233 net:net85228 net:net324234 net:net327045 net:net345514 net:net345510 net:net345502
	comment: capacity:40 usage:41 overflow:1
	bbox = (660.0000, 793.5000) - (661.5000, 795.0000) on Layer -
violation type: Vertical congestion
	srcs: net:net969091 net:net552728 net:net539818 net:net446764 net:net438176 net:net437489 net:net437408 net:net437406 net:net431446 net:net424963 net:net418560 net:net412594 net:net411814 net:net411793 net:net411753 net:net410343 net:net409945 net:net409792 net:net409682 net:net406516 net:net395295 net:net395208 net:net394451 net:net327347 net:net63602 net:net437490 net:net63620 net:net370264 net:net326396 net:net324233 net:net85228 net:net62015 net:net327045 net:net345514 net:net345510 net:net345502
	comment: capacity:40 usage:41 overflow:1
	bbox = (660.0000, 798.0000) - (661.5000, 799.5000) on Layer -
violation type: Vertical congestion
	srcs: net:net573109 net:net573101 net:net538320 net:net536293 net:net536279 net:net536218 net:net536129 net:net524981 net:net523676 net:net536226 net:net367741 net:net367816 net:net368085 net:net536331 net:net365958 net:net357884 net:net346290 net:net85249 net:net44891 net:net239052 net:net347796 net:net346214 net:net346307 net:net346146 net:net346041 net:net346084 net:net345897 net:net346078 net:net346191 net:net44889 net:net346935 net:net345752 net:net346933 net:net346925 net:net345805 net:net345772 net:net347703
	comment: capacity:38 usage:39 overflow:1
	bbox = (660.0000, 969.0000) - (661.5000, 970.5000) on Layer -
violation type: Vertical congestion
	srcs: net:net573112 net:net572882 net:net572363 net:net549711 net:net537101 net:net536310 net:net536309 net:net536308 net:net536302 net:net536301 net:net536288 net:net536129 net:net524981 net:net523676 net:net367816 net:net370251 net:net357702 net:net357751 net:net347537 net:net357884 net:net346290 net:net44891 net:net239052 net:net347796 net:net346214 net:net346146 net:net345929 net:net345897 net:net346187 net:net346078 net:net345887 net:net44889 net:net345633 net:net345631 net:net345697 net:net347731 net:net358390 net:net347550 net:net345850
	comment: capacity:40 usage:41 overflow:1
	bbox = (660.0000, 975.0000) - (661.5000, 976.5000) on Layer -
violation type: Vertical congestion
	srcs: net:net453431 net:net448788 net:net444009 net:net426369 net:net417041 net:net415133 net:net411058 net:net410867 net:net410737 net:net410588 net:net409945 net:net406444 net:net406196 net:net403035 net:net402583 net:net402365 net:net399779 net:net396850 net:net396559 net:net396481 net:net395982 net:net395964 net:net395747 net:net395736 net:net395466 net:net395449 net:net395447 net:net395170 net:net395164 net:net395128 net:net392963 net:net283786 net:net281823 net:net278306 net:net252765 net:net452017 net:net273101 net:net403076 net:net392965 net:net273148
	comment: capacity:40 usage:41 overflow:1
	bbox = (661.5000, 697.5000) - (663.0000, 699.0000) on Layer -
violation type: Vertical congestion
	srcs: net:net938382 net:net273097 net:net539816 net:net446981 net:net437405 net:net435473 net:net432493 net:net432405 net:net410809 net:net410737 net:net410421 net:net410402 net:net409766 net:net396848 net:net396667 net:net396645 net:net395756 net:net395735 net:net395512 net:net395368 net:net395130 net:net395060 net:net394796 net:net324384 net:net203797 net:net203753 net:net347241 net:net367983 net:net63593 net:net366401 net:net273519 net:net357769 net:net1255718 net:net84938 net:net347260 net:net347449 net:net345613 net:net347108 net:net347187
	comment: capacity:40 usage:41 overflow:1
	bbox = (663.0000, 801.0000) - (664.5000, 802.5000) on Layer -
violation type: Vertical congestion
	srcs: net:net938382 net:net273097 net:net539816 net:net446981 net:net432493 net:net432405 net:net410809 net:net410737 net:net409766 net:net400710 net:net395756 net:net395735 net:net395512 net:net395368 net:net395172 net:net327470 net:net327407 net:net327159 net:net326489 net:net203797 net:net203753 net:net347241 net:net367983 net:net273175 net:net63593 net:net366401 net:net429419 net:net361444 net:net273523 net:net273519 net:net357769 net:net1255718 net:net1255146 net:net84938 net:net347260 net:net347449 net:net345613 net:net347108 net:net347187
	comment: capacity:40 usage:41 overflow:1
	bbox = (663.0000, 807.0000) - (664.5000, 808.5000) on Layer -
violation type: Vertical congestion
	srcs: net:net273097 net:net453959 net:net453866 net:net450301 net:net450224 net:net443928 net:net441886 net:net436427 net:net432859 net:net424886 net:net421740 net:net421660 net:net419211 net:net419112 net:net416989 net:net410645 net:net410626 net:net410588 net:net406196 net:net403468 net:net403417 net:net399317 net:net396619 net:net396614 net:net396611 net:net396397 net:net395907 net:net395872 net:net395740 net:net395670 net:net395557 net:net395060 net:net393573 net:net327407 net:net278303 net:net273115 net:net392904 net:net367211 net:net273519
	comment: capacity:40 usage:41 overflow:1
	bbox = (664.5000, 738.0000) - (666.0000, 739.5000) on Layer -
violation type: Vertical congestion
	srcs: net:net273097 net:net453959 net:net453866 net:net450301 net:net450224 net:net443928 net:net441886 net:net436427 net:net432859 net:net424886 net:net421740 net:net421660 net:net419211 net:net419112 net:net416996 net:net416989 net:net410645 net:net410626 net:net410588 net:net406196 net:net403468 net:net403417 net:net399317 net:net396619 net:net396397 net:net395907 net:net395872 net:net395740 net:net395670 net:net395557 net:net395060 net:net393573 net:net327407 net:net278303 net:net273115 net:net392904 net:net367211 net:net273175 net:net273118
	comment: capacity:40 usage:41 overflow:1
	bbox = (664.5000, 739.5000) - (666.0000, 741.0000) on Layer -
violation type: Vertical congestion
	srcs: net:net453959 net:net453866 net:net450301 net:net450224 net:net443928 net:net443875 net:net443851 net:net436427 net:net432859 net:net424886 net:net421740 net:net421660 net:net419211 net:net419112 net:net410645 net:net410626 net:net410588 net:net406196 net:net403468 net:net403417 net:net396619 net:net396397 net:net395907 net:net395872 net:net395865 net:net395740 net:net395670 net:net395557 net:net395060 net:net393573 net:net327407 net:net273138 net:net69595 net:net273115 net:net367211 net:net443847 net:net273118 net:net345695
	comment: capacity:39 usage:40 overflow:1
	bbox = (664.5000, 744.0000) - (666.0000, 745.5000) on Layer -
violation type: Vertical congestion
	srcs: net:net273097 net:net450301 net:net450224 net:net436427 net:net435626 net:net432859 net:net424886 net:net421660 net:net421065 net:net410645 net:net410626 net:net410588 net:net410483 net:net406196 net:net399473 net:net396619 net:net396309 net:net395907 net:net395872 net:net395865 net:net395740 net:net395670 net:net395557 net:net395060 net:net393573 net:net327407 net:net327400 net:net326743 net:net69595 net:net360787 net:net63587 net:net367211 net:net273172 net:net63611 net:net273516 net:net345547 net:net345508 net:net345695 net:net345691
	comment: capacity:40 usage:41 overflow:1
	bbox = (664.5000, 765.0000) - (666.0000, 766.5000) on Layer -
violation type: Vertical congestion
	srcs: net:net273097 net:net450301 net:net450224 net:net442358 net:net436427 net:net435626 net:net432859 net:net424886 net:net421660 net:net410645 net:net410626 net:net410588 net:net410483 net:net406196 net:net396619 net:net396309 net:net395907 net:net395872 net:net395865 net:net395740 net:net395670 net:net395557 net:net395060 net:net393573 net:net327407 net:net327400 net:net326743 net:net287339 net:net69595 net:net360787 net:net63587 net:net367211 net:net273172 net:net63611 net:net273516 net:net345547 net:net345508 net:net345695 net:net345691
	comment: capacity:40 usage:41 overflow:1
	bbox = (664.5000, 766.5000) - (666.0000, 768.0000) on Layer -
violation type: Vertical congestion
	srcs: net:net436427 net:net435626 net:net432858 net:net429700 net:net424886 net:net410483 net:net410444 net:net406196 net:net396964 net:net396619 net:net396309 net:net395907 net:net395872 net:net395865 net:net395740 net:net395670 net:net395557 net:net395466 net:net327407 net:net327400 net:net326743 net:net324472 net:net320587 net:net320586 net:net320379 net:net433974 net:net273099 net:net273175 net:net273172 net:net203778 net:net273106 net:net63611 net:net358115 net:net434061 net:net345547 net:net345508 net:net345695 net:net345691 net:net345729 net:net348449
	comment: capacity:40 usage:41 overflow:1
	bbox = (664.5000, 780.0000) - (666.0000, 781.5000) on Layer -
violation type: Vertical congestion
	srcs: net:net458771 net:net458639 net:net458637 net:net458606 net:net454994 net:net454880 net:net454519 net:net454436 net:net454063 net:net450768 net:net450139 net:net443694 net:net441886 net:net428554 net:net424826 net:net421291 net:net420095 net:net414388 net:net411189 net:net410907 net:net410847 net:net410536 net:net406103 net:net403152 net:net403127 net:net402699 net:net399486 net:net397050 net:net396731 net:net396306 net:net396100 net:net395900 net:net394454 net:net391276 net:net69595 net:net396097 net:net273519 net:net437941 net:net392965
	comment: capacity:40 usage:41 overflow:1
	bbox = (666.0000, 729.0000) - (667.5000, 730.5000) on Layer -
violation type: Vertical congestion
	srcs: net:net458640 net:net454994 net:net454880 net:net454519 net:net454436 net:net454063 net:net450768 net:net450139 net:net443694 net:net441886 net:net428554 net:net421291 net:net421062 net:net420095 net:net414388 net:net411189 net:net410907 net:net410847 net:net410683 net:net410536 net:net406103 net:net403081 net:net403080 net:net402699 net:net399486 net:net397050 net:net396731 net:net396306 net:net396105 net:net395900 net:net394897 net:net394454 net:net391276 net:net69595 net:net399311 net:net445813 net:net437941
	comment: capacity:38 usage:39 overflow:1
	bbox = (666.0000, 733.5000) - (667.5000, 735.0000) on Layer -
violation type: Vertical congestion
	srcs: net:net454812 net:net454519 net:net454436 net:net454063 net:net450768 net:net450139 net:net443694 net:net428554 net:net421291 net:net421062 net:net421060 net:net420095 net:net414388 net:net411189 net:net411127 net:net411126 net:net410907 net:net410847 net:net410683 net:net410536 net:net406103 net:net403081 net:net402699 net:net399486 net:net397050 net:net396731 net:net396306 net:net396105 net:net395900 net:net394454 net:net391276 net:net278329 net:net273108 net:net69595 net:net273099 net:net399311 net:net445813 net:net437941 net:net345719
	comment: capacity:40 usage:41 overflow:1
	bbox = (666.0000, 738.0000) - (667.5000, 739.5000) on Layer -
violation type: Vertical congestion
	srcs: net:net450768 net:net450610 net:net447490 net:net434396 net:net433036 net:net432863 net:net429880 net:net421291 net:net421287 net:net420034 net:net415130 net:net414388 net:net410907 net:net410847 net:net403211 net:net402701 net:net400710 net:net399473 net:net399472 net:net397141 net:net396731 net:net396653 net:net396565 net:net396306 net:net395900 net:net394454 net:net326562 net:net273518 net:net69595 net:net273115 net:net392904 net:net433009 net:net273101 net:net395664 net:net273519 net:net65225 net:net1255719 net:net392965 net:net345508 net:net348434
	comment: capacity:40 usage:42 overflow:2
	bbox = (666.0000, 783.0000) - (667.5000, 784.5000) on Layer -
violation type: Vertical congestion
	srcs: net:net450610 net:net447490 net:net434396 net:net433492 net:net429880 net:net424906 net:net421291 net:net421287 net:net420034 net:net415130 net:net414388 net:net410907 net:net410847 net:net409837 net:net403211 net:net402701 net:net400710 net:net399473 net:net399472 net:net397141 net:net396731 net:net396653 net:net396565 net:net396306 net:net395900 net:net394454 net:net326562 net:net273518 net:net245998 net:net69595 net:net273115 net:net392904 net:net273101 net:net395664 net:net273519 net:net65225 net:net1255719 net:net345508 net:net348434
	comment: capacity:40 usage:41 overflow:1
	bbox = (666.0000, 784.5000) - (667.5000, 786.0000) on Layer -
violation type: Vertical congestion
	srcs: net:net450799 net:net450798 net:net450613 net:net450610 net:net447490 net:net434396 net:net429880 net:net421291 net:net421287 net:net420034 net:net415130 net:net414388 net:net410907 net:net410847 net:net409837 net:net403211 net:net402701 net:net399473 net:net399472 net:net396731 net:net396653 net:net396565 net:net396306 net:net395900 net:net326562 net:net273518 net:net450615 net:net273115 net:net392904 net:net365696 net:net273101 net:net395664 net:net63590 net:net273519 net:net65225 net:net1255719 net:net345547 net:net345508 net:net348434
	comment: capacity:39 usage:40 overflow:1
	bbox = (666.0000, 787.5000) - (667.5000, 789.0000) on Layer -
violation type: Vertical congestion
	srcs: net:net450613 net:net450610 net:net447490 net:net434396 net:net429880 net:net421291 net:net421290 net:net421287 net:net420034 net:net415130 net:net414388 net:net410907 net:net410847 net:net409837 net:net403211 net:net402701 net:net399473 net:net399472 net:net396731 net:net396653 net:net396565 net:net396306 net:net395900 net:net326562 net:net273518 net:net450615 net:net273115 net:net392904 net:net365696 net:net273106 net:net273101 net:net395664 net:net63590 net:net273519 net:net65225 net:net1255719 net:net345547 net:net345508 net:net348434
	comment: capacity:40 usage:41 overflow:1
	bbox = (666.0000, 789.0000) - (667.5000, 790.5000) on Layer -
violation type: Vertical congestion
	srcs: net:net273097 net:net453430 net:net437944 net:net435952 net:net433006 net:net424905 net:net421742 net:net421724 net:net406410 net:net406406 net:net406353 net:net403154 net:net400710 net:net396654 net:net396224 net:net395706 net:net395705 net:net395351 net:net326751 net:net276971 net:net273162 net:net273104 net:net69595 net:net273099 net:net55899 net:net273101 net:net273519 net:net273102 net:net345531
	comment: capacity:30 usage:31 overflow:1
	bbox = (667.5000, 754.5000) - (669.0000, 756.0000) on Layer -
violation type: Vertical congestion
	srcs: net:net273097 net:net549615 net:net437944 net:net435952 net:net433006 net:net424905 net:net421742 net:net421724 net:net419116 net:net406410 net:net406406 net:net406353 net:net403269 net:net403154 net:net400710 net:net396654 net:net396224 net:net395706 net:net395705 net:net391603 net:net326751 net:net276971 net:net273103 net:net69595 net:net55899 net:net273101 net:net273519 net:net273102 net:net345531
	comment: capacity:30 usage:31 overflow:1
	bbox = (667.5000, 759.0000) - (669.0000, 760.5000) on Layer -
violation type: Vertical congestion
	srcs: net:net273097 net:net458319 net:net451729 net:net451627 net:net450610 net:net430455 net:net429251 net:net428311 net:net428245 net:net426709 net:net426356 net:net426297 net:net426296 net:net424574 net:net420048 net:net412338 net:net410166 net:net396272 net:net396181 net:net395826 net:net394722 net:net394379 net:net391683 net:net390617 net:net273172 net:net273148 net:net402670 net:net458697 net:net454822 net:net452268
	comment: capacity:30 usage:31 overflow:1
	bbox = (669.0000, 706.5000) - (670.5000, 708.0000) on Layer -
violation type: Vertical congestion
	srcs: net:net273097 net:net450797 net:net433904 net:net430455 net:net429509 net:net426374 net:net417045 net:net412345 net:net409837 net:net408370 net:net406406 net:net403499 net:net403478 net:net403210 net:net397057 net:net396397 net:net396221 net:net396012 net:net390979 net:net324661 net:net278328 net:net278301 net:net203188 net:net69595 net:net320381 net:net203190 net:net366729 net:net361698
	comment: capacity:29 usage:30 overflow:1
	bbox = (669.0000, 778.5000) - (670.5000, 780.0000) on Layer -
violation type: Vertical congestion
	srcs: net:net1005962 net:net1005961 net:net273097 net:net450797 net:net437488 net:net433373 net:net430455 net:net429509 net:net426374 net:net412345 net:net409837 net:net408416 net:net408367 net:net408365 net:net406406 net:net403478 net:net403210 net:net397057 net:net396397 net:net396221 net:net396012 net:net390979 net:net324661 net:net278328 net:net278301 net:net320381 net:net366729 net:net361698 net:net345394 net:net92042
	comment: capacity:30 usage:31 overflow:1
	bbox = (669.0000, 781.5000) - (670.5000, 783.0000) on Layer -
violation type: Vertical congestion
	srcs: net:net567580 net:net544803 net:net537999 net:net48308 net:net348512 net:net346226 net:net348523 net:net347305 net:net358176 net:net526458 net:net567513 net:net535366 net:net535602 net:net1281860 net:net535355 net:net535558 net:net85234 net:net346039 net:net344997 net:net346261 net:net345007 net:net358577 net:net348607 net:net347274 net:net347334 net:net346011 net:net346148 net:net346480 net:net218975 net:net347776 net:net361518 net:net345772 net:net345673 net:net345662 net:net358192 net:net358187 net:net347739 net:net347098 net:net347157 net:net347187
	comment: capacity:40 usage:42 overflow:2
	bbox = (670.5000, 963.0000) - (672.0000, 964.5000) on Layer -
violation type: Vertical congestion
	srcs: net:net544803 net:net537999 net:net48308 net:net348512 net:net535341 net:net346226 net:net348523 net:net358176 net:net526458 net:net567513 net:net535355 net:net535558 net:net85234 net:net346039 net:net346338 net:net345158 net:net345272 net:net346261 net:net345351 net:net358436 net:net345007 net:net345168 net:net358577 net:net219354 net:net347299 net:net347297 net:net346011 net:net346148 net:net347325 net:net346480 net:net347776 net:net361518 net:net345673 net:net345662 net:net358192 net:net358187 net:net347098 net:net347157 net:net347187 net:net347183
	comment: capacity:40 usage:41 overflow:1
	bbox = (670.5000, 966.0000) - (672.0000, 967.5000) on Layer -
violation type: Vertical congestion
	srcs: net:net579953 net:net553490 net:net536240 net:net361966 net:net360854 net:net523881 net:net346021 net:net346484 net:net345987 net:net346086 net:net567215 net:net2543 net:net535323 net:net535589 net:net535558 net:net535588 net:net535583 net:net347782 net:net345111 net:net344997 net:net345336 net:net345194 net:net346321 net:net345210 net:net345286 net:net346019 net:net346117 net:net62015 net:net345276 net:net345307 net:net345369 net:net345079 net:net345160 net:net358147 net:net192772 net:net347132 net:net347129 net:net347159 net:net347190 net:net345936
	comment: capacity:40 usage:41 overflow:1
	bbox = (672.0000, 967.5000) - (673.5000, 969.0000) on Layer -
violation type: Vertical congestion
	srcs: net:net961513 net:net539820 net:net447947 net:net442843 net:net439172 net:net438432 net:net434640 net:net434361 net:net433535 net:net429580 net:net428154 net:net425466 net:net424560 net:net424559 net:net421596 net:net421130 net:net412402 net:net410166 net:net410012 net:net409862 net:net409557 net:net408304 net:net406190 net:net406106 net:net403331 net:net403175 net:net397366 net:net397329 net:net397194 net:net397116 net:net396644 net:net390755 net:net442083 net:net273175 net:net397333 net:net392965 net:net347442 net:net61847 net:net347731 net:net347102
	comment: capacity:40 usage:41 overflow:1
	bbox = (676.5000, 771.0000) - (678.0000, 772.5000) on Layer -
violation type: Vertical congestion
	srcs: net:net535555 net:net535570 net:net523509 net:net326570 net:net535561 net:net535558 net:net535577 net:net535569 net:net535574 net:net535573 net:net346533 net:net345432 net:net358506 net:net347084 net:net345897 net:net347456 net:net347423 net:net345977 net:net347800 net:net345923 net:net345348 net:net347684 net:net345483 net:net345575 net:net345479 net:net346806 net:net345608 net:net347104 net:net347593 net:net347588 net:net347586 net:net347190 net:net345944 net:net345852
	comment: capacity:34 usage:35 overflow:1
	bbox = (678.0000, 931.5000) - (679.5000, 933.0000) on Layer -
violation type: Vertical congestion
	srcs: net:net576084 net:net537669 net:net536621 net:net536618 net:net361524 net:net535494 net:net535549 net:net535539 net:net535546 net:net535545 net:net535496 net:net535493 net:net535490 net:net535509 net:net346734 net:net347009 net:net347339 net:net344938 net:net345281 net:net347419 net:net346989 net:net347864 net:net345401 net:net346653 net:net346623 net:net347417 net:net345162 net:net346987 net:net347862 net:net347356 net:net361200 net:net59185 net:net61990 net:net345506 net:net345606 net:net345676 net:net347588
	comment: capacity:37 usage:38 overflow:1
	bbox = (684.0000, 978.0000) - (685.5000, 979.5000) on Layer -
violation type: Vertical congestion
	srcs: net:net579965 net:net535707 net:net535322 net:net535548 net:net535585 net:net2560 net:net535571 net:net535284 net:net357588 net:net535416 net:net2562 net:net535562 net:net535323 net:net535497 net:net535443 net:net535558 net:net535559 net:net229842 net:net326573 net:net208244 net:net346653 net:net347417 net:net360655 net:net347866 net:net347301 net:net345573 net:net345606 net:net361123 net:net348463
	comment: capacity:30 usage:31 overflow:1
	bbox = (687.0000, 940.5000) - (688.5000, 942.0000) on Layer -
violation type: Vertical congestion
	srcs: net:net447347 net:net444011 net:net443843 net:net440025 net:net439672 net:net435510 net:net430322 net:net422830 net:net399746 net:net395692 net:net394439 net:net394403 net:net394402 net:net394390 net:net394378 net:net393431 net:net392417 net:net392400 net:net320049 net:net298327 net:net246001 net:net230308 net:net394351 net:net357770 net:net438713 net:net394394 net:net273118 net:net69226 net:net440164 net:net239132 net:net453881 net:net453880 net:net345276 net:net345241 net:net402396 net:net455532 net:net454338 net:net402510 net:net455054 net:net399773
	comment: capacity:40 usage:41 overflow:1
	bbox = (688.5000, 723.0000) - (690.0000, 724.5000) on Layer -
violation type: Vertical congestion
	srcs: net:net347028 net:net574609 net:net535190 net:net535548 net:net535534 net:net2560 net:net535570 net:net347459 net:net535540 net:net357588 net:net346995 net:net535510 net:net347087 net:net65196 net:net558517 net:net535518 net:net535523 net:net535631 net:net535601 net:net535556 net:net346647 net:net299219 net:net345007 net:net345126 net:net347395 net:net346414 net:net346379 net:net345164 net:net345121 net:net344940 net:net269093 net:net345483 net:net345550 net:net345489 net:net345639 net:net345635 net:net360688 net:net345695 net:net361128 net:net345736
	comment: capacity:40 usage:41 overflow:1
	bbox = (688.5000, 972.0000) - (690.0000, 973.5000) on Layer -
violation type: Vertical congestion
	srcs: net:net347028 net:net575761 net:net537647 net:net537641 net:net535190 net:net535514 net:net535548 net:net2560 net:net347459 net:net535540 net:net357588 net:net346995 net:net535510 net:net347087 net:net65196 net:net558517 net:net535233 net:net535213 net:net535527 net:net535518 net:net535530 net:net535577 net:net346647 net:net299219 net:net345007 net:net347395 net:net346414 net:net346379 net:net344940 net:net248059 net:net361879 net:net269093 net:net74417 net:net345483 net:net346839 net:net345550 net:net345489 net:net360688 net:net345736 net:net348456
	comment: capacity:40 usage:41 overflow:1
	bbox = (688.5000, 975.0000) - (690.0000, 976.5000) on Layer -
violation type: Vertical congestion
	srcs: net:net440112 net:net429896 net:net410901 net:net410697 net:net406429 net:net394951 net:net394945 net:net393965 net:net393959 net:net246006 net:net324401 net:net239585 net:net324403 net:net190135 net:net92054 net:net392433 net:net324402 net:net239525 net:net239518 net:net239514 net:net345162 net:net346416 net:net326900 net:net326899 net:net239513 net:net283799 net:net447010 net:net458382 net:net345695
	comment: capacity:40 usage:42 overflow:2
	bbox = (690.0000, 742.5000) - (691.5000, 744.0000) on Layer -
violation type: Vertical congestion
	srcs: net:net440112 net:net410901 net:net410697 net:net406429 net:net394951 net:net394945 net:net246006 net:net243130 net:net243131 net:net324401 net:net239585 net:net324678 net:net324679 net:net324403 net:net190135 net:net324402 net:net239525 net:net239518 net:net239514 net:net345162 net:net346416 net:net326900 net:net326899 net:net239513 net:net283799 net:net447010 net:net458382
	comment: capacity:40 usage:41 overflow:1
	bbox = (690.0000, 745.5000) - (691.5000, 747.0000) on Layer -
violation type: Vertical congestion
	srcs: net:net409523 net:net406429 net:net401074 net:net394951 net:net394945 net:net246006 net:net243129 net:net243131 net:net69217 net:net63454 net:net324401 net:net239585 net:net324678 net:net324679 net:net324403 net:net190135 net:net324402 net:net239525 net:net239518 net:net239514 net:net345311 net:net345162 net:net346416 net:net326900 net:net239513 net:net283799 net:net447010 net:net458382
	comment: capacity:40 usage:41 overflow:1
	bbox = (690.0000, 748.5000) - (691.5000, 750.0000) on Layer -
violation type: Vertical congestion
	srcs: net:net438943 net:net426661 net:net424867 net:net424846 net:net394951 net:net394945 net:net246006 net:net439674 net:net243131 net:net324401 net:net239584 net:net239585 net:net324678 net:net190133 net:net324403 net:net190135 net:net190134 net:net324402 net:net239525 net:net239577 net:net239518 net:net239514 net:net345111 net:net345311 net:net239513 net:net447010
	comment: capacity:39 usage:40 overflow:1
	bbox = (690.0000, 762.0000) - (691.5000, 763.5000) on Layer -
violation type: Vertical congestion
	srcs: net:net549615 net:net438945 net:net438943 net:net428459 net:net426661 net:net424867 net:net424846 net:net394945 net:net246006 net:net243131 net:net273172 net:net324401 net:net239584 net:net239585 net:net324678 net:net190133 net:net324403 net:net190135 net:net190134 net:net324402 net:net239525 net:net239577 net:net239518 net:net239514 net:net345111 net:net345311 net:net439053 net:net447010
	comment: capacity:40 usage:41 overflow:1
	bbox = (690.0000, 765.0000) - (691.5000, 766.5000) on Layer -
violation type: Vertical congestion
	srcs: net:net549615 net:net439080 net:net438945 net:net428476 net:net426661 net:net424867 net:net424846 net:net394945 net:net391459 net:net391458 net:net246006 net:net243131 net:net366175 net:net324401 net:net239584 net:net324678 net:net190133 net:net324403 net:net190135 net:net190134 net:net324402 net:net239525 net:net239577 net:net239518 net:net239514 net:net345111 net:net345311 net:net447010 net:net345705
	comment: capacity:40 usage:41 overflow:1
	bbox = (690.0000, 768.0000) - (691.5000, 769.5000) on Layer -
violation type: Vertical congestion
	srcs: net:net971583 net:net549615 net:net523843 net:net428476 net:net420951 net:net417925 net:net410192 net:net402827 net:net396336 net:net396256 net:net393993 net:net393576 net:net391459 net:net327591 net:net326750 net:net326489 net:net246006 net:net327281 net:net273105 net:net190135 net:net416200 net:net69226 net:net324402 net:net85207 net:net1255182 net:net239577 net:net239514 net:net347381 net:net345111 net:net347423 net:net346591 net:net239512 net:net447010 net:net345705 net:net345946
	comment: capacity:40 usage:41 overflow:1
	bbox = (690.0000, 793.5000) - (691.5000, 795.0000) on Layer -
violation type: Vertical congestion
	srcs: net:net537838 net:net535706 net:net62802 net:net327227 net:net320477 net:net273193 net:net347363 net:net273191 net:net347398 net:net360517 net:net295118 net:net346086 net:net62926 net:net1281908 net:net581697 net:net62862 net:net579957 net:net577449 net:net85234 net:net60581 net:net53795 net:net44887 net:net347379 net:net344956 net:net345030 net:net255227 net:net347442 net:net347070 net:net239056 net:net320093 net:net91046 net:net271421 net:net345164 net:net346623 net:net324777 net:net320362 net:net346651 net:net60608
	comment: capacity:40 usage:41 overflow:1
	bbox = (690.0000, 988.5000) - (691.5000, 990.0000) on Layer -
violation type: Vertical congestion
	srcs: net:net537838 net:net535706 net:net62802 net:net327227 net:net320477 net:net273193 net:net347363 net:net435641 net:net347398 net:net360517 net:net295118 net:net346086 net:net62862 net:net1281906 net:net565463 net:net60589 net:net1281903 net:net1281902 net:net1281898 net:net1281878 net:net2532 net:net577449 net:net53795 net:net44887 net:net344956 net:net345237 net:net345030 net:net255227 net:net347442 net:net239056 net:net320093 net:net345239 net:net91046 net:net271421 net:net345164 net:net346623 net:net324777 net:net320362 net:net346651 net:net60608
	comment: capacity:40 usage:42 overflow:2
	bbox = (690.0000, 991.5000) - (691.5000, 993.0000) on Layer -
violation type: Vertical congestion
	srcs: net:net62854 net:net62848 net:net560621 net:net560615 net:net537838 net:net62802 net:net62822 net:net327227 net:net320477 net:net273193 net:net347363 net:net347398 net:net360517 net:net295118 net:net346086 net:net62862 net:net574557 net:net2532 net:net53795 net:net53789 net:net44887 net:net344956 net:net345237 net:net320356 net:net345030 net:net344865 net:net255227 net:net347442 net:net239056 net:net320093 net:net271421 net:net346623 net:net324777 net:net320362 net:net346651 net:net60608 net:net345786
	comment: capacity:37 usage:39 overflow:2
	bbox = (690.0000, 996.0000) - (691.5000, 997.5000) on Layer -
violation type: Vertical congestion
	srcs: net:net457762 net:net63450 net:net450858 net:net447014 net:net444089 net:net439548 net:net439196 net:net429897 net:net426626 net:net425923 net:net403365 net:net399596 net:net394780 net:net394433 net:net394370 net:net391358 net:net320079 net:net229812 net:net217092 net:net390693 net:net69572 net:net395023 net:net63449 net:net63458 net:net63448 net:net63451 net:net345213 net:net11717 net:net63452 net:net457663 net:net457662 net:net446326 net:net446325 net:net346841 net:net402688 net:net457741 net:net455451 net:net402645
	comment: capacity:40 usage:41 overflow:1
	bbox = (691.5000, 723.0000) - (693.0000, 724.5000) on Layer -
violation type: Vertical congestion
	srcs: net:net455302 net:net455299 net:net444089 net:net439548 net:net439196 net:net429897 net:net403365 net:net399596 net:net394780 net:net393941 net:net229812 net:net217092 net:net239589 net:net239517 net:net324400 net:net390693 net:net69572 net:net395023 net:net69217 net:net63454 net:net228530 net:net324678 net:net324679 net:net68791 net:net345213 net:net324680 net:net1256717 net:net4681 net:net239577 net:net346841 net:net402688 net:net402645 net:net345705
	comment: capacity:40 usage:41 overflow:1
	bbox = (691.5000, 741.0000) - (693.0000, 742.5000) on Layer -
violation type: Vertical congestion
	srcs: net:net962789 net:net455419 net:net454583 net:net439196 net:net429897 net:net401072 net:net394780 net:net229812 net:net217092 net:net239589 net:net326892 net:net239517 net:net326390 net:net324400 net:net246038 net:net365709 net:net395023 net:net324406 net:net228530 net:net324679 net:net52972 net:net92054 net:net345213 net:net324680 net:net1256717 net:net239577 net:net345162 net:net346416 net:net326898 net:net345542 net:net345705
	comment: capacity:40 usage:42 overflow:2
	bbox = (691.5000, 757.5000) - (693.0000, 759.0000) on Layer -
violation type: Vertical congestion
	srcs: net:net455419 net:net439671 net:net439052 net:net401072 net:net394780 net:net229812 net:net217092 net:net239589 net:net326892 net:net239517 net:net360661 net:net326390 net:net324400 net:net246038 net:net365709 net:net395023 net:net324406 net:net228530 net:net324679 net:net52972 net:net438940 net:net345213 net:net324680 net:net345162 net:net346416 net:net239513 net:net283799 net:net345542 net:net345469 net:net345705 net:net345736
	comment: capacity:40 usage:41 overflow:1
	bbox = (691.5000, 763.5000) - (693.0000, 765.0000) on Layer -
violation type: Vertical congestion
	srcs: net:net434582 net:net426357 net:net426356 net:net418596 net:net416298 net:net411571 net:net409098 net:net403276 net:net401078 net:net401077 net:net395363 net:net395349 net:net390814 net:net320319 net:net320059 net:net246009 net:net229812 net:net203632 net:net415794 net:net273105 net:net190132 net:net394164 net:net273106 net:net92054 net:net426306 net:net345900 net:net345213 net:net324680 net:net326899 net:net326898 net:net239513 net:net345479 net:net345805 net:net345699
	comment: capacity:40 usage:41 overflow:1
	bbox = (693.0000, 796.5000) - (694.5000, 798.0000) on Layer -
violation type: Vertical congestion
	srcs: net:net450858 net:net447375 net:net446372 net:net443089 net:net437160 net:net436668 net:net435685 net:net434642 net:net434113 net:net433946 net:net429981 net:net426352 net:net424862 net:net422189 net:net419174 net:net415164 net:net410981 net:net410235 net:net406352 net:net406105 net:net406100 net:net403188 net:net397078 net:net396333 net:net396050 net:net396025 net:net395290 net:net392905 net:net324711 net:net269284 net:net239141 net:net230306 net:net366728 net:net52972 net:net190135 net:net69226 net:net243151 net:net345249 net:net345481 net:net347092
	comment: capacity:40 usage:41 overflow:1
	bbox = (696.0000, 741.0000) - (697.5000, 742.5000) on Layer -
violation type: Vertical congestion
	srcs: net:net655482 net:net446372 net:net437160 net:net436393 net:net436057 net:net435681 net:net434591 net:net422191 net:net422189 net:net421280 net:net420682 net:net416296 net:net410107 net:net406105 net:net401026 net:net400993 net:net397247 net:net396793 net:net395669 net:net326750 net:net324711 net:net269284 net:net239141 net:net230306 net:net202845 net:net199528 net:net367483 net:net366728 net:net63438 net:net69220 net:net424865 net:net346125 net:net346572 net:net345351 net:net345039 net:net345405 net:net345927 net:net347271 net:net326900 net:net345481
	comment: capacity:40 usage:41 overflow:1
	bbox = (696.0000, 795.0000) - (697.5000, 796.5000) on Layer -
violation type: Vertical congestion
	srcs: net:net655482 net:net446372 net:net437160 net:net436393 net:net436057 net:net435681 net:net434591 net:net421648 net:net421048 net:net420682 net:net410107 net:net401026 net:net400993 net:net397247 net:net395669 net:net326750 net:net324711 net:net269284 net:net244870 net:net230306 net:net202845 net:net326882 net:net273115 net:net199528 net:net367483 net:net411316 net:net366728 net:net364647 net:net69220 net:net346572 net:net345351 net:net347417 net:net345039 net:net345405 net:net345927 net:net347271 net:net326900 net:net345481 net:net345610
	comment: capacity:40 usage:41 overflow:1
	bbox = (696.0000, 801.0000) - (697.5000, 802.5000) on Layer -
violation type: Vertical congestion
	srcs: net:net574616 net:net535254 net:net327235 net:net346420 net:net346387 net:net535360 net:net535645 net:net535367 net:net367984 net:net535270 net:net535255 net:net345089 net:net273991 net:net535234 net:net535549 net:net535631 net:net535497 net:net535358 net:net1256611 net:net1255996 net:net44887 net:net347868 net:net344948 net:net358562 net:net346412 net:net345307 net:net345241 net:net345341 net:net345160 net:net345116 net:net318430 net:net345247 net:net346991 net:net358059 net:net347022 net:net345752 net:net345476 net:net345504 net:net345740
	comment: capacity:40 usage:41 overflow:1
	bbox = (696.0000, 972.0000) - (697.5000, 973.5000) on Layer -
violation type: Vertical congestion
	srcs: net:net535254 net:net327235 net:net346420 net:net346387 net:net535360 net:net535645 net:net535367 net:net367984 net:net535255 net:net345089 net:net273991 net:net535234 net:net535549 net:net535631 net:net535497 net:net535358 net:net1256611 net:net1255996 net:net44887 net:net347868 net:net347025 net:net344948 net:net358562 net:net346412 net:net345307 net:net345241 net:net345341 net:net346441 net:net345160 net:net345116 net:net318430 net:net345247 net:net346991 net:net358059 net:net347022 net:net347866 net:net345752 net:net345504 net:net348449
	comment: capacity:40 usage:41 overflow:1
	bbox = (696.0000, 973.5000) - (697.5000, 975.0000) on Layer -
violation type: Vertical congestion
	srcs: net:net65202 net:net550937 net:net320572 net:net320477 net:net216680 net:net199539 net:net360661 net:net367981 net:net347879 net:net273191 net:net367483 net:net348528 net:net412613 net:net274012 net:net234666 net:net274211 net:net358503 net:net1256178 net:net44820 net:net48271 net:net44884 net:net4673 net:net4674 net:net347381 net:net345272 net:net243133 net:net346321 net:net346589 net:net346049 net:net346280 net:net320166 net:net345405 net:net345375 net:net274454 net:net2577 net:net346874 net:net345693 net:net358197 net:net347181
	comment: capacity:39 usage:40 overflow:1
	bbox = (697.5000, 877.5000) - (699.0000, 879.0000) on Layer -
violation type: Vertical congestion
	srcs: net:net535291 net:net535265 net:net2566 net:net535256 net:net535254 net:net364342 net:net20179 net:net535646 net:net324593 net:net435641 net:net326685 net:net63466 net:net367984 net:net348528 net:net327116 net:net324211 net:net2562 net:net535255 net:net535354 net:net535556 net:net85207 net:net1256414 net:net1256287 net:net1256178 net:net53813 net:net324788 net:net345344 net:net345369 net:net61884 net:net48264 net:net2561 net:net345742 net:net345502 net:net345531 net:net345469 net:net2563 net:net348434
	comment: capacity:40 usage:41 overflow:1
	bbox = (699.0000, 937.5000) - (700.5000, 939.0000) on Layer -
violation type: Vertical congestion
	srcs: net:net535660 net:net535346 net:net1250136 net:net364342 net:net273447 net:net20179 net:net347870 net:net2567 net:net324593 net:net435641 net:net326685 net:net63466 net:net273747 net:net348528 net:net327116 net:net324211 net:net367286 net:net535255 net:net535523 net:net535340 net:net1256414 net:net1256287 net:net1256178 net:net4674 net:net53813 net:net347845 net:net324788 net:net208244 net:net345344 net:net345369 net:net244883 net:net320166 net:net48236 net:net345502 net:net345531 net:net345469 net:net2563
	comment: capacity:40 usage:41 overflow:1
	bbox = (699.0000, 945.0000) - (700.5000, 946.5000) on Layer -
violation type: Vertical congestion
	srcs: net:net543704 net:net538077 net:net536150 net:net52371 net:net1250137 net:net364342 net:net364319 net:net273447 net:net19248 net:net347870 net:net324593 net:net287363 net:net326685 net:net273747 net:net327116 net:net326438 net:net61873 net:net324211 net:net364320 net:net361220 net:net535523 net:net1256722 net:net1256414 net:net4674 net:net53813 net:net346321 net:net208244 net:net345403 net:net345369 net:net345160 net:net346627 net:net274454 net:net69843 net:net2572 net:net2577 net:net345731 net:net347163
	comment: capacity:40 usage:41 overflow:1
	bbox = (699.0000, 964.5000) - (700.5000, 966.0000) on Layer -
violation type: Vertical congestion
	srcs: net:net544946 net:net543704 net:net538077 net:net536150 net:net364342 net:net364319 net:net35924 net:net273447 net:net273245 net:net273188 net:net19248 net:net1159204 net:net347870 net:net324593 net:net326685 net:net327116 net:net61873 net:net324211 net:net346197 net:net364320 net:net361220 net:net1256722 net:net1256414 net:net1255293 net:net1253635 net:net4674 net:net208244 net:net345210 net:net62015 net:net203206 net:net345405 net:net274454 net:net69843 net:net2572 net:net2577 net:net345443
	comment: capacity:38 usage:39 overflow:1
	bbox = (699.0000, 976.5000) - (700.5000, 978.0000) on Layer -
violation type: Vertical congestion
	srcs: net:net942806 net:net551351 net:net538236 net:net1250137 net:net364319 net:net320477 net:net278434 net:net273193 net:net20168 net:net203689 net:net74478 net:net273864 net:net394218 net:net361677 net:net535218 net:net273969 net:net535350 net:net60562 net:net535518 net:net535559 net:net53711 net:net53720 net:net53729 net:net53735 net:net1256722 net:net1256287 net:net1255724 net:net1255324 net:net62041 net:net347361 net:net2572 net:net61868 net:net345439 net:net345613 net:net345691 net:net345731 net:net2563 net:net345738
	comment: capacity:40 usage:41 overflow:1
	bbox = (700.5000, 949.5000) - (702.0000, 951.0000) on Layer -
violation type: Vertical congestion
	srcs: net:net942806 net:net551351 net:net538236 net:net1250137 net:net364319 net:net320477 net:net278434 net:net273193 net:net20168 net:net203689 net:net535560 net:net74478 net:net273864 net:net394218 net:net361677 net:net273969 net:net535318 net:net60562 net:net535518 net:net535601 net:net535559 net:net53711 net:net53720 net:net53729 net:net53735 net:net1256722 net:net1256287 net:net1255724 net:net1255324 net:net62041 net:net347757 net:net347361 net:net346444 net:net2572 net:net61868 net:net345613 net:net345691 net:net345731 net:net2563
	comment: capacity:40 usage:42 overflow:2
	bbox = (700.5000, 951.0000) - (702.0000, 952.5000) on Layer -
violation type: Vertical congestion
	srcs: net:net942806 net:net544869 net:net538236 net:net520947 net:net1250136 net:net320477 net:net278434 net:net273426 net:net273193 net:net20168 net:net361141 net:net203689 net:net273864 net:net287363 net:net324213 net:net394218 net:net346454 net:net273969 net:net361246 net:net2573 net:net60562 net:net53705 net:net53711 net:net53720 net:net53729 net:net53735 net:net1256287 net:net1256286 net:net1255724 net:net1255324 net:net1255277 net:net62041 net:net324231 net:net347423 net:net69777 net:net345514 net:net346834
	comment: capacity:40 usage:41 overflow:1
	bbox = (700.5000, 976.5000) - (702.0000, 978.0000) on Layer -
violation type: Vertical congestion
	srcs: net:net942806 net:net546780 net:net546779 net:net544869 net:net538236 net:net520948 net:net320477 net:net278434 net:net273426 net:net273193 net:net20168 net:net361141 net:net273864 net:net287363 net:net324213 net:net394218 net:net346454 net:net273969 net:net361246 net:net2573 net:net60562 net:net53705 net:net53711 net:net53720 net:net53729 net:net53735 net:net53756 net:net1256287 net:net1256286 net:net1255724 net:net1255324 net:net1255277 net:net62041 net:net347423 net:net69777 net:net345514 net:net345752 net:net346834
	comment: capacity:40 usage:41 overflow:1
	bbox = (700.5000, 979.5000) - (702.0000, 981.0000) on Layer -
violation type: Vertical congestion
	srcs: net:net655202 net:net450286 net:net447008 net:net446502 net:net437045 net:net436170 net:net435683 net:net435101 net:net429910 net:net429565 net:net426410 net:net415792 net:net409145 net:net403018 net:net402843 net:net395555 net:net395352 net:net394792 net:net394210 net:net393865 net:net328131 net:net327711 net:net327282 net:net326894 net:net239129 net:net69820 net:net214042 net:net202841 net:net406344 net:net298247 net:net409065 net:net345950 net:net273106 net:net273177 net:net360517 net:net1256458 net:net1256283 net:net4678 net:net347492 net:net345445
	comment: capacity:40 usage:41 overflow:1
	bbox = (702.0000, 793.5000) - (703.5000, 795.0000) on Layer -
violation type: Vertical congestion
	srcs: net:net447008 net:net446502 net:net437045 net:net436170 net:net435683 net:net435101 net:net429910 net:net429565 net:net426410 net:net415792 net:net409145 net:net409143 net:net403018 net:net402843 net:net395555 net:net395352 net:net394792 net:net394210 net:net393865 net:net328131 net:net327282 net:net326970 net:net326894 net:net239129 net:net69820 net:net406344 net:net298247 net:net437046 net:net327283 net:net409065 net:net345950 net:net273106 net:net360517 net:net1256458 net:net1256283 net:net4678 net:net348728 net:net347492 net:net92042 net:net345445
	comment: capacity:40 usage:41 overflow:1
	bbox = (702.0000, 796.5000) - (703.5000, 798.0000) on Layer -
violation type: Vertical congestion
	srcs: net:net447008 net:net446502 net:net436170 net:net435683 net:net435101 net:net429910 net:net429565 net:net426410 net:net415792 net:net409143 net:net409100 net:net402843 net:net395555 net:net395352 net:net395254 net:net394792 net:net394210 net:net393865 net:net328131 net:net327282 net:net326970 net:net326894 net:net239129 net:net69820 net:net406344 net:net327283 net:net409065 net:net345950 net:net273106 net:net273177 net:net63438 net:net360517 net:net395257 net:net1256458 net:net1256283 net:net44861 net:net4678 net:net92042 net:net346905 net:net345445
	comment: capacity:40 usage:42 overflow:2
	bbox = (702.0000, 799.5000) - (703.5000, 801.0000) on Layer -
violation type: Vertical congestion
	srcs: net:net539769 net:net539761 net:net539714 net:net539027 net:net273426 net:net273401 net:net273398 net:net244217 net:net202845 net:net196274 net:net203726 net:net421375 net:net365592 net:net203678 net:net366630 net:net244457 net:net363560 net:net274032 net:net326453 net:net360517 net:net326836 net:net273771 net:net271806 net:net53687 net:net53705 net:net53732 net:net53738 net:net85210 net:net1256286 net:net44861 net:net4678 net:net324233 net:net255227 net:net345351 net:net347534 net:net345119 net:net345719 net:net347190
	comment: capacity:40 usage:41 overflow:1
	bbox = (702.0000, 876.0000) - (703.5000, 877.5000) on Layer -
violation type: Vertical congestion
	srcs: net:net551025 net:net534860 net:net273450 net:net273426 net:net273398 net:net273362 net:net273338 net:net535398 net:net367011 net:net203726 net:net217087 net:net345170 net:net203678 net:net535399 net:net535270 net:net327116 net:net48262 net:net360517 net:net326836 net:net273771 net:net535501 net:net53705 net:net53711 net:net53732 net:net53738 net:net1256286 net:net1256077 net:net2508 net:net44861 net:net324233 net:net528794 net:net327354 net:net345194 net:net346384 net:net347234 net:net324234
	comment: capacity:39 usage:40 overflow:1
	bbox = (702.0000, 924.0000) - (703.5000, 925.5000) on Layer -
violation type: Vertical congestion
	srcs: net:net551025 net:net535254 net:net534860 net:net34035 net:net273450 net:net273426 net:net273398 net:net273362 net:net273338 net:net535398 net:net367011 net:net203726 net:net217087 net:net535564 net:net203678 net:net388286 net:net535399 net:net48262 net:net360517 net:net326836 net:net273771 net:net535359 net:net535501 net:net53705 net:net53732 net:net53738 net:net1256286 net:net1256077 net:net2508 net:net44861 net:net324233 net:net528794 net:net327354 net:net346384 net:net345346 net:net348732 net:net347234 net:net324234
	comment: capacity:40 usage:41 overflow:1
	bbox = (702.0000, 931.5000) - (703.5000, 933.0000) on Layer -
violation type: Vertical congestion
	srcs: net:net551025 net:net535373 net:net535356 net:net534860 net:net34035 net:net273450 net:net273426 net:net273398 net:net273362 net:net273338 net:net203726 net:net217087 net:net203678 net:net388286 net:net278423 net:net360517 net:net326836 net:net273771 net:net535549 net:net535359 net:net53705 net:net53732 net:net53738 net:net1256286 net:net1256077 net:net1255850 net:net1160030 net:net2508 net:net44861 net:net324233 net:net528794 net:net327354 net:net320314 net:net324234 net:net85237 net:net61877
	comment: capacity:40 usage:41 overflow:1
	bbox = (702.0000, 939.0000) - (703.5000, 940.5000) on Layer -
violation type: Vertical congestion
	srcs: net:net581699 net:net551025 net:net535373 net:net535356 net:net534860 net:net34035 net:net273450 net:net273426 net:net273398 net:net273362 net:net273338 net:net203726 net:net217087 net:net203678 net:net388286 net:net278423 net:net360517 net:net326836 net:net273771 net:net535549 net:net535359 net:net53705 net:net53732 net:net53738 net:net1256286 net:net1256077 net:net1255850 net:net1160030 net:net2508 net:net44861 net:net324233 net:net528794 net:net320314 net:net324234 net:net85237 net:net61877 net:net345673
	comment: capacity:40 usage:42 overflow:2
	bbox = (702.0000, 940.5000) - (703.5000, 942.0000) on Layer -
violation type: Vertical congestion
	srcs: net:net581699 net:net551025 net:net535373 net:net535356 net:net534860 net:net34035 net:net273450 net:net273426 net:net273398 net:net273362 net:net273338 net:net203726 net:net217087 net:net203678 net:net388286 net:net278423 net:net360517 net:net326836 net:net273771 net:net535549 net:net535531 net:net535359 net:net53705 net:net53732 net:net53738 net:net1256286 net:net1256077 net:net1255850 net:net1160030 net:net2508 net:net44861 net:net324233 net:net528794 net:net320314 net:net324234 net:net85237
	comment: capacity:40 usage:41 overflow:1
	bbox = (702.0000, 942.0000) - (703.5000, 943.5000) on Layer -
violation type: Vertical congestion
	srcs: net:net556530 net:net534860 net:net273450 net:net273398 net:net273395 net:net273362 net:net273338 net:net273188 net:net216388 net:net203726 net:net217087 net:net273191 net:net388286 net:net273199 net:net274032 net:net278423 net:net360517 net:net273771 net:net535224 net:net53732 net:net53738 net:net1256286 net:net947266 net:net1202939 net:net1160030 net:net2508 net:net44861 net:net324233 net:net345075 net:net528794 net:net234689 net:net346194 net:net345001 net:net85237
	comment: capacity:40 usage:41 overflow:1
	bbox = (702.0000, 967.5000) - (703.5000, 969.0000) on Layer -
violation type: Vertical congestion
	srcs: net:net552060 net:net535411 net:net327232 net:net324617 net:net56071 net:net63432 net:net324909 net:net273864 net:net535285 net:net274032 net:net273181 net:net367286 net:net327729 net:net535351 net:net535428 net:net53690 net:net60571 net:net44872 net:net324231 net:net274165 net:net85228 net:net327354 net:net348602
	comment: capacity:30 usage:31 overflow:1
	bbox = (703.5000, 940.5000) - (705.0000, 942.0000) on Layer -
violation type: Vertical congestion
	srcs: net:net552060 net:net535286 net:net327232 net:net63432 net:net324909 net:net535235 net:net535285 net:net535212 net:net274032 net:net273181 net:net327729 net:net535351 net:net535449 net:net535283 net:net53690 net:net60571 net:net44872 net:net324231 net:net274165 net:net85228 net:net327354 net:net324496 net:net59204
	comment: capacity:30 usage:31 overflow:1
	bbox = (703.5000, 948.0000) - (705.0000, 949.5000) on Layer -
violation type: Vertical congestion
	srcs: net:net552060 net:net535324 net:net327232 net:net63432 net:net324909 net:net535285 net:net535212 net:net274032 net:net273181 net:net327729 net:net535351 net:net535449 net:net535283 net:net53690 net:net60571 net:net44872 net:net324231 net:net274165 net:net85228 net:net327354 net:net346593 net:net346812 net:net345469
	comment: capacity:30 usage:31 overflow:1
	bbox = (703.5000, 949.5000) - (705.0000, 951.0000) on Layer -
violation type: Vertical congestion
	srcs: net:net552060 net:net327232 net:net63432 net:net65195 net:net324909 net:net535285 net:net535212 net:net274032 net:net273181 net:net327729 net:net535449 net:net535283 net:net53690 net:net60571 net:net44872 net:net324231 net:net274165 net:net85228 net:net320064 net:net327354 net:net346593 net:net346812 net:net345469
	comment: capacity:28 usage:31 overflow:3
	bbox = (703.5000, 951.0000) - (705.0000, 952.5000) on Layer -
violation type: Vertical congestion
	srcs: net:net552060 net:net535221 net:net327232 net:net273395 net:net63432 net:net324909 net:net535285 net:net535212 net:net274032 net:net273181 net:net327729 net:net535449 net:net535283 net:net53690 net:net60571 net:net44872 net:net324231 net:net274165 net:net85228 net:net320064 net:net346593 net:net346812 net:net345469
	comment: capacity:30 usage:31 overflow:1
	bbox = (703.5000, 952.5000) - (705.0000, 954.0000) on Layer -
violation type: Vertical congestion
	srcs: net:net552060 net:net327232 net:net273395 net:net63432 net:net324909 net:net535285 net:net535212 net:net274032 net:net273181 net:net327729 net:net535449 net:net535283 net:net53690 net:net60571 net:net44872 net:net324231 net:net274165 net:net85228 net:net269297 net:net346593 net:net61877 net:net346812 net:net345469
	comment: capacity:30 usage:31 overflow:1
	bbox = (703.5000, 954.0000) - (705.0000, 955.5000) on Layer -
violation type: Vertical congestion
	srcs: net:net552060 net:net549696 net:net327232 net:net273395 net:net63432 net:net324909 net:net273191 net:net535212 net:net274032 net:net273181 net:net327729 net:net535449 net:net53690 net:net1202824 net:net60571 net:net44872 net:net324231 net:net274165 net:net85228 net:net346189 net:net346593 net:net346812
	comment: capacity:30 usage:31 overflow:1
	bbox = (703.5000, 958.5000) - (705.0000, 960.0000) on Layer -
violation type: Vertical congestion
	srcs: net:net545047 net:net539839 net:net534501 net:net370810 net:net34021 net:net35706 net:net324893 net:net273411 net:net273353 net:net273263 net:net273243 net:net229813 net:net324205 net:net219695 net:net203678 net:net274143 net:net360573 net:net324222 net:net273800 net:net273153 net:net274073 net:net53687 net:net53750 net:net1256717 net:net1256157 net:net1256085 net:net1256077 net:net1256051 net:net1255998 net:net1254449 net:net44864 net:net4681 net:net225894 net:net346056 net:net346631 net:net346507 net:net2307 net:net346777 net:net347108
	comment: capacity:40 usage:41 overflow:1
	bbox = (706.5000, 969.0000) - (708.0000, 970.5000) on Layer -
violation type: Vertical congestion
	srcs: net:net395084 net:net393622 net:net324842 net:net320576 net:net273377 net:net273213 net:net273205 net:net273193 net:net273188 net:net273187 net:net69598 net:net357643 net:net203859 net:net347241 net:net74478 net:net361494 net:net273329 net:net367984 net:net84950 net:net273722 net:net415142 net:net326570 net:net324217 net:net357577 net:net53681 net:net53693 net:net53750 net:net85210 net:net1256489 net:net1255996 net:net4680 net:net4683 net:net347260 net:net347232 net:net345377 net:net345168 net:net327045 net:net347550
	comment: capacity:40 usage:41 overflow:1
	bbox = (711.0000, 909.0000) - (712.5000, 910.5000) on Layer -
violation type: Vertical congestion
	srcs: net:net539034 net:net395084 net:net393622 net:net324842 net:net62938 net:net320576 net:net273474 net:net273377 net:net273213 net:net273193 net:net273188 net:net197870 net:net69598 net:net357643 net:net203859 net:net347241 net:net74478 net:net361494 net:net273329 net:net361107 net:net84950 net:net273722 net:net415142 net:net326570 net:net324217 net:net357577 net:net53681 net:net53693 net:net53750 net:net85210 net:net1256489 net:net1255996 net:net4680 net:net4683 net:net345377 net:net345168 net:net327045 net:net347579
	comment: capacity:40 usage:41 overflow:1
	bbox = (711.0000, 912.0000) - (712.5000, 913.5000) on Layer -
violation type: Vertical congestion
	srcs: net:net539730 net:net393587 net:net390995 net:net327207 net:net327190 net:net324862 net:net324587 net:net324242 net:net273417 net:net273350 net:net273309 net:net273293 net:net273217 net:net230673 net:net65242 net:net199534 net:net19328 net:net19283 net:net12050 net:net48341 net:net400682 net:net274082 net:net361107 net:net273105 net:net48298 net:net1259088 net:net53702 net:net11717 net:net1202687 net:net316168 net:net320064 net:net269297 net:net528794 net:net326573 net:net345984 net:net346691 net:net267962 net:net347421 net:net345613 net:net345701
	comment: capacity:40 usage:41 overflow:1
	bbox = (715.5000, 969.0000) - (717.0000, 970.5000) on Layer -
violation type: Vertical congestion
	srcs: net:net943497 net:net552058 net:net539748 net:net327226 net:net327195 net:net326672 net:net320475 net:net273435 net:net273249 net:net273235 net:net273211 net:net231304 net:net89250 net:net19253 net:net316205 net:net327250 net:net400682 net:net357696 net:net324224 net:net346350 net:net69589 net:net435611 net:net418483 net:net400665 net:net53675 net:net53753 net:net11717 net:net4704 net:net319811 net:net320356 net:net326523 net:net255227 net:net324508 net:net320299 net:net345083 net:net324494 net:net2305 net:net345569 net:net345613
	comment: capacity:40 usage:41 overflow:1
	bbox = (717.0000, 976.5000) - (718.5000, 978.0000) on Layer -
violation type: Vertical congestion
	srcs: net:net1250134 net:net458270 net:net458269 net:net457793 net:net452609 net:net448844 net:net442923 net:net436995 net:net436646 net:net435659 net:net434895 net:net433584 net:net432919 net:net421593 net:net420991 net:net410434 net:net393390 net:net393110 net:net392584 net:net392551 net:net326904 net:net326538 net:net326532 net:net246037 net:net214032 net:net458747 net:net63464 net:net63449 net:net190134 net:net450714 net:net393148 net:net392566 net:net457660 net:net345968 net:net346189 net:net346222 net:net239512 net:net414298
	comment: capacity:40 usage:41 overflow:1
	bbox = (720.0000, 733.5000) - (721.5000, 735.0000) on Layer -
violation type: Vertical congestion
	srcs: net:net1250134 net:net458270 net:net458269 net:net457793 net:net452609 net:net448844 net:net436995 net:net436646 net:net434895 net:net433584 net:net432919 net:net421593 net:net420991 net:net414380 net:net410434 net:net393390 net:net393110 net:net392584 net:net392551 net:net326904 net:net326538 net:net326537 net:net326532 net:net246037 net:net214032 net:net458747 net:net63464 net:net63449 net:net190134 net:net450714 net:net393148 net:net392566 net:net457660 net:net345968 net:net346189 net:net346222 net:net239512 net:net414298
	comment: capacity:40 usage:41 overflow:1
	bbox = (720.0000, 735.0000) - (721.5000, 736.5000) on Layer -
violation type: Vertical congestion
	srcs: net:net944420 net:net536882 net:net346457 net:net327025 net:net324587 net:net320472 net:net273225 net:net202853 net:net60612 net:net60609 net:net74485 net:net393616 net:net69848 net:net2602 net:net33047 net:net535562 net:net535234 net:net535366 net:net535606 net:net535576 net:net53714 net:net316180 net:net44820 net:net1608 net:net346408 net:net345007 net:net345281 net:net345309 net:net59206 net:net345001 net:net344942 net:net327052 net:net2577 net:net347096
	comment: capacity:38 usage:39 overflow:1
	bbox = (720.0000, 931.5000) - (721.5000, 933.0000) on Layer -
violation type: Vertical congestion
	srcs: net:net943586 net:net458746 net:net447851 net:net445927 net:net444474 net:net440640 net:net436648 net:net436647 net:net435548 net:net434995 net:net432554 net:net422774 net:net414382 net:net410639 net:net394122 net:net394109 net:net203859 net:net85473 net:net460193 net:net69217 net:net68791 net:net445524 net:net446325 net:net346106 net:net390744 net:net345754 net:net458772 net:net455400 net:net402811 net:net345832
	comment: capacity:30 usage:31 overflow:1
	bbox = (721.5000, 726.0000) - (723.0000, 727.5000) on Layer -
violation type: Vertical congestion
	srcs: net:net943586 net:net458746 net:net447851 net:net445927 net:net444474 net:net436647 net:net435548 net:net434995 net:net432554 net:net422774 net:net414382 net:net410639 net:net409534 net:net394122 net:net394109 net:net34261 net:net203859 net:net85473 net:net460193 net:net69217 net:net68791 net:net69220 net:net445524 net:net457662 net:net446325 net:net346106 net:net390744 net:net345754 net:net455400 net:net402811
	comment: capacity:30 usage:31 overflow:1
	bbox = (721.5000, 727.5000) - (723.0000, 729.0000) on Layer -
violation type: Vertical congestion
	srcs: net:net943586 net:net458746 net:net452199 net:net445927 net:net444474 net:net435548 net:net434995 net:net432552 net:net410639 net:net409534 net:net399632 net:net399630 net:net394122 net:net394108 net:net394105 net:net394099 net:net394098 net:net34261 net:net326509 net:net203859 net:net85473 net:net63464 net:net460193 net:net69220 net:net63449 net:net190134 net:net346106 net:net390744 net:net345731 net:net402811
	comment: capacity:30 usage:31 overflow:1
	bbox = (721.5000, 739.5000) - (723.0000, 741.0000) on Layer -
violation type: Vertical congestion
	srcs: net:net70428 net:net394819 net:net374376 net:net34463 net:net34257 net:net34243 net:net320472 net:net273495 net:net273435 net:net273417 net:net273395 net:net273277 net:net230621 net:net357638 net:net345129 net:net346387 net:net273191 net:net273911 net:net33047 net:net390536 net:net346995 net:net324755 net:net346993 net:net347274 net:net346412 net:net62015 net:net345079 net:net346410 net:net347770
	comment: capacity:30 usage:31 overflow:1
	bbox = (721.5000, 897.0000) - (723.0000, 898.5000) on Layer -
violation type: Vertical congestion
	srcs: net:net577171 net:net34241 net:net535645 net:net273911 net:net535427 net:net347425 net:net346661 net:net346995 net:net535500 net:net74481 net:net535255 net:net535496 net:net345303 net:net345030 net:net345075 net:net346406 net:net346338 net:net346649 net:net346585 net:net344938 net:net347042 net:net345111 net:net346369 net:net345403 net:net346414 net:net345042 net:net346377 net:net75591 net:net318430
	comment: capacity:30 usage:31 overflow:1
	bbox = (721.5000, 925.5000) - (723.0000, 927.0000) on Layer -
violation type: Vertical congestion
	srcs: net:net577173 net:net324639 net:net345170 net:net535570 net:net320160 net:net273911 net:net326691 net:net535375 net:net535569 net:net535574 net:net535509 net:net524246 net:net316174 net:net346041 net:net345083 net:net345276 net:net346657 net:net347392 net:net347050 net:net345544 net:net346784 net:net345443 net:net345608 net:net345673 net:net345703 net:net348460 net:net347104 net:net347136 net:net345946
	comment: capacity:30 usage:31 overflow:1
	bbox = (721.5000, 967.5000) - (723.0000, 969.0000) on Layer -
violation type: Vertical congestion
	srcs: net:net943730 net:net539831 net:net35936 net:net324639 net:net273495 net:net273225 net:net345170 net:net320160 net:net273911 net:net33047 net:net326691 net:net570394 net:net535518 net:net524246 net:net344863 net:net316174 net:net344958 net:net345168 net:net345346 net:net345001 net:net345276 net:net320166 net:net248059 net:net346657 net:net347392 net:net347050 net:net316186 net:net345643 net:net345721
	comment: capacity:30 usage:31 overflow:1
	bbox = (721.5000, 979.5000) - (723.0000, 981.0000) on Layer -
violation type: Vertical congestion
	srcs: net:net943590 net:net458832 net:net457878 net:net455889 net:net450360 net:net450143 net:net442845 net:net436007 net:net399669 net:net394123 net:net393156 net:net392818 net:net391090 net:net63454 net:net63460 net:net63456 net:net63451 net:net447464 net:net4678 net:net4705 net:net453881 net:net453880 net:net446326 net:net422576 net:net422555 net:net454438 net:net402754 net:net393062
	comment: capacity:29 usage:30 overflow:1
	bbox = (723.0000, 724.5000) - (724.5000, 726.0000) on Layer -
violation type: Vertical congestion
	srcs: net:net538113 net:net538111 net:net60632 net:net213062 net:net89249 net:net75593 net:net91494 net:net535570 net:net535270 net:net2562 net:net535368 net:net320405 net:net535233 net:net535213 net:net535601 net:net535443 net:net535573 net:net345109 net:net346437 net:net346342 net:net347077 net:net320173 net:net344946 net:net347022
	comment: capacity:28 usage:29 overflow:1
	bbox = (723.0000, 933.0000) - (724.5000, 934.5000) on Layer -
violation type: Vertical congestion
	srcs: net:net54883 net:net539778 net:net537435 net:net273513 net:net273344 net:net535510 net:net2562 net:net65196 net:net535527 net:net535518 net:net535523 net:net535573 net:net6157 net:net346367 net:net348728 net:net317701 net:net346187 net:net320307 net:net346119 net:net346258 net:net320311 net:net246395 net:net264325 net:net346627 net:net347453 net:net61884 net:net322007 net:net2577 net:net346806 net:net347159
	comment: capacity:30 usage:32 overflow:2
	bbox = (723.0000, 972.0000) - (724.5000, 973.5000) on Layer -
violation type: Vertical congestion
	srcs: net:net539778 net:net537435 net:net273513 net:net273344 net:net2602 net:net47273 net:net535510 net:net65196 net:net535527 net:net535518 net:net535523 net:net535573 net:net6157 net:net346367 net:net348728 net:net317701 net:net346187 net:net320307 net:net346119 net:net346258 net:net320311 net:net246395 net:net264325 net:net346627 net:net347453 net:net61884 net:net322007 net:net2577 net:net346806
	comment: capacity:30 usage:31 overflow:1
	bbox = (723.0000, 973.5000) - (724.5000, 975.0000) on Layer -
violation type: Vertical congestion
	srcs: net:net453540 net:net446768 net:net445446 net:net436666 net:net434995 net:net393426 net:net392743 net:net327149 net:net326933 net:net326886 net:net324698 net:net244878 net:net243146 net:net203859 net:net370877 net:net225889 net:net324401 net:net239584 net:net457307 net:net324403 net:net453879 net:net63456 net:net324402 net:net63446 net:net450166 net:net453880 net:net348665 net:net344946 net:net239513 net:net345447 net:net202300 net:net345516 net:net454464 net:net399250 net:net199022
	comment: capacity:39 usage:41 overflow:2
	bbox = (724.5000, 771.0000) - (726.0000, 772.5000) on Layer -
violation type: Vertical congestion
	srcs: net:net454420 net:net454347 net:net443471 net:net429364 net:net393097 net:net34231 net:net34257 net:net327149 net:net324683 net:net324416 net:net276968 net:net224890 net:net224889 net:net450770 net:net326390 net:net450328 net:net446504 net:net239584 net:net370812 net:net199535 net:net457664 net:net394153 net:net4678 net:net348665 net:net358436 net:net344942 net:net239513 net:net437602 net:net403006 net:net402957 net:net457796 net:net402850 net:net458752 net:net459240 net:net399273 net:net399206 net:net454940 net:net399406
	comment: capacity:40 usage:41 overflow:1
	bbox = (726.0000, 756.0000) - (727.5000, 757.5000) on Layer -
violation type: Vertical congestion
	srcs: net:net443471 net:net429364 net:net399189 net:net399192 net:net393097 net:net391177 net:net34257 net:net327149 net:net324683 net:net324416 net:net276968 net:net224889 net:net450828 net:net450770 net:net244478 net:net326390 net:net246038 net:net450328 net:net370812 net:net199535 net:net457664 net:net273118 net:net4678 net:net348665 net:net358436 net:net344942 net:net239513 net:net437602 net:net345813 net:net457796 net:net402850 net:net458752 net:net459240 net:net399273 net:net399206 net:net454940 net:net399406
	comment: capacity:38 usage:40 overflow:2
	bbox = (726.0000, 762.0000) - (727.5000, 763.5000) on Layer -
violation type: Vertical congestion
	srcs: net:net971560 net:net443471 net:net429364 net:net399202 net:net399201 net:net393097 net:net391177 net:net324683 net:net324416 net:net276968 net:net450828 net:net450770 net:net244478 net:net326390 net:net246038 net:net239584 net:net370812 net:net190133 net:net199535 net:net457664 net:net273118 net:net4678 net:net239518 net:net239514 net:net358436 net:net344942 net:net239513 net:net437602 net:net457796 net:net402850 net:net458752 net:net459240 net:net399273 net:net399206 net:net454940
	comment: capacity:40 usage:42 overflow:2
	bbox = (726.0000, 763.5000) - (727.5000, 765.0000) on Layer -
violation type: Vertical congestion
	srcs: net:net943553 net:net943529 net:net454978 net:net454977 net:net454923 net:net454891 net:net453073 net:net451212 net:net450614 net:net449320 net:net444063 net:net443337 net:net439131 net:net437076 net:net422545 net:net394311 net:net34253 net:net34233 net:net326951 net:net283784 net:net438027 net:net393251 net:net448375 net:net454826 net:net92054 net:net295118 net:net456824 net:net346441 net:net326900 net:net326898 net:net283799 net:net345786 net:net402842 net:net452603 net:net451681 net:net393092
	comment: capacity:39 usage:40 overflow:1
	bbox = (727.5000, 735.0000) - (729.0000, 736.5000) on Layer -
violation type: Vertical congestion
	srcs: net:net943553 net:net943529 net:net453073 net:net451212 net:net450614 net:net449320 net:net444063 net:net443337 net:net439131 net:net437076 net:net422545 net:net394311 net:net392438 net:net34253 net:net326951 net:net283784 net:net438027 net:net393251 net:net246037 net:net448375 net:net92054 net:net366496 net:net295118 net:net456824 net:net239525 net:net239518 net:net239514 net:net346441 net:net326898 net:net283799 net:net402842 net:net360681 net:net452603 net:net451681 net:net393092
	comment: capacity:39 usage:42 overflow:3
	bbox = (727.5000, 742.5000) - (729.0000, 744.0000) on Layer -
violation type: Vertical congestion
	srcs: net:net1057929 net:net1049884 net:net943582 net:net453540 net:net453420 net:net450799 net:net435541 net:net429713 net:net402789 net:net402397 net:net393677 net:net390621 net:net34235 net:net326947 net:net326909 net:net244878 net:net243146 net:net225886 net:net298247 net:net239517 net:net357643 net:net358144 net:net458632 net:net190132 net:net393807 net:net230418 net:net199535 net:net393519 net:net10951 net:net326899 net:net399389 net:net345770 net:net360686 net:net402744 net:net358182 net:net402388 net:net393203 net:net345940
	comment: capacity:40 usage:41 overflow:1
	bbox = (729.0000, 732.0000) - (730.5000, 733.5000) on Layer -
violation type: Vertical congestion
	srcs: net:net943582 net:net455301 net:net453420 net:net450799 net:net435541 net:net429713 net:net402746 net:net402484 net:net399427 net:net399308 net:net399307 net:net393677 net:net390621 net:net34235 net:net326947 net:net326909 net:net244878 net:net243146 net:net225886 net:net239589 net:net298247 net:net393508 net:net239517 net:net357643 net:net358144 net:net190132 net:net393807 net:net230418 net:net324403 net:net393519 net:net392316 net:net324680 net:net10951 net:net399389 net:net402744 net:net393203
	comment: capacity:40 usage:41 overflow:1
	bbox = (729.0000, 739.5000) - (730.5000, 741.0000) on Layer -
violation type: Vertical congestion
	srcs: net:net943582 net:net453420 net:net450799 net:net435541 net:net429713 net:net393677 net:net392438 net:net390621 net:net34235 net:net326947 net:net326909 net:net244878 net:net243146 net:net239589 net:net246037 net:net298247 net:net239517 net:net357643 net:net358144 net:net324400 net:net324401 net:net324678 net:net393810 net:net230418 net:net393522 net:net392316 net:net324680 net:net10951 net:net239577 net:net344965 net:net399389 net:net213648 net:net393203
	comment: capacity:40 usage:41 overflow:1
	bbox = (729.0000, 742.5000) - (730.5000, 744.0000) on Layer -
violation type: Vertical congestion
	srcs: net:net943582 net:net453420 net:net450799 net:net443967 net:net443869 net:net443870 net:net443864 net:net435541 net:net429713 net:net393228 net:net390621 net:net390494 net:net34235 net:net326947 net:net326909 net:net244878 net:net298247 net:net239517 net:net357643 net:net358144 net:net228530 net:net230418 net:net190135 net:net324680 net:net10951 net:net239525 net:net239518 net:net239514 net:net348564 net:net344965 net:net228528 net:net213648 net:net393203
	comment: capacity:40 usage:41 overflow:1
	bbox = (729.0000, 748.5000) - (730.5000, 750.0000) on Layer -
violation type: Vertical congestion
	srcs: net:net943582 net:net453420 net:net435541 net:net433972 net:net429713 net:net403072 net:net403071 net:net402498 net:net402499 net:net393228 net:net390494 net:net34235 net:net326947 net:net326909 net:net239589 net:net326390 net:net358144 net:net324400 net:net239584 net:net392560 net:net230418 net:net324403 net:net190135 net:net324402 net:net324680 net:net59221 net:net239525 net:net239518 net:net345344 net:net348564 net:net344965 net:net393203
	comment: capacity:40 usage:42 overflow:2
	bbox = (729.0000, 759.0000) - (730.5000, 760.5000) on Layer -
violation type: Vertical congestion
	srcs: net:net943582 net:net453420 net:net443089 net:net435541 net:net433972 net:net429713 net:net399190 net:net393228 net:net34235 net:net326947 net:net239589 net:net324400 net:net326505 net:net228530 net:net392560 net:net230418 net:net324403 net:net190135 net:net92054 net:net324402 net:net324680 net:net59221 net:net239525 net:net345344 net:net344965 net:net326900 net:net326898 net:net255820 net:net393203
	comment: capacity:40 usage:41 overflow:1
	bbox = (729.0000, 762.0000) - (730.5000, 763.5000) on Layer -
violation type: Vertical congestion
	srcs: net:net443499 net:net438973 net:net438025 net:net429795 net:net429761 net:net394605 net:net393714 net:net393191 net:net392803 net:net390494 net:net364624 net:net34255 net:net34241 net:net35706 net:net327142 net:net324472 net:net246373 net:net243172 net:net246037 net:net246038 net:net190132 net:net239585 net:net438169 net:net393807 net:net394713 net:net190133 net:net190134 net:net399610 net:net392375 net:net326900 net:net326899 net:net239512
	comment: capacity:40 usage:41 overflow:1
	bbox = (730.5000, 741.0000) - (732.0000, 742.5000) on Layer -
violation type: Vertical congestion
	srcs: net:net943541 net:net442548 net:net429795 net:net399732 net:net399518 net:net399264 net:net399263 net:net394605 net:net393714 net:net393191 net:net364624 net:net34255 net:net34241 net:net35706 net:net327142 net:net324472 net:net246373 net:net243172 net:net239173 net:net231546 net:net394009 net:net358144 net:net394022 net:net239584 net:net324678 net:net438169 net:net190133 net:net453899 net:net227396 net:net392528 net:net345030 net:net346987 net:net345307 net:net214044 net:net228528 net:net345738 net:net345856
	comment: capacity:40 usage:41 overflow:1
	bbox = (730.5000, 763.5000) - (732.0000, 765.0000) on Layer -
violation type: Vertical congestion
	srcs: net:net943541 net:net429795 net:net399619 net:net399620 net:net394605 net:net393714 net:net393191 net:net390510 net:net390488 net:net364624 net:net34255 net:net34241 net:net35706 net:net327142 net:net324472 net:net246373 net:net243172 net:net239173 net:net231546 net:net394009 net:net358144 net:net326505 net:net394022 net:net324401 net:net324678 net:net438169 net:net453899 net:net227396 net:net392528 net:net324680 net:net345030 net:net346987 net:net345307 net:net214044 net:net228528 net:net345738 net:net345856
	comment: capacity:40 usage:42 overflow:2
	bbox = (730.5000, 766.5000) - (732.0000, 768.0000) on Layer -
violation type: Vertical congestion
	srcs: net:net943541 net:net436066 net:net429657 net:net429365 net:net401471 net:net395591 net:net393191 net:net364624 net:net34255 net:net35706 net:net244496 net:net244428 net:net243145 net:net231561 net:net231557 net:net231551 net:net231311 net:net231253 net:net79691 net:net394022 net:net324401 net:net324678 net:net324403 net:net324434 net:net392528 net:net92063 net:net345030 net:net229842 net:net348607 net:net347052 net:net346015 net:net348602 net:net347297 net:net348658 net:net345307 net:net246395 net:net299229 net:net393136 net:net345856
	comment: capacity:40 usage:42 overflow:2
	bbox = (730.5000, 807.0000) - (732.0000, 808.5000) on Layer -
violation type: Vertical congestion
	srcs: net:net578219 net:net535252 net:net47633 net:net34029 net:net200416 net:net535533 net:net229813 net:net56069 net:net89237 net:net581697 net:net535523 net:net535530 net:net535508 net:net283007 net:net283009 net:net346276 net:net298238 net:net346072 net:net299221 net:net324492 net:net320066 net:net320162 net:net266666 net:net320093 net:net324772 net:net344997 net:net347864 net:net257643 net:net228985 net:net347388 net:net224894 net:net346651 net:net346738 net:net361885 net:net345811 net:net345439 net:net346802 net:net345469 net:net345597 net:net1020176
	comment: capacity:40 usage:41 overflow:1
	bbox = (730.5000, 975.0000) - (732.0000, 976.5000) on Layer -
violation type: Vertical congestion
	srcs: net:net947430 net:net943049 net:net943048 net:net942984 net:net942953 net:net47633 net:net34029 net:net273193 net:net273188 net:net200416 net:net217499 net:net320081 net:net89237 net:net346614 net:net346572 net:net283009 net:net344956 net:net347845 net:net346276 net:net324508 net:net346307 net:net346108 net:net347864 net:net257643 net:net320169 net:net228985 net:net345243 net:net345162 net:net346719 net:net348735 net:net348568 net:net346738 net:net345811 net:net346839 net:net345748 net:net345809 net:net345540 net:net347737 net:net347092 net:net1020176
	comment: capacity:40 usage:42 overflow:2
	bbox = (730.5000, 990.0000) - (732.0000, 991.5000) on Layer -
violation type: Vertical congestion
	srcs: net:net456814 net:net436088 net:net435633 net:net433972 net:net432851 net:net429713 net:net399277 net:net393699 net:net393698 net:net392897 net:net392896 net:net392895 net:net392894 net:net390735 net:net269088 net:net246037 net:net246038 net:net324401 net:net393117 net:net252771 net:net324403 net:net203227 net:net190134 net:net324402 net:net239525 net:net347214 net:net326899 net:net435453 net:net459297 net:net457302 net:net345756 net:net455002 net:net345936
	comment: capacity:40 usage:41 overflow:1
	bbox = (732.0000, 705.0000) - (733.5000, 706.5000) on Layer -
violation type: Vertical congestion
	srcs: net:net456814 net:net448732 net:net448731 net:net445439 net:net441079 net:net436088 net:net435633 net:net433972 net:net432851 net:net429713 net:net402680 net:net399566 net:net399277 net:net399219 net:net399218 net:net399208 net:net392894 net:net390735 net:net269088 net:net239215 net:net440900 net:net392344 net:net326505 net:net228530 net:net392474 net:net393117 net:net252771 net:net230961 net:net347214 net:net346150 net:net346987 net:net348658 net:net435453 net:net459297 net:net457302 net:net402819 net:net455002 net:net392766 net:net345936
	comment: capacity:40 usage:41 overflow:1
	bbox = (732.0000, 717.0000) - (733.5000, 718.5000) on Layer -
violation type: Vertical congestion
	srcs: net:net456814 net:net448269 net:net445439 net:net436088 net:net435633 net:net433972 net:net403015 net:net402861 net:net390735 net:net269088 net:net231347 net:net239517 net:net326390 net:net392344 net:net228530 net:net392474 net:net393117 net:net252771 net:net402469 net:net92054 net:net203227 net:net324680 net:net347214 net:net346150 net:net346987 net:net348658 net:net239513 net:net283799 net:net228528 net:net435453 net:net457302 net:net345613 net:net455002
	comment: capacity:40 usage:41 overflow:1
	bbox = (732.0000, 727.5000) - (733.5000, 729.0000) on Layer -
violation type: Vertical congestion
	srcs: net:net943541 net:net456814 net:net451637 net:net448269 net:net445439 net:net436088 net:net435633 net:net433972 net:net402401 net:net390735 net:net269088 net:net231347 net:net239517 net:net326390 net:net392344 net:net228530 net:net239584 net:net392474 net:net393117 net:net252771 net:net402469 net:net190133 net:net92054 net:net203227 net:net324680 net:net347214 net:net345979 net:net346150 net:net346987 net:net348658 net:net239513 net:net228528 net:net435453 net:net457302 net:net345613 net:net455002
	comment: capacity:40 usage:45 overflow:5
	bbox = (732.0000, 729.0000) - (733.5000, 730.5000) on Layer -
violation type: Vertical congestion
	srcs: net:net943541 net:net456814 net:net448269 net:net445439 net:net436088 net:net435633 net:net433972 net:net403054 net:net402401 net:net402403 net:net402400 net:net390735 net:net269088 net:net231347 net:net326390 net:net392344 net:net228530 net:net239584 net:net392474 net:net393117 net:net252771 net:net402469 net:net190133 net:net92054 net:net203227 net:net347214 net:net346150 net:net346987 net:net348658 net:net239513 net:net228528 net:net435453 net:net457302 net:net345613 net:net455002
	comment: capacity:40 usage:42 overflow:2
	bbox = (732.0000, 730.5000) - (733.5000, 732.0000) on Layer -
violation type: Vertical congestion
	srcs: net:net943541 net:net456814 net:net448269 net:net445439 net:net436088 net:net435633 net:net433972 net:net402411 net:net402410 net:net402403 net:net390735 net:net269088 net:net231347 net:net326390 net:net392344 net:net239584 net:net392474 net:net393117 net:net252771 net:net190133 net:net239525 net:net347214 net:net346150 net:net346987 net:net348658 net:net326900 net:net326898 net:net239513 net:net228528 net:net435453 net:net457302 net:net345613 net:net455002
	comment: capacity:40 usage:41 overflow:1
	bbox = (732.0000, 732.0000) - (733.5000, 733.5000) on Layer -
violation type: Vertical congestion
	srcs: net:net943541 net:net456814 net:net454829 net:net454828 net:net448269 net:net445439 net:net436088 net:net435633 net:net433972 net:net390735 net:net269088 net:net231347 net:net326390 net:net390445 net:net392344 net:net239584 net:net392474 net:net393117 net:net252771 net:net190133 net:net324402 net:net239525 net:net347214 net:net346150 net:net346987 net:net348658 net:net239513 net:net228528 net:net435453 net:net457302 net:net345613 net:net455002
	comment: capacity:37 usage:39 overflow:2
	bbox = (732.0000, 735.0000) - (733.5000, 736.5000) on Layer -
violation type: Vertical congestion
	srcs: net:net943541 net:net456814 net:net448269 net:net445439 net:net436088 net:net435633 net:net433972 net:net390735 net:net269088 net:net231347 net:net239589 net:net326390 net:net324400 net:net392344 net:net324401 net:net239584 net:net392474 net:net393117 net:net252771 net:net190133 net:net190135 net:net324402 net:net347214 net:net346150 net:net346987 net:net348658 net:net239513 net:net228528 net:net435453 net:net457302 net:net345613
	comment: capacity:40 usage:41 overflow:1
	bbox = (732.0000, 736.5000) - (733.5000, 738.0000) on Layer -
violation type: Vertical congestion
	srcs: net:net943541 net:net456814 net:net448269 net:net445439 net:net436088 net:net435633 net:net433972 net:net429823 net:net399307 net:net390735 net:net269088 net:net231347 net:net393670 net:net393669 net:net326390 net:net324400 net:net392344 net:net326505 net:net324401 net:net239584 net:net392474 net:net393117 net:net252771 net:net190135 net:net324402 net:net347214 net:net346150 net:net346987 net:net348658 net:net239513 net:net228528 net:net435453 net:net457302 net:net345613
	comment: capacity:40 usage:43 overflow:3
	bbox = (732.0000, 738.0000) - (733.5000, 739.5000) on Layer -
violation type: Vertical congestion
	srcs: net:net943541 net:net456814 net:net448269 net:net445439 net:net436088 net:net435633 net:net433972 net:net429823 net:net399609 net:net399307 net:net390735 net:net269088 net:net231347 net:net326390 net:net324400 net:net392344 net:net326505 net:net324401 net:net239584 net:net392474 net:net393117 net:net252771 net:net190135 net:net324402 net:net347214 net:net346150 net:net346987 net:net348658 net:net239513 net:net228528 net:net435453 net:net457302 net:net345613
	comment: capacity:40 usage:42 overflow:2
	bbox = (732.0000, 739.5000) - (733.5000, 741.0000) on Layer -
violation type: Vertical congestion
	srcs: net:net943541 net:net456814 net:net448269 net:net445439 net:net436088 net:net435633 net:net433972 net:net429823 net:net399609 net:net399608 net:net399297 net:net394266 net:net390735 net:net269088 net:net231347 net:net326390 net:net392344 net:net326505 net:net324401 net:net228530 net:net239584 net:net392474 net:net393117 net:net252771 net:net190135 net:net347214 net:net346150 net:net346987 net:net348658 net:net326898 net:net239513 net:net228528 net:net435453 net:net457302 net:net345613
	comment: capacity:40 usage:44 overflow:4
	bbox = (732.0000, 741.0000) - (733.5000, 742.5000) on Layer -
violation type: Vertical congestion
	srcs: net:net458149 net:net458150 net:net458147 net:net456814 net:net450799 net:net445439 net:net438467 net:net436088 net:net435633 net:net429823 net:net390735 net:net269100 net:net269088 net:net248033 net:net246037 net:net239517 net:net199531 net:net190132 net:net239585 net:net392474 net:net393117 net:net252771 net:net239514 net:net347214 net:net346150 net:net348564 net:net348658 net:net239513 net:net283799 net:net239512 net:net435453 net:net458273 net:net457302
	comment: capacity:40 usage:41 overflow:1
	bbox = (732.0000, 762.0000) - (733.5000, 763.5000) on Layer -
violation type: Vertical congestion
	srcs: net:net456814 net:net450799 net:net445439 net:net438971 net:net438467 net:net436088 net:net435633 net:net429823 net:net399255 net:net399256 net:net392310 net:net390735 net:net269100 net:net269088 net:net248033 net:net203204 net:net239517 net:net246031 net:net199531 net:net326390 net:net228530 net:net392474 net:net393117 net:net252771 net:net365958 net:net239514 net:net347214 net:net345270 net:net346150 net:net348564 net:net348658 net:net239513 net:net283799 net:net435453 net:net458273 net:net457302 net:net345616
	comment: capacity:40 usage:43 overflow:3
	bbox = (732.0000, 765.0000) - (733.5000, 766.5000) on Layer -
violation type: Vertical congestion
	srcs: net:net578270 net:net578265 net:net578221 net:net535608 net:net56071 net:net541961 net:net65195 net:net211584 net:net535518 net:net346106 net:net346180 net:net346108 net:net298240 net:net320358 net:net239056 net:net320299 net:net232563 net:net252772 net:net268084 net:net346625 net:net347390 net:net346591 net:net320365 net:net346987 net:net348735 net:net347527 net:net324777 net:net258433 net:net324799 net:net358054 net:net320369 net:net345166 net:net345508 net:net346780 net:net346771 net:net345631 net:net348434 net:net347092
	comment: capacity:40 usage:41 overflow:1
	bbox = (732.0000, 973.5000) - (733.5000, 975.0000) on Layer -
violation type: Vertical congestion
	srcs: net:net449808 net:net449689 net:net449682 net:net449683 net:net399715 net:net364725 net:net393491 net:net394707 net:net326390 net:net326505 net:net228530 net:net239584 net:net190133 net:net239161 net:net434061 net:net324680 net:net239518 net:net348541 net:net346987 net:net239513 net:net283799 net:net228528 net:net239512 net:net459802 net:net345783 net:net345443 net:net345608 net:net347633 net:net361077 net:net347556
	comment: capacity:40 usage:41 overflow:1
	bbox = (733.5000, 702.0000) - (735.0000, 703.5000) on Layer -
violation type: Vertical congestion
	srcs: net:net392370 net:net392356 net:net364725 net:net246037 net:net394707 net:net326390 net:net324400 net:net246038 net:net326505 net:net228530 net:net239584 net:net190133 net:net190135 net:net434061 net:net392375 net:net239577 net:net348541 net:net358405 net:net346987 net:net346112 net:net239513 net:net239512 net:net459802 net:net345783 net:net345443 net:net345608 net:net347633 net:net347556
	comment: capacity:37 usage:40 overflow:3
	bbox = (733.5000, 708.0000) - (735.0000, 709.5000) on Layer -
violation type: Vertical congestion
	srcs: net:net455776 net:net446304 net:net438973 net:net438468 net:net402401 net:net402402 net:net402400 net:net393208 net:net390494 net:net390446 net:net364725 net:net231271 net:net230430 net:net239589 net:net429297 net:net394707 net:net246038 net:net324401 net:net324678 net:net324679 net:net324403 net:net434061 net:net392528 net:net392316 net:net392375 net:net239525 net:net239577 net:net239518 net:net348541 net:net345984 net:net358405 net:net346112 net:net345608
	comment: capacity:40 usage:42 overflow:2
	bbox = (733.5000, 730.5000) - (735.0000, 732.0000) on Layer -
violation type: Vertical congestion
	srcs: net:net453897 net:net438468 net:net429761 net:net393208 net:net391077 net:net390446 net:net364725 net:net34251 net:net230430 net:net453896 net:net246037 net:net429297 net:net239517 net:net246038 net:net429419 net:net239585 net:net324403 net:net92054 net:net190134 net:net434061 net:net239577 net:net239514 net:net298242 net:net358054 net:net326899 net:net239512 net:net439575 net:net402424 net:net345608 net:net345645
	comment: capacity:40 usage:41 overflow:1
	bbox = (733.5000, 754.5000) - (735.0000, 756.0000) on Layer -
violation type: Vertical congestion
	srcs: net:net581952 net:net581195 net:net537919 net:net535514 net:net535699 net:net348668 net:net347363 net:net357564 net:net535419 net:net345900 net:net357784 net:net536047 net:net295118 net:net535518 net:net535441 net:net535569 net:net535573 net:net347823 net:net347757 net:net345880 net:net252352 net:net346076 net:net346251 net:net320311 net:net269093 net:net348662 net:net263742 net:net345506 net:net347623 net:net345666 net:net347709 net:net348453 net:net347552 net:net345856
	comment: capacity:34 usage:35 overflow:1
	bbox = (733.5000, 949.5000) - (735.0000, 951.0000) on Layer -
violation type: Vertical congestion
	srcs: net:net542129 net:net542091 net:net541955 net:net535252 net:net541961 net:net211586 net:net211584 net:net358503 net:net298238 net:net320356 net:net346180 net:net210716 net:net271421 net:net346655 net:net347419 net:net347451 net:net346989 net:net361431 net:net347048 net:net347079 net:net324496 net:net299232 net:net347659 net:net345890 net:net346539 net:net346476 net:net59185 net:net346782 net:net346961 net:net346837 net:net255820 net:net345540 net:net346898 net:net346780 net:net348704 net:net347556 net:net1020165
	comment: capacity:40 usage:41 overflow:1
	bbox = (733.5000, 979.5000) - (735.0000, 981.0000) on Layer -
violation type: Vertical congestion
	srcs: net:net449347 net:net436118 net:net435596 net:net422596 net:net422566 net:net422561 net:net422560 net:net399117 net:net399116 net:net399109 net:net394079 net:net392329 net:net392328 net:net390919 net:net358391 net:net326390 net:net228530 net:net190135 net:net92054 net:net324434 net:net199535 net:net248027 net:net327134 net:net392375 net:net346122 net:net326899 net:net326898 net:net346927 net:net346908 net:net361234 net:net402433 net:net358390 net:net453037 net:net393448 net:net345858
	comment: capacity:39 usage:41 overflow:2
	bbox = (735.0000, 681.0000) - (736.5000, 682.5000) on Layer -
violation type: Vertical congestion
	srcs: net:net453897 net:net449799 net:net436118 net:net435596 net:net393981 net:net393085 net:net390919 net:net246392 net:net243178 net:net231546 net:net231517 net:net326390 net:net239585 net:net324678 net:net324679 net:net190133 net:net365958 net:net92054 net:net324434 net:net453899 net:net203227 net:net246391 net:net327134 net:net243179 net:net239525 net:net239577 net:net345311 net:net346719 net:net326899 net:net298269 net:net326898 net:net239513
	comment: capacity:40 usage:43 overflow:3
	bbox = (735.0000, 747.0000) - (736.5000, 748.5000) on Layer -
violation type: Vertical congestion
	srcs: net:net453897 net:net449799 net:net440674 net:net440672 net:net439946 net:net436118 net:net435596 net:net393085 net:net390919 net:net246392 net:net243178 net:net231546 net:net231517 net:net326390 net:net239585 net:net324678 net:net324679 net:net190133 net:net365958 net:net324434 net:net453899 net:net203227 net:net246391 net:net327134 net:net243179 net:net239525 net:net239577 net:net346719 net:net326899 net:net298269 net:net326898 net:net239513
	comment: capacity:40 usage:42 overflow:2
	bbox = (735.0000, 748.5000) - (736.5000, 750.0000) on Layer -
violation type: Vertical congestion
	srcs: net:net450624 net:net449799 net:net442869 net:net436118 net:net435596 net:net393085 net:net390919 net:net364262 net:net34259 net:net246394 net:net246392 net:net243178 net:net239589 net:net392277 net:net324678 net:net92054 net:net324434 net:net345289 net:net231555 net:net203227 net:net327134 net:net243179 net:net324680 net:net239577 net:net239514 net:net91046 net:net345044 net:net346719 net:net326900 net:net298269 net:net326898 net:net283799
	comment: capacity:40 usage:41 overflow:1
	bbox = (735.0000, 768.0000) - (736.5000, 769.5000) on Layer -
violation type: Vertical congestion
	srcs: net:net450624 net:net449799 net:net436118 net:net435596 net:net393856 net:net393085 net:net392557 net:net392555 net:net392554 net:net390919 net:net364262 net:net34259 net:net246394 net:net243178 net:net392277 net:net246038 net:net324678 net:net92054 net:net324434 net:net345289 net:net231555 net:net203227 net:net327134 net:net243179 net:net239518 net:net239514 net:net91046 net:net358057 net:net346719 net:net326900 net:net298269 net:net326898 net:net283799
	comment: capacity:40 usage:41 overflow:1
	bbox = (735.0000, 772.5000) - (736.5000, 774.0000) on Layer -
violation type: Vertical congestion
	srcs: net:net89884 net:net450624 net:net449799 net:net436118 net:net435596 net:net401425 net:net393085 net:net390919 net:net390737 net:net364262 net:net34259 net:net298257 net:net298256 net:net298251 net:net298248 net:net246394 net:net390928 net:net392277 net:net246038 net:net324678 net:net92054 net:net324434 net:net345289 net:net231555 net:net203227 net:net327134 net:net239518 net:net239514 net:net91046 net:net358057 net:net346719 net:net326900 net:net326898 net:net283799
	comment: capacity:40 usage:42 overflow:2
	bbox = (735.0000, 777.0000) - (736.5000, 778.5000) on Layer -
violation type: Vertical congestion
	srcs: net:net89884 net:net450624 net:net449799 net:net436118 net:net435596 net:net393085 net:net392749 net:net364262 net:net324472 net:net246394 net:net243165 net:net239166 net:net231546 net:net239589 net:net392308 net:net324678 net:net324679 net:net230433 net:net324434 net:net345289 net:net231555 net:net190134 net:net92063 net:net239525 net:net239577 net:net239514 net:net91046 net:net346659 net:net346719 net:net346507 net:net326898 net:net345575 net:net345738
	comment: capacity:40 usage:41 overflow:1
	bbox = (735.0000, 783.0000) - (736.5000, 784.5000) on Layer -
violation type: Vertical congestion
	srcs: net:net89884 net:net449799 net:net436118 net:net435596 net:net393085 net:net392749 net:net364262 net:net328133 net:net231546 net:net239589 net:net324400 net:net63615 net:net392560 net:net324678 net:net324679 net:net346597 net:net230433 net:net92054 net:net324434 net:net345289 net:net231555 net:net248027 net:net390466 net:net239525 net:net239577 net:net91046 net:net346719 net:net346507 net:net326898 net:net255749 net:net345738 net:net347550
	comment: capacity:38 usage:40 overflow:2
	bbox = (735.0000, 789.0000) - (736.5000, 790.5000) on Layer -
violation type: Vertical congestion
	srcs: net:net979227 net:net435596 net:net393172 net:net392749 net:net324746 net:net295111 net:net231546 net:net228988 net:net203210 net:net239589 net:net246037 net:net298247 net:net228527 net:net228529 net:net326505 net:net228530 net:net248055 net:net324434 net:net345289 net:net324680 net:net345917 net:net324512 net:net324755 net:net91046 net:net271421 net:net346719 net:net347862 net:net346507 net:net246043 net:net326898 net:net228528 net:net239512 net:net345603 net:net192772
	comment: capacity:40 usage:42 overflow:2
	bbox = (735.0000, 801.0000) - (736.5000, 802.5000) on Layer -
violation type: Vertical congestion
	srcs: net:net942902 net:net542070 net:net542053 net:net541955 net:net541954 net:net541941 net:net537274 net:net541956 net:net541957 net:net89235 net:net89908 net:net346247 net:net271810 net:net320171 net:net281842 net:net232919 net:net346316 net:net346152 net:net346220 net:net246810 net:net346150 net:net345203 net:net347388 net:net346049 net:net347833 net:net347800 net:net348658 net:net345923 net:net348568 net:net361061 net:net345783 net:net345573 net:net345691 net:net358194 net:net347190 net:net345852 net:net345942
	comment: capacity:37 usage:39 overflow:2
	bbox = (735.0000, 985.5000) - (736.5000, 987.0000) on Layer -
violation type: Vertical congestion
	srcs: net:net458149 net:net439168 net:net231271 net:net219747 net:net246037 net:net248037 net:net452281 net:net390925 net:net392277 net:net246038 net:net326505 net:net346634 net:net239584 net:net239585 net:net190133 net:net324403 net:net324794 net:net190135 net:net231003 net:net358591 net:net230432 net:net324402 net:net361056 net:net346148 net:net344940 net:net345540 net:net345533 net:net345616
	comment: capacity:36 usage:37 overflow:1
	bbox = (736.5000, 760.5000) - (738.0000, 762.0000) on Layer -
violation type: Vertical congestion
	srcs: net:net971560 net:net392754 net:net326886 net:net324757 net:net324756 net:net231301 net:net231271 net:net203210 net:net326390 net:net246038 net:net320081 net:net231555 net:net231547 net:net392753 net:net239525 net:net239577 net:net239518 net:net266666 net:net271810 net:net348602 net:net347299 net:net346148 net:net346251 net:net345116 net:net344940 net:net246043 net:net326900 net:net326899 net:net298269 net:net239513 net:net345603 net:net345738
	comment: capacity:38 usage:40 overflow:2
	bbox = (736.5000, 796.5000) - (738.0000, 798.0000) on Layer -
violation type: Vertical congestion
	srcs: net:net971560 net:net943525 net:net392754 net:net269286 net:net248028 net:net231301 net:net231271 net:net65195 net:net326390 net:net246038 net:net228529 net:net320081 net:net324678 net:net324679 net:net190133 net:net92054 net:net231555 net:net392753 net:net239525 net:net239577 net:net239518 net:net348602 net:net347299 net:net346148 net:net346251 net:net345116 net:net344940 net:net326900 net:net298269 net:net239513
	comment: capacity:40 usage:41 overflow:1
	bbox = (736.5000, 799.5000) - (738.0000, 801.0000) on Layer -
violation type: Vertical congestion
	srcs: net:net971560 net:net943525 net:net392754 net:net327142 net:net326895 net:net320084 net:net320080 net:net269286 net:net231301 net:net231271 net:net65195 net:net246038 net:net324425 net:net320081 net:net324678 net:net324679 net:net190133 net:net190134 net:net324402 net:net392753 net:net239525 net:net239577 net:net239518 net:net348577 net:net346614 net:net344944 net:net346148 net:net346251 net:net345116 net:net344940 net:net283799
	comment: capacity:40 usage:41 overflow:1
	bbox = (736.5000, 804.0000) - (738.0000, 805.5000) on Layer -
violation type: Vertical congestion
	srcs: net:net971560 net:net435600 net:net435599 net:net435575 net:net435551 net:net435465 net:net435457 net:net392754 net:net326580 net:net326452 net:net269286 net:net246037 net:net65195 net:net246038 net:net320081 net:net324679 net:net326453 net:net92054 net:net392753 net:net239525 net:net239577 net:net239518 net:net239514 net:net348636 net:net345305 net:net320309 net:net344944 net:net346148 net:net345116 net:net344940 net:net326900 net:net326898 net:net345789 net:net348458
	comment: capacity:40 usage:44 overflow:4
	bbox = (736.5000, 813.0000) - (738.0000, 814.5000) on Layer -
violation type: Vertical congestion
	srcs: net:net542115 net:net542103 net:net541984 net:net541954 net:net535252 net:net541961 net:net211586 net:net211584 net:net541957 net:net346144 net:net346212 net:net283803 net:net324498 net:net299234 net:net252352 net:net345164 net:net347661 net:net347682 net:net346721 net:net223116 net:net344944 net:net219343 net:net348600 net:net347267 net:net347328 net:net346709 net:net346216 net:net345887 net:net344940 net:net358059 net:net346752 net:net346810 net:net361239 net:net360681 net:net348702 net:net347586
	comment: capacity:40 usage:41 overflow:1
	bbox = (736.5000, 979.5000) - (738.0000, 981.0000) on Layer -
violation type: Vertical congestion
	srcs: net:net458630 net:net457679 net:net450164 net:net449194 net:net447258 net:net432921 net:net399236 net:net399198 net:net399117 net:net399110 net:net392895 net:net392371 net:net392328 net:net392305 net:net34237 net:net243178 net:net203204 net:net393379 net:net394661 net:net239517 net:net347502 net:net440428 net:net239585 net:net324678 net:net324403 net:net239514 net:net347361 net:net346985 net:net345579 net:net345635 net:net455885 net:net361234 net:net345660 net:net393654 net:net345856 net:net345850
	comment: capacity:40 usage:41 overflow:1
	bbox = (738.0000, 715.5000) - (739.5000, 717.0000) on Layer -
violation type: Vertical congestion
	srcs: net:net458630 net:net457679 net:net450164 net:net447258 net:net432921 net:net399236 net:net399110 net:net395053 net:net392627 net:net392616 net:net392371 net:net392328 net:net392305 net:net34237 net:net243178 net:net393379 net:net239517 net:net392277 net:net190132 net:net228530 net:net239585 net:net324678 net:net324679 net:net190135 net:net392526 net:net239518 net:net346985 net:net347657 net:net283799 net:net345635 net:net361234 net:net393654 net:net345856
	comment: capacity:40 usage:42 overflow:2
	bbox = (738.0000, 720.0000) - (739.5000, 721.5000) on Layer -
violation type: Vertical congestion
	srcs: net:net458630 net:net457679 net:net450164 net:net447258 net:net432921 net:net399236 net:net399110 net:net392371 net:net392328 net:net392305 net:net34237 net:net393379 net:net239517 net:net392277 net:net190132 net:net228530 net:net239585 net:net324678 net:net324679 net:net190135 net:net92054 net:net392526 net:net239518 net:net346985 net:net347657 net:net239513 net:net283799 net:net239512 net:net345635 net:net393654 net:net345856
	comment: capacity:40 usage:43 overflow:3
	bbox = (738.0000, 723.0000) - (739.5000, 724.5000) on Layer -
violation type: Vertical congestion
	srcs: net:net459243 net:net459242 net:net459241 net:net458630 net:net457679 net:net450164 net:net447258 net:net432921 net:net399236 net:net399110 net:net392371 net:net392328 net:net392305 net:net34237 net:net231519 net:net393379 net:net392277 net:net228530 net:net239584 net:net239585 net:net190133 net:net190135 net:net392526 net:net346985 net:net347657 net:net239513 net:net283799 net:net239512 net:net459319 net:net345635 net:net345856
	comment: capacity:38 usage:39 overflow:1
	bbox = (738.0000, 726.0000) - (739.5000, 727.5000) on Layer -
violation type: Vertical congestion
	srcs: net:net439170 net:net439142 net:net439140 net:net438964 net:net438959 net:net432921 net:net392472 net:net392309 net:net34237 net:net246029 net:net231528 net:net246037 net:net392561 net:net446309 net:net326390 net:net399200 net:net399112 net:net324400 net:net246038 net:net190133 net:net324791 net:net438965 net:net439143 net:net392526 net:net346715 net:net346993 net:net265862 net:net346587 net:net346985 net:net347657 net:net2305 net:net239512 net:net345483 net:net345439 net:net345942
	comment: capacity:40 usage:41 overflow:1
	bbox = (738.0000, 765.0000) - (739.5000, 766.5000) on Layer -
violation type: Vertical congestion
	srcs: net:net943525 net:net392298 net:net228989 net:net214049 net:net269099 net:net324400 net:net190132 net:net324401 net:net239584 net:net324403 net:net190135 net:net92054 net:net190134 net:net239514 net:net346715 net:net346993 net:net345081 net:net347267 net:net326941 net:net346985 net:net347798 net:net347657 net:net345981 net:net346837 net:net361126 net:net347134 net:net345942
	comment: capacity:34 usage:36 overflow:2
	bbox = (738.0000, 796.5000) - (739.5000, 798.0000) on Layer -
violation type: Vertical congestion
	srcs: net:net429380 net:net401539 net:net401533 net:net392298 net:net326458 net:net324703 net:net269095 net:net248033 net:net269096 net:net324400 net:net326505 net:net190132 net:net239584 net:net324678 net:net324403 net:net269097 net:net190135 net:net231555 net:net324402 net:net320091 net:net255227 net:net346715 net:net326516 net:net346993 net:net345081 net:net347267 net:net258433 net:net346985 net:net347798 net:net269093 net:net326899 net:net267064
	comment: capacity:40 usage:41 overflow:1
	bbox = (738.0000, 808.5000) - (739.5000, 810.0000) on Layer -
violation type: Vertical congestion
	srcs: net:net435465 net:net435466 net:net401539 net:net401533 net:net392298 net:net324400 net:net326505 net:net190132 net:net239584 net:net324678 net:net324679 net:net324403 net:net190135 net:net231555 net:net324402 net:net320091 net:net255227 net:net346715 net:net326573 net:net326516 net:net346993 net:net347267 net:net345974 net:net258433 net:net346985 net:net347798 net:net348561 net:net269093 net:net326899 net:net239512 net:net267064 net:net399138
	comment: capacity:40 usage:43 overflow:3
	bbox = (738.0000, 810.0000) - (739.5000, 811.5000) on Layer -
violation type: Vertical congestion
	srcs: net:net435576 net:net435470 net:net435465 net:net435466 net:net435456 net:net435457 net:net401539 net:net401533 net:net392298 net:net239589 net:net324400 net:net190132 net:net239584 net:net324403 net:net231555 net:net324402 net:net320091 net:net255227 net:net346715 net:net326573 net:net326516 net:net346993 net:net347267 net:net347862 net:net345974 net:net258433 net:net346985 net:net347798 net:net348561 net:net269093 net:net326899 net:net239512 net:net267064 net:net399138
	comment: capacity:40 usage:42 overflow:2
	bbox = (738.0000, 811.5000) - (739.5000, 813.0000) on Layer -
violation type: Vertical congestion
	srcs: net:net435576 net:net435470 net:net435469 net:net401539 net:net401533 net:net401490 net:net392298 net:net239589 net:net326390 net:net324400 net:net324401 net:net239584 net:net239585 net:net324402 net:net320091 net:net255227 net:net346715 net:net326573 net:net320314 net:net326516 net:net346993 net:net347267 net:net347862 net:net345974 net:net320304 net:net258433 net:net346985 net:net347798 net:net348561 net:net269093 net:net347663 net:net326899 net:net239512 net:net345449 net:net267064 net:net399138
	comment: capacity:40 usage:45 overflow:5
	bbox = (738.0000, 813.0000) - (739.5000, 814.5000) on Layer -
violation type: Vertical congestion
	srcs: net:net401539 net:net401533 net:net401490 net:net392750 net:net392298 net:net390425 net:net239218 net:net230659 net:net239589 net:net326390 net:net324400 net:net324401 net:net239584 net:net324402 net:net326521 net:net320091 net:net255227 net:net346715 net:net358429 net:net326573 net:net320314 net:net326516 net:net346993 net:net347267 net:net347862 net:net345974 net:net320304 net:net258433 net:net346985 net:net347798 net:net348561 net:net269093 net:net347663 net:net326899 net:net239512 net:net345449 net:net267064 net:net399138
	comment: capacity:40 usage:46 overflow:6
	bbox = (738.0000, 814.5000) - (739.5000, 816.0000) on Layer -
violation type: Vertical congestion
	srcs: net:net541998 net:net541996 net:net535252 net:net541961 net:net211584 net:net541957 net:net11908 net:net345917 net:net346214 net:net346307 net:net345281 net:net346344 net:net345044 net:net347802 net:net347661 net:net345079 net:net345375 net:net345283 net:net254737 net:net361061 net:net345750 net:net346931 net:net361516 net:net345781 net:net345537 net:net346777 net:net346828 net:net345637 net:net84903 net:net361239 net:net360688 net:net345727 net:net361081 net:net361077 net:net347100 net:net75586 net:net347552
	comment: capacity:40 usage:41 overflow:1
	bbox = (738.0000, 973.5000) - (739.5000, 975.0000) on Layer -
violation type: Vertical congestion
	srcs: net:net1005246 net:net1005232 net:net1005215 net:net542109 net:net542107 net:net541998 net:net541961 net:net11908 net:net345917 net:net346214 net:net346307 net:net324788 net:net345281 net:net345044 net:net348602 net:net324494 net:net320362 net:net345079 net:net345921 net:net324500 net:net345375 net:net345283 net:net254737 net:net361061 net:net1017798 net:net345750 net:net345447 net:net361516 net:net345781 net:net345746 net:net346927 net:net346958 net:net255749 net:net346828 net:net347619 net:net361081 net:net75586 net:net347554 net:net345850
	comment: capacity:40 usage:41 overflow:1
	bbox = (738.0000, 979.5000) - (739.5000, 981.0000) on Layer -
violation type: Vertical congestion
	srcs: net:net459602 net:net34251 net:net246037 net:net457189 net:net457193 net:net326505 net:net190132 net:net324401 net:net239584 net:net457190 net:net393800 net:net324402 net:net239518 net:net346369 net:net283799 net:net422785 net:net459726 net:net453586 net:net453560 net:net347560 net:net347163 net:net347554 net:net393364
	comment: capacity:30 usage:31 overflow:1
	bbox = (739.5000, 685.5000) - (741.0000, 687.0000) on Layer -
violation type: Vertical congestion
	srcs: net:net455774 net:net448730 net:net399179 net:net394663 net:net392858 net:net392857 net:net392626 net:net392616 net:net34251 net:net324814 net:net269286 net:net394664 net:net243167 net:net324400 net:net457189 net:net326505 net:net324401 net:net228530 net:net190135 net:net393800 net:net324402 net:net346369 net:net347453 net:net228528 net:net393364 net:net345850
	comment: capacity:30 usage:33 overflow:3
	bbox = (739.5000, 718.5000) - (741.0000, 720.0000) on Layer -
violation type: Vertical congestion
	srcs: net:net448730 net:net447755 net:net446782 net:net435662 net:net399179 net:net392304 net:net364262 net:net324814 net:net269286 net:net231251 net:net239589 net:net228990 net:net269099 net:net243167 net:net390445 net:net326505 net:net228530 net:net239584 net:net190135 net:net393800 net:net394093 net:net346369 net:net347665 net:net326898 net:net239513
	comment: capacity:30 usage:32 overflow:2
	bbox = (739.5000, 738.0000) - (741.0000, 739.5000) on Layer -
violation type: Vertical congestion
	srcs: net:net448730 net:net447879 net:net446782 net:net435662 net:net399179 net:net392408 net:net392304 net:net364262 net:net324814 net:net269286 net:net231251 net:net239589 net:net228990 net:net269099 net:net243167 net:net390445 net:net326505 net:net228530 net:net239584 net:net190135 net:net393800 net:net394093 net:net346369 net:net347665 net:net326898 net:net239513
	comment: capacity:30 usage:33 overflow:3
	bbox = (739.5000, 739.5000) - (741.0000, 741.0000) on Layer -
violation type: Vertical congestion
	srcs: net:net448730 net:net447879 net:net446782 net:net435662 net:net399179 net:net392439 net:net392408 net:net392304 net:net364262 net:net324814 net:net269286 net:net231251 net:net239589 net:net393511 net:net228990 net:net243167 net:net390445 net:net326505 net:net228530 net:net239585 net:net190135 net:net394093 net:net346369 net:net347665 net:net326899 net:net326898
	comment: capacity:30 usage:33 overflow:3
	bbox = (739.5000, 741.0000) - (741.0000, 742.5000) on Layer -
violation type: Vertical congestion
	srcs: net:net447879 net:net435662 net:net392737 net:net326588 net:net298335 net:net269286 net:net228972 net:net214054 net:net228990 net:net243167 net:net239217 net:net231016 net:net392306 net:net298253 net:net324791 net:net63478 net:net228992 net:net231307 net:net346039 net:net229842 net:net346369 net:net347665 net:net345168 net:net345126 net:net346112 net:net267962 net:net344999 net:net239513 net:net347707 net:net347108
	comment: capacity:30 usage:31 overflow:1
	bbox = (739.5000, 781.5000) - (741.0000, 783.0000) on Layer -
violation type: Vertical congestion
	srcs: net:net447879 net:net435662 net:net326588 net:net298335 net:net269286 net:net243166 net:net228972 net:net214054 net:net203212 net:net228990 net:net243167 net:net203217 net:net239217 net:net231016 net:net324791 net:net63478 net:net228992 net:net231307 net:net346039 net:net229842 net:net346369 net:net347665 net:net345168 net:net345126 net:net346112 net:net267962 net:net344999 net:net239513 net:net347707 net:net347108
	comment: capacity:30 usage:31 overflow:1
	bbox = (739.5000, 783.0000) - (741.0000, 784.5000) on Layer -
violation type: Vertical congestion
	srcs: net:net447879 net:net435662 net:net435457 net:net326588 net:net92056 net:net269286 net:net269095 net:net230320 net:net228990 net:net239217 net:net326505 net:net239585 net:net392592 net:net346369 net:net346437 net:net347665 net:net345168 net:net345126 net:net346112 net:net283799 net:net239512 net:net345471 net:net347108
	comment: capacity:25 usage:27 overflow:2
	bbox = (739.5000, 796.5000) - (741.0000, 798.0000) on Layer -
violation type: Vertical congestion
	srcs: net:net447879 net:net435662 net:net435457 net:net326588 net:net92056 net:net269095 net:net248054 net:net248043 net:net230320 net:net239217 net:net326505 net:net239585 net:net392592 net:net346369 net:net346437 net:net347665 net:net345168 net:net345126 net:net361105 net:net346112 net:net283799 net:net239512 net:net345471 net:net347108 net:net345942
	comment: capacity:27 usage:29 overflow:2
	bbox = (739.5000, 798.0000) - (741.0000, 799.5000) on Layer -
violation type: Vertical congestion
	srcs: net:net435665 net:net435664 net:net435662 net:net435456 net:net435457 net:net435455 net:net435454 net:net429291 net:net326588 net:net269100 net:net231301 net:net228535 net:net239517 net:net239217 net:net190135 net:net392592 net:net346713 net:net320299 net:net346369 net:net346437 net:net347665 net:net345168 net:net345126 net:net361105 net:net346112 net:net344999 net:net239513 net:net345746 net:net345942
	comment: capacity:30 usage:32 overflow:2
	bbox = (739.5000, 811.5000) - (741.0000, 813.0000) on Layer -
violation type: Vertical congestion
	srcs: net:net541955 net:net541954 net:net535252 net:net211586 net:net541956 net:net211584 net:net1017986 net:net541957 net:net345917 net:net360653 net:net345346 net:net345083 net:net345164 net:net345121 net:net360841 net:net345927 net:net61990 net:net345481 net:net345443 net:net345506 net:net346834 net:net346777 net:net345476 net:net345693 net:net361123 net:net244487
	comment: capacity:30 usage:31 overflow:1
	bbox = (739.5000, 966.0000) - (741.0000, 967.5000) on Layer -
violation type: Vertical congestion
	srcs: net:net347028 net:net460075 net:net459603 net:net456766 net:net456767 net:net456694 net:net456692 net:net441530 net:net392695 net:net239589 net:net390909 net:net440428 net:net230405 net:net441367 net:net324680 net:net324443 net:net347379 net:net63608 net:net346631 net:net346379 net:net346342 net:net348491 net:net239513 net:net228528 net:net422776 net:net460270 net:net1078923
	comment: capacity:30 usage:31 overflow:1
	bbox = (741.0000, 675.0000) - (742.5000, 676.5000) on Layer -
violation type: Vertical congestion
	srcs: net:net460075 net:net459603 net:net456702 net:net456701 net:net456692 net:net441530 net:net392695 net:net239589 net:net390909 net:net440900 net:net324400 net:net440428 net:net230405 net:net441367 net:net324678 net:net324680 net:net324443 net:net347379 net:net346631 net:net346379 net:net346342 net:net239513 net:net228528 net:net422776 net:net460270
	comment: capacity:30 usage:31 overflow:1
	bbox = (741.0000, 678.0000) - (742.5000, 679.5000) on Layer -
violation type: Vertical congestion
	srcs: net:net460075 net:net459603 net:net441530 net:net422601 net:net392695 net:net239589 net:net390909 net:net440428 net:net230405 net:net441367 net:net324678 net:net190135 net:net392375 net:net324680 net:net324443 net:net347379 net:net346631 net:net239513 net:net228528 net:net422776 net:net460270 net:net456826
	comment: capacity:27 usage:28 overflow:1
	bbox = (741.0000, 679.5000) - (742.5000, 681.0000) on Layer -
violation type: Vertical congestion
	srcs: net:net451118 net:net392487 net:net324486 net:net239517 net:net390909 net:net326390 net:net392344 net:net392341 net:net239584 net:net239585 net:net190133 net:net92054 net:net324680 net:net324443 net:net239525 net:net239518 net:net346367 net:net239513 net:net283799 net:net460270 net:net456826 net:net347100
	comment: capacity:30 usage:33 overflow:3
	bbox = (741.0000, 705.0000) - (742.5000, 706.5000) on Layer -
violation type: Vertical congestion
	srcs: net:net451118 net:net393450 net:net393449 net:net392672 net:net392487 net:net392459 net:net390437 net:net324486 net:net239517 net:net390909 net:net326390 net:net392341 net:net239584 net:net392664 net:net92054 net:net392663 net:net324443 net:net346367 net:net2305 net:net239513 net:net283799 net:net460270 net:net456826 net:net347100
	comment: capacity:29 usage:30 overflow:1
	bbox = (741.0000, 708.0000) - (742.5000, 709.5000) on Layer -
violation type: Vertical congestion
	srcs: net:net429408 net:net399127 net:net393996 net:net393222 net:net390750 net:net326562 net:net298261 net:net248050 net:net246012 net:net228531 net:net231016 net:net281836 net:net228538 net:net392625 net:net320331 net:net346367 net:net324508 net:net358429 net:net344999 net:net345160 net:net346448 net:net239513 net:net228528 net:net346752 net:net61990 net:net345449 net:net345439 net:net456826 net:net347100
	comment: capacity:29 usage:31 overflow:2
	bbox = (741.0000, 796.5000) - (742.5000, 798.0000) on Layer -
violation type: Vertical congestion
	srcs: net:net949473 net:net269298 net:net246012 net:net326390 net:net393568 net:net326505 net:net190132 net:net228530 net:net239584 net:net92054 net:net243152 net:net392592 net:net346367 net:net324508 net:net211583 net:net257643 net:net326941 net:net345160 net:net346448 net:net346752 net:net61990 net:net345439 net:net456826 net:net347100
	comment: capacity:27 usage:30 overflow:3
	bbox = (741.0000, 816.0000) - (742.5000, 817.5000) on Layer -
violation type: Vertical congestion
	srcs: net:net392591 net:net246012 net:net326390 net:net246038 net:net393568 net:net326505 net:net190132 net:net298262 net:net228530 net:net239584 net:net92054 net:net243152 net:net346367 net:net324508 net:net211583 net:net326941 net:net345160 net:net346448 net:net239512 net:net346752 net:net61990 net:net345439 net:net456826 net:net347100
	comment: capacity:30 usage:32 overflow:2
	bbox = (741.0000, 817.5000) - (742.5000, 819.0000) on Layer -
violation type: Vertical congestion
	srcs: net:net392591 net:net246012 net:net231251 net:net326390 net:net246038 net:net393568 net:net326505 net:net190132 net:net228530 net:net239584 net:net92054 net:net347411 net:net347040 net:net346367 net:net324508 net:net211583 net:net326941 net:net345160 net:net346448 net:net239512 net:net346752 net:net61990 net:net345439 net:net456826 net:net347100
	comment: capacity:30 usage:33 overflow:3
	bbox = (741.0000, 819.0000) - (742.5000, 820.5000) on Layer -
violation type: Vertical congestion
	srcs: net:net392591 net:net327079 net:net246035 net:net246012 net:net246013 net:net246014 net:net326390 net:net246038 net:net393568 net:net190132 net:net228530 net:net239584 net:net92054 net:net347411 net:net347040 net:net346367 net:net324508 net:net211583 net:net347330 net:net326941 net:net345160 net:net346448 net:net346752 net:net61990 net:net345439 net:net347100
	comment: capacity:30 usage:32 overflow:2
	bbox = (741.0000, 820.5000) - (742.5000, 822.0000) on Layer -
violation type: Vertical congestion
	srcs: net:net535672 net:net535555 net:net202853 net:net316205 net:net535564 net:net91485 net:net535571 net:net535558 net:net535576 net:net535556 net:net535588 net:net535583 net:net535574 net:net535559 net:net218973 net:net316208 net:net346839 net:net345542 net:net345445 net:net346808 net:net345540 net:net345479 net:net345441 net:net345639 net:net345637 net:net345671 net:net345697 net:net345727 net:net348458 net:net348456
	comment: capacity:30 usage:31 overflow:1
	bbox = (741.0000, 946.5000) - (742.5000, 948.0000) on Layer -
violation type: Vertical congestion
	srcs: net:net578218 net:net541955 net:net541954 net:net273453 net:net211586 net:net541956 net:net211584 net:net346007 net:net346039 net:net346512 net:net347830 net:net345348 net:net345283 net:net348604 net:net74417 net:net345547 net:net345449 net:net346812 net:net346841 net:net346784 net:net345483 net:net346839 net:net345569 net:net345504 net:net345471 net:net345567 net:net347709 net:net347583 net:net347183
	comment: capacity:30 usage:33 overflow:3
	bbox = (741.0000, 966.0000) - (742.5000, 967.5000) on Layer -
violation type: Vertical congestion
	srcs: net:net1005210 net:net578218 net:net560526 net:net541955 net:net273453 net:net211586 net:net541956 net:net211584 net:net541957 net:net358394 net:net347534 net:net348742 net:net346517 net:net346184 net:net345200 net:net345341 net:net346707 net:net347830 net:net74417 net:net345579 net:net345547 net:net345443 net:net345476 net:net345504 net:net345676 net:net345662 net:net2563 net:net347583
	comment: capacity:30 usage:31 overflow:1
	bbox = (741.0000, 975.0000) - (742.5000, 976.5000) on Layer -
violation type: Vertical congestion
	srcs: net:net1005210 net:net1005196 net:net578218 net:net560526 net:net541955 net:net541954 net:net538322 net:net273453 net:net541956 net:net211584 net:net358394 net:net347534 net:net348742 net:net346517 net:net346184 net:net345200 net:net345341 net:net346707 net:net347830 net:net74417 net:net345579 net:net345443 net:net345476 net:net345504 net:net347617 net:net345676 net:net345721 net:net2563
	comment: capacity:29 usage:31 overflow:2
	bbox = (741.0000, 976.5000) - (742.5000, 978.0000) on Layer -
violation type: Vertical congestion
	srcs: net:net34245 net:net324803 net:net324802 net:net324787 net:net324786 net:net246013 net:net231528 net:net231519 net:net231355 net:net231251 net:net217119 net:net217117 net:net217110 net:net217109 net:net239589 net:net347054 net:net298262 net:net324678 net:net89237 net:net324679 net:net347808 net:net324680 net:net347757 net:net345156 net:net345075 net:net346616 net:net252772 net:net345081 net:net348597 net:net346154 net:net326898 net:net283799 net:net460662 net:net199023 net:net347194 net:net345936
	comment: capacity:40 usage:42 overflow:2
	bbox = (742.5000, 816.0000) - (744.0000, 817.5000) on Layer -
violation type: Vertical congestion
	srcs: net:net401546 net:net393890 net:net393330 net:net392919 net:net273323 net:net273255 net:net89237 net:net390536 net:net345052 net:net346350 net:net320405 net:net273121 net:net346702 net:net347757 net:net345156 net:net345075 net:net346435 net:net346616 net:net346015 net:net361431 net:net345081 net:net345042 net:net346377 net:net346444 net:net345162 net:net347046 net:net347077 net:net344940 net:net361879 net:net346154 net:net345085 net:net346416 net:net460662 net:net346830 net:net345731 net:net347125 net:net347194 net:net347183 net:net1020192 net:net1020185
	comment: capacity:40 usage:41 overflow:1
	bbox = (742.5000, 841.5000) - (744.0000, 843.0000) on Layer -
violation type: Vertical congestion
	srcs: net:net1005198 net:net560602 net:net541973 net:net538322 net:net211586 net:net541956 net:net211584 net:net361090 net:net541957 net:net318433 net:net234689 net:net358061 net:net346311 net:net345241 net:net345369 net:net347264 net:net346985 net:net346717 net:net348491 net:net345451 net:net345571 net:net345441 net:net346802 net:net345635 net:net345666 net:net213649 net:net345662 net:net360688 net:net345699 net:net345695 net:net358182 net:net345719 net:net199022 net:net348453 net:net348706 net:net347129 net:net347558 net:net347183
	comment: capacity:40 usage:41 overflow:1
	bbox = (742.5000, 972.0000) - (744.0000, 973.5000) on Layer -
violation type: Vertical congestion
	srcs: net:net1005199 net:net1005198 net:net1005195 net:net541954 net:net538322 net:net535252 net:net541956 net:net361090 net:net541957 net:net347520 net:net346552 net:net318433 net:net234689 net:net358061 net:net346311 net:net346280 net:net345241 net:net345369 net:net347264 net:net346985 net:net346717 net:net348491 net:net346868 net:net345451 net:net345571 net:net345441 net:net346802 net:net345635 net:net345666 net:net213649 net:net345662 net:net345699 net:net345695 net:net358182 net:net345719 net:net199022 net:net348453 net:net348706 net:net347558
	comment: capacity:40 usage:42 overflow:2
	bbox = (742.5000, 973.5000) - (744.0000, 975.0000) on Layer -
violation type: Vertical congestion
	srcs: net:net1005164 net:net1005084 net:net1005073 net:net541955 net:net541954 net:net535252 net:net541961 net:net211586 net:net211584 net:net74440 net:net361090 net:net346472 net:net347520 net:net346552 net:net318433 net:net234689 net:net358061 net:net346311 net:net346280 net:net62013 net:net345241 net:net347264 net:net346985 net:net346717 net:net348491 net:net345571 net:net345441 net:net346802 net:net358147 net:net213648 net:net347703 net:net347731 net:net348706 net:net347558
	comment: capacity:36 usage:39 overflow:3
	bbox = (742.5000, 976.5000) - (744.0000, 978.0000) on Layer -
violation type: Vertical congestion
	srcs: net:net1005164 net:net1005152 net:net1005122 net:net535252 net:net211570 net:net211586 net:net541956 net:net74440 net:net361090 net:net541957 net:net346472 net:net347520 net:net346552 net:net320358 net:net234689 net:net344948 net:net358061 net:net346344 net:net346311 net:net346280 net:net346251 net:net62013 net:net345241 net:net347264 net:net346985 net:net346717 net:net347015 net:net344965 net:net209212 net:net345441 net:net346773 net:net345471 net:net345439 net:net358147 net:net213648 net:net347703 net:net347731 net:net347558
	comment: capacity:40 usage:41 overflow:1
	bbox = (742.5000, 979.5000) - (744.0000, 981.0000) on Layer -
violation type: Vertical congestion
	srcs: net:net441508 net:net437420 net:net437419 net:net393257 net:net392470 net:net390472 net:net364899 net:net324472 net:net320086 net:net320073 net:net246029 net:net231521 net:net231354 net:net231355 net:net429367 net:net246038 net:net324678 net:net89237 net:net429343 net:net326521 net:net324680 net:net239525 net:net239518 net:net346039 net:net298240 net:net320066 net:net324512 net:net345203 net:net345974 net:net346374 net:net345085 net:net345512 net:net261594 net:net347129
	comment: capacity:38 usage:39 overflow:1
	bbox = (744.0000, 796.5000) - (745.5000, 798.0000) on Layer -
violation type: Vertical congestion
	srcs: net:net347028 net:net446449 net:net401452 net:net364899 net:net246038 net:net320160 net:net392590 net:net63466 net:net239585 net:net324678 net:net190133 net:net190134 net:net436579 net:net347258 net:net298240 net:net324788 net:net326581 net:net234689 net:net283803 net:net246810 net:net345203 net:net346709 net:net324799 net:net347295 net:net248059 net:net326898 net:net239513 net:net228528 net:net345512 net:net346963 net:net346780 net:net345597 net:net261594
	comment: capacity:40 usage:41 overflow:1
	bbox = (744.0000, 823.5000) - (745.5000, 825.0000) on Layer -
violation type: Vertical congestion
	srcs: net:net347028 net:net446449 net:net392591 net:net392589 net:net392588 net:net392585 net:net364899 net:net246038 net:net320160 net:net392599 net:net63466 net:net228530 net:net239585 net:net324678 net:net190133 net:net190134 net:net436579 net:net347258 net:net298240 net:net324788 net:net326581 net:net234689 net:net283803 net:net246810 net:net345203 net:net346709 net:net324799 net:net347295 net:net248059 net:net326898 net:net228528 net:net345512 net:net346963 net:net346780 net:net345597 net:net261594
	comment: capacity:40 usage:44 overflow:4
	bbox = (744.0000, 825.0000) - (745.5000, 826.5000) on Layer -
violation type: Vertical congestion
	srcs: net:net347028 net:net393884 net:net392953 net:net392591 net:net392589 net:net392588 net:net392585 net:net364899 net:net246038 net:net320160 net:net392599 net:net228530 net:net239584 net:net190133 net:net190134 net:net436579 net:net347258 net:net346072 net:net298240 net:net324788 net:net229842 net:net326581 net:net234689 net:net283803 net:net246810 net:net345203 net:net346709 net:net324799 net:net347295 net:net348597 net:net248059 net:net228528 net:net345512 net:net346963 net:net346780 net:net345597 net:net261594
	comment: capacity:40 usage:43 overflow:3
	bbox = (744.0000, 826.5000) - (745.5000, 828.0000) on Layer -
violation type: Vertical congestion
	srcs: net:net1005141 net:net1005118 net:net541984 net:net541954 net:net534245 net:net534085 net:net525601 net:net47630 net:net64463 net:net211567 net:net541961 net:net211586 net:net541956 net:net211584 net:net358598 net:net346983 net:net347442 net:net299221 net:net320066 net:net324788 net:net229842 net:net324502 net:net320176 net:net346410 net:net347524 net:net348732 net:net347657 net:net347074 net:net347837 net:net317823 net:net2561 net:net345514 net:net346925 net:net345772 net:net346771 net:net358147
	comment: capacity:40 usage:41 overflow:1
	bbox = (744.0000, 985.5000) - (745.5000, 987.0000) on Layer -
violation type: Vertical congestion
	srcs: net:net460548 net:net460547 net:net456701 net:net456697 net:net453416 net:net453417 net:net449194 net:net448264 net:net441391 net:net441386 net:net438086 net:net429704 net:net422601 net:net399211 net:net393846 net:net393196 net:net392772 net:net392618 net:net392329 net:net244169 net:net437638 net:net392690 net:net440548 net:net392784 net:net346484 net:net392694 net:net227396 net:net392592 net:net324680 net:net239525 net:net239577 net:net346993 net:net347423 net:net326900 net:net326899 net:net399227 net:net345854
	comment: capacity:40 usage:42 overflow:2
	bbox = (745.5000, 724.5000) - (747.0000, 726.0000) on Layer -
violation type: Vertical congestion
	srcs: net:net446955 net:net437426 net:net432327 net:net429380 net:net399176 net:net393846 net:net393196 net:net392588 net:net392300 net:net327083 net:net320121 net:net252773 net:net246382 net:net231518 net:net217106 net:net246037 net:net437638 net:net239517 net:net324400 net:net287363 net:net246044 net:net63466 net:net190132 net:net324679 net:net243152 net:net324402 net:net346702 net:net320064 net:net346338 net:net318433 net:net345281 net:net346049 net:net320173 net:net361879 net:net346346 net:net399273 net:net345613
	comment: capacity:40 usage:43 overflow:3
	bbox = (745.5000, 796.5000) - (747.0000, 798.0000) on Layer -
violation type: Vertical congestion
	srcs: net:net446955 net:net437426 net:net432327 net:net429380 net:net429331 net:net399176 net:net393846 net:net393196 net:net392588 net:net392300 net:net320121 net:net246382 net:net231518 net:net217106 net:net246037 net:net239517 net:net324400 net:net287363 net:net63466 net:net190132 net:net324679 net:net243152 net:net324402 net:net44820 net:net346702 net:net320064 net:net346338 net:net318433 net:net345281 net:net346444 net:net346049 net:net320173 net:net361879 net:net346346
	comment: capacity:38 usage:40 overflow:2
	bbox = (745.5000, 798.0000) - (747.0000, 799.5000) on Layer -
violation type: Vertical congestion
	srcs: net:net393846 net:net393196 net:net392589 net:net392588 net:net390429 net:net246027 net:net239137 net:net231518 net:net390430 net:net429557 net:net326390 net:net246038 net:net287363 net:net63466 net:net347780 net:net44820 net:net347823 net:net320064 net:net346338 net:net318433 net:net320176 net:net347334 net:net345281 net:net324801 net:net228985 net:net346444 net:net346049 net:net347356 net:net324494 net:net324500 net:net320173 net:net267524 net:net361879 net:net346346 net:net347776 net:net347139 net:net347134 net:net347108 net:net1020192
	comment: capacity:40 usage:41 overflow:1
	bbox = (745.5000, 820.5000) - (747.0000, 822.0000) on Layer -
violation type: Vertical congestion
	srcs: net:net393846 net:net393196 net:net392589 net:net392588 net:net390429 net:net246027 net:net239137 net:net326390 net:net246038 net:net287363 net:net63466 net:net347780 net:net239518 net:net347823 net:net320064 net:net346338 net:net324772 net:net318433 net:net320176 net:net347334 net:net345281 net:net324801 net:net228985 net:net346444 net:net347356 net:net324494 net:net324500 net:net320173 net:net267524 net:net361879 net:net346346 net:net347776 net:net347139 net:net347134 net:net347132 net:net347108 net:net347159 net:net1020192
	comment: capacity:40 usage:41 overflow:1
	bbox = (745.5000, 822.0000) - (747.0000, 823.5000) on Layer -
violation type: Vertical congestion
	srcs: net:net560598 net:net541954 net:net535252 net:net534245 net:net524680 net:net211576 net:net211578 net:net541956 net:net390536 net:net320405 net:net347641 net:net346041 net:net346224 net:net346156 net:net346993 net:net348665 net:net358436 net:net347806 net:net348571 net:net346989 net:net347833 net:net347800 net:net348564 net:net347659 net:net348658 net:net344999 net:net347798 net:net347837 net:net347663 net:net348662 net:net347684 net:net55876 net:net347703 net:net345738 net:net347207 net:net347139 net:net345946
	comment: capacity:40 usage:41 overflow:1
	bbox = (745.5000, 970.5000) - (747.0000, 972.0000) on Layer -
violation type: Vertical congestion
	srcs: net:net1005092 net:net1005085 net:net560598 net:net541954 net:net534245 net:net524680 net:net211576 net:net541961 net:net211578 net:net390536 net:net541957 net:net320405 net:net347641 net:net346224 net:net346156 net:net346993 net:net348665 net:net358436 net:net347806 net:net346084 net:net346989 net:net347833 net:net347800 net:net348564 net:net347659 net:net348658 net:net344999 net:net347798 net:net347837 net:net347663 net:net348662 net:net347684 net:net55876 net:net347703 net:net345738 net:net347207 net:net347139 net:net347197
	comment: capacity:40 usage:41 overflow:1
	bbox = (745.5000, 972.0000) - (747.0000, 973.5000) on Layer -
violation type: Vertical congestion
	srcs: net:net963337 net:net942776 net:net446449 net:net446301 net:net446293 net:net392589 net:net390428 net:net34249 net:net324808 net:net320134 net:net282985 net:net244169 net:net231517 net:net231347 net:net228532 net:net217114 net:net239589 net:net239213 net:net219699 net:net446783 net:net326505 net:net228530 net:net239585 net:net429300 net:net436410 net:net345411 net:net346264 net:net324443 net:net239577 net:net345192 net:net344997 net:net348742 net:net345042 net:net346258 net:net455885 net:net347187
	comment: capacity:40 usage:41 overflow:1
	bbox = (747.0000, 796.5000) - (748.5000, 798.0000) on Layer -
violation type: Vertical congestion
	srcs: net:net942776 net:net446449 net:net446301 net:net446293 net:net392589 net:net390428 net:net34249 net:net324808 net:net320134 net:net282985 net:net244169 net:net231517 net:net231347 net:net228532 net:net217114 net:net239589 net:net239213 net:net446783 net:net228530 net:net239585 net:net429300 net:net436410 net:net345411 net:net346264 net:net324443 net:net239577 net:net345192 net:net344997 net:net348742 net:net345042 net:net324494 net:net346258 net:net239513 net:net283799 net:net346828 net:net455885 net:net347187
	comment: capacity:39 usage:43 overflow:4
	bbox = (747.0000, 798.0000) - (748.5000, 799.5000) on Layer -
violation type: Vertical congestion
	srcs: net:net942776 net:net446315 net:net446301 net:net446293 net:net34249 net:net282985 net:net244169 net:net217106 net:net246037 net:net446504 net:net326505 net:net324679 net:net345411 net:net324402 net:net346264 net:net324680 net:net239577 net:net239518 net:net239514 net:net347782 net:net345192 net:net346178 net:net344997 net:net347303 net:net361431 net:net345977 net:net346078 net:net346049 net:net203206 net:net320369 net:net346258 net:net346872 net:net2561 net:net346900 net:net345772 net:net346828 net:net455885
	comment: capacity:40 usage:45 overflow:5
	bbox = (747.0000, 822.0000) - (748.5000, 823.5000) on Layer -
violation type: Vertical congestion
	srcs: net:net942776 net:net446301 net:net446302 net:net446297 net:net446293 net:net34249 net:net282985 net:net244169 net:net217106 net:net246037 net:net446504 net:net326505 net:net324679 net:net345411 net:net324402 net:net346264 net:net239514 net:net347782 net:net345192 net:net346178 net:net346307 net:net344997 net:net347303 net:net361431 net:net345977 net:net346078 net:net346049 net:net203206 net:net320369 net:net346258 net:net346872 net:net346900 net:net345772 net:net346828 net:net455885
	comment: capacity:39 usage:40 overflow:1
	bbox = (747.0000, 823.5000) - (748.5000, 825.0000) on Layer -
violation type: Vertical congestion
	srcs: net:net942776 net:net446301 net:net446302 net:net446297 net:net446293 net:net34249 net:net282985 net:net244169 net:net217106 net:net246037 net:net446504 net:net326505 net:net324679 net:net345411 net:net324402 net:net346264 net:net347782 net:net345192 net:net346178 net:net346307 net:net344997 net:net347303 net:net361431 net:net345977 net:net346078 net:net346049 net:net203206 net:net320369 net:net346258 net:net347081 net:net346872 net:net345815 net:net346900 net:net345772 net:net346828 net:net455885
	comment: capacity:39 usage:40 overflow:1
	bbox = (747.0000, 825.0000) - (748.5000, 826.5000) on Layer -
violation type: Vertical congestion
	srcs: net:net541954 net:net535252 net:net533527 net:net528239 net:net55883 net:net273465 net:net273456 net:net273267 net:net211586 net:net541956 net:net358574 net:net347667 net:net211584 net:net346734 net:net347825 net:net348651 net:net347655 net:net211585 net:net347665 net:net211583 net:net346318 net:net346191 net:net346286 net:net347804 net:net348568 net:net345046 net:net346381 net:net286583 net:net345489 net:net202302 net:net345599 net:net345597 net:net347703
	comment: capacity:36 usage:38 overflow:2
	bbox = (747.0000, 967.5000) - (748.5000, 969.0000) on Layer -
violation type: Vertical congestion
	srcs: net:net1005186 net:net541955 net:net541954 net:net533527 net:net528239 net:net527419 net:net273465 net:net273456 net:net273267 net:net211577 net:net211575 net:net541956 net:net358574 net:net347667 net:net211584 net:net541957 net:net346734 net:net347825 net:net348651 net:net347655 net:net211585 net:net347665 net:net211583 net:net348571 net:net346191 net:net347804 net:net348568 net:net346754 net:net345544 net:net346902 net:net358077 net:net358074 net:net345489 net:net346757 net:net345599 net:net345597 net:net261594 net:net348456
	comment: capacity:40 usage:41 overflow:1
	bbox = (747.0000, 973.5000) - (748.5000, 975.0000) on Layer -
violation type: Vertical congestion
	srcs: net:net1005186 net:net1005079 net:net1005077 net:net1005076 net:net533527 net:net528239 net:net527419 net:net273465 net:net273456 net:net273267 net:net541956 net:net358574 net:net347667 net:net541957 net:net346734 net:net347825 net:net348651 net:net347655 net:net345880 net:net345919 net:net318433 net:net346261 net:net347665 net:net211583 net:net347806 net:net348571 net:net347274 net:net345897 net:net346191 net:net347804 net:net348568 net:net346754 net:net345486 net:net346837 net:net346834 net:net345489 net:net346757 net:net345606 net:net348695 net:net347550
	comment: capacity:40 usage:41 overflow:1
	bbox = (747.0000, 979.5000) - (748.5000, 981.0000) on Layer -
violation type: Vertical congestion
	srcs: net:net455773 net:net449202 net:net442374 net:net440909 net:net440418 net:net438449 net:net399234 net:net399235 net:net392644 net:net392531 net:net392510 net:net392509 net:net392269 net:net364812 net:net363529 net:net239589 net:net393508 net:net239517 net:net219695 net:net324400 net:net438136 net:net393568 net:net324401 net:net281836 net:net444843 net:net190135 net:net345270 net:net347442 net:net345032 net:net347417 net:net346222 net:net326899 net:net455885 net:net453064 net:net347132
	comment: capacity:39 usage:41 overflow:2
	bbox = (748.5000, 724.5000) - (750.0000, 726.0000) on Layer -
violation type: Vertical congestion
	srcs: net:net455773 net:net449202 net:net442374 net:net440909 net:net440418 net:net438449 net:net399234 net:net399235 net:net392644 net:net392510 net:net392509 net:net364812 net:net363529 net:net239589 net:net393508 net:net239517 net:net219695 net:net324400 net:net438136 net:net393568 net:net281836 net:net324678 net:net444843 net:net190135 net:net324680 net:net239525 net:net345270 net:net345032 net:net347417 net:net346222 net:net326899 net:net228528 net:net455885 net:net453064 net:net347132
	comment: capacity:40 usage:44 overflow:4
	bbox = (748.5000, 726.0000) - (750.0000, 727.5000) on Layer -
violation type: Vertical congestion
	srcs: net:net434386 net:net429384 net:net429339 net:net364812 net:net363529 net:net324785 net:net320105 net:net248033 net:net246024 net:net246020 net:net239137 net:net219698 net:net219694 net:net217092 net:net197848 net:net229813 net:net434375 net:net393568 net:net320196 net:net446504 net:net440548 net:net239584 net:net190133 net:net344950 net:net345432 net:net346178 net:net346007 net:net346649 net:net345194 net:net348489 net:net348561 net:net346222 net:net346017 net:net399138 net:net453064 net:net347132
	comment: capacity:37 usage:38 overflow:1
	bbox = (748.5000, 796.5000) - (750.0000, 798.0000) on Layer -
violation type: Vertical congestion
	srcs: net:net429545 net:net429544 net:net418661 net:net364812 net:net246014 net:net239137 net:net239589 net:net429395 net:net324401 net:net324678 net:net190133 net:net324403 net:net344950 net:net320185 net:net392528 net:net324680 net:net239525 net:net345432 net:net346007 net:net345194 net:net346084 net:net348489 net:net327085 net:net326456 net:net345042 net:net232898 net:net346556 net:net346222 net:net346017 net:net348604 net:net453064 net:net347132 net:net347165
	comment: capacity:39 usage:40 overflow:1
	bbox = (748.5000, 816.0000) - (750.0000, 817.5000) on Layer -
violation type: Vertical congestion
	srcs: net:net446983 net:net446314 net:net446302 net:net437428 net:net437424 net:net437421 net:net435459 net:net429374 net:net429287 net:net390943 net:net364005 net:net248015 net:net243178 net:net243148 net:net217113 net:net225879 net:net432313 net:net326550 net:net326390 net:net246044 net:net190135 net:net283007 net:net346212 net:net324474 net:net346013 net:net346011 net:net346076 net:net324494 net:net345348 net:net345123 net:net326899 net:net346839 net:net357762 net:net347142 net:net244487
	comment: capacity:37 usage:38 overflow:1
	bbox = (750.0000, 796.5000) - (751.5000, 798.0000) on Layer -
violation type: Vertical congestion
	srcs: net:net451112 net:net447236 net:net446955 net:net446481 net:net441881 net:net439433 net:net429777 net:net429721 net:net399142 net:net392543 net:net392458 net:net392407 net:net392332 net:net390711 net:net390433 net:net364987 net:net346324 net:net440908 net:net440903 net:net441875 net:net324678 net:net324679 net:net324403 net:net345411 net:net227394 net:net239577 net:net239514 net:net345158 net:net326898 net:net239520 net:net239581 net:net345476 net:net347633 net:net347194 net:net347596
	comment: capacity:39 usage:41 overflow:2
	bbox = (751.5000, 735.0000) - (753.0000, 736.5000) on Layer -
violation type: Vertical congestion
	srcs: net:net1038713 net:net436421 net:net436414 net:net435940 net:net435468 net:net429269 net:net390974 net:net363828 net:net327159 net:net320188 net:net320123 net:net217151 net:net239589 net:net347338 net:net434917 net:net429273 net:net231016 net:net324678 net:net190135 net:net92054 net:net190134 net:net345919 net:net346585 net:net345158 net:net347274 net:net345311 net:net347267 net:net346280 net:net346707 net:net239489 net:net239579 net:net346810 net:net345506 net:net346834 net:net345476 net:net345531 net:net358190
	comment: capacity:40 usage:42 overflow:2
	bbox = (754.5000, 790.5000) - (756.0000, 792.0000) on Layer -
violation type: Vertical congestion
	srcs: net:net1038713 net:net436421 net:net436414 net:net391252 net:net390974 net:net390752 net:net363828 net:net324484 net:net324483 net:net324478 net:net320123 net:net347338 net:net324477 net:net190138 net:net231016 net:net324678 net:net346456 net:net345919 net:net346585 net:net345158 net:net320171 net:net345311 net:net345205 net:net346342 net:net346280 net:net346587 net:net346707 net:net283799 net:net239497 net:net239526 net:net239489 net:net346810 net:net345506 net:net358190
	comment: capacity:35 usage:36 overflow:1
	bbox = (754.5000, 798.0000) - (756.0000, 799.5000) on Layer -
violation type: Vertical congestion
	srcs: net:net1046147 net:net1043112 net:net1041321 net:net942776 net:net434916 net:net434378 net:net433365 net:net432582 net:net432581 net:net432323 net:net432315 net:net429272 net:net364176 net:net363918 net:net446780 net:net357586 net:net429275 net:net346226 net:net429615 net:net239585 net:net239525 net:net239577 net:net239514 net:net348480 net:net347232 net:net346342 net:net239151 net:net239526 net:net239581 net:net345510 net:net346757 net:net360684 net:net347739 net:net348712
	comment: capacity:37 usage:38 overflow:1
	bbox = (756.0000, 787.5000) - (757.5000, 789.0000) on Layer -
violation type: Vertical congestion
	srcs: net:net1046147 net:net1043112 net:net1041321 net:net89884 net:net435941 net:net435937 net:net435934 net:net434916 net:net434378 net:net433365 net:net432323 net:net432315 net:net363918 net:net446780 net:net435938 net:net357586 net:net346226 net:net239585 net:net190133 net:net239525 net:net239577 net:net239514 net:net348480 net:net347232 net:net346342 net:net358054 net:net239513 net:net239485 net:net239526 net:net239581 net:net345510 net:net346757 net:net360684 net:net347739 net:net348712
	comment: capacity:40 usage:41 overflow:1
	bbox = (756.0000, 792.0000) - (757.5000, 793.5000) on Layer -
violation type: Vertical congestion
	srcs: net:net1046147 net:net1043112 net:net1041321 net:net436070 net:net435941 net:net435937 net:net435934 net:net434378 net:net433365 net:net432323 net:net432315 net:net363918 net:net228972 net:net446780 net:net357586 net:net435948 net:net346226 net:net228530 net:net190133 net:net239514 net:net348480 net:net347232 net:net346342 net:net358054 net:net239513 net:net239512 net:net239520 net:net239516 net:net239485 net:net239526 net:net239581 net:net345510 net:net345502 net:net346757 net:net360684 net:net347739 net:net348712
	comment: capacity:40 usage:42 overflow:2
	bbox = (756.0000, 795.0000) - (757.5000, 796.5000) on Layer -
violation type: Vertical congestion
	srcs: net:net1046147 net:net1043112 net:net433365 net:net432323 net:net432315 net:net432305 net:net390753 net:net363918 net:net320188 net:net228972 net:net446780 net:net357586 net:net346226 net:net228530 net:net239514 net:net348480 net:net347232 net:net346410 net:net358054 net:net345405 net:net239513 net:net239512 net:net239516 net:net239602 net:net239485 net:net345510 net:net345502 net:net345531 net:net346757 net:net347633 net:net347739 net:net348712
	comment: capacity:35 usage:36 overflow:1
	bbox = (756.0000, 798.0000) - (757.5000, 799.5000) on Layer -
violation type: Vertical congestion
	srcs: net:net1046147 net:net1043112 net:net433365 net:net432323 net:net432315 net:net432305 net:net390850 net:net363918 net:net324484 net:net324483 net:net324478 net:net324473 net:net320188 net:net228972 net:net446780 net:net324477 net:net357586 net:net346226 net:net228530 net:net239522 net:net239492 net:net348480 net:net347232 net:net346410 net:net358054 net:net345405 net:net239513 net:net239516 net:net239602 net:net239485 net:net239488 net:net345510 net:net345502 net:net345531 net:net346757 net:net347633 net:net347739 net:net348712 net:net347590
	comment: capacity:40 usage:41 overflow:1
	bbox = (756.0000, 799.5000) - (757.5000, 801.0000) on Layer -
violation type: Vertical congestion
	srcs: net:net1022751 net:net434564 net:net393678 net:net393382 net:net392805 net:net239589 net:net324400 net:net390445 net:net190132 net:net324401 net:net239585 net:net324678 net:net324679 net:net324403 net:net92054 net:net324402 net:net324680 net:net239525 net:net346247
	comment: capacity:30 usage:31 overflow:1
	bbox = (757.5000, 747.0000) - (759.0000, 748.5000) on Layer -
violation type: Vertical congestion
	srcs: net:net1045295 net:net1040783 net:net1022751 net:net434564 net:net432845 net:net231546 net:net433883 net:net346661 net:net324403 net:net92054 net:net190134 net:net433897 net:net239577 net:net345305 net:net346194 net:net347496 net:net347269 net:net347234 net:net345405 net:net345981 net:net326899 net:net239489 net:net59185 net:net55876 net:net347705 net:net75588
	comment: capacity:30 usage:31 overflow:1
	bbox = (757.5000, 781.5000) - (759.0000, 783.0000) on Layer -
violation type: Vertical congestion
	srcs: net:net442552 net:net442513 net:net442371 net:net442373 net:net433008 net:net390974 net:net239507 net:net246031 net:net190138 net:net347425 net:net239518 net:net345237 net:net345305 net:net345408 net:net345401 net:net239515 net:net239572 net:net239505 net:net239513 net:net239512 net:net239496 net:net239151 net:net239516 net:net239540 net:net239489 net:net239528 net:net239462 net:net239582
	comment: capacity:30 usage:31 overflow:1
	bbox = (759.0000, 762.0000) - (760.5000, 763.5000) on Layer -
violation type: Vertical congestion
	srcs: net:net1041321 net:net1022751 net:net447377 net:net436613 net:net432328 net:net345379 net:net347241 net:net432501 net:net324400 net:net324401 net:net432330 net:net324403 net:net239492 net:net324402 net:net239509 net:net239525 net:net239577 net:net239514 net:net345334 net:net347293 net:net345367 net:net345239 net:net358394 net:net360651 net:net345371 net:net62013 net:net62015 net:net345369 net:net320304 net:net346620 net:net357775 net:net360686 net:net357740 net:net347705
	comment: capacity:40 usage:41 overflow:1
	bbox = (760.5000, 811.5000) - (762.0000, 813.0000) on Layer -
violation type: Vertical congestion
	srcs: net:net1035589 net:net435140 net:net435060 net:net432523 net:net239589 net:net246037 net:net324400 net:net348574 net:net324401 net:net239522 net:net239493 net:net393074 net:net239508 net:net345970 net:net324492 net:net348494 net:net348487 net:net346717 net:net361435 net:net228528 net:net239516 net:net239485 net:net422576 net:net358152 net:net347627 net:net347619 net:net347605 net:net346571 net:net358192 net:net347713 net:net347744 net:net347731 net:net347729 net:net347102 net:net347207 net:net347093
	comment: capacity:40 usage:41 overflow:1
	bbox = (763.5000, 793.5000) - (765.0000, 795.0000) on Layer -
violation type: Vertical congestion
	srcs: net:net1035589 net:net435057 net:net432523 net:net239589 net:net434914 net:net434925 net:net434913 net:net324400 net:net348574 net:net324401 net:net239522 net:net239493 net:net393074 net:net324680 net:net345970 net:net348728 net:net324492 net:net348494 net:net348487 net:net346717 net:net361435 net:net326898 net:net422576 net:net358152 net:net347627 net:net347619 net:net347605 net:net360681 net:net346571 net:net358192 net:net347713 net:net347744 net:net347731 net:net347729 net:net347207 net:net347093
	comment: capacity:40 usage:41 overflow:1
	bbox = (763.5000, 796.5000) - (765.0000, 798.0000) on Layer -
violation type: Vertical congestion
	srcs: net:net1035589 net:net435055 net:net434392 net:net434390 net:net434389 net:net434372 net:net239589 net:net324400 net:net324401 net:net324678 net:net434376 net:net324679 net:net239493 net:net434388 net:net324680 net:net345970 net:net348728 net:net348487 net:net346717 net:net361435 net:net326898 net:net358152 net:net347627 net:net347619 net:net347605 net:net360681 net:net346571 net:net358192 net:net347713 net:net347744 net:net347731 net:net347729 net:net347207 net:net347093
	comment: capacity:40 usage:41 overflow:1
	bbox = (763.5000, 802.5000) - (765.0000, 804.0000) on Layer -
violation type: Vertical congestion
	srcs: net:net1035589 net:net435055 net:net320324 net:net320325 net:net239589 net:net324400 net:net324678 net:net324679 net:net239493 net:net324680 net:net345970 net:net348728 net:net345373 net:net348487 net:net345341 net:net346717 net:net361435 net:net326898 net:net283799 net:net358152 net:net347627 net:net347619 net:net347605 net:net360684 net:net360681 net:net346571 net:net358192 net:net347713 net:net347744 net:net347731 net:net347729 net:net347207 net:net347093
	comment: capacity:39 usage:40 overflow:1
	bbox = (763.5000, 805.5000) - (765.0000, 807.0000) on Layer -
violation type: Vertical congestion
	srcs: net:net1035589 net:net435055 net:net324728 net:net239589 net:net326390 net:net324400 net:net324678 net:net324679 net:net239493 net:net324680 net:net345970 net:net348728 net:net345373 net:net348487 net:net345341 net:net346717 net:net361435 net:net326898 net:net283799 net:net358152 net:net347627 net:net347619 net:net347605 net:net361239 net:net360684 net:net360681 net:net346571 net:net358192 net:net347713 net:net347744 net:net347731 net:net347729 net:net347207 net:net347093
	comment: capacity:39 usage:42 overflow:3
	bbox = (763.5000, 807.0000) - (765.0000, 808.5000) on Layer -
violation type: Vertical congestion
	srcs: net:net1035589 net:net435055 net:net320184 net:net326390 net:net324400 net:net320190 net:net228530 net:net324678 net:net190133 net:net239510 net:net239493 net:net345970 net:net348728 net:net345373 net:net345341 net:net346717 net:net361435 net:net326898 net:net283799 net:net358152 net:net347627 net:net347619 net:net347605 net:net361239 net:net360684 net:net360681 net:net346571 net:net358192 net:net347713 net:net347744 net:net347731 net:net347729 net:net347207 net:net347093
	comment: capacity:40 usage:41 overflow:1
	bbox = (763.5000, 808.5000) - (765.0000, 810.0000) on Layer -
violation type: Vertical congestion
	srcs: net:net1035589 net:net435055 net:net326540 net:net320184 net:net326390 net:net324400 net:net320197 net:net320190 net:net324678 net:net190133 net:net239510 net:net92054 net:net345970 net:net348728 net:net345373 net:net345341 net:net346717 net:net361435 net:net326898 net:net283799 net:net358152 net:net347627 net:net347619 net:net347605 net:net360684 net:net360681 net:net346571 net:net358192 net:net347713 net:net347744 net:net347731 net:net347729 net:net347207 net:net347093
	comment: capacity:40 usage:41 overflow:1
	bbox = (763.5000, 810.0000) - (765.0000, 811.5000) on Layer -
violation type: Vertical congestion
	srcs: net:net1054210 net:net1038174 net:net327276 net:net327274 net:net246037 net:net246038 net:net278295 net:net320321 net:net346520 net:net326505 net:net347305 net:net228530 net:net74442 net:net190135 net:net190134 net:net348476 net:net320356 net:net320162 net:net345243 net:net345276 net:net347301 net:net239513 net:net347617 net:net84903 net:net213649 net:net347629 net:net84901 net:net213648 net:net357556 net:net358182 net:net347703 net:net357646 net:net361077 net:net347562
	comment: capacity:40 usage:41 overflow:1
	bbox = (765.0000, 810.0000) - (766.5000, 811.5000) on Layer -
violation type: Vertical congestion
	srcs: net:net298239 net:net210719 net:net210717 net:net74485 net:net348610 net:net347305 net:net344950 net:net74481 net:net270271 net:net347218 net:net347442 net:net344938 net:net346535 net:net347232 net:net345336 net:net345168 net:net347534 net:net345311 net:net345346 net:net345003 net:net345401 net:net345162 net:net62015 net:net345341 net:net345079 net:net345039 net:net346441 net:net344999 net:net345160 net:net346474 net:net345283 net:net345313 net:net346448 net:net345005 net:net346657 net:net218975 net:net347776 net:net345779 net:net360686
	comment: capacity:40 usage:41 overflow:1
	bbox = (768.0000, 963.0000) - (769.5000, 964.5000) on Layer -
violation type: Vertical congestion
	srcs: net:net91462 net:net89884 net:net326425 net:net228983 net:net320326 net:net213633 net:net85470 net:net239584 net:net74440 net:net345900 net:net89908 net:net345897 net:net358405 net:net346545 net:net347239 net:net358555 net:net346541 net:net223116 net:net345892 net:net324496 net:net361056 net:net346539 net:net347325 net:net345921 net:net345887 net:net348484 net:net346543 net:net218973 net:net228528 net:net345662 net:net213058 net:net347707 net:net345740 net:net347560 net:net347556 net:net347588 net:net345854 net:net451681 net:net345850
	comment: capacity:40 usage:41 overflow:1
	bbox = (769.5000, 808.5000) - (771.0000, 810.0000) on Layer -
violation type: Vertical congestion
	srcs: net:net1068799 net:net1065971 net:net1063654 net:net1061441 net:net1059439 net:net1059396 net:net1059309 net:net1059307 net:net1057622 net:net1057489 net:net1057487 net:net1055685 net:net1054191 net:net1053746 net:net1053611 net:net1040999 net:net1038388 net:net1035265 net:net1022862 net:net347054 net:net298240 net:net348662 net:net1131913 net:net1121467 net:net1119462 net:net1115016 net:net1113536 net:net1102749 net:net1101295 net:net1101089 net:net1021067 net:net1096591 net:net1087961 net:net1087953 net:net345599 net:net1077207 net:net1020192 net:net1017789 net:net1017810
	comment: capacity:40 usage:41 overflow:1
	bbox = (771.0000, 723.0000) - (772.5000, 724.5000) on Layer -
violation type: Vertical congestion
	srcs: net:net213062 net:net60609 net:net91485 net:net347780 net:net246811 net:net295118 net:net74445 net:net346290 net:net357734 net:net89908 net:net89906 net:net346533 net:net346614 net:net345917 net:net345237 net:net209210 net:net345077 net:net345168 net:net345044 net:net346541 net:net347774 net:net345371 net:net346184 net:net348484 net:net346537 net:net347524 net:net246395 net:net2561 net:net202300 net:net345639 net:net84903 net:net261594 net:net345666 net:net345645 net:net360686 net:net348453 net:net347588 net:net347181 net:net345832
	comment: capacity:40 usage:41 overflow:1
	bbox = (771.0000, 949.5000) - (772.5000, 951.0000) on Layer -
violation type: Vertical congestion
	srcs: net:net539681 net:net89249 net:net89250 net:net91485 net:net246811 net:net295118 net:net74445 net:net346290 net:net345213 net:net357734 net:net89908 net:net347518 net:net346533 net:net346614 net:net345917 net:net345394 net:net345077 net:net345168 net:net345126 net:net345984 net:net346545 net:net345281 net:net345044 net:net345164 net:net346254 net:net345371 net:net345081 net:net347264 net:net348484 net:net347524 net:net361879 net:net246395 net:net346381 net:net345166 net:net2561 net:net84903 net:net345645 net:net360686 net:net347588 net:net347181
	comment: capacity:40 usage:42 overflow:2
	bbox = (771.0000, 958.5000) - (772.5000, 960.0000) on Layer -
violation type: Vertical congestion
	srcs: net:net1064996 net:net1063673 net:net1063252 net:net1061437 net:net347870 net:net327379 net:net347361 net:net358562 net:net345923 net:net258433 net:net346682 net:net348732 net:net347074 net:net347044 net:net346480 net:net347081 net:net1067822 net:net1035594 net:net1035074 net:net1035073 net:net345807 net:net346908 net:net345789 net:net346937 net:net346874 net:net345756 net:net345599 net:net456347 net:net399227 net:net345676 net:net348463 net:net347100 net:net1018047 net:net1017928 net:net1017811 net:net1017937 net:net1067819
	comment: capacity:40 usage:41 overflow:1
	bbox = (772.5000, 802.5000) - (774.0000, 804.0000) on Layer -
violation type: Vertical congestion
	srcs: net:net1064996 net:net1063673 net:net1063252 net:net1061437 net:net347870 net:net327379 net:net347361 net:net358562 net:net345923 net:net258433 net:net346682 net:net348732 net:net347074 net:net347044 net:net346480 net:net347081 net:net1035594 net:net1035073 net:net1094069 net:net345807 net:net69571 net:net346908 net:net345789 net:net346937 net:net346874 net:net345756 net:net345599 net:net456347 net:net399227 net:net345676 net:net348463 net:net348453 net:net347100 net:net1018047 net:net1017928 net:net1017937 net:net1017932 net:net1067819
	comment: capacity:40 usage:42 overflow:2
	bbox = (772.5000, 804.0000) - (774.0000, 805.5000) on Layer -
violation type: Vertical congestion
	srcs: net:net1053844 net:net1052209 net:net1051653 net:net1049611 net:net1045184 net:net1043709 net:net1038658 net:net1022747 net:net347459 net:net344958 net:net346503 net:net346472 net:net266666 net:net347456 net:net345281 net:net347079 net:net346340 net:net347860 net:net248059 net:net346480 net:net1135964 net:net1117848 net:net1061750 net:net1089468 net:net345547 net:net346961 net:net358077 net:net345746 net:net346927 net:net255749 net:net345805 net:net345817 net:net358147 net:net345633 net:net1040800 net:net1047752 net:net1017932 net:net1067819 net:net1017958
	comment: capacity:40 usage:41 overflow:1
	bbox = (774.0000, 781.5000) - (775.5000, 783.0000) on Layer -
violation type: Vertical congestion
	srcs: net:net1053844 net:net1052209 net:net1051653 net:net1049611 net:net1045184 net:net1043709 net:net1041326 net:net1038658 net:net1035595 net:net1022747 net:net347459 net:net344958 net:net346503 net:net346472 net:net347456 net:net347079 net:net346340 net:net347860 net:net1129480 net:net1118640 net:net1117848 net:net1094072 net:net1043128 net:net345547 net:net346961 net:net358077 net:net345746 net:net346927 net:net255749 net:net345805 net:net345817 net:net358147 net:net345633 net:net345738 net:net1017963 net:net1047752 net:net1017950 net:net1067819
	comment: capacity:38 usage:39 overflow:1
	bbox = (774.0000, 789.0000) - (775.5000, 790.5000) on Layer -
violation type: Vertical congestion
	srcs: net:net327321 net:net326322 net:net91496 net:net60612 net:net60609 net:net346420 net:net287363 net:net74440 net:net74442 net:net345289 net:net298240 net:net324788 net:net346437 net:net345272 net:net345007 net:net345049 net:net348494 net:net281842 net:net345042 net:net348600 net:net347494 net:net346539 net:net345200 net:net324494 net:net320362 net:net346620 net:net360841 net:net285365 net:net345046 net:net358559 net:net345746 net:net346958 net:net346773 net:net213649 net:net360681 net:net2563 net:net75588 net:net347583
	comment: capacity:40 usage:41 overflow:1
	bbox = (774.0000, 957.0000) - (775.5000, 958.5000) on Layer -
violation type: Vertical congestion
	srcs: net:net327321 net:net248058 net:net229818 net:net229817 net:net229816 net:net91496 net:net346420 net:net74440 net:net74442 net:net345289 net:net74481 net:net344865 net:net298240 net:net324788 net:net345111 net:net346369 net:net346437 net:net345272 net:net345007 net:net345049 net:net348494 net:net345042 net:net347494 net:net346539 net:net345200 net:net324494 net:net320362 net:net360841 net:net285365 net:net345046 net:net358559 net:net345746 net:net346958 net:net346773 net:net213649 net:net360681 net:net2563 net:net75588 net:net347583
	comment: capacity:40 usage:41 overflow:1
	bbox = (774.0000, 958.5000) - (775.5000, 960.0000) on Layer -
violation type: Vertical congestion
	srcs: net:net327321 net:net229818 net:net91494 net:net346420 net:net69848 net:net74440 net:net346484 net:net74442 net:net345289 net:net348577 net:net344865 net:net298240 net:net324788 net:net345111 net:net346369 net:net346437 net:net345007 net:net345049 net:net348494 net:net347449 net:net345042 net:net347494 net:net346539 net:net345200 net:net324494 net:net320362 net:net360841 net:net285365 net:net345046 net:net61990 net:net358559 net:net345746 net:net346958 net:net346773 net:net213649 net:net360681 net:net2563
	comment: capacity:38 usage:39 overflow:1
	bbox = (774.0000, 960.0000) - (775.5000, 961.5000) on Layer -
violation type: Vertical congestion
	srcs: net:net326617 net:net273501 net:net273459 net:net273380 net:net228563 net:net209188 net:net60612 net:net278438 net:net345860 net:net324788 net:net324772 net:net346117 net:net347449 net:net347297 net:net346709 net:net346112 net:net345307 net:net324799 net:net360841 net:net248059 net:net345375 net:net255749 net:net345476 net:net346954 net:net345533 net:net267064 net:net345756 net:net357740 net:net348458 net:net347187
	comment: capacity:30 usage:31 overflow:1
	bbox = (775.5000, 948.0000) - (777.0000, 949.5000) on Layer -
violation type: Vertical congestion
	srcs: net:net326617 net:net273501 net:net273459 net:net273441 net:net273380 net:net228563 net:net209188 net:net60612 net:net278438 net:net345860 net:net248060 net:net324772 net:net348494 net:net347449 net:net347297 net:net346709 net:net345276 net:net360841 net:net248059 net:net345375 net:net255749 net:net345476 net:net346954 net:net345533 net:net267064 net:net345756 net:net345721 net:net357740 net:net348458 net:net347187
	comment: capacity:30 usage:31 overflow:1
	bbox = (775.5000, 951.0000) - (777.0000, 952.5000) on Layer -
violation type: Vertical congestion
	srcs: net:net52375 net:net326617 net:net326347 net:net273459 net:net273441 net:net273380 net:net75593 net:net56068 net:net345379 net:net74485 net:net278438 net:net56069 net:net74440 net:net74481 net:net74484 net:net316223 net:net316212 net:net316219 net:net346678 net:net320066 net:net324772 net:net347395 net:net345373 net:net347390 net:net346412 net:net346510 net:net346474 net:net218975 net:net255749
	comment: capacity:30 usage:32 overflow:2
	bbox = (775.5000, 988.5000) - (777.0000, 990.0000) on Layer -
violation type: Vertical congestion
	srcs: net:net364325 net:net346246 net:net346158 net:net332305 net:net283007 net:net346307 net:net79271 net:net358394 net:net283803 net:net320367 net:net232563 net:net320365 net:net324779 net:net324799 net:net324500 net:net345046 net:net347271 net:net2577 net:net61990 net:net345754 net:net346773 net:net345471 net:net345789 net:net213648 net:net345721 net:net213058 net:net347108 net:net347593 net:net347183
	comment: capacity:29 usage:30 overflow:1
	bbox = (777.0000, 949.5000) - (778.5000, 951.0000) on Layer -
violation type: Vertical congestion
	srcs: net:net364325 net:net346158 net:net332305 net:net283007 net:net346307 net:net79271 net:net358394 net:net283803 net:net320367 net:net232563 net:net320365 net:net324779 net:net360651 net:net324799 net:net324500 net:net345046 net:net347271 net:net2577 net:net61990 net:net345754 net:net346773 net:net345471 net:net345789 net:net213648 net:net213058 net:net347108 net:net347593 net:net347183
	comment: capacity:28 usage:29 overflow:1
	bbox = (777.0000, 951.0000) - (778.5000, 952.5000) on Layer -
violation type: Vertical congestion
	srcs: net:net85002 net:net52390 net:net364325 net:net213062 net:net346158 net:net332305 net:net283007 net:net346307 net:net346321 net:net358394 net:net283803 net:net320367 net:net232563 net:net324779 net:net360651 net:net324799 net:net324500 net:net345046 net:net347271 net:net2577 net:net61990 net:net345754 net:net345471 net:net345789 net:net213648 net:net213058 net:net347108 net:net347593 net:net347183
	comment: capacity:30 usage:31 overflow:1
	bbox = (777.0000, 954.0000) - (778.5000, 955.5000) on Layer -
violation type: Vertical congestion
	srcs: net:net52390 net:net364325 net:net358554 net:net326322 net:net273501 net:net213062 net:net69849 net:net60609 net:net346420 net:net332305 net:net283007 net:net345394 net:net320356 net:net209210 net:net346321 net:net358394 net:net320367 net:net232563 net:net219343 net:net298242 net:net285365 net:net324500 net:net345754 net:net213648 net:net213058 net:net347729 net:net347139 net:net347108 net:net347183
	comment: capacity:30 usage:33 overflow:3
	bbox = (777.0000, 966.0000) - (778.5000, 967.5000) on Layer -
violation type: Vertical congestion
	srcs: net:net52390 net:net364325 net:net326322 net:net273501 net:net228563 net:net213062 net:net69849 net:net346420 net:net91485 net:net74442 net:net316612 net:net346702 net:net283007 net:net345394 net:net320356 net:net209210 net:net358394 net:net320367 net:net232563 net:net298242 net:net285365 net:net324500 net:net246395 net:net319792 net:net2561 net:net345754 net:net358194 net:net347139 net:net347108 net:net347183
	comment: capacity:30 usage:32 overflow:2
	bbox = (777.0000, 969.0000) - (778.5000, 970.5000) on Layer -
violation type: Vertical congestion
	srcs: net:net52390 net:net364325 net:net320512 net:net273501 net:net228563 net:net74493 net:net60641 net:net209218 net:net75593 net:net56068 net:net347241 net:net74442 net:net316612 net:net283007 net:net345394 net:net358394 net:net232563 net:net345121 net:net345119 net:net316230 net:net298242 net:net347264 net:net75591 net:net324500 net:net246395 net:net319792 net:net2561
	comment: capacity:30 usage:31 overflow:1
	bbox = (777.0000, 979.5000) - (778.5000, 981.0000) on Layer -
violation type: Vertical congestion
	srcs: net:net52384 net:net394171 net:net327335 net:net326674 net:net326611 net:net278318 net:net273444 net:net273335 net:net273255 net:net228563 net:net56071 net:net56068 net:net74485 net:net345009 net:net320160 net:net56069 net:net345251 net:net1160553 net:net4684 net:net320356 net:net320162 net:net234689 net:net358506 net:net347084 net:net346187 net:net265862 net:net320166 net:net298242 net:net345039 net:net347421 net:net224228 net:net346865 net:net358559 net:net346929 net:net345805 net:net345599 net:net345673 net:net345693 net:net358182 net:net347596
	comment: capacity:40 usage:41 overflow:1
	bbox = (778.5000, 942.0000) - (780.0000, 943.5000) on Layer -
violation type: Vertical congestion
	srcs: net:net52387 net:net394171 net:net327335 net:net326674 net:net326611 net:net320393 net:net278318 net:net273444 net:net273255 net:net74493 net:net60641 net:net55881 net:net273115 net:net347338 net:net345009 net:net210718 net:net320107 net:net227396 net:net4684 net:net347319 net:net269297 net:net346435 net:net346041 net:net320358 net:net234689 net:net348571 net:net358555 net:net345403 net:net228985 net:net246810 net:net320365 net:net62013 net:net346556 net:net319643 net:net346929 net:net345805 net:net345533 net:net358182
	comment: capacity:40 usage:41 overflow:1
	bbox = (778.5000, 963.0000) - (780.0000, 964.5000) on Layer -
violation type: Vertical congestion
	srcs: net:net52387 net:net394171 net:net327335 net:net326674 net:net326611 net:net320393 net:net278318 net:net273444 net:net273255 net:net89915 net:net89916 net:net55881 net:net75593 net:net74485 net:net273115 net:net347338 net:net345009 net:net227396 net:net89913 net:net4684 net:net347319 net:net346041 net:net320358 net:net234689 net:net243133 net:net348571 net:net358555 net:net228985 net:net320365 net:net346556 net:net75591 net:net319643 net:net346929 net:net345805 net:net345533 net:net345471 net:net358182
	comment: capacity:40 usage:41 overflow:1
	bbox = (778.5000, 966.0000) - (780.0000, 967.5000) on Layer -
violation type: Vertical congestion
	srcs: net:net52387 net:net394171 net:net327335 net:net326674 net:net326611 net:net320393 net:net278318 net:net273444 net:net273255 net:net55881 net:net304214 net:net74485 net:net273115 net:net347338 net:net281843 net:net345009 net:net4684 net:net270271 net:net347319 net:net346501 net:net346041 net:net320358 net:net234689 net:net243133 net:net346321 net:net348571 net:net346056 net:net358555 net:net228985 net:net320365 net:net219343 net:net346556 net:net345348 net:net319643 net:net346929 net:net345805 net:net345533 net:net345471 net:net358159
	comment: capacity:40 usage:41 overflow:1
	bbox = (778.5000, 969.0000) - (780.0000, 970.5000) on Layer -
violation type: Vertical congestion
	srcs: net:net52387 net:net394171 net:net327335 net:net326674 net:net326611 net:net320393 net:net278318 net:net273444 net:net273255 net:net55881 net:net89250 net:net304214 net:net74485 net:net273115 net:net347338 net:net281843 net:net345009 net:net4684 net:net270271 net:net347319 net:net347478 net:net346041 net:net320358 net:net243133 net:net346321 net:net348571 net:net346056 net:net223116 net:net228985 net:net320365 net:net346049 net:net219343 net:net345348 net:net319643 net:net346929 net:net345805 net:net345533 net:net345471 net:net358159 net:net244489
	comment: capacity:40 usage:43 overflow:3
	bbox = (778.5000, 970.5000) - (780.0000, 972.0000) on Layer -
violation type: Vertical congestion
	srcs: net:net52387 net:net394171 net:net346518 net:net346505 net:net346487 net:net346486 net:net346485 net:net327335 net:net326674 net:net320393 net:net278318 net:net273444 net:net273323 net:net304214 net:net74485 net:net273115 net:net347338 net:net281843 net:net345009 net:net4684 net:net270271 net:net347319 net:net320358 net:net243133 net:net346321 net:net348571 net:net346056 net:net223116 net:net228985 net:net320365 net:net219343 net:net345348 net:net319643 net:net346929 net:net345805 net:net345533 net:net345471 net:net358159 net:net244489
	comment: capacity:40 usage:41 overflow:1
	bbox = (778.5000, 972.0000) - (780.0000, 973.5000) on Layer -
violation type: Vertical congestion
	srcs: net:net52387 net:net394171 net:net346513 net:net346487 net:net327335 net:net320393 net:net278318 net:net273444 net:net273323 net:net91496 net:net91494 net:net304214 net:net74485 net:net273115 net:net347338 net:net281843 net:net345009 net:net316237 net:net4684 net:net270271 net:net347319 net:net320358 net:net243133 net:net348571 net:net223116 net:net228985 net:net320365 net:net219343 net:net345348 net:net316227 net:net316241 net:net319643 net:net345805 net:net345533 net:net345471 net:net358159 net:net244489
	comment: capacity:40 usage:41 overflow:1
	bbox = (778.5000, 973.5000) - (780.0000, 975.0000) on Layer -
violation type: Vertical congestion
	srcs: net:net52387 net:net394171 net:net327335 net:net320393 net:net278318 net:net273444 net:net273323 net:net91496 net:net91494 net:net304214 net:net74485 net:net273115 net:net347338 net:net281843 net:net345009 net:net316237 net:net322541 net:net4684 net:net270271 net:net347319 net:net320358 net:net243133 net:net348571 net:net210716 net:net223116 net:net228985 net:net320365 net:net219343 net:net345348 net:net316227 net:net316241 net:net319643 net:net345805 net:net345533 net:net345471 net:net358159 net:net244489
	comment: capacity:40 usage:41 overflow:1
	bbox = (778.5000, 975.0000) - (780.0000, 976.5000) on Layer -
violation type: Vertical congestion
	srcs: net:net52387 net:net47804 net:net394171 net:net327335 net:net320393 net:net278318 net:net273444 net:net273323 net:net91496 net:net91494 net:net304214 net:net74485 net:net273115 net:net281843 net:net345009 net:net316237 net:net322541 net:net4684 net:net270271 net:net320358 net:net243133 net:net348571 net:net210716 net:net223116 net:net228985 net:net320365 net:net219343 net:net346539 net:net326941 net:net345348 net:net316227 net:net316241 net:net319643 net:net345805 net:net345533 net:net345471 net:net358159 net:net244489
	comment: capacity:39 usage:42 overflow:3
	bbox = (778.5000, 976.5000) - (780.0000, 978.0000) on Layer -
violation type: Vertical congestion
	srcs: net:net52402 net:net52387 net:net47804 net:net394171 net:net361971 net:net360842 net:net327335 net:net320393 net:net278318 net:net273444 net:net273323 net:net91496 net:net91494 net:net304214 net:net74485 net:net273115 net:net281843 net:net345009 net:net316237 net:net4684 net:net270271 net:net320358 net:net243133 net:net348571 net:net210716 net:net223116 net:net228985 net:net320365 net:net219343 net:net346539 net:net326941 net:net345348 net:net316227 net:net319643 net:net345471 net:net358159 net:net244489
	comment: capacity:39 usage:41 overflow:2
	bbox = (778.5000, 978.0000) - (780.0000, 979.5000) on Layer -
violation type: Vertical congestion
	srcs: net:net942977 net:net52402 net:net52387 net:net47804 net:net47699 net:net394171 net:net327335 net:net320393 net:net278318 net:net273444 net:net273323 net:net60609 net:net304214 net:net273115 net:net281843 net:net69848 net:net316237 net:net74442 net:net345411 net:net4684 net:net270271 net:net347823 net:net283021 net:net243133 net:net345408 net:net346451 net:net210716 net:net223116 net:net228985 net:net320365 net:net345203 net:net346377 net:net346539 net:net346707 net:net345348 net:net316227 net:net358159 net:net244489
	comment: capacity:40 usage:41 overflow:1
	bbox = (778.5000, 985.5000) - (780.0000, 987.0000) on Layer -
violation type: Vertical congestion
	srcs: net:net942977 net:net52402 net:net52387 net:net47804 net:net47699 net:net394171 net:net327335 net:net320393 net:net278318 net:net273444 net:net273323 net:net60609 net:net304214 net:net273115 net:net281843 net:net69848 net:net316237 net:net74442 net:net345411 net:net4684 net:net270271 net:net347823 net:net345432 net:net283021 net:net243133 net:net346451 net:net210716 net:net223116 net:net228985 net:net320365 net:net345203 net:net346377 net:net346539 net:net346707 net:net345348 net:net316227 net:net358159 net:net244489
	comment: capacity:40 usage:41 overflow:1
	bbox = (778.5000, 987.0000) - (780.0000, 988.5000) on Layer -
violation type: Vertical congestion
	srcs: net:net327312 net:net327289 net:net326635 net:net326385 net:net227402 net:net74493 net:net60641 net:net52378 net:net326351 net:net273106 net:net345052 net:net84909 net:net320185 net:net2247 net:net324474 net:net347070 net:net347875 net:net346056 net:net348494 net:net223116 net:net324779 net:net345977 net:net347862 net:net319067 net:net298242 net:net345079 net:net347385 net:net347015 net:net346448 net:net346381 net:net347866 net:net345542 net:net345809 net:net346830 net:net345606 net:net358197 net:net347579 net:net345938
	comment: capacity:40 usage:41 overflow:1
	bbox = (780.0000, 933.0000) - (781.5000, 934.5000) on Layer -
violation type: Vertical congestion
	srcs: net:net327312 net:net327289 net:net326635 net:net326520 net:net324774 net:net227402 net:net74493 net:net60641 net:net75593 net:net52378 net:net326351 net:net273106 net:net84909 net:net227396 net:net320185 net:net2247 net:net324474 net:net347070 net:net347875 net:net346056 net:net348494 net:net223116 net:net324779 net:net345977 net:net347862 net:net319067 net:net347385 net:net347015 net:net346448 net:net346381 net:net347866 net:net345542 net:net345809 net:net346830 net:net345606 net:net358197 net:net347579 net:net345938
	comment: capacity:40 usage:42 overflow:2
	bbox = (780.0000, 936.0000) - (781.5000, 937.5000) on Layer -
violation type: Vertical congestion
	srcs: net:net327312 net:net327289 net:net326635 net:net324493 net:net227402 net:net74493 net:net60641 net:net75593 net:net52378 net:net326351 net:net273106 net:net84909 net:net227396 net:net320185 net:net2247 net:net319061 net:net324474 net:net347070 net:net347875 net:net346056 net:net348494 net:net223116 net:net324779 net:net345977 net:net347862 net:net319067 net:net347385 net:net347015 net:net346448 net:net346381 net:net347421 net:net345809 net:net346830 net:net345606 net:net358197 net:net347579 net:net345938
	comment: capacity:40 usage:41 overflow:1
	bbox = (780.0000, 937.5000) - (781.5000, 939.0000) on Layer -
violation type: Vertical congestion
	srcs: net:net327312 net:net327289 net:net326635 net:net326604 net:net324778 net:net227402 net:net74493 net:net60641 net:net75593 net:net326351 net:net273106 net:net84909 net:net227396 net:net320185 net:net2247 net:net319061 net:net347873 net:net324474 net:net345970 net:net347070 net:net347875 net:net345032 net:net346056 net:net348494 net:net223116 net:net345203 net:net345977 net:net347862 net:net319067 net:net347015 net:net346448 net:net346381 net:net347421 net:net345809 net:net346830 net:net358197 net:net347579 net:net345938
	comment: capacity:40 usage:42 overflow:2
	bbox = (780.0000, 939.0000) - (781.5000, 940.5000) on Layer -
violation type: Vertical congestion
	srcs: net:net47660 net:net327312 net:net327289 net:net326635 net:net326604 net:net60612 net:net60609 net:net326351 net:net273106 net:net84909 net:net227396 net:net320185 net:net2247 net:net319061 net:net347873 net:net324474 net:net298238 net:net345030 net:net345970 net:net347070 net:net347875 net:net320358 net:net299221 net:net345032 net:net346056 net:net348494 net:net210716 net:net223116 net:net324801 net:net299232 net:net345203 net:net347862 net:net346374 net:net346448 net:net346381 net:net345809 net:net358197 net:net347579 net:net345938
	comment: capacity:40 usage:42 overflow:2
	bbox = (780.0000, 942.0000) - (781.5000, 943.5000) on Layer -
violation type: Vertical congestion
	srcs: net:net539054 net:net47660 net:net327312 net:net327289 net:net326604 net:net273323 net:net60612 net:net60609 net:net326351 net:net273106 net:net84909 net:net227396 net:net320185 net:net2247 net:net319061 net:net324474 net:net298238 net:net345030 net:net345970 net:net347070 net:net320358 net:net299221 net:net345032 net:net346056 net:net348494 net:net210716 net:net223116 net:net324801 net:net299232 net:net345203 net:net345039 net:net346374 net:net346448 net:net346381 net:net345809 net:net358197 net:net348434 net:net347579 net:net345938
	comment: capacity:40 usage:42 overflow:2
	bbox = (780.0000, 943.5000) - (781.5000, 945.0000) on Layer -
violation type: Vertical congestion
	srcs: net:net539054 net:net47660 net:net327312 net:net327289 net:net326604 net:net273323 net:net60612 net:net60609 net:net326351 net:net345009 net:net273106 net:net84909 net:net227396 net:net320185 net:net2247 net:net319061 net:net324474 net:net298238 net:net320358 net:net299221 net:net345032 net:net346056 net:net348494 net:net210716 net:net223116 net:net324801 net:net299232 net:net345203 net:net345039 net:net346374 net:net346448 net:net346381 net:net345809 net:net345779 net:net358197 net:net348434 net:net347579 net:net345938
	comment: capacity:40 usage:41 overflow:1
	bbox = (780.0000, 945.0000) - (781.5000, 946.5000) on Layer -
violation type: Vertical congestion
	srcs: net:net539054 net:net47660 net:net327312 net:net327289 net:net326604 net:net273323 net:net60612 net:net60609 net:net326351 net:net345009 net:net273106 net:net84909 net:net227396 net:net320185 net:net2247 net:net319061 net:net1162113 net:net324474 net:net298238 net:net320358 net:net299221 net:net345032 net:net346056 net:net348494 net:net210716 net:net223116 net:net324801 net:net299232 net:net345203 net:net345039 net:net346374 net:net346448 net:net346381 net:net345809 net:net345779 net:net358197 net:net348434 net:net347579 net:net345938
	comment: capacity:40 usage:42 overflow:2
	bbox = (780.0000, 946.5000) - (781.5000, 948.0000) on Layer -
violation type: Vertical congestion
	srcs: net:net85003 net:net85001 net:net52402 net:net52393 net:net52375 net:net47660 net:net327312 net:net326363 net:net273323 net:net74446 net:net89250 net:net52378 net:net281843 net:net319579 net:net393891 net:net56069 net:net273106 net:net346158 net:net248060 net:net84909 net:net320185 net:net2247 net:net1162113 net:net89906 net:net324474 net:net320162 net:net345077 net:net345126 net:net283803 net:net210716 net:net346512 net:net223116 net:net223115 net:net348489 net:net59204 net:net345307 net:net345809 net:net345779 net:net345938
	comment: capacity:40 usage:41 overflow:1
	bbox = (780.0000, 961.5000) - (781.5000, 963.0000) on Layer -
violation type: Vertical congestion
	srcs: net:net52402 net:net52393 net:net47660 net:net327312 net:net326363 net:net273323 net:net74446 net:net89250 net:net209188 net:net52378 net:net281843 net:net319579 net:net393891 net:net69848 net:net322541 net:net273106 net:net346158 net:net84909 net:net320185 net:net2247 net:net1162113 net:net89906 net:net56072 net:net346614 net:net324474 net:net320162 net:net345077 net:net345126 net:net283803 net:net210716 net:net345281 net:net346512 net:net223116 net:net223115 net:net348489 net:net59204 net:net345307 net:net345809 net:net345938
	comment: capacity:40 usage:42 overflow:2
	bbox = (780.0000, 963.0000) - (781.5000, 964.5000) on Layer -
violation type: Vertical congestion
	srcs: net:net52402 net:net52393 net:net47660 net:net327312 net:net326363 net:net273323 net:net74446 net:net89250 net:net209188 net:net52378 net:net281843 net:net319579 net:net393891 net:net69848 net:net322541 net:net273106 net:net346158 net:net84909 net:net320185 net:net2247 net:net1162113 net:net89906 net:net56072 net:net346614 net:net324474 net:net320162 net:net345077 net:net345126 net:net283803 net:net210716 net:net346512 net:net223116 net:net223115 net:net348489 net:net324779 net:net59204 net:net62013 net:net345809 net:net345938
	comment: capacity:40 usage:42 overflow:2
	bbox = (780.0000, 964.5000) - (781.5000, 966.0000) on Layer -
violation type: Vertical congestion
	srcs: net:net52402 net:net52393 net:net327312 net:net326363 net:net273323 net:net74446 net:net223117 net:net89249 net:net89250 net:net209188 net:net52378 net:net281843 net:net319579 net:net393891 net:net69848 net:net322541 net:net273106 net:net346158 net:net84909 net:net320185 net:net2247 net:net89906 net:net56072 net:net324474 net:net320162 net:net345077 net:net345126 net:net283803 net:net210716 net:net346512 net:net223116 net:net348489 net:net324779 net:net360651 net:net59204 net:net62013 net:net75591 net:net345809 net:net345938
	comment: capacity:40 usage:44 overflow:4
	bbox = (780.0000, 966.0000) - (781.5000, 967.5000) on Layer -
violation type: Vertical congestion
	srcs: net:net52402 net:net52393 net:net327312 net:net273323 net:net74446 net:net89250 net:net209188 net:net52378 net:net281843 net:net319579 net:net393891 net:net69848 net:net322541 net:net273106 net:net346158 net:net332305 net:net84909 net:net227396 net:net320185 net:net2247 net:net89906 net:net56072 net:net324474 net:net320162 net:net345077 net:net345126 net:net283803 net:net210716 net:net346512 net:net223116 net:net348489 net:net324779 net:net360651 net:net62013 net:net75591 net:net345809 net:net345938
	comment: capacity:40 usage:42 overflow:2
	bbox = (780.0000, 967.5000) - (781.5000, 969.0000) on Layer -
violation type: Vertical congestion
	srcs: net:net52402 net:net52393 net:net47657 net:net327312 net:net273323 net:net89250 net:net209188 net:net52378 net:net393891 net:net322541 net:net273106 net:net346158 net:net332305 net:net84909 net:net227396 net:net320185 net:net2247 net:net89906 net:net56072 net:net324474 net:net347520 net:net320162 net:net345077 net:net345367 net:net345126 net:net283803 net:net210716 net:net346512 net:net223116 net:net348489 net:net324779 net:net360651 net:net345119 net:net62013 net:net75591 net:net299229 net:net345938
	comment: capacity:40 usage:41 overflow:1
	bbox = (780.0000, 969.0000) - (781.5000, 970.5000) on Layer -
violation type: Vertical congestion
	srcs: net:net535102 net:net52396 net:net391115 net:net327289 net:net326331 net:net324580 net:net273486 net:net273420 net:net273365 net:net273335 net:net273233 net:net273192 net:net74446 net:net52378 net:net60609 net:net357736 net:net91487 net:net393891 net:net345950 net:net322541 net:net326521 net:net346501 net:net345032 net:net346321 net:net345929 net:net345897 net:net324498 net:net228985 net:net345042 net:net346049 net:net345276 net:net75591 net:net264325 net:net299229 net:net316515 net:net345544 net:net345660 net:net347744 net:net244489
	comment: capacity:40 usage:41 overflow:1
	bbox = (781.5000, 952.5000) - (783.0000, 954.0000) on Layer -
violation type: Vertical congestion
	srcs: net:net52396 net:net47660 net:net391115 net:net345035 net:net327289 net:net326363 net:net326331 net:net324604 net:net324580 net:net273486 net:net273420 net:net273392 net:net273365 net:net273335 net:net273233 net:net232909 net:net60632 net:net19325 net:net229813 net:net346350 net:net326521 net:net269297 net:net298223 net:net320176 net:net324498 net:net347835 net:net223115 net:net347269 net:net299232 net:net246810 net:net59204 net:net346049 net:net345276 net:net320166 net:net326941 net:net324799 net:net346688 net:net345544 net:net346874 net:net244489
	comment: capacity:40 usage:41 overflow:1
	bbox = (781.5000, 967.5000) - (783.0000, 969.0000) on Layer -
violation type: Vertical congestion
	srcs: net:net52396 net:net47660 net:net391115 net:net345035 net:net327289 net:net326363 net:net326331 net:net324604 net:net324580 net:net273486 net:net273420 net:net273392 net:net273365 net:net273335 net:net273233 net:net232909 net:net60632 net:net19325 net:net347277 net:net229813 net:net346350 net:net326521 net:net269297 net:net298223 net:net320176 net:net324498 net:net347835 net:net347269 net:net299232 net:net246810 net:net59204 net:net346049 net:net345276 net:net320166 net:net326941 net:net324799 net:net358059 net:net346688 net:net345544 net:net244489
	comment: capacity:40 usage:41 overflow:1
	bbox = (781.5000, 969.0000) - (783.0000, 970.5000) on Layer -
violation type: Vertical congestion
	srcs: net:net52396 net:net47660 net:net391115 net:net345035 net:net327289 net:net326363 net:net326331 net:net324604 net:net324580 net:net273486 net:net273420 net:net273392 net:net273365 net:net273335 net:net273233 net:net232909 net:net60632 net:net19325 net:net347277 net:net229813 net:net346350 net:net326521 net:net269297 net:net298223 net:net239056 net:net320176 net:net347835 net:net346512 net:net219354 net:net347269 net:net299232 net:net246810 net:net59204 net:net345276 net:net320166 net:net326941 net:net324799 net:net358059 net:net346688 net:net1021204
	comment: capacity:40 usage:41 overflow:1
	bbox = (781.5000, 970.5000) - (783.0000, 972.0000) on Layer -
violation type: Vertical congestion
	srcs: net:net534326 net:net52396 net:net47660 net:net391115 net:net327289 net:net326363 net:net326331 net:net324604 net:net273486 net:net273420 net:net273392 net:net273365 net:net273335 net:net273233 net:net273209 net:net232909 net:net60641 net:net347277 net:net229813 net:net346350 net:net326521 net:net269297 net:net298223 net:net229842 net:net239056 net:net320176 net:net347835 net:net219354 net:net299232 net:net246810 net:net59204 net:net348735 net:net320166 net:net324799 net:net346707 net:net320173 net:net358059 net:net346688 net:net1021204
	comment: capacity:39 usage:40 overflow:1
	bbox = (781.5000, 978.0000) - (783.0000, 979.5000) on Layer -
violation type: Vertical congestion
	srcs: net:net942935 net:net942923 net:net52405 net:net52402 net:net326331 net:net326329 net:net320517 net:net320494 net:net273438 net:net273383 net:net273307 net:net89249 net:net89250 net:net60612 net:net74481 net:net347873 net:net345968 net:net326523 net:net229842 net:net232566 net:net320176 net:net345929 net:net345897 net:net232563 net:net228985 net:net59204 net:net345042 net:net346251 net:net345307 net:net324777 net:net346410 net:net320311 net:net345544 net:net255820 net:net345540 net:net346898 net:net345817
	comment: capacity:40 usage:41 overflow:1
	bbox = (783.0000, 937.5000) - (784.5000, 939.0000) on Layer -
violation type: Vertical congestion
	srcs: net:net942935 net:net942923 net:net52405 net:net52402 net:net52393 net:net326331 net:net326329 net:net320517 net:net273438 net:net273383 net:net273307 net:net89249 net:net89250 net:net60612 net:net74481 net:net345968 net:net326523 net:net229842 net:net232566 net:net320176 net:net345929 net:net345897 net:net232563 net:net59204 net:net345042 net:net346049 net:net346251 net:net324777 net:net346410 net:net320311 net:net345544 net:net345750 net:net255820 net:net345540 net:net346898 net:net345817 net:net345606
	comment: capacity:40 usage:41 overflow:1
	bbox = (783.0000, 939.0000) - (784.5000, 940.5000) on Layer -
violation type: Vertical congestion
	srcs: net:net942935 net:net942923 net:net534326 net:net52405 net:net52402 net:net52393 net:net34237 net:net326635 net:net326329 net:net320517 net:net273438 net:net273383 net:net273307 net:net60641 net:net56071 net:net56068 net:net63466 net:net56069 net:net74481 net:net348713 net:net345968 net:net229842 net:net232566 net:net320176 net:net346451 net:net346056 net:net59204 net:net346049 net:net346251 net:net224894 net:net75591 net:net346053 net:net345750 net:net255820 net:net345540 net:net346898 net:net345817 net:net345676 net:net345703
	comment: capacity:40 usage:42 overflow:2
	bbox = (783.0000, 948.0000) - (784.5000, 949.5000) on Layer -
violation type: Vertical congestion
	srcs: net:net942935 net:net534326 net:net52408 net:net52405 net:net34237 net:net326329 net:net324604 net:net320517 net:net273438 net:net273383 net:net273371 net:net273307 net:net60641 net:net56068 net:net273115 net:net326351 net:net63466 net:net56069 net:net273177 net:net74481 net:net348713 net:net345334 net:net345968 net:net229842 net:net345194 net:net320176 net:net345377 net:net346451 net:net346056 net:net324801 net:net224894 net:net345039 net:net75591 net:net345750 net:net255820 net:net346898 net:net345817 net:net345613 net:net345676 net:net345703
	comment: capacity:40 usage:44 overflow:4
	bbox = (783.0000, 952.5000) - (784.5000, 954.0000) on Layer -
violation type: Vertical congestion
	srcs: net:net534326 net:net52408 net:net52405 net:net47657 net:net34237 net:net326604 net:net326329 net:net324604 net:net320517 net:net320496 net:net273438 net:net273371 net:net273307 net:net273209 net:net75593 net:net56071 net:net326351 net:net63466 net:net273177 net:net348713 net:net345334 net:net345968 net:net229842 net:net345194 net:net345377 net:net346451 net:net346056 net:net324801 net:net224894 net:net320304 net:net345039 net:net75591 net:net264325 net:net345750 net:net255820 net:net346898 net:net345817 net:net345613 net:net345703
	comment: capacity:39 usage:41 overflow:2
	bbox = (783.0000, 958.5000) - (784.5000, 960.0000) on Layer -
violation type: Vertical congestion
	srcs: net:net535102 net:net534326 net:net52408 net:net52405 net:net326635 net:net326604 net:net326329 net:net320517 net:net320496 net:net299220 net:net273438 net:net273209 net:net273192 net:net89249 net:net276984 net:net326351 net:net69848 net:net63466 net:net273177 net:net74481 net:net318000 net:net1162113 net:net347757 net:net345334 net:net319559 net:net347260 net:net229842 net:net345194 net:net346631 net:net324801 net:net347297 net:net345307 net:net224894 net:net320304 net:net264325 net:net345752 net:net346898 net:net345817 net:net345613 net:net345703
	comment: capacity:40 usage:43 overflow:3
	bbox = (783.0000, 969.0000) - (784.5000, 970.5000) on Layer -
violation type: Vertical congestion
	srcs: net:net535102 net:net534326 net:net52408 net:net52405 net:net326635 net:net326604 net:net326329 net:net320517 net:net320496 net:net273438 net:net273209 net:net273192 net:net89249 net:net276984 net:net326351 net:net69848 net:net63466 net:net273177 net:net74481 net:net318000 net:net1162113 net:net347757 net:net345334 net:net319559 net:net347260 net:net229842 net:net345194 net:net234689 net:net346631 net:net324801 net:net347297 net:net345307 net:net224894 net:net320304 net:net264325 net:net345752 net:net346898 net:net345817
	comment: capacity:40 usage:41 overflow:1
	bbox = (783.0000, 970.5000) - (784.5000, 972.0000) on Layer -
violation type: Vertical congestion
	srcs: net:net52414 net:net52396 net:net393297 net:net327185 net:net326372 net:net324830 net:net273480 net:net273459 net:net273332 net:net273323 net:net273287 net:net273192 net:net346387 net:net69848 net:net63466 net:net324857 net:net224527 net:net2203 net:net1253182 net:net347068 net:net346305 net:net299219 net:net239052 net:net347825 net:net239056 net:net346321 net:net224177 net:net347077 net:net321216 net:net232898 net:net55876 net:net345752 net:net345540 net:net345531 net:net345613 net:net345703 net:net347729 net:net348434 net:net348709 net:net348704
	comment: capacity:40 usage:41 overflow:1
	bbox = (784.5000, 934.5000) - (786.0000, 936.0000) on Layer -
violation type: Vertical congestion
	srcs: net:net52411 net:net393297 net:net327185 net:net326635 net:net326372 net:net324830 net:net320496 net:net320494 net:net278321 net:net273480 net:net273392 net:net273332 net:net273315 net:net273287 net:net232903 net:net224229 net:net74493 net:net60641 net:net75593 net:net74485 net:net345950 net:net346021 net:net74481 net:net345251 net:net2203 net:net1253182 net:net346305 net:net347825 net:net239056 net:net318013 net:net299234 net:net232898 net:net320311 net:net209212 net:net345752 net:net346874 net:net347729 net:net348709
	comment: capacity:40 usage:43 overflow:3
	bbox = (784.5000, 955.5000) - (786.0000, 957.0000) on Layer -
violation type: Vertical congestion
	srcs: net:net327001 net:net326629 net:net326604 net:net326377 net:net324627 net:net324604 net:net320496 net:net273471 net:net273429 net:net273392 net:net273209 net:net273115 net:net357736 net:net273118 net:net347823 net:net348636 net:net320091 net:net202237 net:net347442 net:net232920 net:net348571 net:net346451 net:net347025 net:net219354 net:net346115 net:net345309 net:net346311 net:net345116 net:net75591 net:net269093 net:net2311 net:net209212 net:net345807 net:net345744 net:net358162 net:net345727 net:net1020192 net:net1020183 net:net1017811
	comment: capacity:40 usage:41 overflow:1
	bbox = (786.0000, 936.0000) - (787.5000, 937.5000) on Layer -
violation type: Vertical congestion
	srcs: net:net327001 net:net326629 net:net326377 net:net324627 net:net324604 net:net320496 net:net273429 net:net273392 net:net273209 net:net89249 net:net69849 net:net273115 net:net357736 net:net273118 net:net347823 net:net348636 net:net299219 net:net320091 net:net202237 net:net347442 net:net232920 net:net348571 net:net347025 net:net346115 net:net346311 net:net75591 net:net269093 net:net209212 net:net345807 net:net345744 net:net358162 net:net345727 net:net192772 net:net348704 net:net1020192 net:net1020183 net:net1017811
	comment: capacity:40 usage:41 overflow:1
	bbox = (786.0000, 940.5000) - (787.5000, 942.0000) on Layer -
violation type: Vertical congestion
	srcs: net:net327001 net:net326629 net:net326377 net:net324604 net:net324535 net:net320496 net:net273429 net:net273209 net:net89249 net:net89250 net:net69849 net:net273115 net:net276984 net:net345950 net:net63449 net:net324857 net:net347823 net:net348636 net:net299219 net:net202237 net:net232920 net:net348571 net:net321347 net:net345974 net:net346311 net:net75591 net:net267524 net:net209212 net:net345744 net:net358162 net:net358190 net:net192772 net:net348704 net:net347197 net:net1020192 net:net1020183
	comment: capacity:40 usage:41 overflow:1
	bbox = (786.0000, 946.5000) - (787.5000, 948.0000) on Layer -
violation type: Vertical congestion
	srcs: net:net942923 net:net327001 net:net326629 net:net326377 net:net324604 net:net324535 net:net320496 net:net273429 net:net273209 net:net89249 net:net89250 net:net69849 net:net273115 net:net276984 net:net63449 net:net318016 net:net324857 net:net347823 net:net348636 net:net345878 net:net299219 net:net202237 net:net232920 net:net348571 net:net232917 net:net345974 net:net346311 net:net209212 net:net345744 net:net358162 net:net358190 net:net192772 net:net348704 net:net347197 net:net1020192 net:net1020183
	comment: capacity:39 usage:40 overflow:1
	bbox = (786.0000, 949.5000) - (787.5000, 951.0000) on Layer -
violation type: Vertical congestion
	srcs: net:net942923 net:net347495 net:net327001 net:net326629 net:net326377 net:net324604 net:net324535 net:net320496 net:net273429 net:net273209 net:net89249 net:net89250 net:net69849 net:net273115 net:net276984 net:net345170 net:net63449 net:net318016 net:net324857 net:net347823 net:net345878 net:net299219 net:net320091 net:net202237 net:net232920 net:net348571 net:net232917 net:net345974 net:net346311 net:net209212 net:net345744 net:net358162 net:net358190 net:net192772 net:net348704 net:net347197 net:net1020192 net:net1020183
	comment: capacity:40 usage:42 overflow:2
	bbox = (786.0000, 951.0000) - (787.5000, 952.5000) on Layer -
violation type: Vertical congestion
	srcs: net:net942923 net:net69718 net:net390672 net:net327001 net:net326629 net:net326377 net:net324535 net:net320486 net:net273429 net:net273307 net:net79691 net:net74493 net:net60641 net:net345170 net:net287363 net:net63449 net:net324857 net:net347823 net:net345878 net:net299219 net:net320091 net:net202237 net:net316545 net:net224177 net:net347274 net:net347496 net:net232917 net:net346444 net:net346620 net:net345744 net:net345531 net:net358162 net:net345676 net:net358190 net:net348704 net:net347197 net:net347590 net:net1020192 net:net1020183
	comment: capacity:40 usage:41 overflow:1
	bbox = (786.0000, 960.0000) - (787.5000, 961.5000) on Layer -
violation type: Vertical congestion
	srcs: net:net326677 net:net326619 net:net326366 net:net326319 net:net326279 net:net324872 net:net324839 net:net320486 net:net320408 net:net273471 net:net273356 net:net273183 net:net70724 net:net79691 net:net89250 net:net208264 net:net202234 net:net202231 net:net19325 net:net60609 net:net298247 net:net348636 net:net202218 net:net239052 net:net320093 net:net318433 net:net346261 net:net347303 net:net321216 net:net326941 net:net318430 net:net273148 net:net2311 net:net345807 net:net346891 net:net268833 net:net1021204 net:net1017810
	comment: capacity:40 usage:41 overflow:1
	bbox = (787.5000, 954.0000) - (789.0000, 955.5000) on Layer -
violation type: Vertical congestion
	srcs: net:net326677 net:net326619 net:net326366 net:net326279 net:net324872 net:net324839 net:net320486 net:net320408 net:net273471 net:net273356 net:net273183 net:net70724 net:net79691 net:net89250 net:net208264 net:net202234 net:net202231 net:net19325 net:net60609 net:net298247 net:net348636 net:net202218 net:net239052 net:net320093 net:net318433 net:net346261 net:net347303 net:net321216 net:net326941 net:net318430 net:net320173 net:net273148 net:net2311 net:net316165 net:net345807 net:net346891 net:net268833 net:net347739 net:net1021204 net:net1017810
	comment: capacity:40 usage:43 overflow:3
	bbox = (787.5000, 955.5000) - (789.0000, 957.0000) on Layer -
violation type: Vertical congestion
	srcs: net:net326677 net:net326619 net:net326366 net:net326279 net:net324872 net:net324839 net:net320408 net:net273471 net:net273356 net:net273183 net:net70724 net:net79691 net:net89250 net:net208264 net:net202234 net:net202231 net:net19325 net:net60609 net:net298247 net:net346350 net:net348636 net:net202218 net:net239052 net:net320093 net:net318433 net:net346261 net:net321216 net:net326941 net:net318430 net:net320173 net:net273148 net:net2311 net:net316165 net:net345807 net:net346891 net:net268833 net:net347739 net:net1021204 net:net1017810
	comment: capacity:40 usage:42 overflow:2
	bbox = (787.5000, 957.0000) - (789.0000, 958.5000) on Layer -
violation type: Vertical congestion
	srcs: net:net326677 net:net326619 net:net326366 net:net326279 net:net324872 net:net324839 net:net320408 net:net273356 net:net273183 net:net70724 net:net89250 net:net202234 net:net202231 net:net19325 net:net60609 net:net298247 net:net346086 net:net348636 net:net202218 net:net239052 net:net299221 net:net320093 net:net318433 net:net346261 net:net219354 net:net321216 net:net326941 net:net318430 net:net320173 net:net273148 net:net2311 net:net316165 net:net345807 net:net346891 net:net268833 net:net347739 net:net1021204 net:net1017810
	comment: capacity:39 usage:41 overflow:2
	bbox = (787.5000, 958.5000) - (789.0000, 960.0000) on Layer -
violation type: Vertical congestion
	srcs: net:net56066 net:net347759 net:net326677 net:net326619 net:net326366 net:net326279 net:net324839 net:net324535 net:net320408 net:net273480 net:net273356 net:net273183 net:net89249 net:net202234 net:net202231 net:net1018002 net:net74485 net:net299235 net:net273172 net:net322672 net:net346614 net:net299219 net:net316618 net:net318433 net:net202261 net:net345377 net:net347274 net:net299234 net:net347330 net:net75591 net:net320173 net:net273148 net:net304217 net:net345815 net:net346891 net:net1020174 net:net1017799 net:net1017926
	comment: capacity:40 usage:41 overflow:1
	bbox = (787.5000, 975.0000) - (789.0000, 976.5000) on Layer -
violation type: Vertical congestion
	srcs: net:net56066 net:net347268 net:net326677 net:net326619 net:net326366 net:net326279 net:net324839 net:net324535 net:net320408 net:net273480 net:net273356 net:net273183 net:net89249 net:net209536 net:net202234 net:net202231 net:net1018002 net:net74485 net:net299235 net:net273172 net:net322672 net:net346614 net:net299219 net:net316618 net:net318433 net:net202261 net:net345377 net:net347274 net:net299234 net:net347330 net:net75591 net:net320173 net:net273148 net:net304217 net:net345815 net:net1020174 net:net1017799 net:net1017926
	comment: capacity:40 usage:41 overflow:1
	bbox = (787.5000, 976.5000) - (789.0000, 978.0000) on Layer -
violation type: Vertical congestion
	srcs: net:net392918 net:net327325 net:net326655 net:net326617 net:net320479 net:net273444 net:net273438 net:net273371 net:net273257 net:net56071 net:net1017988 net:net324857 net:net345251 net:net1162113 net:net348577 net:net344956 net:net346435 net:net344865 net:net346705 net:net348665 net:net346379 net:net345003 net:net345121 net:net1149389 net:net345279 net:net345119 net:net320304 net:net232898 net:net344999 net:net1003372 net:net1003371 net:net346381 net:net1003370 net:net1003369 net:net346870 net:net346868 net:net60608 net:net1017958 net:net1017810
	comment: capacity:40 usage:41 overflow:1
	bbox = (789.0000, 867.0000) - (790.5000, 868.5000) on Layer -
violation type: Vertical congestion
	srcs: net:net52393 net:net47695 net:net47690 net:net47648 net:net394479 net:net394202 net:net330021 net:net320428 net:net273510 net:net273371 net:net79691 net:net60632 net:net213062 net:net332418 net:net63449 net:net346350 net:net4682 net:net319053 net:net346734 net:net348541 net:net347379 net:net348476 net:net345878 net:net320093 net:net324755 net:net211585 net:net346258 net:net202258 net:net246043 net:net69540 net:net69560 net:net345783 net:net346895 net:net347139 net:net1017799 net:net1017810 net:net1017926
	comment: capacity:40 usage:41 overflow:1
	bbox = (789.0000, 933.0000) - (790.5000, 934.5000) on Layer -
violation type: Vertical congestion
	srcs: net:net47695 net:net47690 net:net47648 net:net394479 net:net394202 net:net347481 net:net330021 net:net326639 net:net320428 net:net320393 net:net60632 net:net1018002 net:net332418 net:net346350 net:net346086 net:net57463 net:net4682 net:net5522 net:net348541 net:net347379 net:net348476 net:net346245 net:net316507 net:net324755 net:net318433 net:net348737 net:net219354 net:net320169 net:net214044 net:net202258 net:net69540 net:net69560 net:net345783 net:net345748 net:net345531 net:net348456 net:net1017811 net:net1017799 net:net1017926
	comment: capacity:40 usage:41 overflow:1
	bbox = (789.0000, 951.0000) - (790.5000, 952.5000) on Layer -
violation type: Vertical congestion
	srcs: net:net52399 net:net47695 net:net47690 net:net47648 net:net394479 net:net347505 net:net347503 net:net330021 net:net326639 net:net326385 net:net326319 net:net324627 net:net320428 net:net273477 net:net70724 net:net60612 net:net298247 net:net332418 net:net1017976 net:net74456 net:net69836 net:net57463 net:net4682 net:net5522 net:net347379 net:net345878 net:net324755 net:net348737 net:net345974 net:net214044 net:net202258 net:net69540 net:net69560 net:net345783 net:net361239 net:net1020156 net:net1017811 net:net1017810
	comment: capacity:40 usage:41 overflow:1
	bbox = (789.0000, 966.0000) - (790.5000, 967.5000) on Layer -
violation type: Vertical congestion
	srcs: net:net52399 net:net47695 net:net47690 net:net47648 net:net394479 net:net347523 net:net347519 net:net347503 net:net330021 net:net326639 net:net326385 net:net326319 net:net320428 net:net273477 net:net70724 net:net69849 net:net332418 net:net303321 net:net1017988 net:net74456 net:net69836 net:net346086 net:net57463 net:net4682 net:net5522 net:net347379 net:net345878 net:net324755 net:net348737 net:net345974 net:net214044 net:net202258 net:net69540 net:net69560 net:net345783 net:net1020156 net:net1017810
	comment: capacity:39 usage:41 overflow:2
	bbox = (789.0000, 969.0000) - (790.5000, 970.5000) on Layer -
violation type: Vertical congestion
	srcs: net:net47636 net:net327325 net:net326337 net:net324942 net:net324885 net:net324830 net:net320479 net:net273486 net:net273414 net:net273192 net:net332010 net:net63466 net:net69217 net:net332305 net:net63449 net:net1253182 net:net346734 net:net347784 net:net346144 net:net344865 net:net239056 net:net324512 net:net320299 net:net202261 net:net348665 net:net202255 net:net252352 net:net265862 net:net214044 net:net346651 net:net202258 net:net1140915 net:net2577 net:net61990 net:net209212 net:net1020192 net:net69114
	comment: capacity:39 usage:40 overflow:1
	bbox = (790.5000, 897.0000) - (792.0000, 898.5000) on Layer -
violation type: Vertical congestion
	srcs: net:net539737 net:net47687 net:net392918 net:net345565 net:net345291 net:net327325 net:net326639 net:net326337 net:net326279 net:net324942 net:net324885 net:net273414 net:net69217 net:net332305 net:net63449 net:net74481 net:net1160506 net:net346715 net:net202261 net:net348665 net:net346384 net:net347025 net:net347395 net:net202255 net:net347682 net:net265862 net:net345307 net:net214044 net:net347830 net:net319223 net:net1140915 net:net61990 net:net209212 net:net69540 net:net345643 net:net1020192 net:net69114 net:net1022774
	comment: capacity:40 usage:41 overflow:1
	bbox = (790.5000, 913.5000) - (792.0000, 915.0000) on Layer -
violation type: Vertical congestion
	srcs: net:net539737 net:net47687 net:net392918 net:net345565 net:net345291 net:net327325 net:net326639 net:net326337 net:net326279 net:net324942 net:net324885 net:net273414 net:net69217 net:net332305 net:net63449 net:net74481 net:net1160506 net:net346715 net:net202261 net:net348665 net:net346384 net:net347025 net:net347395 net:net202255 net:net265862 net:net345307 net:net214044 net:net347830 net:net319223 net:net1140915 net:net61990 net:net209212 net:net69540 net:net345770 net:net345643 net:net361126 net:net69114 net:net1022774
	comment: capacity:40 usage:41 overflow:1
	bbox = (790.5000, 915.0000) - (792.0000, 916.5000) on Layer -
violation type: Vertical congestion
	srcs: net:net394202 net:net392918 net:net390993 net:net390884 net:net327325 net:net326655 net:net273341 net:net273239 net:net60641 net:net56071 net:net345317 net:net303321 net:net320160 net:net69217 net:net69836 net:net1199640 net:net316539 net:net1160506 net:net44869 net:net346178 net:net345109 net:net304233 net:net320309 net:net232919 net:net250569 net:net327085 net:net345203 net:net346377 net:net345890 net:net345116 net:net2311 net:net243415 net:net1140915 net:net346905 net:net345748 net:net347715 net:net69114 net:net1020174 net:net1022774
	comment: capacity:40 usage:42 overflow:2
	bbox = (790.5000, 964.5000) - (792.0000, 966.0000) on Layer -
violation type: Vertical congestion
	srcs: net:net1066913 net:net1066079 net:net1065149 net:net1065058 net:net1064915 net:net1064913 net:net1063729 net:net1055993 net:net1055884 net:net1055795 net:net1043443 net:net1041415 net:net1041408 net:net1038586 net:net1038175 net:net669835 net:net2602 net:net33047 net:net47273 net:net346178 net:net348651 net:net347529 net:net1133208 net:net1133207 net:net1119158 net:net1109046 net:net1108263 net:net1101198 net:net1101193 net:net1098084 net:net346780 net:net345567 net:net345639 net:net361077 net:net1049623 net:net347590 net:net1017783 net:net1017789 net:net1017926
	comment: capacity:40 usage:41 overflow:1
	bbox = (792.0000, 715.5000) - (793.5000, 717.0000) on Layer -
violation type: Vertical congestion
	srcs: net:net1066913 net:net1066079 net:net1065149 net:net1065058 net:net1064915 net:net1064913 net:net1063729 net:net1055993 net:net1055795 net:net1051996 net:net1043443 net:net1041322 net:net1041320 net:net1041125 net:net1038586 net:net1038175 net:net669835 net:net2602 net:net33047 net:net47273 net:net346178 net:net348651 net:net347529 net:net1133208 net:net1119158 net:net1109046 net:net1108263 net:net1101198 net:net1101193 net:net1098084 net:net346780 net:net345567 net:net345639 net:net361077 net:net1049623 net:net347590 net:net1017783 net:net1017789 net:net1017926
	comment: capacity:40 usage:41 overflow:1
	bbox = (792.0000, 717.0000) - (793.5000, 718.5000) on Layer -
violation type: Vertical congestion
	srcs: net:net47654 net:net394479 net:net393879 net:net347158 net:net326993 net:net326329 net:net320486 net:net273471 net:net273414 net:net273255 net:net56068 net:net53741 net:net344863 net:net345365 net:net316507 net:net348651 net:net324772 net:net346631 net:net347835 net:net345279 net:net347328 net:net347046 net:net244883 net:net346410 net:net347022 net:net2577 net:net55874 net:net345567 net:net345697 net:net1022784 net:net347132 net:net347163 net:net347159 net:net345948 net:net1021887 net:net1020183 net:net1020191 net:net1017956
	comment: capacity:40 usage:41 overflow:1
	bbox = (792.0000, 861.0000) - (793.5000, 862.5000) on Layer -
violation type: Vertical congestion
	srcs: net:net1017990 net:net47690 net:net47655 net:net393879 net:net324839 net:net324535 net:net320496 net:net273489 net:net273477 net:net273471 net:net273315 net:net91496 net:net91494 net:net332010 net:net1017976 net:net74481 net:net347009 net:net347040 net:net347068 net:net344863 net:net345156 net:net232563 net:net345307 net:net348662 net:net346754 net:net345783 net:net345533 net:net345697 net:net1022784 net:net1017947 net:net1021887 net:net1020191 net:net1017956 net:net1017937
	comment: capacity:40 usage:43 overflow:3
	bbox = (792.0000, 909.0000) - (793.5000, 910.5000) on Layer -
violation type: Vertical congestion
	srcs: net:net1017990 net:net47690 net:net47655 net:net393879 net:net326665 net:net324839 net:net324535 net:net320496 net:net273489 net:net273477 net:net273471 net:net273315 net:net91496 net:net91494 net:net332010 net:net1017976 net:net74481 net:net347009 net:net347040 net:net347068 net:net344863 net:net345156 net:net348662 net:net346754 net:net345783 net:net345533 net:net345697 net:net1022784 net:net1017947 net:net1021887 net:net1020191 net:net1017956 net:net1017937
	comment: capacity:40 usage:42 overflow:2
	bbox = (792.0000, 910.5000) - (793.5000, 912.0000) on Layer -
violation type: Vertical congestion
	srcs: net:net1017990 net:net1017987 net:net47690 net:net47655 net:net326665 net:net324839 net:net324535 net:net273489 net:net273477 net:net273471 net:net273341 net:net273315 net:net91496 net:net91494 net:net332010 net:net1017976 net:net273177 net:net74481 net:net1269256 net:net347009 net:net347040 net:net347068 net:net344863 net:net345156 net:net348662 net:net346754 net:net345783 net:net345533 net:net360686 net:net1022784 net:net1017947 net:net1021887 net:net1020191 net:net1017956 net:net1017937
	comment: capacity:40 usage:44 overflow:4
	bbox = (792.0000, 912.0000) - (793.5000, 913.5000) on Layer -
violation type: Vertical congestion
	srcs: net:net1017990 net:net1017987 net:net92095 net:net390781 net:net346576 net:net327325 net:net326665 net:net326385 net:net320138 net:net273477 net:net273239 net:net89249 net:net332010 net:net320060 net:net1017976 net:net56069 net:net2178 net:net346108 net:net320066 net:net347274 net:net320171 net:net347390 net:net345890 net:net324777 net:net345375 net:net347498 net:net316530 net:net346895 net:net345776 net:net358147 net:net347731 net:net1022784 net:net347190 net:net345858 net:net1021887 net:net1020191 net:net1020174
	comment: capacity:40 usage:41 overflow:1
	bbox = (792.0000, 954.0000) - (793.5000, 955.5000) on Layer -
violation type: Vertical congestion
	srcs: net:net1017990 net:net1017987 net:net92095 net:net390781 net:net346576 net:net346157 net:net327325 net:net326665 net:net326385 net:net320138 net:net273239 net:net89249 net:net332010 net:net320060 net:net1017976 net:net1017988 net:net56069 net:net2178 net:net346108 net:net320066 net:net320171 net:net347390 net:net345890 net:net324777 net:net345375 net:net347498 net:net316530 net:net346895 net:net345776 net:net358147 net:net347731 net:net1022784 net:net347190 net:net345858 net:net1021887 net:net1020191 net:net1020174
	comment: capacity:40 usage:42 overflow:2
	bbox = (792.0000, 955.5000) - (793.5000, 957.0000) on Layer -
violation type: Vertical congestion
	srcs: net:net1017990 net:net1017987 net:net92095 net:net390781 net:net346576 net:net326665 net:net320139 net:net320138 net:net273471 net:net89249 net:net208264 net:net332010 net:net1017976 net:net1017988 net:net56069 net:net345089 net:net2178 net:net346367 net:net346108 net:net320066 net:net320171 net:net347390 net:net345890 net:net345375 net:net347498 net:net346895 net:net345776 net:net358147 net:net347731 net:net1022784 net:net347190 net:net347577 net:net345858 net:net1021887 net:net1020191
	comment: capacity:39 usage:40 overflow:1
	bbox = (792.0000, 958.5000) - (793.5000, 960.0000) on Layer -
violation type: Vertical congestion
	srcs: net:net534677 net:net390884 net:net390672 net:net346576 net:net34277 net:net278321 net:net273414 net:net273315 net:net273281 net:net69849 net:net202246 net:net391117 net:net69848 net:net316527 net:net1017994 net:net53654 net:net1162180 net:net320066 net:net348665 net:net347835 net:net202252 net:net318338 net:net202249 net:net347301 net:net316208 net:net346828 net:net347715 net:net347586 net:net1020174 net:net1018044
	comment: capacity:30 usage:32 overflow:2
	bbox = (793.5000, 933.0000) - (795.0000, 934.5000) on Layer -
violation type: Vertical congestion
	srcs: net:net539737 net:net534677 net:net390884 net:net278321 net:net273281 net:net69849 net:net391117 net:net1017994 net:net227394 net:net53654 net:net1256785 net:net346261 net:net211585 net:net348665 net:net347835 net:net346721 net:net202252 net:net320307 net:net202249 net:net347498 net:net345772 net:net347715 net:net347136 net:net347134 net:net347586 net:net1017947 net:net1018044 net:net1017937
	comment: capacity:30 usage:31 overflow:1
	bbox = (793.5000, 949.5000) - (795.0000, 951.0000) on Layer -
violation type: Vertical congestion
	srcs: net:net539737 net:net534677 net:net390884 net:net346253 net:net278321 net:net273281 net:net213062 net:net69849 net:net391117 net:net1017994 net:net227394 net:net53654 net:net1256785 net:net346705 net:net346261 net:net211585 net:net348665 net:net347835 net:net346721 net:net202252 net:net320307 net:net347498 net:net345772 net:net347715 net:net347136 net:net347134 net:net347586 net:net1017947 net:net1018044 net:net1017937
	comment: capacity:30 usage:34 overflow:4
	bbox = (793.5000, 951.0000) - (795.0000, 952.5000) on Layer -
violation type: Vertical congestion
	srcs: net:net539737 net:net534677 net:net390884 net:net346253 net:net273281 net:net213062 net:net69849 net:net1018002 net:net1017994 net:net227394 net:net53654 net:net1256785 net:net346705 net:net211585 net:net348665 net:net347835 net:net346721 net:net202252 net:net320307 net:net346841 net:net345772 net:net347715 net:net347136 net:net347134 net:net347586 net:net1017947 net:net1018044 net:net1017937
	comment: capacity:30 usage:32 overflow:2
	bbox = (793.5000, 952.5000) - (795.0000, 954.0000) on Layer -
violation type: Vertical congestion
	srcs: net:net539737 net:net534677 net:net320159 net:net320139 net:net273281 net:net60632 net:net213062 net:net1018002 net:net1017994 net:net227394 net:net53654 net:net1256785 net:net346705 net:net211585 net:net348665 net:net347835 net:net346721 net:net202252 net:net346841 net:net1018051 net:net347715 net:net347136 net:net347134 net:net347586 net:net1017947 net:net1018044 net:net1017937
	comment: capacity:30 usage:31 overflow:1
	bbox = (793.5000, 954.0000) - (795.0000, 955.5000) on Layer -
violation type: Vertical congestion
	srcs: net:net539737 net:net534677 net:net320479 net:net320140 net:net320139 net:net273281 net:net213062 net:net1018002 net:net1017994 net:net227394 net:net53654 net:net1256785 net:net346705 net:net211585 net:net348665 net:net347835 net:net346721 net:net345892 net:net202252 net:net346841 net:net346839 net:net1018051 net:net347715 net:net347136 net:net347134 net:net347586 net:net1017947 net:net1018044 net:net1017937
	comment: capacity:30 usage:32 overflow:2
	bbox = (793.5000, 955.5000) - (795.0000, 957.0000) on Layer -
violation type: Vertical congestion
	srcs: net:net92095 net:net47687 net:net47655 net:net326341 net:net320490 net:net273239 net:net273223 net:net273207 net:net91494 net:net63615 net:net1017994 net:net320081 net:net1017988 net:net69220 net:net69836 net:net44821 net:net44869 net:net5522 net:net347673 net:net348489 net:net348564 net:net347018 net:net5790 net:net345673 net:net345854 net:net1017937
	comment: capacity:30 usage:31 overflow:1
	bbox = (795.0000, 928.5000) - (796.5000, 930.0000) on Layer -
violation type: Vertical congestion
	srcs: net:net92095 net:net47687 net:net47655 net:net327015 net:net326341 net:net320490 net:net273239 net:net273223 net:net273207 net:net91494 net:net63615 net:net1017994 net:net320081 net:net1017988 net:net69220 net:net69836 net:net1199640 net:net44821 net:net5522 net:net347673 net:net348489 net:net348564 net:net347018 net:net5790 net:net346839 net:net345673 net:net345854 net:net1017937
	comment: capacity:30 usage:32 overflow:2
	bbox = (795.0000, 930.0000) - (796.5000, 931.5000) on Layer -
violation type: Vertical congestion
	srcs: net:net92095 net:net47655 net:net327015 net:net326341 net:net320490 net:net273239 net:net273223 net:net273207 net:net227402 net:net227400 net:net91496 net:net91494 net:net63615 net:net1017988 net:net69220 net:net69836 net:net1199640 net:net44821 net:net5522 net:net348489 net:net348564 net:net347018 net:net5790 net:net346839 net:net345854 net:net1017937
	comment: capacity:29 usage:31 overflow:2
	bbox = (795.0000, 931.5000) - (796.5000, 933.0000) on Layer -
violation type: Vertical congestion
	srcs: net:net92095 net:net47655 net:net327015 net:net326341 net:net320490 net:net320414 net:net273239 net:net273223 net:net91496 net:net91494 net:net63615 net:net1017988 net:net69220 net:net69836 net:net1199640 net:net44821 net:net5522 net:net320064 net:net195768 net:net346122 net:net348489 net:net348564 net:net347018 net:net5790 net:net346754 net:net346839 net:net345854 net:net1017937
	comment: capacity:30 usage:33 overflow:3
	bbox = (795.0000, 933.0000) - (796.5000, 934.5000) on Layer -
violation type: Vertical congestion
	srcs: net:net92095 net:net47655 net:net327015 net:net326341 net:net320490 net:net320414 net:net273239 net:net273223 net:net91496 net:net91494 net:net63615 net:net316527 net:net1017988 net:net69220 net:net69836 net:net1199640 net:net44821 net:net5522 net:net320064 net:net195768 net:net346122 net:net348489 net:net347018 net:net5790 net:net346754 net:net346839 net:net345854 net:net1017937
	comment: capacity:30 usage:33 overflow:3
	bbox = (795.0000, 934.5000) - (796.5000, 936.0000) on Layer -
violation type: Vertical congestion
	srcs: net:net92095 net:net47655 net:net34277 net:net327015 net:net326341 net:net320490 net:net320414 net:net273239 net:net273223 net:net91494 net:net63615 net:net316527 net:net1017988 net:net69220 net:net69836 net:net1199640 net:net44821 net:net5522 net:net195768 net:net346122 net:net348489 net:net347018 net:net5790 net:net346754 net:net346839 net:net345854 net:net1017937
	comment: capacity:30 usage:31 overflow:1
	bbox = (795.0000, 936.0000) - (796.5000, 937.5000) on Layer -
violation type: Vertical congestion
	srcs: net:net92095 net:net47655 net:net34277 net:net320490 net:net320414 net:net273489 net:net273223 net:net91496 net:net91494 net:net316527 net:net1017988 net:net69220 net:net44821 net:net345210 net:net345286 net:net252772 net:net348489 net:net347677 net:net5790 net:net346839 net:net345469 net:net358155 net:net1018051 net:net347577 net:net345854 net:net1017956
	comment: capacity:30 usage:31 overflow:1
	bbox = (795.0000, 952.5000) - (796.5000, 954.0000) on Layer -
violation type: Vertical congestion
	srcs: net:net47655 net:net346188 net:net346186 net:net34277 net:net320490 net:net320414 net:net273489 net:net273223 net:net91496 net:net91494 net:net316527 net:net1017988 net:net69220 net:net44821 net:net345210 net:net345286 net:net252772 net:net348489 net:net346187 net:net347677 net:net5790 net:net346839 net:net345469 net:net358155 net:net347577 net:net345854 net:net1017956
	comment: capacity:30 usage:32 overflow:2
	bbox = (795.0000, 954.0000) - (796.5000, 955.5000) on Layer -
violation type: Vertical congestion
	srcs: net:net539680 net:net47655 net:net34277 net:net320490 net:net320414 net:net299224 net:net273223 net:net27879 net:net60609 net:net316527 net:net69220 net:net53654 net:net44821 net:net345210 net:net345286 net:net346384 net:net347303 net:net252772 net:net346446 net:net348489 net:net346187 net:net267962 net:net347677 net:net5790 net:net345469 net:net358155 net:net1017956 net:net1020336
	comment: capacity:30 usage:31 overflow:1
	bbox = (795.0000, 960.0000) - (796.5000, 961.5000) on Layer -
violation type: Vertical congestion
	srcs: net:net539680 net:net47655 net:net34277 net:net324833 net:net320490 net:net299224 net:net273281 net:net273223 net:net27879 net:net89249 net:net69220 net:net318016 net:net53654 net:net44821 net:net345270 net:net345210 net:net345286 net:net346384 net:net347303 net:net252772 net:net252352 net:net346446 net:net345203 net:net345279 net:net267962 net:net209212 net:net345469 net:net358155 net:net1020336
	comment: capacity:30 usage:31 overflow:1
	bbox = (795.0000, 969.0000) - (796.5000, 970.5000) on Layer -
violation type: Vertical congestion
	srcs: net:net539680 net:net47655 net:net345278 net:net34277 net:net324833 net:net320490 net:net299224 net:net273281 net:net273223 net:net27879 net:net89249 net:net69220 net:net318016 net:net53654 net:net44821 net:net345210 net:net345286 net:net346384 net:net347303 net:net252772 net:net252352 net:net346446 net:net345203 net:net345279 net:net267962 net:net209212 net:net345469 net:net358155 net:net1020336
	comment: capacity:30 usage:31 overflow:1
	bbox = (795.0000, 970.5000) - (796.5000, 972.0000) on Layer -
violation type: Vertical congestion
	srcs: net:net47816 net:net47636 net:net345339 net:net345090 net:net327015 net:net324833 net:net320504 net:net273257 net:net273207 net:net230436 net:net229818 net:net74493 net:net89250 net:net206492 net:net327347 net:net391117 net:net320060 net:net318016 net:net5743 net:net4572 net:net345365 net:net324492 net:net348665 net:net252352 net:net320169 net:net324777 net:net232898 net:net230321 net:net348568 net:net347301 net:net69544 net:net69563 net:net345772 net:net346908 net:net358192 net:net347136 net:net347132 net:net1017958
	comment: capacity:40 usage:41 overflow:1
	bbox = (796.5000, 963.0000) - (798.0000, 964.5000) on Layer -
violation type: Vertical congestion
	srcs: net:net47645 net:net47636 net:net345339 net:net327308 net:net327015 net:net273281 net:net273207 net:net232909 net:net89250 net:net206492 net:net75593 net:net327347 net:net391117 net:net74485 net:net91487 net:net273118 net:net5743 net:net4572 net:net345192 net:net345365 net:net346367 net:net255230 net:net324492 net:net345210 net:net348665 net:net348607 net:net320169 net:net327085 net:net345279 net:net324777 net:net232898 net:net348568 net:net348604 net:net69544 net:net345772 net:net346828 net:net1017958
	comment: capacity:40 usage:41 overflow:1
	bbox = (796.5000, 976.5000) - (798.0000, 978.0000) on Layer -
violation type: Vertical congestion
	srcs: net:net345883 net:net345114 net:net327308 net:net324885 net:net273259 net:net273257 net:net27879 net:net206492 net:net204197 net:net75593 net:net60612 net:net229813 net:net227403 net:net69848 net:net320081 net:net273172 net:net307083 net:net69226 net:net53678 net:net306999 net:net324492 net:net202255 net:net346189 net:net75591 net:net346258 net:net347392 net:net316748 net:net316241 net:net69544 net:net345815 net:net346968 net:net345486 net:net1040800 net:net347134 net:net1020193 net:net1020336
	comment: capacity:40 usage:41 overflow:1
	bbox = (798.0000, 948.0000) - (799.5000, 949.5000) on Layer -
violation type: Vertical congestion
	srcs: net:net346229 net:net346228 net:net346227 net:net345114 net:net327308 net:net326341 net:net324885 net:net273259 net:net27879 net:net206492 net:net204197 net:net202224 net:net75593 net:net60612 net:net229813 net:net69848 net:net320081 net:net273172 net:net307083 net:net69226 net:net53678 net:net347478 net:net324492 net:net326516 net:net202249 net:net75591 net:net346258 net:net269093 net:net347392 net:net316241 net:net69544 net:net345815 net:net346968 net:net345486 net:net1040800 net:net1020193 net:net1020336
	comment: capacity:40 usage:42 overflow:2
	bbox = (798.0000, 951.0000) - (799.5000, 952.5000) on Layer -
violation type: Vertical congestion
	srcs: net:net346228 net:net345114 net:net327308 net:net326341 net:net324885 net:net273510 net:net273259 net:net27879 net:net89249 net:net206492 net:net204197 net:net202224 net:net75593 net:net60612 net:net229813 net:net69848 net:net273172 net:net307083 net:net69226 net:net1162180 net:net347478 net:net324492 net:net326516 net:net348566 net:net202249 net:net75591 net:net269093 net:net347392 net:net316241 net:net69544 net:net345815 net:net346968 net:net345486 net:net346908 net:net1040800 net:net1020193 net:net1020336
	comment: capacity:40 usage:43 overflow:3
	bbox = (798.0000, 952.5000) - (799.5000, 954.0000) on Layer -
violation type: Vertical congestion
	srcs: net:net345114 net:net327308 net:net326341 net:net324885 net:net273510 net:net273259 net:net27879 net:net60641 net:net89249 net:net69849 net:net206492 net:net204197 net:net202224 net:net75593 net:net60612 net:net229813 net:net273172 net:net69226 net:net1162180 net:net347478 net:net324492 net:net326516 net:net348566 net:net202249 net:net75591 net:net269093 net:net347392 net:net316241 net:net69544 net:net345815 net:net346968 net:net345486 net:net346965 net:net346908 net:net1040800 net:net1020193 net:net1020336
	comment: capacity:40 usage:44 overflow:4
	bbox = (798.0000, 954.0000) - (799.5000, 955.5000) on Layer -
violation type: Vertical congestion
	srcs: net:net346161 net:net346160 net:net345114 net:net327308 net:net326341 net:net324885 net:net273510 net:net273259 net:net27879 net:net60641 net:net89249 net:net69849 net:net204197 net:net202224 net:net75593 net:net60612 net:net229813 net:net273172 net:net69226 net:net1162180 net:net347478 net:net324492 net:net326516 net:net348566 net:net202249 net:net269093 net:net347392 net:net316241 net:net69544 net:net345815 net:net346968 net:net345486 net:net346965 net:net346908 net:net1040800 net:net1020193
	comment: capacity:40 usage:42 overflow:2
	bbox = (798.0000, 955.5000) - (799.5000, 957.0000) on Layer -
violation type: Vertical congestion
	srcs: net:net346522 net:net345114 net:net344961 net:net327308 net:net326341 net:net273510 net:net273489 net:net273259 net:net27879 net:net60641 net:net91496 net:net213062 net:net89249 net:net89250 net:net69849 net:net204197 net:net60612 net:net273172 net:net69226 net:net394503 net:net1162180 net:net347478 net:net326516 net:net348665 net:net202249 net:net269093 net:net347392 net:net316241 net:net69544 net:net345815 net:net346968 net:net345486 net:net346965 net:net1040800 net:net1020193
	comment: capacity:39 usage:43 overflow:4
	bbox = (798.0000, 958.5000) - (799.5000, 960.0000) on Layer -
violation type: Vertical congestion
	srcs: net:net346522 net:net346378 net:net346353 net:net346352 net:net346351 net:net345114 net:net344961 net:net327308 net:net326341 net:net273510 net:net273489 net:net273259 net:net60641 net:net91496 net:net213062 net:net89249 net:net89250 net:net204197 net:net60612 net:net69226 net:net394503 net:net1162180 net:net347478 net:net326516 net:net348665 net:net202249 net:net320311 net:net269093 net:net347392 net:net316241 net:net345815 net:net346968 net:net345486 net:net346965 net:net1040800 net:net1020193
	comment: capacity:40 usage:43 overflow:3
	bbox = (798.0000, 960.0000) - (799.5000, 961.5000) on Layer -
violation type: Vertical congestion
	srcs: net:net344961 net:net327308 net:net326341 net:net320414 net:net273510 net:net273489 net:net273259 net:net74493 net:net60641 net:net91496 net:net213062 net:net210720 net:net89249 net:net204197 net:net60612 net:net321336 net:net69226 net:net394503 net:net1162180 net:net347478 net:net346367 net:net326516 net:net75591 net:net320311 net:net269093 net:net347392 net:net316241 net:net345815 net:net346968 net:net346965 net:net358159 net:net1040800 net:net1020193
	comment: capacity:40 usage:41 overflow:1
	bbox = (798.0000, 964.5000) - (799.5000, 966.0000) on Layer -
violation type: Vertical congestion
	srcs: net:net344961 net:net327308 net:net326341 net:net320504 net:net320414 net:net273510 net:net273489 net:net273259 net:net91496 net:net60632 net:net213062 net:net210720 net:net89249 net:net204197 net:net60612 net:net74485 net:net321336 net:net69226 net:net243181 net:net394503 net:net319348 net:net1162180 net:net347478 net:net346367 net:net346187 net:net75591 net:net320311 net:net269093 net:net347392 net:net316241 net:net345815 net:net346968 net:net346965 net:net358159 net:net1040800
	comment: capacity:40 usage:43 overflow:3
	bbox = (798.0000, 967.5000) - (799.5000, 969.0000) on Layer -
violation type: Vertical congestion
	srcs: net:net346372 net:net344961 net:net327308 net:net326341 net:net320504 net:net320414 net:net273510 net:net273489 net:net273259 net:net91496 net:net60632 net:net213062 net:net210720 net:net89249 net:net204197 net:net60612 net:net74485 net:net319174 net:net321336 net:net69226 net:net243181 net:net394503 net:net319348 net:net1162180 net:net318329 net:net347478 net:net346367 net:net346187 net:net75591 net:net320311 net:net269093 net:net347392 net:net316241 net:net345815 net:net346968 net:net346965 net:net1040800
	comment: capacity:40 usage:45 overflow:5
	bbox = (798.0000, 969.0000) - (799.5000, 970.5000) on Layer -
violation type: Vertical congestion
	srcs: net:net346372 net:net345254 net:net345252 net:net344961 net:net327308 net:net326341 net:net320504 net:net320414 net:net273510 net:net273489 net:net273259 net:net91496 net:net60632 net:net210720 net:net89249 net:net204197 net:net60612 net:net74485 net:net345253 net:net69226 net:net394503 net:net319348 net:net1162180 net:net346367 net:net346187 net:net75591 net:net320311 net:net269093 net:net347392 net:net316241 net:net345815 net:net346968 net:net346965 net:net346828 net:net1040800
	comment: capacity:40 usage:42 overflow:2
	bbox = (798.0000, 970.5000) - (799.5000, 972.0000) on Layer -
violation type: Vertical congestion
	srcs: net:net47678 net:net357741 net:net348540 net:net345598 net:net327011 net:net326993 net:net324623 net:net276989 net:net273265 net:net218951 net:net215255 net:net60632 net:net206492 net:net199563 net:net316953 net:net318341 net:net69848 net:net320081 net:net74456 net:net332413 net:net310030 net:net307047 net:net394503 net:net5743 net:net306737 net:net347671 net:net266666 net:net306050 net:net345892 net:net347684 net:net347392 net:net309911 net:net310185 net:net345486 net:net345481 net:net346961 net:net347739 net:net1017928
	comment: capacity:40 usage:41 overflow:1
	bbox = (799.5000, 936.0000) - (801.0000, 937.5000) on Layer -
violation type: Vertical congestion
	srcs: net:net47678 net:net345598 net:net345153 net:net327011 net:net326993 net:net324623 net:net276989 net:net273265 net:net218951 net:net215255 net:net60632 net:net206492 net:net199563 net:net91494 net:net316953 net:net318341 net:net69848 net:net320081 net:net74456 net:net332413 net:net310030 net:net307047 net:net394503 net:net5743 net:net347671 net:net266666 net:net306050 net:net345892 net:net347684 net:net347392 net:net309911 net:net310185 net:net345486 net:net345481 net:net346961 net:net358159 net:net347739 net:net1017928
	comment: capacity:40 usage:42 overflow:2
	bbox = (799.5000, 937.5000) - (801.0000, 939.0000) on Layer -
violation type: Vertical congestion
	srcs: net:net539606 net:net394467 net:net346836 net:net346457 net:net345153 net:net327011 net:net326993 net:net324623 net:net276989 net:net273265 net:net218951 net:net215255 net:net60632 net:net89250 net:net208261 net:net206492 net:net202221 net:net199563 net:net91494 net:net318341 net:net320081 net:net74456 net:net332413 net:net394503 net:net347671 net:net306050 net:net345892 net:net347684 net:net309911 net:net310185 net:net345486 net:net345481 net:net346961 net:net346908 net:net358159 net:net347739 net:net1017928
	comment: capacity:40 usage:41 overflow:1
	bbox = (799.5000, 942.0000) - (801.0000, 943.5000) on Layer -
violation type: Vertical congestion
	srcs: net:net539606 net:net394467 net:net390672 net:net345412 net:net345153 net:net327011 net:net324623 net:net324607 net:net276989 net:net273265 net:net267530 net:net267529 net:net255818 net:net60641 net:net91496 net:net55881 net:net215255 net:net208261 net:net202221 net:net91494 net:net318341 net:net74456 net:net332413 net:net74481 net:net2267 net:net347671 net:net306050 net:net345892 net:net347684 net:net347301 net:net345481 net:net346961 net:net346908 net:net358159 net:net347739 net:net347590 net:net1020171
	comment: capacity:40 usage:41 overflow:1
	bbox = (799.5000, 948.0000) - (801.0000, 949.5000) on Layer -
violation type: Vertical congestion
	srcs: net:net345412 net:net345275 net:net345274 net:net345273 net:net345252 net:net345197 net:net345114 net:net324607 net:net298341 net:net276989 net:net273257 net:net229818 net:net213062 net:net91494 net:net60609 net:net345253 net:net347241 net:net318341 net:net326660 net:net63615 net:net255816 net:net69848 net:net320081 net:net317819 net:net318065 net:net74481 net:net243181 net:net347671 net:net347390 net:net347682 net:net319569 net:net347684 net:net345046 net:net345486 net:net345481 net:net346961 net:net1020177
	comment: capacity:40 usage:42 overflow:2
	bbox = (799.5000, 970.5000) - (801.0000, 972.0000) on Layer -
violation type: Vertical congestion
	srcs: net:net47663 net:net394467 net:net393879 net:net390776 net:net348544 net:net348543 net:net348542 net:net346457 net:net345883 net:net345357 net:net345234 net:net344975 net:net326984 net:net326625 net:net273432 net:net74493 net:net60641 net:net213062 net:net74485 net:net31218 net:net219695 net:net319174 net:net347336 net:net306766 net:net1017980 net:net305464 net:net69226 net:net317996 net:net311100 net:net347806 net:net348566 net:net317650 net:net199063 net:net346965 net:net345610 net:net345608 net:net347590
	comment: capacity:40 usage:41 overflow:1
	bbox = (801.0000, 936.0000) - (802.5000, 937.5000) on Layer -
violation type: Vertical congestion
	srcs: net:net393879 net:net390776 net:net346459 net:net345675 net:net345665 net:net345661 net:net345357 net:net345234 net:net345197 net:net344975 net:net326625 net:net273432 net:net60632 net:net213062 net:net60612 net:net60609 net:net74485 net:net31218 net:net219695 net:net319174 net:net316953 net:net347336 net:net1017980 net:net5743 net:net306737 net:net326523 net:net255227 net:net266666 net:net195768 net:net347806 net:net348566 net:net316519 net:net305928 net:net75591 net:net346965 net:net361518 net:net345731
	comment: capacity:40 usage:43 overflow:3
	bbox = (801.0000, 942.0000) - (802.5000, 943.5000) on Layer -
violation type: Vertical congestion
	srcs: net:net538165 net:net393879 net:net390776 net:net346459 net:net345675 net:net345357 net:net345234 net:net345197 net:net344993 net:net344975 net:net326993 net:net326625 net:net273432 net:net60632 net:net213062 net:net60612 net:net60609 net:net74485 net:net31218 net:net219695 net:net319174 net:net316953 net:net347336 net:net1017980 net:net5743 net:net326523 net:net255227 net:net266666 net:net347806 net:net348566 net:net316519 net:net305928 net:net75591 net:net346965 net:net345731
	comment: capacity:40 usage:41 overflow:1
	bbox = (801.0000, 943.5000) - (802.5000, 945.0000) on Layer -
violation type: Vertical congestion
	srcs: net:net538165 net:net393879 net:net390776 net:net347230 net:net346470 net:net345427 net:net345357 net:net345197 net:net345029 net:net344975 net:net326993 net:net326625 net:net273432 net:net229838 net:net60632 net:net213062 net:net60612 net:net60609 net:net74485 net:net219695 net:net319174 net:net316953 net:net192809 net:net347336 net:net1017980 net:net394503 net:net5743 net:net326523 net:net255227 net:net266666 net:net347806 net:net348566 net:net316519 net:net305928 net:net346965 net:net346828 net:net345731
	comment: capacity:40 usage:42 overflow:2
	bbox = (801.0000, 945.0000) - (802.5000, 946.5000) on Layer -
violation type: Vertical congestion
	srcs: net:net538165 net:net393879 net:net390776 net:net347230 net:net346470 net:net345427 net:net345357 net:net345197 net:net344975 net:net326993 net:net326625 net:net324490 net:net273432 net:net229838 net:net227402 net:net218951 net:net60632 net:net213062 net:net60612 net:net60609 net:net74485 net:net219695 net:net319174 net:net347336 net:net1017980 net:net394503 net:net5743 net:net326523 net:net255227 net:net266666 net:net347806 net:net268084 net:net348566 net:net316519 net:net305928 net:net346965 net:net346828 net:net345731
	comment: capacity:40 usage:43 overflow:3
	bbox = (801.0000, 946.5000) - (802.5000, 948.0000) on Layer -
violation type: Vertical congestion
	srcs: net:net538165 net:net535032 net:net393879 net:net390776 net:net346470 net:net345428 net:net345357 net:net345197 net:net344975 net:net326993 net:net326625 net:net324490 net:net273432 net:net229838 net:net91531 net:net227402 net:net218951 net:net60632 net:net213062 net:net60609 net:net74485 net:net219695 net:net319174 net:net347336 net:net1017980 net:net394503 net:net5743 net:net326523 net:net255227 net:net319058 net:net266666 net:net347806 net:net268084 net:net348566 net:net316519 net:net305928 net:net346965 net:net346828 net:net345731
	comment: capacity:40 usage:43 overflow:3
	bbox = (801.0000, 948.0000) - (802.5000, 949.5000) on Layer -
violation type: Vertical congestion
	srcs: net:net538165 net:net535032 net:net393879 net:net390776 net:net347482 net:net346470 net:net345357 net:net345197 net:net326625 net:net320158 net:net273432 net:net273265 net:net229838 net:net91531 net:net229837 net:net219352 net:net91496 net:net218951 net:net60632 net:net213062 net:net74485 net:net219695 net:net319174 net:net347336 net:net1017980 net:net394503 net:net5743 net:net326523 net:net255227 net:net319058 net:net266666 net:net347806 net:net268084 net:net348566 net:net316519 net:net305928 net:net346965 net:net346828 net:net345731
	comment: capacity:40 usage:43 overflow:3
	bbox = (801.0000, 949.5000) - (802.5000, 951.0000) on Layer -
violation type: Vertical congestion
	srcs: net:net538165 net:net535032 net:net393879 net:net390776 net:net347760 net:net91495 net:net346293 net:net346292 net:net345357 net:net345339 net:net326625 net:net324614 net:net320158 net:net273432 net:net273265 net:net219352 net:net218951 net:net60632 net:net199035 net:net91494 net:net74485 net:net217499 net:net255816 net:net345093 net:net394503 net:net2267 net:net5743 net:net326523 net:net255227 net:net266666 net:net347806 net:net268084 net:net320307 net:net75591 net:net346754 net:net346828 net:net345731
	comment: capacity:40 usage:41 overflow:1
	bbox = (801.0000, 955.5000) - (802.5000, 957.0000) on Layer -
violation type: Vertical congestion
	srcs: net:net538165 net:net535032 net:net393879 net:net390776 net:net347760 net:net91495 net:net346382 net:net346375 net:net346373 net:net346372 net:net345357 net:net345339 net:net324614 net:net320158 net:net273432 net:net273265 net:net219352 net:net218951 net:net202215 net:net75593 net:net91494 net:net217499 net:net255816 net:net63605 net:net345093 net:net2267 net:net346245 net:net326523 net:net255227 net:net266666 net:net347806 net:net268084 net:net320307 net:net345344 net:net346754 net:net361516 net:net346828 net:net358194
	comment: capacity:38 usage:40 overflow:2
	bbox = (801.0000, 958.5000) - (802.5000, 960.0000) on Layer -
violation type: Vertical congestion
	srcs: net:net538165 net:net535032 net:net393879 net:net390776 net:net347760 net:net91495 net:net346372 net:net346368 net:net346354 net:net346352 net:net345357 net:net345332 net:net324614 net:net320158 net:net273432 net:net273265 net:net219352 net:net218951 net:net75593 net:net91494 net:net319174 net:net217499 net:net326660 net:net63605 net:net345093 net:net232906 net:net346245 net:net326523 net:net255227 net:net266666 net:net347806 net:net268084 net:net320307 net:net345344 net:net346754 net:net361516 net:net346828 net:net358194
	comment: capacity:38 usage:40 overflow:2
	bbox = (801.0000, 960.0000) - (802.5000, 961.5000) on Layer -
violation type: Vertical congestion
	srcs: net:net538165 net:net535032 net:net393879 net:net390776 net:net347760 net:net91495 net:net346372 net:net346354 net:net345357 net:net345332 net:net345187 net:net324614 net:net320158 net:net273432 net:net273265 net:net232903 net:net219352 net:net218951 net:net202246 net:net75593 net:net60612 net:net319174 net:net217499 net:net326660 net:net63605 net:net345093 net:net232906 net:net346245 net:net326523 net:net255227 net:net266666 net:net347806 net:net268084 net:net320307 net:net345344 net:net346754 net:net361516 net:net346828 net:net358194
	comment: capacity:40 usage:41 overflow:1
	bbox = (801.0000, 961.5000) - (802.5000, 963.0000) on Layer -
violation type: Vertical congestion
	srcs: net:net943545 net:net347028 net:net401460 net:net393332 net:net345078 net:net327299 net:net326984 net:net326283 net:net324623 net:net273323 net:net55881 net:net65223 net:net19174 net:net31218 net:net213086 net:net63615 net:net306459 net:net324530 net:net69226 net:net2190 net:net320185 net:net273121 net:net2180 net:net319348 net:net2508 net:net446325 net:net316959 net:net347665 net:net346451 net:net347084 net:net345929 net:net345083 net:net346591 net:net361431 net:net346218 net:net345243 net:net345081 net:net344942 net:net347866 net:net1020171
	comment: capacity:40 usage:41 overflow:1
	bbox = (802.5000, 859.5000) - (804.0000, 861.0000) on Layer -
violation type: Vertical congestion
	srcs: net:net393906 net:net348653 net:net348637 net:net344993 net:net344992 net:net326989 net:net273289 net:net79688 net:net91496 net:net212599 net:net202215 net:net199030 net:net199028 net:net199027 net:net75593 net:net19295 net:net74485 net:net542323 net:net326660 net:net69848 net:net310376 net:net324530 net:net348638 net:net74481 net:net1267535 net:net4677 net:net311100 net:net319354 net:net316519 net:net317842 net:net75591 net:net7233 net:net313426 net:net208262 net:net316956 net:net316208 net:net310060 net:net346965
	comment: capacity:40 usage:44 overflow:4
	bbox = (802.5000, 925.5000) - (804.0000, 927.0000) on Layer -
violation type: Vertical congestion
	srcs: net:net348637 net:net345883 net:net344993 net:net344992 net:net326989 net:net273289 net:net79688 net:net91496 net:net212599 net:net69849 net:net202215 net:net199030 net:net199028 net:net199027 net:net75593 net:net19295 net:net74485 net:net542323 net:net326660 net:net69848 net:net310376 net:net324530 net:net74481 net:net1267535 net:net4677 net:net311100 net:net319354 net:net316519 net:net317842 net:net75591 net:net7233 net:net313426 net:net208262 net:net316956 net:net316208 net:net310060 net:net346965
	comment: capacity:40 usage:44 overflow:4
	bbox = (802.5000, 927.0000) - (804.0000, 928.5000) on Layer -
violation type: Vertical congestion
	srcs: net:net348637 net:net345883 net:net344993 net:net344992 net:net326989 net:net273289 net:net79688 net:net91496 net:net212599 net:net69849 net:net202215 net:net199030 net:net199028 net:net199027 net:net75593 net:net19295 net:net74485 net:net542323 net:net326660 net:net69848 net:net310376 net:net324530 net:net74481 net:net1267535 net:net4677 net:net311100 net:net319354 net:net316519 net:net317842 net:net75591 net:net313426 net:net208262 net:net316956 net:net316208 net:net316530 net:net310060
	comment: capacity:40 usage:43 overflow:3
	bbox = (802.5000, 928.5000) - (804.0000, 930.0000) on Layer -
violation type: Vertical congestion
	srcs: net:net348637 net:net345883 net:net344993 net:net344992 net:net326989 net:net273289 net:net79688 net:net91496 net:net212599 net:net69849 net:net202215 net:net199030 net:net199028 net:net199027 net:net75593 net:net19295 net:net542323 net:net305412 net:net326660 net:net69848 net:net324530 net:net208273 net:net74481 net:net1267535 net:net4677 net:net319354 net:net316519 net:net317842 net:net347677 net:net75591 net:net316956 net:net316208 net:net316530 net:net310060 net:net347136
	comment: capacity:40 usage:41 overflow:1
	bbox = (802.5000, 930.0000) - (804.0000, 931.5000) on Layer -
violation type: Vertical congestion
	srcs: net:net348569 net:net348543 net:net348542 net:net347839 net:net344993 net:net344992 net:net326989 net:net273289 net:net79688 net:net91496 net:net212599 net:net69849 net:net202215 net:net199030 net:net199028 net:net199027 net:net19295 net:net542323 net:net305412 net:net326660 net:net69848 net:net324530 net:net208273 net:net74481 net:net1267535 net:net4677 net:net324502 net:net345925 net:net319354 net:net316519 net:net317842 net:net347677 net:net75591 net:net316208 net:net316530 net:net310060
	comment: capacity:40 usage:41 overflow:1
	bbox = (802.5000, 931.5000) - (804.0000, 933.0000) on Layer -
violation type: Vertical congestion
	srcs: net:net348569 net:net348559 net:net348543 net:net348542 net:net344993 net:net344992 net:net326989 net:net273289 net:net79688 net:net91496 net:net69849 net:net202215 net:net199030 net:net199028 net:net199027 net:net19295 net:net542323 net:net305412 net:net326660 net:net69848 net:net63605 net:net208273 net:net74481 net:net1267535 net:net324502 net:net345925 net:net319354 net:net316519 net:net317842 net:net347677 net:net75591 net:net316530 net:net310060 net:net345731
	comment: capacity:38 usage:39 overflow:1
	bbox = (802.5000, 933.0000) - (804.0000, 934.5000) on Layer -
violation type: Vertical congestion
	srcs: net:net534163 net:net348640 net:net346674 net:net346110 net:net346088 net:net346087 net:net345427 net:net345152 net:net344993 net:net344992 net:net326989 net:net326984 net:net273289 net:net232907 net:net79688 net:net91496 net:net208263 net:net202215 net:net199030 net:net199028 net:net199027 net:net19295 net:net89330 net:net91494 net:net326660 net:net63605 net:net208273 net:net74481 net:net307047 net:net324502 net:net347682 net:net345925 net:net318338 net:net316519 net:net317842 net:net347677 net:net348491 net:net316530
	comment: capacity:40 usage:41 overflow:1
	bbox = (802.5000, 940.5000) - (804.0000, 942.0000) on Layer -
violation type: Vertical congestion
	srcs: net:net534163 net:net348640 net:net346814 net:net346674 net:net345726 net:net345427 net:net345152 net:net344993 net:net344992 net:net326989 net:net326984 net:net273289 net:net232907 net:net79688 net:net91496 net:net208263 net:net202215 net:net199030 net:net199028 net:net199027 net:net75593 net:net19295 net:net89330 net:net91494 net:net326660 net:net63605 net:net208273 net:net74481 net:net307047 net:net324502 net:net347682 net:net345925 net:net317842 net:net347677 net:net348491 net:net316530 net:net318019
	comment: capacity:40 usage:41 overflow:1
	bbox = (802.5000, 942.0000) - (804.0000, 943.5000) on Layer -
violation type: Vertical congestion
	srcs: net:net953623 net:net400410 net:net326604 net:net326279 net:net324627 net:net324541 net:net320504 net:net273313 net:net27879 net:net65223 net:net75593 net:net394501 net:net63605 net:net63460 net:net1268099 net:net1267589 net:net5603 net:net53708 net:net1254840 net:net319220 net:net308802 net:net347442 net:net346678 net:net346156 net:net345249 net:net346084 net:net347868 net:net232563 net:net346989 net:net224894 net:net347657 net:net4401 net:net318695 net:net1023210 net:net2561 net:net69540 net:net345579 net:net345577 net:net1020177 net:net1017799
	comment: capacity:40 usage:41 overflow:1
	bbox = (804.0000, 861.0000) - (805.5000, 862.5000) on Layer -
violation type: Vertical congestion
	srcs: net:net347428 net:net347424 net:net347409 net:net346636 net:net345427 net:net345300 net:net345153 net:net327299 net:net324541 net:net285383 net:net232907 net:net91496 net:net310787 net:net316745 net:net309261 net:net1017994 net:net324530 net:net208273 net:net63460 net:net332413 net:net315352 net:net310045 net:net91525 net:net309290 net:net1267944 net:net1267535 net:net5656 net:net53654 net:net4677 net:net314845 net:net347684 net:net303194 net:net316241 net:net307673 net:net307839 net:net345750 net:net345856 net:net345854 net:net69110 net:net1020177
	comment: capacity:40 usage:41 overflow:1
	bbox = (804.0000, 916.5000) - (805.5000, 918.0000) on Layer -
violation type: Vertical congestion
	srcs: net:net722139 net:net524345 net:net348545 net:net347429 net:net347409 net:net346636 net:net346610 net:net346090 net:net345300 net:net345267 net:net345189 net:net345106 net:net345072 net:net327299 net:net285382 net:net273414 net:net255817 net:net219349 net:net60641 net:net210732 net:net202228 net:net19193 net:net316745 net:net197882 net:net232906 net:net2190 net:net345174 net:net63446 net:net91525 net:net1267944 net:net316223 net:net306737 net:net306844 net:net348561 net:net7233 net:net361518 net:net346771 net:net345610 net:net348460 net:net69110
	comment: capacity:40 usage:41 overflow:1
	bbox = (804.0000, 943.5000) - (805.5000, 945.0000) on Layer -
violation type: Vertical congestion
	srcs: net:net346062 net:net345619 net:net345618 net:net345055 net:net345054 net:net34245 net:net329974 net:net327331 net:net324847 net:net273389 net:net213062 net:net199563 net:net19174 net:net276984 net:net69848 net:net63605 net:net307083 net:net324530 net:net2190 net:net74481 net:net11932 net:net1267589 net:net1267389 net:net308399 net:net346156 net:net345007 net:net347423 net:net346989 net:net346444 net:net345162 net:net4401 net:net346752 net:net1094077 net:net345577 net:net69571 net:net1017928
	comment: capacity:40 usage:41 overflow:1
	bbox = (805.5000, 885.0000) - (807.0000, 886.5000) on Layer -
violation type: Vertical congestion
	srcs: net:net357776 net:net347427 net:net347426 net:net347400 net:net347057 net:net347056 net:net347055 net:net346921 net:net345846 net:net345072 net:net344933 net:net344932 net:net34245 net:net329974 net:net324847 net:net273389 net:net273313 net:net255817 net:net213660 net:net60612 net:net19193 net:net313423 net:net203615 net:net273121 net:net310171 net:net1269256 net:net1254840 net:net308050 net:net348491 net:net318506 net:net1094077 net:net69550 net:net345569 net:net69571 net:net358159 net:net358194 net:net347136 net:net1020177
	comment: capacity:39 usage:40 overflow:1
	bbox = (805.5000, 931.5000) - (807.0000, 933.0000) on Layer -
violation type: Vertical congestion
	srcs: net:net346061 net:net326363 net:net324881 net:net324847 net:net324833 net:net278324 net:net273389 net:net60632 net:net213062 net:net206492 net:net306651 net:net306660 net:net31010 net:net308827 net:net69226 net:net74481 net:net2178 net:net1269256 net:net2247 net:net2201 net:net53684 net:net305578 net:net219767 net:net309631 net:net310408 net:net305534 net:net345077 net:net305698 net:net347084 net:net310872 net:net347804 net:net310752 net:net1094073 net:net69550 net:net345813 net:net69571 net:net1017937
	comment: capacity:40 usage:41 overflow:1
	bbox = (807.0000, 865.5000) - (808.5000, 867.0000) on Layer -
violation type: Vertical congestion
	srcs: net:net347645 net:net347644 net:net346128 net:net346127 net:net326363 net:net326319 net:net324847 net:net273265 net:net60641 net:net60632 net:net192805 net:net319174 net:net306660 net:net31010 net:net273118 net:net69226 net:net345217 net:net2178 net:net1269256 net:net1268099 net:net1267944 net:net2201 net:net53684 net:net313442 net:net313448 net:net308352 net:net255227 net:net310408 net:net305534 net:net347084 net:net345164 net:net317842 net:net347804 net:net310752 net:net1094075 net:net1094073 net:net69550 net:net345813 net:net69571
	comment: capacity:40 usage:41 overflow:1
	bbox = (807.0000, 877.5000) - (808.5000, 879.0000) on Layer -
violation type: Vertical congestion
	srcs: net:net347645 net:net346128 net:net346127 net:net345132 net:net326363 net:net326319 net:net324847 net:net273265 net:net60641 net:net60632 net:net192805 net:net211609 net:net319174 net:net306660 net:net31010 net:net306459 net:net273118 net:net69226 net:net345217 net:net2178 net:net1269256 net:net1268099 net:net1267944 net:net2201 net:net53684 net:net313448 net:net308352 net:net255227 net:net347084 net:net345164 net:net317842 net:net310872 net:net347804 net:net310752 net:net313010 net:net1094075 net:net1094073 net:net69550 net:net345813 net:net69571
	comment: capacity:40 usage:42 overflow:2
	bbox = (807.0000, 879.0000) - (808.5000, 880.5000) on Layer -
violation type: Vertical congestion
	srcs: net:net347645 net:net346128 net:net346127 net:net345132 net:net326363 net:net326319 net:net324847 net:net60641 net:net60632 net:net192805 net:net211609 net:net319174 net:net306660 net:net31010 net:net306459 net:net313007 net:net273118 net:net69226 net:net345217 net:net2178 net:net1269256 net:net1268099 net:net1267944 net:net2201 net:net53684 net:net313448 net:net308352 net:net255227 net:net347084 net:net345164 net:net310872 net:net347804 net:net310752 net:net313010 net:net1094075 net:net1094073 net:net69550 net:net345813 net:net69571
	comment: capacity:40 usage:41 overflow:1
	bbox = (807.0000, 880.5000) - (808.5000, 882.0000) on Layer -
violation type: Vertical congestion
	srcs: net:net347145 net:net347144 net:net345214 net:net345132 net:net345130 net:net329428 net:net324833 net:net276989 net:net273501 net:net273251 net:net89249 net:net89250 net:net19325 net:net19159 net:net19156 net:net278438 net:net310224 net:net2176 net:net1268099 net:net2255 net:net1267535 net:net53672 net:net1252919 net:net255227 net:net298223 net:net307799 net:net345168 net:net347423 net:net345164 net:net346985 net:net5790 net:net1870 net:net199063 net:net305622 net:net317106 net:net68793 net:net1017950 net:net1020193 net:net1020174
	comment: capacity:40 usage:41 overflow:1
	bbox = (808.5000, 867.0000) - (810.0000, 868.5000) on Layer -
violation type: Vertical congestion
	srcs: net:net391124 net:net347645 net:net347145 net:net345131 net:net344998 net:net344974 net:net344912 net:net329428 net:net324833 net:net276989 net:net273501 net:net79688 net:net213062 net:net75593 net:net19159 net:net19156 net:net60609 net:net74485 net:net314881 net:net310224 net:net317337 net:net74481 net:net1268099 net:net1267535 net:net1254840 net:net255227 net:net307799 net:net347361 net:net347423 net:net346117 net:net346985 net:net5790 net:net1870 net:net1018051 net:net68793 net:net1020193
	comment: capacity:40 usage:41 overflow:1
	bbox = (808.5000, 874.5000) - (810.0000, 876.0000) on Layer -
violation type: Vertical congestion
	srcs: net:net391124 net:net347145 net:net345131 net:net344976 net:net344975 net:net329428 net:net324833 net:net276989 net:net273501 net:net79688 net:net213062 net:net89249 net:net89250 net:net19174 net:net19159 net:net19156 net:net202312 net:net74485 net:net314881 net:net310224 net:net317337 net:net1267535 net:net1267389 net:net1254840 net:net318664 net:net307799 net:net347361 net:net347423 net:net346117 net:net346985 net:net5790 net:net1870 net:net313454 net:net345579 net:net1018051 net:net68793 net:net1020193
	comment: capacity:40 usage:41 overflow:1
	bbox = (808.5000, 877.5000) - (810.0000, 879.0000) on Layer -
violation type: Vertical congestion
	srcs: net:net391124 net:net347358 net:net347145 net:net345131 net:net344976 net:net344975 net:net329428 net:net324833 net:net276989 net:net273501 net:net79688 net:net89249 net:net89250 net:net19174 net:net19159 net:net19156 net:net202312 net:net74485 net:net314881 net:net310224 net:net332413 net:net317337 net:net1269133 net:net1267535 net:net1267389 net:net1254840 net:net1160506 net:net318664 net:net310408 net:net307799 net:net347361 net:net347423 net:net346117 net:net346985 net:net5790 net:net345579 net:net68793 net:net1020193
	comment: capacity:40 usage:41 overflow:1
	bbox = (808.5000, 879.0000) - (810.0000, 880.5000) on Layer -
violation type: Vertical congestion
	srcs: net:net391124 net:net347360 net:net347145 net:net345131 net:net344976 net:net344975 net:net329428 net:net324833 net:net276989 net:net273501 net:net79688 net:net89249 net:net89250 net:net60612 net:net19204 net:net19174 net:net19159 net:net19156 net:net202312 net:net74485 net:net314881 net:net310224 net:net332413 net:net317337 net:net1269133 net:net1267535 net:net1267389 net:net1254840 net:net1160506 net:net318664 net:net310408 net:net307799 net:net347423 net:net346117 net:net346985 net:net5790 net:net68793 net:net1020193
	comment: capacity:40 usage:42 overflow:2
	bbox = (808.5000, 880.5000) - (810.0000, 882.0000) on Layer -
violation type: Vertical congestion
	srcs: net:net391124 net:net347357 net:net347145 net:net346390 net:net345131 net:net344976 net:net344975 net:net329428 net:net326649 net:net324833 net:net276989 net:net273501 net:net79688 net:net89249 net:net19204 net:net19174 net:net19159 net:net19156 net:net202312 net:net74485 net:net314881 net:net310224 net:net303214 net:net332413 net:net317337 net:net1269133 net:net1267535 net:net1267389 net:net1254840 net:net1160506 net:net318664 net:net310408 net:net307799 net:net347423 net:net346117 net:net346985 net:net5790 net:net319223 net:net68793 net:net1020193
	comment: capacity:40 usage:42 overflow:2
	bbox = (808.5000, 882.0000) - (810.0000, 883.5000) on Layer -
violation type: Vertical congestion
	srcs: net:net391193 net:net391124 net:net347145 net:net346390 net:net346341 net:net345131 net:net344976 net:net344975 net:net326649 net:net324833 net:net276989 net:net273501 net:net263760 net:net263758 net:net79688 net:net19204 net:net19156 net:net202312 net:net74485 net:net314881 net:net332413 net:net273118 net:net74481 net:net2180 net:net1269133 net:net1267589 net:net1267535 net:net1254840 net:net1160506 net:net318664 net:net255227 net:net307799 net:net346117 net:net310872 net:net346985 net:net347421 net:net345927 net:net319223 net:net68793 net:net1020193
	comment: capacity:40 usage:42 overflow:2
	bbox = (808.5000, 886.5000) - (810.0000, 888.0000) on Layer -
violation type: Vertical congestion
	srcs: net:net346199 net:net345835 net:net345131 net:net345071 net:net344931 net:net344932 net:net344930 net:net326649 net:net285380 net:net278324 net:net202240 net:net199024 net:net190666 net:net211609 net:net74485 net:net305412 net:net347791 net:net2194 net:net303167 net:net318782 net:net314881 net:net210733 net:net345496 net:net345914 net:net309603 net:net2180 net:net1269133 net:net1267389 net:net315306 net:net322825 net:net318664 net:net4686 net:net310273 net:net317415 net:net317110 net:net305928 net:net321587 net:net314115 net:net345449 net:net68793
	comment: capacity:40 usage:41 overflow:1
	bbox = (808.5000, 913.5000) - (810.0000, 915.0000) on Layer -
violation type: Vertical congestion
	srcs: net:net358596 net:net347630 net:net347364 net:net346998 net:net345131 net:net345071 net:net344930 net:net326649 net:net285380 net:net278324 net:net60641 net:net60632 net:net202240 net:net60612 net:net190666 net:net211609 net:net347791 net:net2194 net:net314881 net:net347371 net:net210733 net:net345496 net:net2180 net:net1269133 net:net1267389 net:net315306 net:net322825 net:net318664 net:net4686 net:net63599 net:net310273 net:net317415 net:net321587 net:net75591 net:net321747 net:net317106 net:net224228 net:net68793
	comment: capacity:40 usage:42 overflow:2
	bbox = (808.5000, 922.5000) - (810.0000, 924.0000) on Layer -
violation type: Vertical congestion
	srcs: net:net1021666 net:net63629 net:net330021 net:net329432 net:net270121 net:net19159 net:net91494 net:net278438 net:net2194 net:net315604 net:net303267 net:net303330 net:net2176 net:net1268462 net:net2257 net:net1267239 net:net79274 net:net305874 net:net228582 net:net5522 net:net299197 net:net212175 net:net304523 net:net345315 net:net347392 net:net4286 net:net322086 net:net303157 net:net303217 net:net303395 net:net1133366 net:net1021667 net:net1116537 net:net1088241 net:net347106 net:net1078049 net:net1017928 net:net1020180
	comment: capacity:39 usage:40 overflow:1
	bbox = (810.0000, 850.5000) - (811.5000, 852.0000) on Layer -
violation type: Vertical congestion
	srcs: net:net63629 net:net345216 net:net345215 net:net329432 net:net91496 net:net215255 net:net69849 net:net75593 net:net19159 net:net91494 net:net60609 net:net318321 net:net309181 net:net2194 net:net69848 net:net303267 net:net323611 net:net2176 net:net1268462 net:net1267944 net:net2257 net:net1267239 net:net317102 net:net228582 net:net318413 net:net299197 net:net304523 net:net75591 net:net4286 net:net322086 net:net303395 net:net313411 net:net347106 net:net1017928 net:net68794
	comment: capacity:40 usage:43 overflow:3
	bbox = (810.0000, 858.0000) - (811.5000, 859.5000) on Layer -
violation type: Vertical congestion
	srcs: net:net63629 net:net345216 net:net345215 net:net329432 net:net215255 net:net69849 net:net75593 net:net19159 net:net318321 net:net309181 net:net2194 net:net303267 net:net323611 net:net305764 net:net74481 net:net1268462 net:net1267944 net:net2257 net:net1267239 net:net317102 net:net228582 net:net318413 net:net299197 net:net304523 net:net75591 net:net345166 net:net344946 net:net4286 net:net322086 net:net191716 net:net303395 net:net313411 net:net345579 net:net347106 net:net1017928 net:net68794
	comment: capacity:40 usage:42 overflow:2
	bbox = (810.0000, 859.5000) - (811.5000, 861.0000) on Layer -
violation type: Vertical congestion
	srcs: net:net63629 net:net347143 net:net345216 net:net345215 net:net215255 net:net69849 net:net75593 net:net19159 net:net74485 net:net318321 net:net2194 net:net303267 net:net305764 net:net74481 net:net1268462 net:net1267944 net:net2257 net:net1267239 net:net317102 net:net228582 net:net318413 net:net299197 net:net304523 net:net75591 net:net345166 net:net344946 net:net4286 net:net199061 net:net322021 net:net1144266 net:net313411 net:net347106 net:net1017928 net:net68794
	comment: capacity:39 usage:40 overflow:1
	bbox = (810.0000, 861.0000) - (811.5000, 862.5000) on Layer -
violation type: Vertical congestion
	srcs: net:net63629 net:net347145 net:net347143 net:net345216 net:net345215 net:net326989 net:net74493 net:net60641 net:net215255 net:net69849 net:net75593 net:net19159 net:net74485 net:net318321 net:net2194 net:net305764 net:net74481 net:net1268462 net:net1267944 net:net2257 net:net1267239 net:net317102 net:net228582 net:net299197 net:net304523 net:net75591 net:net346991 net:net345166 net:net344946 net:net4286 net:net199061 net:net322021 net:net303157 net:net313411 net:net347106 net:net1017928 net:net68794
	comment: capacity:40 usage:45 overflow:5
	bbox = (810.0000, 862.5000) - (811.5000, 864.0000) on Layer -
violation type: Vertical congestion
	srcs: net:net63629 net:net347143 net:net345216 net:net345215 net:net345131 net:net345130 net:net326989 net:net74493 net:net60641 net:net213062 net:net69849 net:net75593 net:net19159 net:net318321 net:net2194 net:net305764 net:net74481 net:net1268462 net:net1267944 net:net2257 net:net1267239 net:net317102 net:net299197 net:net304523 net:net75591 net:net346991 net:net345166 net:net344946 net:net4286 net:net322021 net:net303157 net:net313411 net:net1017928 net:net68794
	comment: capacity:40 usage:42 overflow:2
	bbox = (810.0000, 864.0000) - (811.5000, 865.5000) on Layer -
violation type: Vertical congestion
	srcs: net:net347401 net:net347400 net:net347345 net:net60613 net:net345215 net:net329430 net:net326989 net:net326649 net:net278324 net:net69849 net:net19163 net:net19159 net:net2194 net:net309890 net:net303146 net:net69848 net:net347054 net:net345564 net:net210733 net:net326980 net:net321473 net:net2176 net:net1268462 net:net1267842 net:net1267239 net:net316223 net:net1159664 net:net4682 net:net315626 net:net346218 net:net273148 net:net4286 net:net303217 net:net306990 net:net69544 net:net345752 net:net68794 net:net1020156
	comment: capacity:39 usage:40 overflow:1
	bbox = (810.0000, 895.5000) - (811.5000, 897.0000) on Layer -
violation type: Vertical congestion
	srcs: net:net347694 net:net346200 net:net346199 net:net346198 net:net345941 net:net345444 net:net344992 net:net329430 net:net263758 net:net74493 net:net60641 net:net60632 net:net213062 net:net19163 net:net19159 net:net309890 net:net303146 net:net347054 net:net326980 net:net1268462 net:net1267842 net:net1267239 net:net1159664 net:net314845 net:net307799 net:net315626 net:net310273 net:net310090 net:net2303 net:net4286 net:net261614 net:net285376 net:net303217 net:net69544 net:net345752 net:net68794
	comment: capacity:39 usage:40 overflow:1
	bbox = (810.0000, 904.5000) - (811.5000, 906.0000) on Layer -
violation type: Vertical congestion
	srcs: net:net347694 net:net346200 net:net346199 net:net346198 net:net344992 net:net329430 net:net263758 net:net74493 net:net60641 net:net60632 net:net213062 net:net60612 net:net19163 net:net19159 net:net60609 net:net309890 net:net303146 net:net347054 net:net326980 net:net1268462 net:net1267842 net:net1267239 net:net1159664 net:net314845 net:net307799 net:net315626 net:net310273 net:net310090 net:net2303 net:net4286 net:net261614 net:net285376 net:net303217 net:net69544 net:net345752 net:net68794
	comment: capacity:40 usage:42 overflow:2
	bbox = (810.0000, 906.0000) - (811.5000, 907.5000) on Layer -
violation type: Vertical congestion
	srcs: net:net347694 net:net346200 net:net346199 net:net344992 net:net329430 net:net263758 net:net60632 net:net213062 net:net75593 net:net60612 net:net19163 net:net19159 net:net60609 net:net309890 net:net303146 net:net347054 net:net210733 net:net326980 net:net345133 net:net1268462 net:net1267842 net:net1267239 net:net1159664 net:net314845 net:net307799 net:net315626 net:net310273 net:net310090 net:net75591 net:net2303 net:net4286 net:net261614 net:net285376 net:net310060 net:net69544 net:net345752 net:net68794
	comment: capacity:40 usage:43 overflow:3
	bbox = (810.0000, 907.5000) - (811.5000, 909.0000) on Layer -
violation type: Vertical congestion
	srcs: net:net357563 net:net347694 net:net346199 net:net329430 net:net263758 net:net213652 net:net213062 net:net75593 net:net60612 net:net19163 net:net19159 net:net60609 net:net309890 net:net303146 net:net347054 net:net210733 net:net326980 net:net345133 net:net1268462 net:net1267842 net:net1267239 net:net1159664 net:net306348 net:net314845 net:net307799 net:net315626 net:net310273 net:net310090 net:net75591 net:net2303 net:net4286 net:net261614 net:net285376 net:net310060 net:net69544 net:net345752 net:net68794
	comment: capacity:40 usage:42 overflow:2
	bbox = (810.0000, 909.0000) - (811.5000, 910.5000) on Layer -
violation type: Vertical congestion
	srcs: net:net347694 net:net346199 net:net329430 net:net263758 net:net213652 net:net213062 net:net75593 net:net60612 net:net19163 net:net19159 net:net60609 net:net309890 net:net303146 net:net347054 net:net210733 net:net326980 net:net345133 net:net1268462 net:net1267842 net:net1267239 net:net323003 net:net1159664 net:net306348 net:net307799 net:net315626 net:net310273 net:net310090 net:net75591 net:net2303 net:net4286 net:net261614 net:net285376 net:net310060 net:net69544 net:net345752 net:net68794
	comment: capacity:40 usage:41 overflow:1
	bbox = (810.0000, 910.5000) - (811.5000, 912.0000) on Layer -
violation type: Vertical congestion
	srcs: net:net1012300 net:net372150 net:net278438 net:net318037 net:net318410 net:net318341 net:net303359 net:net319309 net:net316755 net:net5522 net:net318355 net:net317114 net:net306896 net:net306507 net:net190730 net:net305622 net:net190729 net:net199579 net:net191763 net:net215270 net:net317106 net:net372147 net:net318335 net:net372146 net:net318423 net:net303778 net:net303434 net:net316834 net:net345579 net:net1018051
	comment: capacity:30 usage:32 overflow:2
	bbox = (811.5000, 856.5000) - (813.0000, 858.0000) on Layer -
violation type: Vertical congestion
	srcs: net:net1004306 net:net390789 net:net346405 net:net345165 net:net326649 net:net91496 net:net60632 net:net74485 net:net278438 net:net318037 net:net318410 net:net318341 net:net319309 net:net319437 net:net303305 net:net303419 net:net318794 net:net316755 net:net5522 net:net318355 net:net317114 net:net322022 net:net305622 net:net306412 net:net319351 net:net317106 net:net318423 net:net1018051 net:net1017806 net:net1017808
	comment: capacity:30 usage:34 overflow:4
	bbox = (811.5000, 864.0000) - (813.0000, 865.5000) on Layer -
violation type: Vertical congestion
	srcs: net:net390789 net:net346405 net:net345165 net:net326649 net:net91496 net:net60632 net:net91494 net:net74485 net:net318037 net:net318410 net:net318341 net:net319309 net:net319437 net:net303305 net:net303419 net:net318794 net:net316755 net:net5522 net:net318355 net:net317114 net:net322022 net:net305622 net:net306412 net:net319351 net:net317106 net:net318423 net:net1018051 net:net1017806 net:net1017808
	comment: capacity:30 usage:34 overflow:4
	bbox = (811.5000, 865.5000) - (813.0000, 867.0000) on Layer -
violation type: Vertical congestion
	srcs: net:net390789 net:net347144 net:net346407 net:net346390 net:net346389 net:net346388 net:net330021 net:net326649 net:net89249 net:net91494 net:net60609 net:net74485 net:net318341 net:net319437 net:net303305 net:net303419 net:net318794 net:net318664 net:net4682 net:net5522 net:net318355 net:net306412 net:net319351 net:net318423 net:net306990 net:net1017806 net:net1017808
	comment: capacity:30 usage:32 overflow:2
	bbox = (811.5000, 868.5000) - (813.0000, 870.0000) on Layer -
violation type: Vertical congestion
	srcs: net:net390789 net:net347144 net:net346389 net:net345551 net:net330021 net:net326649 net:net69849 net:net63634 net:net52972 net:net308417 net:net319348 net:net317102 net:net318794 net:net4672 net:net5522 net:net299197 net:net315626 net:net346254 net:net319440 net:net316486 net:net319351 net:net318423 net:net318695 net:net306990 net:net69544 net:net1017806 net:net1017808
	comment: capacity:28 usage:29 overflow:1
	bbox = (811.5000, 879.0000) - (813.0000, 880.5000) on Layer -
violation type: Vertical congestion
	srcs: net:net390789 net:net347344 net:net347144 net:net346805 net:net346389 net:net330021 net:net213062 net:net89249 net:net89250 net:net19193 net:net2194 net:net69848 net:net52972 net:net346391 net:net345133 net:net315306 net:net4672 net:net4686 net:net5522 net:net315626 net:net346254 net:net75591 net:net316241 net:net69544 net:net1017808
	comment: capacity:30 usage:31 overflow:1
	bbox = (811.5000, 885.0000) - (813.0000, 886.5000) on Layer -
violation type: Vertical congestion
	srcs: net:net390789 net:net347344 net:net347144 net:net60610 net:net330021 net:net213062 net:net89249 net:net89250 net:net202311 net:net19193 net:net2194 net:net69848 net:net52972 net:net310414 net:net346391 net:net345133 net:net315306 net:net4672 net:net4686 net:net5522 net:net307180 net:net315626 net:net346254 net:net316241 net:net69544 net:net345813 net:net1017808
	comment: capacity:30 usage:32 overflow:2
	bbox = (811.5000, 886.5000) - (813.0000, 888.0000) on Layer -
violation type: Vertical congestion
	srcs: net:net347344 net:net347144 net:net60613 net:net330021 net:net89249 net:net89250 net:net202311 net:net19204 net:net19193 net:net2194 net:net69848 net:net52972 net:net346391 net:net345133 net:net316483 net:net315306 net:net4672 net:net4686 net:net5522 net:net307180 net:net315626 net:net346254 net:net316241 net:net311072 net:net1017808
	comment: capacity:28 usage:29 overflow:1
	bbox = (811.5000, 888.0000) - (813.0000, 889.5000) on Layer -
violation type: Vertical congestion
	srcs: net:net361060 net:net347645 net:net347344 net:net346327 net:net285374 net:net60632 net:net89249 net:net69849 net:net192805 net:net19204 net:net311059 net:net69848 net:net52972 net:net346391 net:net316483 net:net314120 net:net4672 net:net4686 net:net346254 net:net299210 net:net303778 net:net313411 net:net345449 net:net1017808
	comment: capacity:28 usage:29 overflow:1
	bbox = (811.5000, 897.0000) - (813.0000, 898.5000) on Layer -
violation type: Vertical congestion
	srcs: net:net539656 net:net47666 net:net47498 net:net391193 net:net348684 net:net347812 net:net347344 net:net346758 net:net346266 net:net345864 net:net345454 net:net344961 net:net329432 net:net329430 net:net232908 net:net91496 net:net60632 net:net89249 net:net65223 net:net203251 net:net310249 net:net227404 net:net346391 net:net2184 net:net316483 net:net4672 net:net374426 net:net306690 net:net311100
	comment: capacity:30 usage:32 overflow:2
	bbox = (811.5000, 940.5000) - (813.0000, 942.0000) on Layer -
violation type: Vertical congestion
	srcs: net:net539656 net:net47666 net:net47498 net:net391193 net:net348684 net:net347812 net:net347344 net:net346815 net:net346776 net:net346758 net:net346266 net:net345864 net:net345454 net:net344961 net:net329432 net:net329430 net:net232908 net:net91496 net:net60632 net:net65223 net:net203251 net:net310249 net:net227404 net:net255782 net:net346391 net:net316483 net:net374426 net:net311100
	comment: capacity:28 usage:30 overflow:2
	bbox = (811.5000, 942.0000) - (813.0000, 943.5000) on Layer -
violation type: Vertical congestion
	srcs: net:net539656 net:net47666 net:net47498 net:net391193 net:net348684 net:net347812 net:net347344 net:net346758 net:net346266 net:net345864 net:net345454 net:net344961 net:net329432 net:net232908 net:net91496 net:net65223 net:net203251 net:net75593 net:net60612 net:net310249 net:net91494 net:net227404 net:net255782 net:net346391 net:net316483 net:net310006 net:net374426 net:net311100
	comment: capacity:30 usage:32 overflow:2
	bbox = (811.5000, 943.5000) - (813.0000, 945.0000) on Layer -
violation type: Vertical congestion
	srcs: net:net330021 net:net318321 net:net318410 net:net319174 net:net319859 net:net321488 net:net332413 net:net310414 net:net308417 net:net303377 net:net313457 net:net4672 net:net4686 net:net313454 net:net190727 net:net199579 net:net191763 net:net215270 net:net372147 net:net372146 net:net303778 net:net313467 net:net199580 net:net319229 net:net318210 net:net305807 net:net306006 net:net306482 net:net1020524
	comment: capacity:30 usage:32 overflow:2
	bbox = (813.0000, 867.0000) - (814.5000, 868.5000) on Layer -
violation type: Vertical congestion
	srcs: net:net346390 net:net345216 net:net273251 net:net91494 net:net318321 net:net319174 net:net319859 net:net321488 net:net304472 net:net332413 net:net310414 net:net308417 net:net74481 net:net219767 net:net308816 net:net303377 net:net306844 net:net313457 net:net4672 net:net4686 net:net299197 net:net313454 net:net303778 net:net199580 net:net319229 net:net318210 net:net305807 net:net306006 net:net306482 net:net1020524
	comment: capacity:30 usage:32 overflow:2
	bbox = (813.0000, 871.5000) - (814.5000, 873.0000) on Layer -
violation type: Vertical congestion
	srcs: net:net346390 net:net345216 net:net273251 net:net60612 net:net318321 net:net319174 net:net319859 net:net321488 net:net313451 net:net304472 net:net332413 net:net310414 net:net74481 net:net219767 net:net308816 net:net303377 net:net306844 net:net4672 net:net4682 net:net4686 net:net1153760 net:net313454 net:net303778 net:net319229 net:net318210 net:net305807 net:net306006 net:net306482 net:net1020524
	comment: capacity:30 usage:31 overflow:1
	bbox = (813.0000, 874.5000) - (814.5000, 876.0000) on Layer -
violation type: Vertical congestion
	srcs: net:net346792 net:net329428 net:net273251 net:net74493 net:net60641 net:net89250 net:net75593 net:net60612 net:net60609 net:net394501 net:net317337 net:net310171 net:net2176 net:net1252919 net:net317343 net:net321562 net:net446325 net:net63599 net:net315326 net:net318338 net:net345927 net:net2303 net:net306482 net:net1017806
	comment: capacity:30 usage:31 overflow:1
	bbox = (813.0000, 892.5000) - (814.5000, 894.0000) on Layer -
violation type: Vertical congestion
	srcs: net:net347710 net:net347695 net:net347694 net:net347693 net:net346792 net:net329428 net:net273251 net:net60641 net:net91496 net:net75593 net:net60612 net:net91494 net:net394501 net:net317337 net:net310171 net:net1252919 net:net317343 net:net321562 net:net446325 net:net63599 net:net307180 net:net315326 net:net345927 net:net2303 net:net316208 net:net306482 net:net1017806
	comment: capacity:29 usage:33 overflow:4
	bbox = (813.0000, 895.5000) - (814.5000, 897.0000) on Layer -
violation type: Vertical congestion
	srcs: net:net346792 net:net329428 net:net285375 net:net285373 net:net273251 net:net60641 net:net91496 net:net75593 net:net60612 net:net91494 net:net394501 net:net317337 net:net310171 net:net1252919 net:net317343 net:net321562 net:net446325 net:net63599 net:net307180 net:net315326 net:net345927 net:net2303 net:net314372 net:net316208 net:net306482 net:net1017806
	comment: capacity:28 usage:32 overflow:4
	bbox = (813.0000, 897.0000) - (814.5000, 898.5000) on Layer -
violation type: Vertical congestion
	srcs: net:net329428 net:net326283 net:net285375 net:net285373 net:net273251 net:net74493 net:net91496 net:net75593 net:net60612 net:net91494 net:net394501 net:net317337 net:net310171 net:net1252919 net:net317343 net:net321562 net:net446325 net:net63599 net:net299197 net:net307180 net:net315326 net:net345927 net:net2303 net:net314372 net:net316208 net:net306482 net:net1017806
	comment: capacity:30 usage:33 overflow:3
	bbox = (813.0000, 898.5000) - (814.5000, 900.0000) on Layer -
violation type: Vertical congestion
	srcs: net:net347031 net:net347029 net:net329428 net:net326283 net:net273251 net:net213062 net:net75593 net:net60612 net:net394501 net:net347030 net:net315604 net:net317337 net:net310171 net:net1252919 net:net317343 net:net312164 net:net321562 net:net446325 net:net299197 net:net307180 net:net315326 net:net314857 net:net345927 net:net2303 net:net314372 net:net316208 net:net306482 net:net1017806
	comment: capacity:30 usage:32 overflow:2
	bbox = (813.0000, 903.0000) - (814.5000, 904.5000) on Layer -
violation type: Vertical congestion
	srcs: net:net347645 net:net347016 net:net329428 net:net326283 net:net273251 net:net265880 net:net255806 net:net74493 net:net75593 net:net19197 net:net89336 net:net311059 net:net394501 net:net85529 net:net70075 net:net326980 net:net317337 net:net74481 net:net1252919 net:net317343 net:net314120 net:net315326 net:net210251 net:net311494 net:net285376 net:net310697 net:net1017808
	comment: capacity:30 usage:31 overflow:1
	bbox = (813.0000, 921.0000) - (814.5000, 922.5000) on Layer -
violation type: Vertical congestion
	srcs: net:net347645 net:net346997 net:net329428 net:net326283 net:net273251 net:net265880 net:net74493 net:net75593 net:net19197 net:net89336 net:net311059 net:net394501 net:net85529 net:net229820 net:net314128 net:net70075 net:net326980 net:net317337 net:net74481 net:net1252919 net:net317343 net:net314120 net:net315326 net:net210251 net:net311494 net:net312137 net:net285376 net:net310697 net:net1017808
	comment: capacity:30 usage:33 overflow:3
	bbox = (813.0000, 922.5000) - (814.5000, 924.0000) on Layer -
violation type: Vertical congestion
	srcs: net:net347718 net:net347717 net:net347716 net:net347645 net:net346997 net:net329428 net:net326283 net:net273251 net:net265880 net:net74493 net:net60641 net:net75593 net:net89336 net:net311059 net:net394501 net:net85529 net:net229820 net:net314128 net:net70075 net:net326980 net:net74481 net:net1252919 net:net317343 net:net314120 net:net311494 net:net312137 net:net310697 net:net1017808
	comment: capacity:30 usage:33 overflow:3
	bbox = (813.0000, 924.0000) - (814.5000, 925.5000) on Layer -
violation type: Vertical congestion
	srcs: net:net347832 net:net347822 net:net347810 net:net347809 net:net347716 net:net347645 net:net346997 net:net346875 net:net329428 net:net326283 net:net265880 net:net74493 net:net60641 net:net89336 net:net311059 net:net394501 net:net85529 net:net229820 net:net314881 net:net314240 net:net70075 net:net74481 net:net369915 net:net1252919 net:net317343 net:net213065 net:net261614 net:net311494 net:net310697 net:net1017808
	comment: capacity:30 usage:34 overflow:4
	bbox = (813.0000, 927.0000) - (814.5000, 928.5000) on Layer -
violation type: Vertical congestion
	srcs: net:net358184 net:net347826 net:net347810 net:net347809 net:net347716 net:net347645 net:net346997 net:net346875 net:net329428 net:net326283 net:net265880 net:net74493 net:net60641 net:net89336 net:net346629 net:net311059 net:net394501 net:net85529 net:net229820 net:net314240 net:net70075 net:net369915 net:net1252919 net:net317343 net:net261614 net:net311494 net:net310697 net:net1017808
	comment: capacity:30 usage:31 overflow:1
	bbox = (813.0000, 928.5000) - (814.5000, 930.0000) on Layer -
violation type: Vertical congestion
	srcs: net:net1012301 net:net329424 net:net19182 net:net321418 net:net318318 net:net306660 net:net298228 net:net313451 net:net305974 net:net303184 net:net319437 net:net269965 net:net312982 net:net58023 net:net303377 net:net310006 net:net313457 net:net62093 net:net306050 net:net324777 net:net190728 net:net191304 net:net321803 net:net285376 net:net313025 net:net190679 net:net317682 net:net190729 net:net190727 net:net191763 net:net215270 net:net191716 net:net224228 net:net313042 net:net311072 net:net69544 net:net345631 net:net1020156
	comment: capacity:40 usage:41 overflow:1
	bbox = (814.5000, 856.5000) - (816.0000, 858.0000) on Layer -
violation type: Vertical congestion
	srcs: net:net1012263 net:net1012264 net:net1004310 net:net1004302 net:net34245 net:net329432 net:net329424 net:net326283 net:net19182 net:net306660 net:net298228 net:net313451 net:net304472 net:net312982 net:net1267389 net:net58023 net:net303822 net:net321562 net:net446325 net:net62093 net:net318013 net:net306050 net:net324777 net:net285376 net:net313454 net:net190679 net:net309983 net:net275104 net:net199061 net:net199579 net:net191763 net:net215270 net:net372146 net:net304217 net:net311072 net:net306990 net:net69544 net:net345631 net:net69570 net:net1020156
	comment: capacity:40 usage:43 overflow:3
	bbox = (814.5000, 864.0000) - (816.0000, 865.5000) on Layer -
violation type: Vertical congestion
	srcs: net:net1004273 net:net34245 net:net329432 net:net326283 net:net212611 net:net212610 net:net212609 net:net212607 net:net199563 net:net19182 net:net319579 net:net321336 net:net298228 net:net304472 net:net312982 net:net1267389 net:net321562 net:net446325 net:net62093 net:net304484 net:net306050 net:net212613 net:net317842 net:net273148 net:net285376 net:net319440 net:net309983 net:net319288 net:net199061 net:net190729 net:net190727 net:net191716 net:net304217 net:net69544 net:net69570
	comment: capacity:36 usage:38 overflow:2
	bbox = (814.5000, 868.5000) - (816.0000, 870.0000) on Layer -
violation type: Vertical congestion
	srcs: net:net346791 net:net346323 net:net329432 net:net326283 net:net60641 net:net74485 net:net234691 net:net318341 net:net85529 net:net306979 net:net309890 net:net69848 net:net370816 net:net89946 net:net74481 net:net446325 net:net298343 net:net1153759 net:net63599 net:net304484 net:net307103 net:net212613 net:net305638 net:net306424 net:net75591 net:net347050 net:net318004 net:net191716 net:net317262 net:net309911 net:net305807 net:net306006 net:net306324 net:net69570 net:net1017806
	comment: capacity:40 usage:42 overflow:2
	bbox = (814.5000, 885.0000) - (816.0000, 886.5000) on Layer -
violation type: Vertical congestion
	srcs: net:net346791 net:net346389 net:net346339 net:net346327 net:net346325 net:net329432 net:net326283 net:net60641 net:net202240 net:net311059 net:net318341 net:net85529 net:net306979 net:net309890 net:net370816 net:net89946 net:net74481 net:net446325 net:net298343 net:net1153759 net:net63599 net:net304484 net:net305638 net:net306424 net:net75591 net:net347050 net:net318004 net:net191716 net:net199578 net:net309911 net:net305807 net:net306006 net:net306324 net:net345813 net:net69570 net:net1017806
	comment: capacity:40 usage:41 overflow:1
	bbox = (814.5000, 888.0000) - (816.0000, 889.5000) on Layer -
violation type: Vertical congestion
	srcs: net:net346791 net:net60611 net:net346389 net:net345503 net:net345492 net:net345490 net:net344912 net:net329432 net:net326283 net:net60641 net:net91496 net:net89249 net:net202311 net:net202240 net:net91494 net:net318341 net:net85529 net:net306979 net:net309890 net:net192806 net:net370816 net:net89946 net:net74481 net:net303822 net:net305638 net:net306424 net:net75591 net:net347050 net:net318004 net:net191716 net:net306006 net:net306324 net:net345813 net:net69570
	comment: capacity:40 usage:41 overflow:1
	bbox = (814.5000, 892.5000) - (816.0000, 894.0000) on Layer -
violation type: Vertical congestion
	srcs: net:net346791 net:net60611 net:net346389 net:net344912 net:net329432 net:net326283 net:net60641 net:net91496 net:net89249 net:net69849 net:net202311 net:net202240 net:net91494 net:net60609 net:net85529 net:net306979 net:net192806 net:net370816 net:net89946 net:net74481 net:net315053 net:net303822 net:net305638 net:net306424 net:net75591 net:net347050 net:net285376 net:net303194 net:net318004 net:net191716 net:net306006 net:net306324 net:net69570
	comment: capacity:40 usage:42 overflow:2
	bbox = (814.5000, 894.0000) - (816.0000, 895.5000) on Layer -
violation type: Vertical congestion
	srcs: net:net347694 net:net347693 net:net346992 net:net346791 net:net60611 net:net346389 net:net344912 net:net329432 net:net326283 net:net89249 net:net89250 net:net69849 net:net202311 net:net202240 net:net60609 net:net85529 net:net306979 net:net315604 net:net192806 net:net370816 net:net89946 net:net74481 net:net315053 net:net303822 net:net314082 net:net313076 net:net305638 net:net306424 net:net347050 net:net285376 net:net303194 net:net191716 net:net306006 net:net306324 net:net346870 net:net69570
	comment: capacity:40 usage:42 overflow:2
	bbox = (814.5000, 895.5000) - (816.0000, 897.0000) on Layer -
violation type: Vertical congestion
	srcs: net:net347708 net:net346973 net:net346791 net:net60611 net:net346389 net:net344912 net:net329432 net:net326283 net:net89250 net:net202311 net:net202240 net:net60609 net:net85529 net:net306979 net:net315604 net:net192806 net:net303167 net:net370816 net:net89946 net:net74481 net:net269965 net:net315053 net:net57716 net:net303822 net:net314082 net:net314845 net:net313076 net:net305638 net:net306424 net:net347050 net:net285376 net:net303194 net:net191716 net:net306006 net:net306324 net:net346870 net:net69570
	comment: capacity:40 usage:41 overflow:1
	bbox = (814.5000, 897.0000) - (816.0000, 898.5000) on Layer -
violation type: Vertical congestion
	srcs: net:net70637 net:net346791 net:net60611 net:net346389 net:net346199 net:net265880 net:net265879 net:net254762 net:net213062 net:net202312 net:net91494 net:net74485 net:net192806 net:net310738 net:net318782 net:net370816 net:net265877 net:net89946 net:net323034 net:net315053 net:net315616 net:net57716 net:net313420 net:net303822 net:net308089 net:net313013 net:net228173 net:net323364 net:net314600 net:net306424 net:net191716 net:net303217 net:net314074 net:net306482 net:net69570 net:net1017806 net:net1018047
	comment: capacity:40 usage:42 overflow:2
	bbox = (814.5000, 919.5000) - (816.0000, 921.0000) on Layer -
violation type: Vertical congestion
	srcs: net:net70637 net:net347811 net:net347810 net:net347809 net:net346964 net:net346791 net:net60611 net:net346389 net:net346199 net:net285375 net:net273251 net:net265879 net:net213062 net:net60612 net:net202312 net:net60609 net:net192806 net:net310738 net:net370816 net:net326980 net:net89946 net:net315616 net:net57716 net:net303822 net:net308089 net:net228173 net:net323364 net:net314600 net:net210251 net:net306424 net:net191716 net:net306482 net:net346902 net:net69570 net:net1017806 net:net1018047
	comment: capacity:40 usage:41 overflow:1
	bbox = (814.5000, 928.5000) - (816.0000, 930.0000) on Layer -
violation type: Vertical congestion
	srcs: net:net70637 net:net347592 net:net347582 net:net347144 net:net346791 net:net60611 net:net346389 net:net346199 net:net329428 net:net285375 net:net273251 net:net265879 net:net89250 net:net197881 net:net60612 net:net202312 net:net347336 net:net192806 net:net310738 net:net370816 net:net326980 net:net89946 net:net315616 net:net303822 net:net311140 net:net321572 net:net308089 net:net228173 net:net323364 net:net307799 net:net210251 net:net317110 net:net306424 net:net191716 net:net316208 net:net346902 net:net69570 net:net1017806 net:net1018047
	comment: capacity:40 usage:43 overflow:3
	bbox = (814.5000, 933.0000) - (816.0000, 934.5000) on Layer -
violation type: Vertical congestion
	srcs: net:net70637 net:net347561 net:net346791 net:net60611 net:net346389 net:net346199 net:net345863 net:net329428 net:net273251 net:net265879 net:net89250 net:net197881 net:net60612 net:net202312 net:net261616 net:net91494 net:net192806 net:net310738 net:net370816 net:net326980 net:net89946 net:net315616 net:net303822 net:net311140 net:net321572 net:net308089 net:net62091 net:net228173 net:net323364 net:net307799 net:net317110 net:net306424 net:net246043 net:net191716 net:net346902 net:net69570 net:net1018047
	comment: capacity:40 usage:42 overflow:2
	bbox = (814.5000, 934.5000) - (816.0000, 936.0000) on Layer -
violation type: Vertical congestion
	srcs: net:net70637 net:net348436 net:net346791 net:net60611 net:net346389 net:net346199 net:net345618 net:net345455 net:net329428 net:net273251 net:net91496 net:net60632 net:net213062 net:net89249 net:net89250 net:net19174 net:net19159 net:net202312 net:net261616 net:net91494 net:net192806 net:net370816 net:net89946 net:net303822 net:net311140 net:net321572 net:net228173 net:net310725 net:net307799 net:net306424 net:net246043 net:net191716 net:net69570 net:net1020180
	comment: capacity:40 usage:41 overflow:1
	bbox = (814.5000, 939.0000) - (816.0000, 940.5000) on Layer -
violation type: Vertical congestion
	srcs: net:net1021664 net:net1021662 net:net34245 net:net329420 net:net318130 net:net46893 net:net311113 net:net323573 net:net310738 net:net305464 net:net303410 net:net303293 net:net316483 net:net316223 net:net316180 net:net310839 net:net79273 net:net322960 net:net303198 net:net303822 net:net269300 net:net310090 net:net212613 net:net4261 net:net321899 net:net312997 net:net322152 net:net317646 net:net191305 net:net199061 net:net190729 net:net199579 net:net191763 net:net300557 net:net208262 net:net310185 net:net1094075 net:net1020174
	comment: capacity:39 usage:40 overflow:1
	bbox = (816.0000, 850.5000) - (817.5000, 852.0000) on Layer -
violation type: Vertical congestion
	srcs: net:net390529 net:net372258 net:net34245 net:net329420 net:net318130 net:net305412 net:net323573 net:net305464 net:net310414 net:net303410 net:net318786 net:net303293 net:net310030 net:net243181 net:net79273 net:net322960 net:net303198 net:net303822 net:net269300 net:net310090 net:net212613 net:net305638 net:net4261 net:net321899 net:net312997 net:net190677 net:net311126 net:net322152 net:net310236 net:net317646 net:net191305 net:net318004 net:net372182 net:net372180 net:net199061 net:net300557 net:net309911 net:net310185 net:net1094075 net:net1020174
	comment: capacity:40 usage:41 overflow:1
	bbox = (816.0000, 853.5000) - (817.5000, 855.0000) on Layer -
violation type: Vertical congestion
	srcs: net:net390529 net:net372258 net:net34245 net:net329420 net:net324635 net:net318130 net:net305412 net:net323573 net:net305764 net:net305464 net:net303410 net:net318786 net:net303293 net:net310030 net:net243181 net:net322960 net:net303198 net:net303822 net:net316751 net:net269300 net:net212613 net:net305638 net:net4261 net:net321899 net:net312997 net:net190677 net:net311126 net:net322152 net:net310236 net:net317646 net:net191305 net:net318004 net:net372182 net:net372180 net:net199061 net:net300557 net:net309911 net:net310185 net:net1094075 net:net1020174
	comment: capacity:40 usage:41 overflow:1
	bbox = (816.0000, 855.0000) - (817.5000, 856.5000) on Layer -
violation type: Vertical congestion
	srcs: net:net390529 net:net372308 net:net34245 net:net329420 net:net324635 net:net318130 net:net305412 net:net305764 net:net305464 net:net303410 net:net318786 net:net303293 net:net243181 net:net303198 net:net303822 net:net316751 net:net269300 net:net212613 net:net305638 net:net4261 net:net321899 net:net312997 net:net190677 net:net311126 net:net322152 net:net310236 net:net317646 net:net191305 net:net318004 net:net199061 net:net190729 net:net190727 net:net215270 net:net372147 net:net300557 net:net309911 net:net310185 net:net1094075 net:net1020174
	comment: capacity:40 usage:41 overflow:1
	bbox = (816.0000, 856.5000) - (817.5000, 858.0000) on Layer -
violation type: Vertical congestion
	srcs: net:net390529 net:net372129 net:net329420 net:net324635 net:net310249 net:net321418 net:net305412 net:net309662 net:net215269 net:net318318 net:net317661 net:net305974 net:net305464 net:net243181 net:net311140 net:net310006 net:net316751 net:net305850 net:net269300 net:net212613 net:net305638 net:net4261 net:net299210 net:net311126 net:net322152 net:net310236 net:net322022 net:net305898 net:net199579 net:net215270 net:net372147 net:net372146 net:net303217 net:net303395 net:net309911 net:net306324 net:net318454 net:net1094075 net:net1017786
	comment: capacity:40 usage:41 overflow:1
	bbox = (816.0000, 867.0000) - (817.5000, 868.5000) on Layer -
violation type: Vertical congestion
	srcs: net:net390529 net:net372129 net:net345513 net:net345492 net:net345490 net:net329420 net:net60632 net:net213062 net:net303388 net:net234691 net:net315604 net:net310224 net:net315613 net:net345491 net:net304472 net:net318065 net:net2257 net:net53672 net:net308352 net:net306348 net:net315050 net:net308050 net:net210251 net:net305928 net:net75591 net:net5787 net:net1870 net:net261614 net:net285376 net:net311126 net:net310236 net:net322022 net:net316208 net:net309911 net:net310913 net:net307974 net:net346933 net:net1020524
	comment: capacity:40 usage:41 overflow:1
	bbox = (816.0000, 892.5000) - (817.5000, 894.0000) on Layer -
violation type: Vertical congestion
	srcs: net:net390529 net:net372129 net:net346988 net:net329420 net:net74493 net:net60632 net:net213062 net:net60612 net:net303388 net:net234691 net:net69848 net:net315604 net:net315613 net:net304472 net:net318065 net:net2257 net:net53672 net:net319856 net:net308352 net:net306348 net:net315050 net:net308050 net:net210251 net:net305928 net:net75591 net:net5787 net:net1870 net:net261614 net:net322022 net:net314583 net:net316208 net:net310697 net:net307974 net:net346933 net:net1020524
	comment: capacity:40 usage:41 overflow:1
	bbox = (816.0000, 894.0000) - (817.5000, 895.5000) on Layer -
violation type: Vertical congestion
	srcs: net:net390529 net:net372129 net:net346975 net:net346973 net:net329420 net:net324635 net:net213062 net:net89249 net:net234691 net:net69848 net:net315613 net:net309195 net:net304472 net:net318065 net:net314860 net:net2257 net:net53672 net:net319856 net:net308352 net:net306348 net:net315050 net:net308050 net:net314857 net:net210251 net:net305928 net:net75591 net:net5787 net:net1870 net:net261614 net:net322022 net:net314583 net:net314372 net:net316956 net:net310697 net:net307974 net:net346933 net:net1020524
	comment: capacity:40 usage:41 overflow:1
	bbox = (816.0000, 895.5000) - (817.5000, 897.0000) on Layer -
violation type: Vertical congestion
	srcs: net:net390529 net:net372129 net:net346975 net:net346974 net:net346973 net:net329420 net:net324635 net:net213062 net:net89249 net:net271811 net:net234691 net:net69848 net:net315613 net:net304472 net:net318065 net:net314860 net:net2257 net:net53672 net:net319856 net:net317989 net:net306348 net:net315050 net:net308050 net:net314857 net:net210251 net:net305928 net:net75591 net:net5787 net:net1870 net:net261614 net:net321959 net:net322022 net:net314583 net:net310697 net:net307974 net:net346933 net:net1020524
	comment: capacity:40 usage:41 overflow:1
	bbox = (816.0000, 897.0000) - (817.5000, 898.5000) on Layer -
violation type: Vertical congestion
	srcs: net:net390529 net:net372129 net:net346975 net:net346974 net:net346326 net:net329420 net:net324635 net:net213062 net:net89249 net:net271811 net:net234691 net:net315613 net:net304472 net:net314860 net:net2257 net:net53672 net:net319856 net:net314839 net:net298343 net:net306348 net:net315050 net:net308050 net:net314857 net:net210251 net:net310964 net:net305928 net:net75591 net:net5787 net:net1870 net:net261614 net:net321959 net:net309983 net:net322022 net:net314583 net:net309911 net:net310697 net:net307974 net:net346933 net:net1020524
	comment: capacity:40 usage:42 overflow:2
	bbox = (816.0000, 898.5000) - (817.5000, 900.0000) on Layer -
violation type: Vertical congestion
	srcs: net:net390529 net:net372129 net:net346974 net:net346930 net:net346911 net:net346326 net:net329420 net:net324635 net:net213062 net:net89249 net:net91494 net:net271811 net:net234691 net:net315613 net:net304472 net:net314860 net:net2257 net:net53672 net:net319856 net:net213084 net:net314839 net:net298343 net:net306348 net:net315050 net:net308050 net:net210251 net:net310964 net:net305928 net:net1870 net:net261614 net:net321959 net:net309983 net:net322022 net:net314583 net:net309911 net:net310697 net:net307974 net:net1020524
	comment: capacity:40 usage:41 overflow:1
	bbox = (816.0000, 900.0000) - (817.5000, 901.5000) on Layer -
violation type: Vertical congestion
	srcs: net:net390529 net:net372129 net:net361517 net:net347849 net:net347717 net:net346910 net:net345474 net:net344912 net:net329420 net:net324635 net:net267079 net:net255806 net:net255803 net:net254762 net:net91496 net:net60632 net:net89249 net:net89250 net:net202311 net:net192805 net:net19197 net:net74485 net:net314237 net:net2176 net:net2257 net:net1267138 net:net312133 net:net322993 net:net307914 net:net321400 net:net315046 net:net308243 net:net310964 net:net321959 net:net319826 net:net307974 net:net1020524
	comment: capacity:40 usage:42 overflow:2
	bbox = (816.0000, 927.0000) - (817.5000, 928.5000) on Layer -
violation type: Vertical congestion
	srcs: net:net318207 net:net215269 net:net306979 net:net322597 net:net306301 net:net248060 net:net267528 net:net307047 net:net309603 net:net309719 net:net2203 net:net311140 net:net4682 net:net63599 net:net212177 net:net318013 net:net210249 net:net210251 net:net202857 net:net2303 net:net5787 net:net258436 net:net244886 net:net320292 net:net319064 net:net190729 net:net190727 net:net199579 net:net191763 net:net191716 net:net372147 net:net372146 net:net208262 net:net310798 net:net310913 net:net69570 net:net69110
	comment: capacity:40 usage:41 overflow:1
	bbox = (817.5000, 858.0000) - (819.0000, 859.5000) on Layer -
violation type: Vertical congestion
	srcs: net:net329424 net:net244498 net:net74493 net:net75593 net:net192805 net:net19208 net:net314853 net:net319853 net:net347030 net:net318782 net:net315613 net:net305464 net:net312115 net:net307047 net:net2261 net:net2192 net:net315616 net:net315610 net:net306737 net:net319856 net:net314559 net:net314839 net:net316473 net:net306999 net:net306364 net:net323364 net:net314296 net:net321198 net:net305928 net:net315059 net:net75591 net:net347866 net:net5787 net:net4261 net:net199025 net:net306412 net:net312188 net:net314863 net:net69110
	comment: capacity:40 usage:43 overflow:3
	bbox = (817.5000, 904.5000) - (819.0000, 906.0000) on Layer -
violation type: Vertical congestion
	srcs: net:net47684 net:net346974 net:net346326 net:net345883 net:net329424 net:net255780 net:net255779 net:net255781 net:net215997 net:net85500 net:net213062 net:net89249 net:net89250 net:net69849 net:net202308 net:net201494 net:net69845 net:net19182 net:net306979 net:net69848 net:net347035 net:net90525 net:net315330 net:net315613 net:net310473 net:net2192 net:net53672 net:net202309 net:net314589 net:net323171 net:net315626 net:net4261 net:net310955 net:net315334 net:net211589
	comment: capacity:40 usage:41 overflow:1
	bbox = (817.5000, 928.5000) - (819.0000, 930.0000) on Layer -
violation type: Vertical congestion
	srcs: net:net47684 net:net346974 net:net346326 net:net345883 net:net329424 net:net299224 net:net255779 net:net215997 net:net85500 net:net89249 net:net89250 net:net69849 net:net202308 net:net201494 net:net69845 net:net75593 net:net19182 net:net306979 net:net69848 net:net347035 net:net90525 net:net315330 net:net315613 net:net310473 net:net1267239 net:net2192 net:net53672 net:net57716 net:net202309 net:net314589 net:net323171 net:net315626 net:net4261 net:net261614 net:net310955 net:net315334 net:net211589
	comment: capacity:40 usage:43 overflow:3
	bbox = (817.5000, 930.0000) - (819.0000, 931.5000) on Layer -
violation type: Vertical congestion
	srcs: net:net47684 net:net346974 net:net346940 net:net346326 net:net346044 net:net329424 net:net320563 net:net299224 net:net255779 net:net215997 net:net85500 net:net89249 net:net89250 net:net202308 net:net201494 net:net69845 net:net197879 net:net19182 net:net306979 net:net347035 net:net90525 net:net315330 net:net315613 net:net310473 net:net312979 net:net1267239 net:net2192 net:net53672 net:net57716 net:net313775 net:net202309 net:net314589 net:net323171 net:net4261 net:net261614 net:net79853 net:net310955 net:net315334 net:net211589
	comment: capacity:40 usage:42 overflow:2
	bbox = (817.5000, 931.5000) - (819.0000, 933.0000) on Layer -
violation type: Vertical congestion
	srcs: net:net47684 net:net47651 net:net347694 net:net347645 net:net346974 net:net346326 net:net346044 net:net345677 net:net345648 net:net329974 net:net320563 net:net299224 net:net215997 net:net60632 net:net213064 net:net213062 net:net212599 net:net201494 net:net197879 net:net19182 net:net74485 net:net347035 net:net345496 net:net326980 net:net74481 net:net369915 net:net1267239 net:net53672 net:net306388 net:net57716 net:net316208 net:net307839 net:net1023210 net:net68793 net:net1017808
	comment: capacity:39 usage:40 overflow:1
	bbox = (817.5000, 942.0000) - (819.0000, 943.5000) on Layer -
violation type: Vertical congestion
	srcs: net:net47684 net:net47651 net:net347694 net:net347645 net:net346974 net:net346326 net:net346044 net:net345518 net:net329974 net:net324942 net:net320563 net:net299224 net:net215997 net:net213064 net:net212599 net:net69849 net:net201494 net:net19182 net:net69848 net:net347035 net:net345496 net:net326980 net:net74481 net:net369915 net:net1267842 net:net1267239 net:net1267138 net:net53672 net:net306388 net:net310944 net:net57716 net:net210251 net:net307731 net:net316208 net:net1023210 net:net68793 net:net1017808
	comment: capacity:40 usage:41 overflow:1
	bbox = (817.5000, 946.5000) - (819.0000, 948.0000) on Layer -
violation type: Vertical congestion
	srcs: net:net1049725 net:net1043420 net:net1041091 net:net1035362 net:net329418 net:net19193 net:net310249 net:net271424 net:net318207 net:net318130 net:net305764 net:net318065 net:net310414 net:net345089 net:net316202 net:net1267138 net:net1266017 net:net74484 net:net317675 net:net4682 net:net345109 net:net304484 net:net266666 net:net308050 net:net268087 net:net317880 net:net345007 net:net202857 net:net321587 net:net321586 net:net92114 net:net310955 net:net346925 net:net345729 net:net1040800 net:net1018047 net:net1020176 net:net1020174 net:net1018044
	comment: capacity:40 usage:41 overflow:1
	bbox = (819.0000, 843.0000) - (820.5000, 844.5000) on Layer -
violation type: Vertical congestion
	srcs: net:net1002057 net:net372213 net:net372212 net:net329418 net:net19193 net:net310249 net:net305993 net:net318207 net:net305764 net:net303184 net:net310414 net:net322672 net:net316202 net:net1267138 net:net1266017 net:net74484 net:net316511 net:net317675 net:net305507 net:net345109 net:net304484 net:net308050 net:net317880 net:net345007 net:net202857 net:net321587 net:net321586 net:net92114 net:net310955 net:net243415 net:net372146 net:net314863 net:net313010 net:net1018047
	comment: capacity:34 usage:36 overflow:2
	bbox = (819.0000, 850.5000) - (820.5000, 852.0000) on Layer -
violation type: Vertical congestion
	srcs: net:net1004288 net:net329418 net:net212599 net:net190666 net:net19204 net:net19193 net:net305993 net:net304214 net:net314853 net:net310765 net:net315604 net:net273175 net:net322672 net:net299203 net:net1267138 net:net74484 net:net306388 net:net323545 net:net316755 net:net305507 net:net310273 net:net304523 net:net306424 net:net372253 net:net267963 net:net321860 net:net322126 net:net310423 net:net190729 net:net190727 net:net215270 net:net316208 net:net316241 net:net310060 net:net310798 net:net311072 net:net307974 net:net1018047 net:net69110
	comment: capacity:40 usage:41 overflow:1
	bbox = (819.0000, 868.5000) - (820.5000, 870.0000) on Layer -
violation type: Vertical congestion
	srcs: net:net942962 net:net65216 net:net393875 net:net391124 net:net390789 net:net345791 net:net267081 net:net267078 net:net89249 net:net89250 net:net69849 net:net190716 net:net19285 net:net19182 net:net314580 net:net314875 net:net311471 net:net306660 net:net314942 net:net322517 net:net273175 net:net229082 net:net323611 net:net68791 net:net314556 net:net308136 net:net1267086 net:net312133 net:net323064 net:net319856 net:net255821 net:net314559 net:net299197 net:net314894 net:net313076 net:net1870 net:net372253 net:net310913 net:net69107
	comment: capacity:40 usage:42 overflow:2
	bbox = (819.0000, 915.0000) - (820.5000, 916.5000) on Layer -
violation type: Vertical congestion
	srcs: net:net65216 net:net393875 net:net391124 net:net390789 net:net345791 net:net345751 net:net344910 net:net74493 net:net60641 net:net91496 net:net190716 net:net19285 net:net19182 net:net322625 net:net314580 net:net90527 net:net314875 net:net311471 net:net306660 net:net314942 net:net229082 net:net323611 net:net68791 net:net314556 net:net308136 net:net1267086 net:net312133 net:net323064 net:net255821 net:net314559 net:net299197 net:net314894 net:net313076 net:net75591 net:net1870 net:net372253 net:net310913 net:net69107
	comment: capacity:40 usage:42 overflow:2
	bbox = (819.0000, 916.5000) - (820.5000, 918.0000) on Layer -
violation type: Vertical congestion
	srcs: net:net65216 net:net393875 net:net391124 net:net390789 net:net345791 net:net344910 net:net74493 net:net60632 net:net213062 net:net190716 net:net19285 net:net19182 net:net74485 net:net314580 net:net90527 net:net314875 net:net311471 net:net306660 net:net314942 net:net207807 net:net323611 net:net265884 net:net314556 net:net308136 net:net2261 net:net1267086 net:net314952 net:net310006 net:net255821 net:net314559 net:net446325 net:net315059 net:net1870 net:net314955 net:net310913 net:net69107
	comment: capacity:40 usage:41 overflow:1
	bbox = (819.0000, 922.5000) - (820.5000, 924.0000) on Layer -
violation type: Vertical congestion
	srcs: net:net65216 net:net393875 net:net391124 net:net390789 net:net346939 net:net346876 net:net345883 net:net345863 net:net345791 net:net344910 net:net255805 net:net74493 net:net89249 net:net89250 net:net75593 net:net190716 net:net19285 net:net19156 net:net314881 net:net265884 net:net308136 net:net2176 net:net2257 net:net53741 net:net314952 net:net315216 net:net315720 net:net310006 net:net446325 net:net62091 net:net314872 net:net304233 net:net1870 net:net317106 net:net310913 net:net69107
	comment: capacity:40 usage:41 overflow:1
	bbox = (819.0000, 933.0000) - (820.5000, 934.5000) on Layer -
violation type: Vertical congestion
	srcs: net:net65216 net:net348438 net:net346939 net:net346876 net:net345733 net:net345583 net:net345339 net:net344910 net:net324635 net:net255805 net:net223094 net:net74493 net:net60641 net:net85500 net:net69849 net:net202240 net:net69845 net:net190716 net:net19285 net:net19156 net:net91494 net:net310765 net:net265884 net:net229472 net:net74481 net:net310473 net:net308136 net:net53741 net:net310006 net:net446325 net:net323364 net:net75591 net:net1870 net:net310913
	comment: capacity:40 usage:41 overflow:1
	bbox = (819.0000, 940.5000) - (820.5000, 942.0000) on Layer -
violation type: Vertical congestion
	srcs: net:net65216 net:net348438 net:net346939 net:net346876 net:net345722 net:net345720 net:net345668 net:net345583 net:net345339 net:net344910 net:net324635 net:net255805 net:net223094 net:net74493 net:net60641 net:net85500 net:net202240 net:net69845 net:net190716 net:net190666 net:net19285 net:net19156 net:net91494 net:net268846 net:net310765 net:net310376 net:net265884 net:net310473 net:net308136 net:net2192 net:net53741 net:net310006 net:net4672 net:net446325 net:net323364 net:net308050 net:net1870 net:net310913
	comment: capacity:40 usage:42 overflow:2
	bbox = (819.0000, 942.0000) - (820.5000, 943.5000) on Layer -
violation type: Vertical congestion
	srcs: net:net47651 net:net377206 net:net60611 net:net346641 net:net346522 net:net345588 net:net345586 net:net345460 net:net345461 net:net345035 net:net344910 net:net324635 net:net267527 net:net70324 net:net70322 net:net202240 net:net85521 net:net19285 net:net19156 net:net89968 net:net70323 net:net262133 net:net345221 net:net345222 net:net347371 net:net68791 net:net265884 net:net345138 net:net267528 net:net53741 net:net4672 net:net446325 net:net4286 net:net1870 net:net298231 net:net346771 net:net1017786 net:net1017806 net:net1017928
	comment: capacity:40 usage:41 overflow:1
	bbox = (819.0000, 966.0000) - (820.5000, 967.5000) on Layer -
violation type: Vertical congestion
	srcs: net:net1004318 net:net942962 net:net329975 net:net318130 net:net316244 net:net262133 net:net314881 net:net323611 net:net370816 net:net300043 net:net317627 net:net321651 net:net322564 net:net1267842 net:net2192 net:net304490 net:net303822 net:net257644 net:net321363 net:net310436 net:net321400 net:net308050 net:net304138 net:net304004 net:net306896 net:net306507 net:net358429 net:net316972 net:net321377 net:net304496 net:net303296 net:net316486 net:net216006 net:net307059 net:net372146 net:net318575 net:net308339 net:net52974
	comment: capacity:38 usage:39 overflow:1
	bbox = (820.5000, 868.5000) - (822.0000, 870.0000) on Layer -
violation type: Vertical congestion
	srcs: net:net942962 net:net372193 net:net329975 net:net329418 net:net191764 net:net310249 net:net91494 net:net305993 net:net254763 net:net262133 net:net311113 net:net315713 net:net321651 net:net2182 net:net2255 net:net303305 net:net323064 net:net315610 net:net310006 net:net319922 net:net319680 net:net308352 net:net310809 net:net306999 net:net310936 net:net323364 net:net311100 net:net306896 net:net212614 net:net313066 net:net310964 net:net315619 net:net307059 net:net199063 net:net315043 net:net313467 net:net317262 net:net310185 net:net308506 net:net52974
	comment: capacity:40 usage:41 overflow:1
	bbox = (820.5000, 897.0000) - (822.0000, 898.5000) on Layer -
violation type: Vertical congestion
	srcs: net:net942962 net:net372193 net:net346849 net:net329975 net:net329418 net:net89249 net:net89250 net:net191764 net:net74485 net:net315040 net:net254763 net:net262133 net:net307872 net:net323611 net:net229473 net:net315713 net:net74481 net:net2182 net:net2255 net:net312168 net:net303305 net:net307914 net:net319922 net:net319684 net:net307180 net:net314577 net:net212614 net:net313066 net:net191304 net:net315619 net:net322126 net:net199063 net:net315043 net:net313467 net:net308506 net:net52974
	comment: capacity:39 usage:40 overflow:1
	bbox = (820.5000, 906.0000) - (822.0000, 907.5000) on Layer -
violation type: Vertical congestion
	srcs: net:net372193 net:net346849 net:net345835 net:net344910 net:net329975 net:net329418 net:net267081 net:net74493 net:net75593 net:net60612 net:net191764 net:net91494 net:net315040 net:net314836 net:net262133 net:net314833 net:net307872 net:net315713 net:net2182 net:net2255 net:net312168 net:net312237 net:net303305 net:net319922 net:net314949 net:net319684 net:net307180 net:net314577 net:net305698 net:net212614 net:net4403 net:net321927 net:net315619 net:net315043 net:net313467 net:net52974
	comment: capacity:39 usage:40 overflow:1
	bbox = (820.5000, 915.0000) - (822.0000, 916.5000) on Layer -
violation type: Vertical congestion
	srcs: net:net348700 net:net348683 net:net348682 net:net348681 net:net346849 net:net330181 net:net329975 net:net89249 net:net63743 net:net191764 net:net74485 net:net315040 net:net309573 net:net318646 net:net273175 net:net307872 net:net68791 net:net315352 net:net2255 net:net312579 net:net312168 net:net312237 net:net303305 net:net319922 net:net314945 net:net298343 net:net319684 net:net307180 net:net308147 net:net315326 net:net314296 net:net314577 net:net305698 net:net212614 net:net4403 net:net372253 net:net321927 net:net315726 net:net315043 net:net305807
	comment: capacity:40 usage:42 overflow:2
	bbox = (820.5000, 924.0000) - (822.0000, 925.5000) on Layer -
violation type: Vertical congestion
	srcs: net:net393875 net:net19285 net:net278463 net:net318037 net:net234691 net:net191702 net:net74536 net:net229843 net:net308375 net:net307763 net:net319309 net:net68791 net:net303330 net:net315729 net:net303184 net:net55742 net:net310473 net:net318503 net:net214098 net:net308399 net:net318664 net:net212177 net:net308147 net:net313461 net:net313066 net:net265878 net:net5792 net:net190727 net:net199579 net:net191763 net:net191716 net:net372147 net:net372146 net:net312387 net:net315213 net:net310387 net:net307839
	comment: capacity:40 usage:41 overflow:1
	bbox = (822.0000, 867.0000) - (823.5000, 868.5000) on Layer -
violation type: Vertical congestion
	srcs: net:net393875 net:net347553 net:net330181 net:net74493 net:net89249 net:net89250 net:net201494 net:net75593 net:net60612 net:net305993 net:net278463 net:net306651 net:net314848 net:net213086 net:net207805 net:net310414 net:net308417 net:net69760 net:net321441 net:net310006 net:net4671 net:net307103 net:net308147 net:net315502 net:net315064 net:net314963 net:net306050 net:net305698 net:net312175 net:net75591 net:net344946 net:net5792 net:net4403 net:net307059 net:net315334 net:net305807
	comment: capacity:40 usage:42 overflow:2
	bbox = (822.0000, 901.5000) - (823.5000, 903.0000) on Layer -
violation type: Vertical congestion
	srcs: net:net393875 net:net347542 net:net347540 net:net330181 net:net89249 net:net201494 net:net75593 net:net19156 net:net305993 net:net278463 net:net306651 net:net314848 net:net213086 net:net207805 net:net229473 net:net310414 net:net308417 net:net69760 net:net307914 net:net310006 net:net4671 net:net307103 net:net308147 net:net315502 net:net315064 net:net314963 net:net306050 net:net305698 net:net316519 net:net312175 net:net75591 net:net344946 net:net5792 net:net4403 net:net307059 net:net315213 net:net315334 net:net305807
	comment: capacity:40 usage:41 overflow:1
	bbox = (822.0000, 903.0000) - (823.5000, 904.5000) on Layer -
violation type: Vertical congestion
	srcs: net:net393875 net:net347542 net:net347541 net:net347540 net:net330181 net:net91496 net:net89249 net:net201494 net:net75593 net:net19156 net:net305993 net:net278463 net:net306651 net:net314836 net:net314848 net:net213086 net:net980375 net:net310414 net:net308417 net:net69760 net:net310006 net:net4671 net:net307103 net:net308147 net:net315502 net:net315064 net:net314963 net:net306050 net:net305698 net:net316519 net:net312175 net:net344946 net:net5792 net:net4403 net:net308386 net:net307059 net:net315213 net:net315334 net:net315532 net:net305807
	comment: capacity:40 usage:43 overflow:3
	bbox = (822.0000, 904.5000) - (823.5000, 906.0000) on Layer -
violation type: Vertical congestion
	srcs: net:net347541 net:net345903 net:net345902 net:net345901 net:net330181 net:net60641 net:net89250 net:net210236 net:net207728 net:net201494 net:net19156 net:net306651 net:net314836 net:net314848 net:net305412 net:net980375 net:net310414 net:net69760 net:net312168 net:net313448 net:net310006 net:net4671 net:net244500 net:net314949 net:net307956 net:net307103 net:net315502 net:net315064 net:net314963 net:net306050 net:net305698 net:net75591 net:net344946 net:net5792 net:net315213 net:net315334 net:net315532 net:net309495
	comment: capacity:40 usage:41 overflow:1
	bbox = (822.0000, 912.0000) - (823.5000, 913.5000) on Layer -
violation type: Vertical congestion
	srcs: net:net390989 net:net348682 net:net347541 net:net345882 net:net345863 net:net345862 net:net345861 net:net345758 net:net329424 net:net329418 net:net210236 net:net207728 net:net19208 net:net252385 net:net215993 net:net306651 net:net311059 net:net306660 net:net195882 net:net69848 net:net317337 net:net2182 net:net318794 net:net319913 net:net321441 net:net197880 net:net314949 net:net307956 net:net307180 net:net308181 net:net304138 net:net315064 net:net321198 net:net319226 net:net2303 net:net5792 net:net299210 net:net315334 net:net309495 net:net52974
	comment: capacity:40 usage:41 overflow:1
	bbox = (822.0000, 933.0000) - (823.5000, 934.5000) on Layer -
violation type: Vertical congestion
	srcs: net:net1002094 net:net372201 net:net372200 net:net372198 net:net278463 net:net52804 net:net195882 net:net315723 net:net229082 net:net315709 net:net312119 net:net319916 net:net315713 net:net317121 net:net323383 net:net69760 net:net315607 net:net323104 net:net1267689 net:net2249 net:net317410 net:net316758 net:net318503 net:net314091 net:net223118 net:net317846 net:net315318 net:net211098 net:net211100 net:net5787 net:net4403 net:net190679 net:net190677 net:net191716 net:net318878 net:net315419 net:net315532 net:net1020156 net:net1017952
	comment: capacity:39 usage:40 overflow:1
	bbox = (823.5000, 852.0000) - (825.0000, 853.5000) on Layer -
violation type: Vertical congestion
	srcs: net:net1004322 net:net390989 net:net281843 net:net52804 net:net315723 net:net229082 net:net309195 net:net319916 net:net318065 net:net317121 net:net323383 net:net69760 net:net315607 net:net1267689 net:net2249 net:net1266017 net:net316758 net:net315310 net:net314091 net:net219765 net:net312587 net:net315318 net:net211098 net:net211100 net:net4403 net:net319919 net:net321724 net:net79851 net:net303374 net:net199025 net:net372156 net:net318506 net:net190729 net:net190727 net:net191763 net:net319867 net:net315532 net:net319826 net:net1017952
	comment: capacity:40 usage:41 overflow:1
	bbox = (823.5000, 862.5000) - (825.0000, 864.0000) on Layer -
violation type: Vertical congestion
	srcs: net:net390989 net:net75595 net:net262114 net:net60641 net:net213062 net:net69849 net:net192802 net:net190681 net:net19285 net:net308685 net:net191702 net:net52804 net:net315628 net:net980375 net:net319859 net:net310765 net:net318832 net:net307763 net:net315330 net:net303267 net:net323383 net:net310473 net:net312982 net:net1267689 net:net2249 net:net1266017 net:net313055 net:net315494 net:net321634 net:net321441 net:net321400 net:net314091 net:net307852 net:net210249 net:net315622 net:net321927 net:net319867 net:net313010 net:net307839
	comment: capacity:40 usage:42 overflow:2
	bbox = (823.5000, 903.0000) - (825.0000, 904.5000) on Layer -
violation type: Vertical congestion
	srcs: net:net390989 net:net75595 net:net262114 net:net60641 net:net69849 net:net192802 net:net190681 net:net19285 net:net91494 net:net308685 net:net191702 net:net52804 net:net315628 net:net207805 net:net319859 net:net310765 net:net318832 net:net307763 net:net315330 net:net303267 net:net323383 net:net310473 net:net312982 net:net1267689 net:net2249 net:net1266017 net:net313055 net:net315494 net:net321634 net:net321441 net:net321400 net:net314091 net:net307852 net:net210249 net:net315622 net:net321927 net:net319867 net:net313010 net:net307839 net:net345946
	comment: capacity:40 usage:43 overflow:3
	bbox = (823.5000, 904.5000) - (825.0000, 906.0000) on Layer -
violation type: Vertical congestion
	srcs: net:net390989 net:net75595 net:net345902 net:net60632 net:net60612 net:net192802 net:net190681 net:net19285 net:net74485 net:net312383 net:net52804 net:net315628 net:net318646 net:net195882 net:net314939 net:net307763 net:net315330 net:net303267 net:net309589 net:net74481 net:net312982 net:net1267689 net:net2249 net:net1266017 net:net315494 net:net321634 net:net312231 net:net321441 net:net314091 net:net315422 net:net313526 net:net314885 net:net308761 net:net315622 net:net75591 net:net321927 net:net319867 net:net313010 net:net308506 net:net305807
	comment: capacity:40 usage:45 overflow:5
	bbox = (823.5000, 913.5000) - (825.0000, 915.0000) on Layer -
violation type: Vertical congestion
	srcs: net:net390989 net:net75595 net:net345902 net:net345835 net:net345834 net:net60632 net:net60612 net:net192802 net:net190681 net:net60609 net:net74485 net:net52804 net:net315628 net:net318646 net:net195882 net:net314939 net:net307763 net:net315330 net:net309589 net:net1267689 net:net2249 net:net1266017 net:net321634 net:net312231 net:net321441 net:net315422 net:net314885 net:net308761 net:net315622 net:net75591 net:net319867 net:net308506 net:net305807
	comment: capacity:37 usage:38 overflow:1
	bbox = (823.5000, 915.0000) - (825.0000, 916.5000) on Layer -
violation type: Vertical congestion
	srcs: net:net47687 net:net372129 net:net348682 net:net75595 net:net347135 net:net345902 net:net345862 net:net345834 net:net326283 net:net91496 net:net192802 net:net190681 net:net19197 net:net91494 net:net303850 net:net319579 net:net318646 net:net69848 net:net307763 net:net323611 net:net309195 net:net308012 net:net309589 net:net69760 net:net309019 net:net2176 net:net1267689 net:net1267086 net:net321441 net:net4677 net:net308243 net:net307180 net:net308761 net:net4403 net:net310752 net:net322165 net:net310798 net:net307673 net:net346902
	comment: capacity:40 usage:42 overflow:2
	bbox = (823.5000, 940.5000) - (825.0000, 942.0000) on Layer -
violation type: Vertical congestion
	srcs: net:net47687 net:net372129 net:net348682 net:net75595 net:net346024 net:net346023 net:net345902 net:net345862 net:net345834 net:net326283 net:net60641 net:net89249 net:net69849 net:net75593 net:net192802 net:net190681 net:net303850 net:net319579 net:net69848 net:net307763 net:net323611 net:net309543 net:net74481 net:net69760 net:net309019 net:net2176 net:net1267689 net:net1267086 net:net303248 net:net4677 net:net298274 net:net308761 net:net4403 net:net308744 net:net346902
	comment: capacity:40 usage:41 overflow:1
	bbox = (823.5000, 946.5000) - (825.0000, 948.0000) on Layer -
violation type: Vertical congestion
	srcs: net:net1004330 net:net393590 net:net330181 net:net309573 net:net229080 net:net195882 net:net322517 net:net315330 net:net317283 net:net307872 net:net229473 net:net316977 net:net315537 net:net229472 net:net2182 net:net2261 net:net317272 net:net315616 net:net323204 net:net315494 net:net4671 net:net309646 net:net317197 net:net315626 net:net315326 net:net315064 net:net315318 net:net315726 net:net315314 net:net322069 net:net309678 net:net317275 net:net372169 net:net372167 net:net190729 net:net215270 net:net191716 net:net315419 net:net317088 net:net316834
	comment: capacity:40 usage:41 overflow:1
	bbox = (825.0000, 864.0000) - (826.5000, 865.5000) on Layer -
violation type: Vertical congestion
	srcs: net:net70643 net:net345552 net:net74485 net:net266669 net:net309662 net:net318646 net:net303359 net:net315416 net:net307872 net:net315709 net:net305764 net:net306301 net:net322578 net:net317397 net:net322636 net:net74481 net:net225895 net:net308736 net:net305578 net:net79273 net:net308816 net:net315342 net:net308352 net:net217525 net:net319053 net:net319158 net:net244500 net:net255230 net:net263759 net:net314269 net:net308761 net:net322046 net:net305898 net:net314891 net:net217173 net:net314101 net:net318575 net:net308339 net:net345701
	comment: capacity:40 usage:41 overflow:1
	bbox = (825.0000, 900.0000) - (826.5000, 901.5000) on Layer -
violation type: Vertical congestion
	srcs: net:net70643 net:net345552 net:net60632 net:net63656 net:net192804 net:net192801 net:net74485 net:net266669 net:net309662 net:net318646 net:net195882 net:net303359 net:net315416 net:net307872 net:net315709 net:net305764 net:net306301 net:net322578 net:net317397 net:net225895 net:net308736 net:net305578 net:net308816 net:net315342 net:net308352 net:net217525 net:net319053 net:net319158 net:net244500 net:net255230 net:net263759 net:net314269 net:net308761 net:net322046 net:net305898 net:net314891 net:net217173 net:net314101 net:net308339 net:net345701
	comment: capacity:40 usage:42 overflow:2
	bbox = (825.0000, 901.5000) - (826.5000, 903.0000) on Layer -
violation type: Vertical congestion
	srcs: net:net70643 net:net345552 net:net60632 net:net63656 net:net75593 net:net74485 net:net266669 net:net309662 net:net318646 net:net195882 net:net303359 net:net69848 net:net315416 net:net315709 net:net305764 net:net306301 net:net322578 net:net317397 net:net225895 net:net308736 net:net305578 net:net308816 net:net315342 net:net244500 net:net255230 net:net263759 net:net314269 net:net308761 net:net75591 net:net322046 net:net305898 net:net314891 net:net217173 net:net314101 net:net308339 net:net345701
	comment: capacity:40 usage:41 overflow:1
	bbox = (825.0000, 903.0000) - (826.5000, 904.5000) on Layer -
violation type: Vertical congestion
	srcs: net:net70643 net:net345552 net:net244501 net:net213062 net:net63656 net:net75593 net:net74485 net:net313830 net:net309662 net:net318646 net:net195882 net:net303359 net:net69848 net:net315416 net:net315709 net:net305764 net:net306301 net:net322578 net:net317397 net:net225895 net:net308736 net:net305578 net:net308816 net:net315342 net:net70622 net:net244500 net:net255230 net:net307956 net:net263759 net:net314269 net:net75591 net:net322046 net:net305898 net:net314891 net:net217173 net:net314101 net:net345701
	comment: capacity:40 usage:42 overflow:2
	bbox = (825.0000, 904.5000) - (826.5000, 906.0000) on Layer -
violation type: Vertical congestion
	srcs: net:net1002132 net:net262114 net:net300553 net:net314580 net:net309662 net:net315210 net:net322517 net:net307872 net:net323309 net:net316844 net:net307718 net:net308012 net:net316761 net:net314369 net:net309019 net:net323650 net:net308736 net:net316524 net:net317197 net:net312175 net:net315726 net:net75596 net:net315314 net:net315619 net:net79853 net:net79851 net:net312242 net:net312206 net:net372182 net:net372180 net:net191763 net:net372146 net:net312223 net:net315043 net:net317400 net:net317179 net:net1020168
	comment: capacity:37 usage:39 overflow:2
	bbox = (826.5000, 852.0000) - (828.0000, 853.5000) on Layer -
violation type: Vertical congestion
	srcs: net:net70628 net:net539317 net:net377206 net:net376696 net:net345989 net:net345952 net:net345552 net:net60632 net:net212162 net:net211085 net:net60612 net:net19208 net:net91494 net:net310776 net:net374724 net:net303997 net:net323558 net:net323383 net:net309290 net:net2255 net:net2249 net:net317343 net:net308736 net:net309209 net:net255230 net:net59468 net:net299197 net:net317194 net:net318338 net:net212614 net:net321237 net:net70631 net:net4261 net:net309983 net:net309035 net:net309558 net:net1020168
	comment: capacity:40 usage:41 overflow:1
	bbox = (826.5000, 946.5000) - (828.0000, 948.0000) on Layer -
violation type: Vertical congestion
	srcs: net:net316831 net:net316953 net:net299235 net:net318646 net:net316844 net:net309318 net:net307718 net:net317176 net:net309003 net:net321441 net:net319922 net:net307705 net:net316640 net:net307956 net:net315502 net:net314894 net:net313076 net:net308419 net:net312141 net:net4422 net:net319919 net:net312242 net:net312206 net:net312172 net:net312583 net:net316486 net:net216008 net:net216006 net:net275106 net:net275104 net:net199579 net:net191763 net:net191716 net:net372146 net:net314583 net:net308970 net:net1017783
	comment: capacity:40 usage:41 overflow:1
	bbox = (828.0000, 858.0000) - (829.5000, 859.5000) on Layer -
violation type: Vertical congestion
	srcs: net:net316831 net:net316953 net:net299235 net:net318646 net:net316844 net:net309318 net:net307718 net:net317176 net:net309003 net:net321441 net:net319922 net:net307705 net:net316640 net:net307956 net:net315502 net:net314894 net:net313076 net:net312141 net:net4422 net:net319919 net:net1144317 net:net312242 net:net312206 net:net312172 net:net312583 net:net310423 net:net316486 net:net216008 net:net216006 net:net275106 net:net275104 net:net199579 net:net191763 net:net191716 net:net372146 net:net314583 net:net308970 net:net1017783
	comment: capacity:38 usage:42 overflow:4
	bbox = (828.0000, 859.5000) - (829.5000, 861.0000) on Layer -
violation type: Vertical congestion
	srcs: net:net317281 net:net69846 net:net317397 net:net308012 net:net308213 net:net312237 net:net303198 net:net321290 net:net308364 net:net319067 net:net312245 net:net980208 net:net980207 net:net980215 net:net980214 net:net980213 net:net980212 net:net321848 net:net321886 net:net303194 net:net199025 net:net322048 net:net322096 net:net316969 net:net312567 net:net317179 net:net308339 net:net308076 net:net1017783 net:net1017775
	comment: capacity:30 usage:31 overflow:1
	bbox = (829.5000, 865.5000) - (831.0000, 867.0000) on Layer -
violation type: Vertical congestion
	srcs: net:net1002846 net:net999226 net:net980165 net:net219763 net:net200457 net:net200449 net:net200444 net:net312146 net:net317084 net:net316499 net:net311157 net:net308527 net:net307659 net:net329406 net:net312133 net:net312579 net:net316524 net:net312258 net:net312215 net:net312180 net:net312587 net:net980265 net:net316530 net:net1017789
	comment: capacity:24 usage:25 overflow:1
	bbox = (831.0000, 870.0000) - (832.5000, 871.5000) on Layer -
violation type: Vertical congestion
	srcs: net:net371539 net:net371537 net:net371530 net:net308685 net:net31226 net:net309662 net:net371540 net:net306766 net:net2188 net:net318068 net:net313783 net:net322699 net:net316493 net:net303805 net:net2251 net:net222717 net:net323153 net:net317835 net:net308736 net:net312133 net:net312399 net:net312579 net:net315053 net:net319687 net:net317407 net:net316755 net:net317186 net:net318499 net:net309631 net:net56205 net:net308802 net:net56207 net:net315050 net:net228580 net:net307999 net:net310936 net:net310725 net:net313034 net:net318423
	comment: capacity:39 usage:40 overflow:1
	bbox = (843.0000, 852.0000) - (844.5000, 853.5000) on Layer -
violation type: Vertical congestion
	srcs: net:net1007648 net:net1007647 net:net383026 net:net371573 net:net371538 net:net371537 net:net371533 net:net371529 net:net310249 net:net312219 net:net322530 net:net371540 net:net303209 net:net311159 net:net326061 net:net310171 net:net303305 net:net303339 net:net308089 net:net310199 net:net310924 net:net244500 net:net315488 net:net310212 net:net319559 net:net299197 net:net212175 net:net312180 net:net303381 net:net300589 net:net321184 net:net312141 net:net312175 net:net314115 net:net314088 net:net318790 net:net303414 net:net319288 net:net306412 net:net319990
	comment: capacity:40 usage:41 overflow:1
	bbox = (859.5000, 849.0000) - (861.0000, 850.5000) on Layer -
violation type: Vertical congestion
	srcs: net:net942488 net:net375101 net:net375097 net:net375092 net:net371398 net:net371393 net:net311166 net:net270266 net:net371413 net:net323230 net:net325354 net:net52603 net:net323435 net:net371401 net:net323585 net:net323801 net:net315310 net:net321232 net:net303174 net:net321231 net:net307690 net:net45191 net:net355159 net:net323957 net:net309708 net:net321882 net:net321844 net:net92112 net:net321793 net:net322263 net:net319565 net:net321886 net:net315726 net:net313426 net:net312997 net:net303374
	comment: capacity:37 usage:38 overflow:1
	bbox = (868.5000, 942.0000) - (870.0000, 943.5000) on Layer -
violation type: Vertical congestion
	srcs: net:net539192 net:net371436 net:net371434 net:net371411 net:net320834 net:net320832 net:net320831 net:net320830 net:net320823 net:net311166 net:net371409 net:net375337 net:net322850 net:net323567 net:net323772 net:net371400 net:net352247 net:net322852 net:net322913 net:net371401 net:net318016 net:net316180 net:net323544 net:net321213 net:net323231 net:net310436 net:net324099 net:net314109 net:net316174 net:net318640 net:net312396 net:net355468 net:net320295 net:net322316 net:net321439 net:net321453 net:net321452 net:net316608
	comment: capacity:40 usage:41 overflow:1
	bbox = (871.5000, 948.0000) - (873.0000, 949.5000) on Layer -
violation type: Vertical congestion
	srcs: net:net539187 net:net539182 net:net372750 net:net371436 net:net371434 net:net371411 net:net371396 net:net371395 net:net320830 net:net243400 net:net371409 net:net375337 net:net323567 net:net371400 net:net352247 net:net318016 net:net322828 net:net323544 net:net321213 net:net323231 net:net323290 net:net350267 net:net324099 net:net324082 net:net314109 net:net318640 net:net312396 net:net355468 net:net255230 net:net350959 net:net325414 net:net321484 net:net322316 net:net375108 net:net321453 net:net375107 net:net1148807
	comment: capacity:37 usage:39 overflow:2
	bbox = (871.5000, 958.5000) - (873.0000, 960.0000) on Layer -
violation type: Vertical congestion
	srcs: net:net372747 net:net372746 net:net372741 net:net371398 net:net371395 net:net360240 net:net359844 net:net90530 net:net74500 net:net325089 net:net271424 net:net74492 net:net374561 net:net352798 net:net310976 net:net353362 net:net317328 net:net374477 net:net371401 net:net270270 net:net316202 net:net323620 net:net323609 net:net322365 net:net322831 net:net323281 net:net350267 net:net324083 net:net356620 net:net305534 net:net318013 net:net305638 net:net321899 net:net318004 net:net199025 net:net316186 net:net306412 net:net319574
	comment: capacity:40 usage:41 overflow:1
	bbox = (876.0000, 961.5000) - (877.5000, 963.0000) on Layer -
violation type: Vertical congestion
	srcs: net:net384377 net:net381132 net:net358931 net:net322109 net:net60646 net:net318646 net:net375947 net:net307872 net:net322832 net:net321723 net:net308827 net:net310414 net:net307047 net:net352736 net:net317272 net:net214100 net:net318332 net:net319348 net:net317835 net:net308525 net:net319987 net:net350539 net:net318231 net:net322174 net:net322125 net:net316623 net:net320027 net:net306891 net:net351653 net:net351057 net:net318025 net:net316621 net:net352302 net:net318145 net:net318030 net:net325433 net:net315314 net:net320853
	comment: capacity:38 usage:39 overflow:1
	bbox = (898.5000, 958.5000) - (900.0000, 960.0000) on Layer -
violation type: Vertical congestion
	srcs: net:net356959 net:net356917 net:net356672 net:net352829 net:net352811 net:net352602 net:net352496 net:net349999 net:net349996 net:net356956 net:net348876 net:net350014 net:net355248 net:net349817 net:net321775 net:net319166 net:net314567 net:net317343 net:net325979 net:net355197 net:net324055 net:net313833 net:net318846 net:net315046 net:net314866 net:net307690 net:net316212 net:net316612 net:net310398 net:net355343 net:net313524 net:net313472 net:net314260 net:net321882 net:net321844 net:net350988 net:net313426 net:net316515 net:net317275 net:net317106
	comment: capacity:40 usage:41 overflow:1
	bbox = (915.0000, 880.5000) - (916.5000, 882.0000) on Layer -
violation type: Vertical congestion
	srcs: net:net356959 net:net356672 net:net352829 net:net352811 net:net352602 net:net352496 net:net349999 net:net349996 net:net356956 net:net348876 net:net349817 net:net321775 net:net319166 net:net314567 net:net317343 net:net325979 net:net355197 net:net324055 net:net313833 net:net318846 net:net315046 net:net314866 net:net307690 net:net316212 net:net316612 net:net310398 net:net56209 net:net355343 net:net313524 net:net313472 net:net306891 net:net314260 net:net321882 net:net321844 net:net350988 net:net92112 net:net313426 net:net316515 net:net317275 net:net317106
	comment: capacity:40 usage:41 overflow:1
	bbox = (915.0000, 882.0000) - (916.5000, 883.5000) on Layer -
violation type: Vertical congestion
	srcs: net:net351026 net:net350883 net:net350873 net:net324954 net:net319853 net:net350880 net:net319158 net:net317701 net:net313472 net:net313526 net:net314260 net:net322115 net:net324971 net:net314115 net:net299210 net:net314955 net:net314878 net:net75610 net:net258436 net:net315619 net:net312242 net:net312137 net:net313059 net:net91048 net:net321722 net:net321803 net:net313454 net:net303194 net:net303374 net:net309983 net:net319744 net:net317838 net:net308386 net:net199025 net:net308744 net:net322046 net:net322096
	comment: capacity:37 usage:38 overflow:1
	bbox = (918.0000, 861.0000) - (919.5000, 862.5000) on Layer -
violation type: Vertical congestion
	srcs: net:net351026 net:net350883 net:net350873 net:net325012 net:net324963 net:net319853 net:net350880 net:net304131 net:net252377 net:net319158 net:net317701 net:net313472 net:net313526 net:net314260 net:net322115 net:net325418 net:net324971 net:net314115 net:net299210 net:net314955 net:net314878 net:net75610 net:net258436 net:net315619 net:net312242 net:net312137 net:net313059 net:net91048 net:net321722 net:net321803 net:net313454 net:net303194 net:net303374 net:net309983 net:net319744 net:net317838 net:net308386 net:net199025 net:net322096 net:net307059
	comment: capacity:40 usage:41 overflow:1
	bbox = (918.0000, 862.5000) - (919.5000, 864.0000) on Layer -
violation type: Vertical congestion
	srcs: net:net355219 net:net57992 net:net322176 net:net320040 net:net303330 net:net303770 net:net348042 net:net355229 net:net322636 net:net320039 net:net312164 net:net323031 net:net322825 net:net303794 net:net319684 net:net318218 net:net319814 net:net308364 net:net318640 net:net228173 net:net310936 net:net311100 net:net309952 net:net312396 net:net312575 net:net278976 net:net322957 net:net298223 net:net59468 net:net318428 net:net304225 net:net303455 net:net311158 net:net311156 net:net312593 net:net310076 net:net319982 net:net320032 net:net303778 net:net1016601
	comment: capacity:40 usage:41 overflow:1
	bbox = (928.5000, 895.5000) - (930.0000, 897.0000) on Layer -
violation type: Vertical congestion
	srcs: net:net384989 net:net375893 net:net375887 net:net375882 net:net359683 net:net349220 net:net355156 net:net60680 net:net348047 net:net318207 net:net326121 net:net308781 net:net326114 net:net362448 net:net375894 net:net318318 net:net322561 net:net322541 net:net317397 net:net248060 net:net246048 net:net326072 net:net60647 net:net321725 net:net318231 net:net316976 net:net355202 net:net309646 net:net321108 net:net325561 net:net314260 net:net320035 net:net316632 net:net321237 net:net316193 net:net321248 net:net322262 net:net319574 net:net316208
	comment: capacity:40 usage:41 overflow:1
	bbox = (946.5000, 972.0000) - (948.0000, 973.5000) on Layer -
violation type: Vertical congestion
	srcs: net:net363130 net:net363093 net:net349928 net:net349548 net:net348973 net:net303991 net:net308239 net:net313471 net:net304214 net:net316205 net:net325723 net:net325956 net:net348856 net:net308685 net:net318673 net:net314553 net:net318675 net:net322112 net:net314128 net:net321104 net:net199979 net:net348851 net:net306301 net:net355248 net:net315750 net:net349544 net:net308174 net:net309290 net:net11279 net:net349403 net:net308835 net:net303437 net:net318428 net:net318027 net:net318453 net:net300574 net:net312404 net:net310979 net:net314260 net:net307839
	comment: capacity:40 usage:41 overflow:1
	bbox = (948.0000, 901.5000) - (949.5000, 903.0000) on Layer -
violation type: Vertical congestion
	srcs: net:net970893 net:net310978 net:net360187 net:net360160 net:net360066 net:net359717 net:net359714 net:net355227 net:net355186 net:net322180 net:net320774 net:net300054 net:net262134 net:net271424 net:net300587 net:net307172 net:net325334 net:net308233 net:net322023 net:net350570 net:net360151 net:net318676 net:net321271 net:net310685 net:net310468 net:net74505 net:net304003 net:net262135 net:net355158 net:net318231 net:net316545 net:net304130 net:net312256 net:net320022 net:net308418 net:net317421 net:net212613 net:net89914 net:net319073
	comment: capacity:39 usage:40 overflow:1
	bbox = (951.0000, 969.0000) - (952.5000, 970.5000) on Layer -
violation type: Vertical congestion
	srcs: net:net45312 net:net359020 net:net352674 net:net34419 net:net325556 net:net325499 net:net323066 net:net325083 net:net325081 net:net321723 net:net349961 net:net308525 net:net227439 net:net310972 net:net312591 net:net318231 net:net308036 net:net310006 net:net314120 net:net321544 net:net321545 net:net322247 net:net318453 net:net314257 net:net317278 net:net321198 net:net319295 net:net317650 net:net318008 net:net325629 net:net321331 net:net321332 net:net312210 net:net305928 net:net321499 net:net306424 net:net331413 net:net318210 net:net320918 net:net307673
	comment: capacity:40 usage:41 overflow:1
	bbox = (985.5000, 889.5000) - (987.0000, 891.0000) on Layer -
violation type: Vertical congestion
	srcs: net:net987093 net:net2379 net:net2085 net:net322185 net:net315217 net:net90527 net:net323493 net:net351378 net:net2721 net:net362568 net:net351341 net:net313000 net:net1281924 net:net1281922 net:net1281923 net:net1279595 net:net1278801 net:net1276708 net:net1275722 net:net1275676 net:net1275671 net:net1275628 net:net1275582 net:net1275577 net:net1275531 net:net1275526 net:net1942 net:net907927 net:net2381 net:net2094 net:net1939 net:net1268791 net:net2227 net:net1263958 net:net314589 net:net323445 net:net210249 net:net316972
	comment: capacity:38 usage:39 overflow:1
	bbox = (997.5000, 897.0000) - (999.0000, 898.5000) on Layer -
violation type: Vertical congestion
	srcs: net:net356540 net:net355278 net:net315685 net:net23749 net:net44422 net:net22955 net:net309049 net:net319357 net:net381748 net:net331399 net:net1278245 net:net1276573 net:net1275884 net:net1275878 net:net1009267 net:net1009264 net:net1275849 net:net1009261 net:net1275838 net:net906503 net:net1275357 net:net1275320 net:net973447 net:net2099 net:net1274802 net:net1939 net:net1272955 net:net1266736 net:net1263845 net:net1163247 net:net303198 net:net1159935 net:net321400 net:net325588 net:net1154944 net:net314872 net:net308243 net:net317682 net:net319576 net:net319306
	comment: capacity:40 usage:41 overflow:1
	bbox = (1003.5000, 900.0000) - (1005.0000, 901.5000) on Layer -
violation type: Vertical congestion
	srcs: net:net942770 net:net352808 net:net351127 net:net356956 net:net300179 net:net36235 net:net306660 net:net209552 net:net36150 net:net380887 net:net315348 net:net309195 net:net321473 net:net348887 net:net1275610 net:net906460 net:net1274902 net:net1274801 net:net1979 net:net1939 net:net1268570 net:net1267190 net:net1263622 net:net190004 net:net1259546 net:net219767 net:net11642 net:net322260 net:net908116 net:net307999 net:net316841 net:net195879 net:net312141 net:net321485 net:net303395 net:net199578 net:net311072
	comment: capacity:37 usage:38 overflow:1
	bbox = (1006.5000, 895.5000) - (1008.0000, 897.0000) on Layer -
violation type: Vertical congestion
	srcs: net:net942770 net:net352808 net:net351127 net:net356956 net:net300179 net:net36235 net:net306660 net:net353566 net:net209552 net:net36150 net:net380887 net:net315348 net:net309195 net:net321473 net:net348887 net:net319962 net:net1275494 net:net906460 net:net1274902 net:net1979 net:net1274559 net:net2111 net:net1268570 net:net1267190 net:net1263622 net:net190004 net:net1259546 net:net219767 net:net11642 net:net322260 net:net908116 net:net307999 net:net195879 net:net315326 net:net303843 net:net312141 net:net321485 net:net303395 net:net199578 net:net311072
	comment: capacity:40 usage:41 overflow:1
	bbox = (1006.5000, 900.0000) - (1008.0000, 901.5000) on Layer -
violation type: Vertical congestion
	srcs: net:net942770 net:net352808 net:net351127 net:net356956 net:net300179 net:net36235 net:net306660 net:net353566 net:net209552 net:net36150 net:net380887 net:net315348 net:net309195 net:net321473 net:net348887 net:net319962 net:net906460 net:net1274902 net:net1979 net:net1274556 net:net2111 net:net1268570 net:net1267190 net:net2169 net:net1263622 net:net190004 net:net1259546 net:net219767 net:net11642 net:net322260 net:net908116 net:net307999 net:net195879 net:net315326 net:net303843 net:net312141 net:net321485 net:net303395 net:net199578 net:net311072
	comment: capacity:40 usage:41 overflow:1
	bbox = (1006.5000, 901.5000) - (1008.0000, 903.0000) on Layer -
violation type: Vertical congestion
	srcs: net:net356958 net:net355948 net:net351127 net:net23740 net:net300179 net:net320846 net:net36235 net:net309261 net:net36150 net:net320877 net:net331399 net:net314958 net:net1277174 net:net1945 net:net1979 net:net1939 net:net1273790 net:net1273789 net:net1273120 net:net1271343 net:net1270052 net:net1268570 net:net1268410 net:net1263622 net:net190004 net:net1259546 net:net9262 net:net317186 net:net321900 net:net11642 net:net322260 net:net309705 net:net350242 net:net908116 net:net313019 net:net307999 net:net318640 net:net60651 net:net322246 net:net303395
	comment: capacity:40 usage:41 overflow:1
	bbox = (1006.5000, 927.0000) - (1008.0000, 928.5000) on Layer -
violation type: Vertical congestion
	srcs: net:net359358 net:net354525 net:net322502 net:net304226 net:net7149 net:net7143 net:net7145 net:net6592 net:net6862 net:net318341 net:net322107 net:net321271 net:net355254 net:net349042 net:net1274789 net:net1939 net:net1270682 net:net1270679 net:net1270678 net:net1270195 net:net1266835 net:net321211 net:net322251 net:net325511 net:net325068 net:net321290 net:net321400 net:net321544 net:net322247 net:net910326 net:net1154728 net:net283806 net:net308520 net:net322336 net:net321176 net:net318426 net:net321433 net:net325508 net:net321452
	comment: capacity:39 usage:40 overflow:1
	bbox = (1017.0000, 940.5000) - (1018.5000, 942.0000) on Layer -
violation type: Vertical congestion
	srcs: net:net1009250 net:net1008654 net:net1008644 net:net1008642 net:net1008640 net:net45316 net:net355306 net:net354652 net:net353656 net:net352121 net:net352087 net:net56211 net:net309060 net:net36161 net:net52827 net:net36162 net:net44020 net:net44033 net:net322384 net:net300598 net:net1276640 net:net1274989 net:net1274283 net:net1274282 net:net1274281 net:net1274280 net:net1263787 net:net1259537 net:net325801 net:net57565 net:net318830 net:net318329 net:net1155022 net:net8036 net:net310725 net:net203267 net:net317421 net:net60691 net:net1067670
	comment: capacity:40 usage:41 overflow:1
	bbox = (1021.5000, 897.0000) - (1023.0000, 898.5000) on Layer -
violation type: Vertical congestion
	srcs: net:net1009250 net:net1008654 net:net1008644 net:net1008642 net:net1008640 net:net45316 net:net355306 net:net354652 net:net353656 net:net352121 net:net352087 net:net56211 net:net309060 net:net36161 net:net52827 net:net36162 net:net44020 net:net44033 net:net322384 net:net300598 net:net1276640 net:net1274989 net:net1274274 net:net1939 net:net1273193 net:net1269551 net:net1263787 net:net1259537 net:net325801 net:net57565 net:net318830 net:net318329 net:net1155022 net:net8036 net:net310725 net:net203267 net:net317421 net:net60691 net:net1067670
	comment: capacity:40 usage:42 overflow:2
	bbox = (1021.5000, 900.0000) - (1023.0000, 901.5000) on Layer -
violation type: Vertical congestion
	srcs: net:net1009250 net:net1008654 net:net1008644 net:net1008642 net:net1008640 net:net45316 net:net354652 net:net352121 net:net352087 net:net56211 net:net309060 net:net36161 net:net52827 net:net36162 net:net44020 net:net44033 net:net300598 net:net1276640 net:net1275763 net:net1274989 net:net1939 net:net1273198 net:net1273196 net:net1269785 net:net1269551 net:net1263787 net:net1259537 net:net325801 net:net57565 net:net318830 net:net318329 net:net1155022 net:net8036 net:net310725 net:net203267 net:net60691 net:net1067670
	comment: capacity:39 usage:40 overflow:1
	bbox = (1021.5000, 904.5000) - (1023.0000, 906.0000) on Layer -
violation type: Vertical congestion
	srcs: net:net1008652 net:net45308 net:net359093 net:net312599 net:net22010 net:net19190 net:net304126 net:net326116 net:net31050 net:net1280492 net:net1280339 net:net1277775 net:net1277245 net:net1275508 net:net1275507 net:net1275483 net:net1275433 net:net1275211 net:net1275199 net:net1274902 net:net1274796 net:net1939 net:net2098 net:net1272376 net:net1269794 net:net1269565 net:net1269074 net:net1154927 net:net219355 net:net305698
	comment: capacity:30 usage:31 overflow:1
	bbox = (1029.0000, 915.0000) - (1030.5000, 916.5000) on Layer -
violation type: Vertical congestion
	srcs: net:net1008650 net:net2464 net:net355512 net:net352561 net:net312599 net:net304228 net:net306039 net:net320935 net:net44589 net:net320755 net:net317422 net:net316234 net:net348855 net:net1280653 net:net2111 net:net1271512 net:net1270821 net:net1270817 net:net1269974 net:net1269704 net:net2485 net:net1264402 net:net1264333 net:net21979 net:net1163245 net:net1159793 net:net304129 net:net316840 net:net321235 net:net320027 net:net321245 net:net298223 net:net325917 net:net306042 net:net321329 net:net350467 net:net275106 net:net46634 net:net1066605
	comment: capacity:40 usage:41 overflow:1
	bbox = (1033.5000, 925.5000) - (1035.0000, 927.0000) on Layer -
violation type: Vertical congestion
	srcs: net:net956293 net:net8044 net:net31640 net:net31639 net:net28915 net:net318551 net:net36188 net:net325132 net:net317875 net:net318035 net:net317876 net:net309706 net:net312252 net:net213088 net:net312597 net:net317877 net:net1274801 net:net1272990 net:net1272327 net:net1272329 net:net1269638 net:net1269617 net:net4396 net:net1259110 net:net222703 net:net75611 net:net319922 net:net315631 net:net316622 net:net317197 net:net317701 net:net309317 net:net317421 net:net318426 net:net317650 net:net318008 net:net321308 net:net312175 net:net321398 net:net318019
	comment: capacity:40 usage:41 overflow:1
	bbox = (1035.0000, 928.5000) - (1036.5000, 930.0000) on Layer -
violation type: Vertical congestion
	srcs: net:net660655 net:net660643 net:net660307 net:net341166 net:net341079 net:net242275 net:net241301 net:net241205 net:net339977 net:net664544 net:net339974 net:net241203 net:net330185 net:net330183 net:net660659 net:net660656 net:net659407 net:net241201 net:net342375 net:net660660 net:net241295 net:net657282 net:net242260
	comment: capacity:33 usage:34 overflow:1
	bbox = (1135.5000, 628.5000) - (1137.0000, 630.0000) on Layer -
violation type: Vertical congestion
	srcs: net:net674430 net:net665241 net:net663862 net:net659483 net:net657500 net:net342366 net:net340754 net:net340664 net:net340663 net:net340656 net:net342326 net:net662686 net:net242372 net:net342337 net:net242308 net:net342393 net:net666646 net:net342385 net:net241203 net:net342396 net:net342340 net:net242310 net:net342382 net:net664162 net:net242309
	comment: capacity:33 usage:34 overflow:1
	bbox = (1153.5000, 655.5000) - (1155.0000, 657.0000) on Layer -
